{"102": [[[500.0], [0.05428330351909002, 0.0023038412553467677]], [[500.0], [0.05428330351909002, 0.0023038412553467677]], [[500.0], [0.05428330351909002, 0.0023038412553467677]], [[500.0], [0.05428330351909002, 0.0023038412553467677]], [[500.0], [0.05428330351909002, 0.0023038412553467677]], [[500.0], [0.05428330351909002, 0.0023038412553467677]], [[121.9], [-0.046340220918258034, -0.515030723724639]], [[500.0], [0.05428330351909002, 0.0023038412553467677]], [[500.0], [0.05428330351909002, 0.0023038412553467677]], [[500.0], [0.05428330351909002, 0.0023038412553467677]], [[500.0], [0.05428330351909002, 0.0023038412553467677]], [[500.0], [0.05428330351909002, 0.0023038412553467677]], [[469.1], [0.13777454694112143, -0.03352596616131837]], [[500.0], [0.05428330351909002, 0.0023038412553467677]], [[500.0], [0.05428330351909002, 0.0023038412553467677]], [[500.0], [0.05428330351909002, 0.0023038412553467677]], [[500.0], [0.05428330351909002, 0.0023038412553467677]], [[500.0], [0.05428330351909002, 0.0023038412553467677]], [[500.0], [0.05428330351909002, 0.0023038412553467677]], [[500.0], [0.05428330351909002, 0.0023038412553467677]], [[500.0], [0.05428330351909002, 0.0023038412553467677]], [[500.0], [0.05428330351909002, 0.0023038412553467677]], [[500.0], [0.05428330351909002, 0.0023038412553467677]], [[500.0], [0.05428330351909002, 0.0023038412553467677]], [[9.4], [-0.02940102480351925, 0.5648723273186023]], [[500.0], [0.05428330351909002, 0.0023038412553467677]], [[500.0], [0.05428330351909002, 0.0023038412553467677]], [[500.0], [0.05428330351909002, 0.0023038412553467677]], [[500.0], [0.05428330351909002, 0.0023038412553467677]], [[350.1], [0.06193678826093674, 0.5573211104105534]]], "101": [[[78.9], [-0.034884801134467125, -0.5168699476707496]], [[500.0], [-0.30179403722286224, -0.008210842274842365]], [[500.0], [-0.30179403722286224, -0.008210842274842365]], [[500.0], [-0.30179403722286224, -0.008210842274842365]], [[500.0], [-0.30179403722286224, -0.008210842274842365]], [[500.0], [-0.30179403722286224, -0.008210842274842365]], [[500.0], [-0.30179403722286224, -0.008210842274842365]], [[500.0], [-0.30179403722286224, -0.008210842274842365]], [[500.0], [-0.30179403722286224, -0.008210842274842365]], [[500.0], [-0.30179403722286224, -0.008210842274842365]], [[500.0], [-0.30179403722286224, -0.008210842274842365]], [[9.6], [0.03666744567453861, -0.5957981901305714]], [[500.0], [-0.30179403722286224, -0.008210842274842365]], [[500.0], [-0.30179403722286224, -0.008210842274842365]], [[500.0], [-0.30179403722286224, -0.008210842274842365]], [[500.0], [-0.30179403722286224, -0.008210842274842365]], [[500.0], [-0.30179403722286224, -0.008210842274842365]], [[500.0], [-0.30179403722286224, -0.008210842274842365]], [[41.9], [0.00946623661244909, 0.5070566418068261]], [[65.6], [-0.017800182104110718, -0.5116665548685065]], [[74.1], [0.11111995826164882, -0.5120299221796283]], [[500.0], [-0.30179403722286224, -0.008210842274842365]], [[500.0], [-0.30179403722286224, -0.008210842274842365]], [[500.0], [-0.30179403722286224, -0.008210842274842365]], [[500.0], [-0.30179403722286224, -0.008210842274842365]], [[500.0], [-0.30179403722286224, -0.008210842274842365]], [[500.0], [-0.30179403722286224, -0.008210842274842365]], [[500.0], [-0.30179403722286224, -0.008210842274842365]], [[36.1], [0.010959618569662174, -0.5301634945937892]], [[91.5], [0.25591569642225903, -0.5199015853507667]]], "103": [[[500.0], [0.1315601666768392, 0.005192400188002575]], [[500.0], [0.1315601666768392, 0.005192400188002575]], [[500.0], [0.1315601666768392, 0.005192400188002575]], [[500.0], [0.1315601666768392, 0.005192400188002575]], [[500.0], [0.1315601666768392, 0.005192400188002575]], [[500.0], [0.1315601666768392, 0.005192400188002575]], [[500.0], [0.1315601666768392, 0.005192400188002575]], [[500.0], [0.1315601666768392, 0.005192400188002575]], [[500.0], [0.1315601666768392, 0.005192400188002575]], [[500.0], [0.1315601666768392, 0.005192400188002575]], [[500.0], [0.1315601666768392, 0.005192400188002575]], [[500.0], [0.1315601666768392, 0.005192400188002575]], [[16.1], [-0.021563093177974224, 0.5123904019451598]], [[500.0], [0.1315601666768392, 0.005192400188002575]], [[500.0], [0.1315601666768392, 0.005192400188002575]], [[500.0], [0.1315601666768392, 0.005192400188002575]], [[16.1], [-0.021563093177974224, 0.5123904019451598]], [[500.0], [0.1315601666768392, 0.005192400188002575]], [[500.0], [0.1315601666768392, 0.005192400188002575]], [[500.0], [0.1315601666768392, 0.005192400188002575]], [[500.0], [0.1315601666768392, 0.005192400188002575]], [[54.4], [0.014405051867167156, -0.511226970613288]], [[500.0], [0.1315601666768392, 0.005192400188002575]], [[500.0], [0.1315601666768392, 0.005192400188002575]], [[500.0], [0.1315601666768392, 0.005192400188002575]], [[500.0], [0.1315601666768392, 0.005192400188002575]], [[500.0], [0.1315601666768392, 0.005192400188002575]], [[500.0], [0.1315601666768392, 0.005192400188002575]], [[500.0], [0.1315601666768392, 0.005192400188002575]], [[500.0], [0.1315601666768392, 0.005192400188002575]]]}