{"102": [[[500.0], [0.028537055477499962, -0.0018658634201672516]], [[500.0], [0.028537055477499962, -0.0018658634201672516]], [[500.0], [0.06187488014499347, -0.0013359951837941934]], [[500.0], [0.06187488014499347, -0.0013359951837941934]], [[500.0], [0.028537055477499962, -0.0018658634201672516]], [[500.0], [0.06187488014499347, -0.0013359951837941934]], [[500.0], [0.028537055477499962, -0.0018658634201672516]], [[500.0], [0.028537055477499962, -0.0018658634201672516]], [[500.0], [0.028537055477499962, -0.0018658634201672516]], [[500.0], [0.028537055477499962, -0.0018658634201672516]], [[500.0], [0.028537055477499962, -0.0018658634201672516]], [[500.0], [0.028537055477499962, -0.0018658634201672516]], [[500.0], [0.028537055477499962, -0.0018658634201672516]], [[500.0], [0.06187488014499347, -0.0013359951837941934]], [[500.0], [0.028537055477499962, -0.0018658634201672516]], [[500.0], [0.028537055477499962, -0.0018658634201672516]], [[500.0], [0.028537055477499962, -0.0018658634201672516]], [[500.0], [0.028537055477499962, -0.0018658634201672516]], [[500.0], [0.028537055477499962, -0.0018658634201672516]], [[500.0], [0.028537055477499962, -0.0018658634201672516]], [[500.0], [0.028537055477499962, -0.0018658634201672516]], [[500.0], [0.028537055477499962, -0.0018658634201672516]], [[500.0], [0.06187488014499347, -0.0013359951837941934]], [[500.0], [0.028537055477499962, -0.0018658634201672516]], [[500.0], [0.028537055477499962, -0.0018658634201672516]], [[500.0], [0.028537055477499962, -0.0018658634201672516]], [[500.0], [0.028537055477499962, -0.0018658634201672516]], [[500.0], [0.028537055477499962, -0.0018658634201672516]], [[500.0], [0.028537055477499962, -0.0018658634201672516]], [[500.0], [0.028537055477499962, -0.0018658634201672516]]], "101": [[[489.6], [0.14683918406565985, -0.026655334391092002]], [[489.6], [0.14683918406565985, -0.026655334391092002]], [[489.6], [0.14683918406565985, -0.026655334391092002]], [[489.6], [0.14683918406565985, -0.026655334391092002]], [[489.6], [0.14683918406565985, -0.026655334391092002]], [[489.6], [0.14683918406565985, -0.026655334391092002]], [[489.6], [0.14683918406565985, -0.026655334391092002]], [[489.6], [0.14683918406565985, -0.026655334391092002]], [[489.6], [0.14683918406565985, -0.026655334391092002]], [[489.6], [0.14683918406565985, -0.026655334391092002]], [[489.6], [0.14683918406565985, -0.026655334391092002]], [[489.6], [0.14683918406565985, -0.026655334391092002]], [[489.6], [0.14683918406565985, -0.026655334391092002]], [[489.6], [0.14683918406565985, -0.026655334391092002]], [[489.6], [0.14683918406565985, -0.026655334391092002]], [[489.6], [0.14683918406565985, -0.026655334391092002]], [[489.6], [0.14683918406565985, -0.026655334391092002]], [[489.6], [0.14683918406565985, -0.026655334391092002]], [[489.6], [0.14683918406565985, -0.026655334391092002]], [[489.6], [0.14683918406565985, -0.026655334391092002]], [[489.6], [0.14683918406565985, -0.026655334391092002]], [[489.6], [0.14683918406565985, -0.026655334391092002]], [[489.6], [0.14683918406565985, -0.026655334391092002]], [[489.6], [0.14683918406565985, -0.026655334391092002]], [[489.6], [0.14683918406565985, -0.026655334391092002]], [[489.6], [0.14683918406565985, -0.026655334391092002]], [[489.6], [0.14683918406565985, -0.026655334391092002]], [[489.6], [0.14683918406565985, -0.026655334391092002]], [[489.6], [0.14683918406565985, -0.026655334391092002]], [[489.6], [0.14683918406565985, -0.026655334391092002]]], "103": [[[473.0], [0.00944250263273716, -0.15454024575543746]], [[486.5], [0.09979926670591037, -0.010963120502219247]], [[473.0], [0.00944250263273716, -0.15454024575543746]], [[473.0], [0.00944250263273716, -0.15454024575543746]], [[486.5], [0.09979926670591037, -0.010963120502219247]], [[486.5], [0.09979926670591037, -0.010963120502219247]], [[473.0], [0.00944250263273716, -0.15454024575543746]], [[473.0], [0.00944250263273716, -0.15454024575543746]], [[486.5], [0.09979926670591037, -0.010963120502219247]], [[486.5], [0.09979926670591037, -0.010963120502219247]], [[486.5], [0.09979926670591037, -0.010963120502219247]], [[473.0], [0.00944250263273716, -0.15454024575543746]], [[473.0], [0.00944250263273716, -0.15454024575543746]], [[486.5], [0.09979926670591037, -0.010963120502219247]], [[473.0], [0.00944250263273716, -0.15454024575543746]], [[473.0], [0.00944250263273716, -0.15454024575543746]], [[486.5], [0.09979926670591037, -0.010963120502219247]], [[486.5], [0.09979926670591037, -0.010963120502219247]], [[473.0], [0.00944250263273716, -0.15454024575543746]], [[473.0], [0.00944250263273716, -0.15454024575543746]], [[473.0], [0.00944250263273716, -0.15454024575543746]], [[473.0], [0.00944250263273716, -0.15454024575543746]], [[473.0], [0.00944250263273716, -0.15454024575543746]], [[486.5], [0.09979926670591037, -0.010963120502219247]], [[473.0], [0.00944250263273716, -0.15454024575543746]], [[473.0], [0.00944250263273716, -0.15454024575543746]], [[486.5], [0.09979926670591037, -0.010963120502219247]], [[473.0], [0.00944250263273716, -0.15454024575543746]], [[473.0], [0.00944250263273716, -0.15454024575543746]], [[486.5], [0.09979926670591037, -0.010963120502219247]]]}