{"101": [[[500.0], [-0.44849927226702374, 0.3027559823967053]], [[500.0], [-0.44849927226702374, 0.3027559823967053]], [[500.0], [-0.240561713774999, 0.21742965188323027]], [[500.0], [-0.44849927226702374, 0.3027559823967053]], [[500.0], [-0.44849927226702374, 0.3027559823967053]], [[500.0], [-0.240561713774999, 0.21742965188323027]], [[500.0], [-0.44849927226702374, 0.3027559823967053]], [[500.0], [-0.44849927226702374, 0.3027559823967053]], [[500.0], [-0.44849927226702374, 0.3027559823967053]], [[500.0], [-0.44849927226702374, 0.3027559823967053]], [[500.0], [-0.44849927226702374, 0.3027559823967053]], [[105.2], [-0.13600748032331467, -0.5203802049445193]], [[500.0], [-0.44849927226702374, 0.3027559823967053]], [[500.0], [-0.240561713774999, 0.21742965188323027]], [[500.0], [-0.240561713774999, 0.21742965188323027]], [[500.0], [-0.240561713774999, 0.21742965188323027]], [[500.0], [-0.44849927226702374, 0.3027559823967053]], [[500.0], [-0.240561713774999, 0.21742965188323027]], [[500.0], [-0.44849927226702374, 0.3027559823967053]], [[500.0], [-0.44849927226702374, 0.3027559823967053]], [[500.0], [-0.240561713774999, 0.21742965188323027]], [[500.0], [-0.240561713774999, 0.21742965188323027]], [[32.3], [0.03357650091250738, -0.5400158714449577]], [[500.0], [-0.44849927226702374, 0.3027559823967053]], [[500.0], [-0.240561713774999, 0.21742965188323027]], [[500.0], [-0.44849927226702374, 0.3027559823967053]], [[500.0], [-0.240561713774999, 0.21742965188323027]], [[500.0], [-0.44849927226702374, 0.3027559823967053]], [[500.0], [-0.240561713774999, 0.21742965188323027]], [[500.0], [-0.240561713774999, 0.21742965188323027]]], "102": [[[500.0], [0.007347809926917156, -0.008735429767394465]], [[16.0], [0.03057920994857947, -0.5419642160954088]], [[500.0], [0.007347809926917156, -0.008735429767394465]], [[500.0], [0.007347809926917156, -0.008735429767394465]], [[500.0], [0.007347809926917156, -0.008735429767394465]], [[500.0], [0.007347809926917156, -0.008735429767394465]], [[500.0], [0.007347809926917156, -0.008735429767394465]], [[500.0], [0.007347809926917156, -0.008735429767394465]], [[500.0], [0.007347809926917156, -0.008735429767394465]], [[500.0], [0.007347809926917156, -0.008735429767394465]], [[500.0], [0.007347809926917156, -0.008735429767394465]], [[500.0], [0.007347809926917156, -0.008735429767394465]], [[500.0], [0.007347809926917156, -0.008735429767394465]], [[500.0], [0.007347809926917156, -0.008735429767394465]], [[500.0], [0.007347809926917156, -0.008735429767394465]], [[500.0], [0.007347809926917156, -0.008735429767394465]], [[500.0], [0.04375366494059563, -0.017580157368662256]], [[500.0], [0.007347809926917156, -0.008735429767394465]], [[500.0], [0.007347809926917156, -0.008735429767394465]], [[79.6], [-0.055887053410212204, 0.5251744931394404]], [[500.0], [0.007347809926917156, -0.008735429767394465]], [[43.4], [0.01503784830371539, 0.5077432716292057]], [[500.0], [0.007347809926917156, -0.008735429767394465]], [[500.0], [0.007347809926917156, -0.008735429767394465]], [[56.2], [0.005399098542208473, -0.520043788058906]], [[500.0], [0.007347809926917156, -0.008735429767394465]], [[500.0], [0.007347809926917156, -0.008735429767394465]], [[33.5], [-0.009971804295976957, 0.5164516456959921]], [[500.0], [0.007347809926917156, -0.008735429767394465]], [[22.0], [-0.019727361698945366, 0.5344011638153113]]], "103": [[[500.0], [-0.006693293495724599, 0.09315828102057061]], [[500.0], [-0.006693293495724599, 0.09315828102057061]], [[500.0], [-0.006693293495724599, 0.09315828102057061]], [[500.0], [-0.006693293495724599, 0.09315828102057061]], [[500.0], [-0.006693293495724599, 0.09315828102057061]], [[500.0], [-0.006693293495724599, 0.09315828102057061]], [[500.0], [-0.006693293495724599, 0.09315828102057061]], [[500.0], [-0.006693293495724599, 0.09315828102057061]], [[500.0], [-0.006693293495724599, 0.09315828102057061]], [[54.0], [0.010893924627453089, -0.5131471884307679]], [[500.0], [-0.006693293495724599, 0.09315828102057061]], [[500.0], [-0.006693293495724599, 0.09315828102057061]], [[66.7], [-0.034773504982392, -0.5107250724112589]], [[500.0], [-0.006693293495724599, 0.09315828102057061]], [[500.0], [-0.006693293495724599, 0.09315828102057061]], [[500.0], [-0.006693293495724599, 0.09315828102057061]], [[500.0], [-0.006693293495724599, 0.09315828102057061]], [[9.7], [0.03666744567453861, -0.5957981901305714]], [[500.0], [-0.006693293495724599, 0.09315828102057061]], [[66.7], [-0.034773504982392, -0.5107250724112589]], [[500.0], [-0.006693293495724599, 0.09315828102057061]], [[500.0], [-0.006693293495724599, 0.09315828102057061]], [[500.0], [-0.006693293495724599, 0.09315828102057061]], [[500.0], [-0.006693293495724599, 0.09315828102057061]], [[500.0], [-0.006693293495724599, 0.09315828102057061]], [[500.0], [-0.006693293495724599, 0.09315828102057061]], [[500.0], [-0.006693293495724599, 0.09315828102057061]], [[500.0], [-0.006693293495724599, 0.09315828102057061]], [[500.0], [-0.006693293495724599, 0.09315828102057061]], [[500.0], [-0.006693293495724599, 0.09315828102057061]]]}