{"102": [[[500.0], [0.012706320267170668, -0.2152817457486568]], [[500.0], [0.012706320267170668, -0.2152817457486568]], [[76.4], [0.043377503752708435, 0.5186097473619087]], [[500.0], [0.012706320267170668, -0.2152817457486568]], [[500.0], [0.012706320267170668, -0.2152817457486568]], [[500.0], [0.012706320267170668, -0.2152817457486568]], [[500.0], [0.012706320267170668, -0.2152817457486568]], [[500.0], [0.012706320267170668, -0.2152817457486568]], [[500.0], [0.08317163214087486, -0.021699597640185836]], [[500.0], [0.012706320267170668, -0.2152817457486568]], [[500.0], [0.012706320267170668, -0.2152817457486568]], [[500.0], [0.012706320267170668, -0.2152817457486568]], [[500.0], [0.012706320267170668, -0.2152817457486568]], [[500.0], [0.012706320267170668, -0.2152817457486568]], [[500.0], [0.012706320267170668, -0.2152817457486568]], [[500.0], [0.012706320267170668, -0.2152817457486568]], [[500.0], [0.06492364530762038, -0.00584532526816335]], [[500.0], [0.012706320267170668, -0.2152817457486568]], [[500.0], [0.08317163214087486, -0.021699597640185836]], [[500.0], [0.012706320267170668, -0.2152817457486568]], [[500.0], [0.012706320267170668, -0.2152817457486568]], [[500.0], [0.012706320267170668, -0.2152817457486568]], [[500.0], [0.012706320267170668, -0.2152817457486568]], [[500.0], [0.08317163214087486, -0.021699597640185836]], [[500.0], [0.012706320267170668, -0.2152817457486568]], [[500.0], [0.012706320267170668, -0.2152817457486568]], [[500.0], [0.012706320267170668, -0.2152817457486568]], [[500.0], [0.012706320267170668, -0.2152817457486568]], [[500.0], [0.08317163214087486, -0.021699597640185836]], [[500.0], [0.012706320267170668, -0.2152817457486568]]], "101": [[[500.0], [0.08148547882835071, 0.021546127711329164]], [[500.0], [0.08148547882835071, 0.021546127711329164]], [[48.2], [0.027032714957992237, 0.5197480820012434]], [[500.0], [0.08148547882835071, 0.021546127711329164]], [[77.6], [0.04899033966163795, 0.5086209428937812]], [[500.0], [0.08148547882835071, 0.021546127711329164]], [[70.6], [-0.12733879188696545, 0.5084295806131865]], [[500.0], [0.08148547882835071, 0.021546127711329164]], [[500.0], [0.08148547882835071, 0.021546127711329164]], [[500.0], [0.08148547882835071, 0.021546127711329164]], [[500.0], [0.08148547882835071, 0.021546127711329164]], [[500.0], [0.08148547882835071, 0.021546127711329164]], [[500.0], [0.08148547882835071, 0.021546127711329164]], [[500.0], [0.08148547882835071, 0.021546127711329164]], [[469.2], [0.07087131962180138, -0.36275351161591746]], [[32.8], [-0.014934542899330458, 0.5191749933233673]], [[500.0], [0.08148547882835071, 0.021546127711329164]], [[500.0], [0.08148547882835071, 0.021546127711329164]], [[500.0], [0.08148547882835071, 0.021546127711329164]], [[500.0], [0.08148547882835071, 0.021546127711329164]], [[500.0], [0.08148547882835071, 0.021546127711329164]], [[500.0], [0.08148547882835071, 0.021546127711329164]], [[32.1], [-0.01657735090702772, 0.552119286151594]], [[500.0], [0.08148547882835071, 0.021546127711329164]], [[500.0], [0.08148547882835071, 0.021546127711329164]], [[500.0], [0.08148547882835071, 0.021546127711329164]], [[77.6], [0.04899033966163795, 0.5086209428937812]], [[500.0], [0.08148547882835071, 0.021546127711329164]], [[500.0], [0.08148547882835071, 0.021546127711329164]], [[500.0], [0.08148547882835071, 0.021546127711329164]]], "103": [[[493.1], [-0.006431066431105137, 0.026627183049632033]], [[500.0], [0.001245040912181139, 0.0015999037052758715]], [[493.1], [-0.006431066431105137, 0.026627183049632033]], [[493.1], [-0.006431066431105137, 0.026627183049632033]], [[493.1], [-0.006431066431105137, 0.026627183049632033]], [[493.1], [-0.006431066431105137, 0.026627183049632033]], [[493.1], [-0.006431066431105137, 0.026627183049632033]], [[493.1], [-0.006431066431105137, 0.026627183049632033]], [[500.0], [0.001245040912181139, 0.0015999037052758715]], [[493.1], [-0.006431066431105137, 0.026627183049632033]], [[493.1], [-0.006431066431105137, 0.026627183049632033]], [[493.1], [-0.006431066431105137, 0.026627183049632033]], [[493.1], [-0.006431066431105137, 0.026627183049632033]], [[493.1], [-0.006431066431105137, 0.026627183049632033]], [[493.1], [-0.006431066431105137, 0.026627183049632033]], [[493.1], [-0.006431066431105137, 0.026627183049632033]], [[500.0], [0.001245040912181139, 0.0015999037052758715]], [[500.0], [0.001245040912181139, 0.0015999037052758715]], [[500.0], [0.001245040912181139, 0.0015999037052758715]], [[493.1], [-0.006431066431105137, 0.026627183049632033]], [[493.1], [-0.006431066431105137, 0.026627183049632033]], [[493.1], [-0.006431066431105137, 0.026627183049632033]], [[493.1], [-0.006431066431105137, 0.026627183049632033]], [[500.0], [0.09213333328564963, 0.011516333909696369]], [[69.5], [0.02507053160419067, 0.5363478686250568]], [[493.1], [-0.006431066431105137, 0.026627183049632033]], [[493.1], [-0.006431066431105137, 0.026627183049632033]], [[493.1], [-0.006431066431105137, 0.026627183049632033]], [[479.2], [0.2855960776408514, 0.14198614222010927]], [[493.1], [-0.006431066431105137, 0.026627183049632033]]]}