{"102": [[[500.0], [0.013397236665089926, -0.005598524228879139]], [[500.0], [0.013397236665089926, -0.005598524228879139]], [[500.0], [0.013397236665089926, -0.005598524228879139]], [[500.0], [0.013397236665089926, -0.005598524228879139]], [[500.0], [0.013397236665089926, -0.005598524228879139]], [[500.0], [0.013397236665089926, -0.005598524228879139]], [[500.0], [0.013397236665089926, -0.005598524228879139]], [[500.0], [0.013397236665089926, -0.005598524228879139]], [[500.0], [0.013397236665089926, -0.005598524228879139]], [[500.0], [0.013397236665089926, -0.005598524228879139]], [[179.2], [0.1261936997373899, -0.5075136582817187]], [[500.0], [0.013397236665089926, -0.005598524228879139]], [[500.0], [0.013397236665089926, -0.005598524228879139]], [[500.0], [0.013397236665089926, -0.005598524228879139]], [[500.0], [0.013397236665089926, -0.005598524228879139]], [[500.0], [0.013397236665089926, -0.005598524228879139]], [[500.0], [0.013397236665089926, -0.005598524228879139]], [[500.0], [0.013397236665089926, -0.005598524228879139]], [[500.0], [0.013397236665089926, -0.005598524228879139]], [[500.0], [0.013397236665089926, -0.005598524228879139]], [[500.0], [0.013397236665089926, -0.005598524228879139]], [[500.0], [0.013397236665089926, -0.005598524228879139]], [[500.0], [0.013397236665089926, -0.005598524228879139]], [[500.0], [0.013397236665089926, -0.005598524228879139]], [[500.0], [0.013397236665089926, -0.005598524228879139]], [[500.0], [0.013397236665089926, -0.005598524228879139]], [[500.0], [0.013397236665089926, -0.005598524228879139]], [[500.0], [0.013397236665089926, -0.005598524228879139]], [[500.0], [0.013397236665089926, -0.005598524228879139]], [[500.0], [0.013397236665089926, -0.005598524228879139]]], "103": [[[431.9], [0.06643695756793022, -0.0052928939042835715]], [[431.9], [0.06643695756793022, -0.0052928939042835715]], [[431.9], [0.06643695756793022, -0.0052928939042835715]], [[431.9], [0.06643695756793022, -0.0052928939042835715]], [[431.9], [0.06643695756793022, -0.0052928939042835715]], [[431.9], [0.06643695756793022, -0.0052928939042835715]], [[431.9], [0.06643695756793022, -0.0052928939042835715]], [[431.9], [0.06643695756793022, -0.0052928939042835715]], [[431.9], [0.06643695756793022, -0.0052928939042835715]], [[431.9], [0.06643695756793022, -0.0052928939042835715]], [[431.9], [0.06643695756793022, -0.0052928939042835715]], [[431.9], [0.06643695756793022, -0.0052928939042835715]], [[431.9], [0.06643695756793022, -0.0052928939042835715]], [[431.9], [0.06643695756793022, -0.0052928939042835715]], [[431.9], [0.06643695756793022, -0.0052928939042835715]], [[431.9], [0.06643695756793022, -0.0052928939042835715]], [[431.9], [0.06643695756793022, -0.0052928939042835715]], [[431.9], [0.06643695756793022, -0.0052928939042835715]], [[431.9], [0.06643695756793022, -0.0052928939042835715]], [[431.9], [0.06643695756793022, -0.0052928939042835715]], [[431.9], [0.06643695756793022, -0.0052928939042835715]], [[431.9], [0.06643695756793022, -0.0052928939042835715]], [[431.9], [0.06643695756793022, -0.0052928939042835715]], [[431.9], [0.06643695756793022, -0.0052928939042835715]], [[134.6], [-0.1240712528427442, 0.5112758449960554]], [[431.9], [0.06643695756793022, -0.0052928939042835715]], [[431.9], [0.06643695756793022, -0.0052928939042835715]], [[431.9], [0.06643695756793022, -0.0052928939042835715]], [[431.9], [0.06643695756793022, -0.0052928939042835715]], [[431.9], [0.06643695756793022, -0.0052928939042835715]]], "101": [[[500.0], [0.005823948110143344, -0.00660494916836183]], [[500.0], [0.005823948110143344, -0.00660494916836183]], [[500.0], [0.005823948110143344, -0.00660494916836183]], [[500.0], [0.005823948110143344, -0.00660494916836183]], [[500.0], [0.005823948110143344, -0.00660494916836183]], [[500.0], [0.02549809248497089, 0.00017639643648576937]], [[500.0], [0.005823948110143344, -0.00660494916836183]], [[500.0], [0.02549809248497089, 0.00017639643648576937]], [[500.0], [0.005823948110143344, -0.00660494916836183]], [[500.0], [0.005823948110143344, -0.00660494916836183]], [[500.0], [0.005823948110143344, -0.00660494916836183]], [[500.0], [0.005823948110143344, -0.00660494916836183]], [[500.0], [0.005823948110143344, -0.00660494916836183]], [[500.0], [0.005823948110143344, -0.00660494916836183]], [[500.0], [0.02549809248497089, 0.00017639643648576937]], [[500.0], [0.005823948110143344, -0.00660494916836183]], [[500.0], [0.005823948110143344, -0.00660494916836183]], [[500.0], [0.005823948110143344, -0.00660494916836183]], [[500.0], [0.005823948110143344, -0.00660494916836183]], [[500.0], [0.005823948110143344, -0.00660494916836183]], [[500.0], [0.005823948110143344, -0.00660494916836183]], [[500.0], [0.005823948110143344, -0.00660494916836183]], [[500.0], [0.005823948110143344, -0.00660494916836183]], [[500.0], [0.005823948110143344, -0.00660494916836183]], [[500.0], [0.005823948110143344, -0.00660494916836183]], [[500.0], [0.005823948110143344, -0.00660494916836183]], [[500.0], [0.005823948110143344, -0.00660494916836183]], [[500.0], [0.005823948110143344, -0.00660494916836183]], [[500.0], [0.005823948110143344, -0.00660494916836183]], [[500.0], [0.005823948110143344, -0.00660494916836183]]]}