{"103": [[[451.1], [0.02097371034324169, -0.005392124319368858]], [[451.1], [0.02097371034324169, -0.005392124319368858]], [[451.1], [0.02097371034324169, -0.005392124319368858]], [[451.1], [0.02097371034324169, -0.005392124319368858]], [[451.1], [0.02097371034324169, -0.005392124319368858]], [[451.1], [0.02097371034324169, -0.005392124319368858]], [[451.1], [0.02097371034324169, -0.005392124319368858]], [[451.1], [0.02097371034324169, -0.005392124319368858]], [[451.1], [0.02097371034324169, -0.005392124319368858]], [[451.1], [0.02097371034324169, -0.005392124319368858]], [[451.1], [0.02097371034324169, -0.005392124319368858]], [[451.1], [0.02097371034324169, -0.005392124319368858]], [[451.1], [0.02097371034324169, -0.005392124319368858]], [[451.1], [0.02097371034324169, -0.005392124319368858]], [[451.1], [0.02097371034324169, -0.005392124319368858]], [[451.1], [0.02097371034324169, -0.005392124319368858]], [[451.1], [0.02097371034324169, -0.005392124319368858]], [[451.1], [0.02097371034324169, -0.005392124319368858]], [[451.1], [0.02097371034324169, -0.005392124319368858]], [[451.1], [0.02097371034324169, -0.005392124319368858]], [[451.1], [0.02097371034324169, -0.005392124319368858]], [[451.1], [0.02097371034324169, -0.005392124319368858]], [[451.1], [0.02097371034324169, -0.005392124319368858]], [[451.1], [0.02097371034324169, -0.005392124319368858]], [[451.1], [0.02097371034324169, -0.005392124319368858]], [[451.1], [0.02097371034324169, -0.005392124319368858]], [[451.1], [0.02097371034324169, -0.005392124319368858]], [[451.1], [0.02097371034324169, -0.005392124319368858]], [[451.1], [0.02097371034324169, -0.005392124319368858]], [[451.1], [0.02097371034324169, -0.005392124319368858]]], "101": [[[500.0], [0.017902796777586143, 0.004736990133148917]], [[500.0], [0.017902796777586143, 0.004736990133148917]], [[500.0], [0.017902796777586143, 0.004736990133148917]], [[500.0], [0.017902796777586143, 0.004736990133148917]], [[500.0], [0.017902796777586143, 0.004736990133148917]], [[500.0], [0.017902796777586143, 0.004736990133148917]], [[500.0], [0.017902796777586143, 0.004736990133148917]], [[500.0], [0.017902796777586143, 0.004736990133148917]], [[500.0], [0.017902796777586143, 0.004736990133148917]], [[500.0], [0.017902796777586143, 0.004736990133148917]], [[500.0], [0.017902796777586143, 0.004736990133148917]], [[500.0], [0.017902796777586143, 0.004736990133148917]], [[500.0], [0.017902796777586143, 0.004736990133148917]], [[500.0], [0.017902796777586143, 0.004736990133148917]], [[500.0], [0.017902796777586143, 0.004736990133148917]], [[500.0], [0.017902796777586143, 0.004736990133148917]], [[500.0], [0.017902796777586143, 0.004736990133148917]], [[500.0], [0.017902796777586143, 0.004736990133148917]], [[500.0], [0.017902796777586143, 0.004736990133148917]], [[500.0], [0.017902796777586143, 0.004736990133148917]], [[500.0], [0.017902796777586143, 0.004736990133148917]], [[500.0], [0.017902796777586143, 0.004736990133148917]], [[500.0], [0.017902796777586143, 0.004736990133148917]], [[500.0], [0.017902796777586143, 0.004736990133148917]], [[500.0], [0.017902796777586143, 0.004736990133148917]], [[500.0], [0.017902796777586143, 0.004736990133148917]], [[500.0], [0.017902796777586143, 0.004736990133148917]], [[500.0], [0.017902796777586143, 0.004736990133148917]], [[500.0], [0.017902796777586143, 0.004736990133148917]], [[500.0], [0.017902796777586143, 0.004736990133148917]]], "102": [[[500.0], [0.1907164106766383, -0.009809044728937902]], [[500.0], [0.1907164106766383, -0.009809044728937902]], [[500.0], [0.1907164106766383, -0.009809044728937902]], [[500.0], [0.1907164106766383, -0.009809044728937902]], [[500.0], [0.1907164106766383, -0.009809044728937902]], [[500.0], [0.1907164106766383, -0.009809044728937902]], [[500.0], [0.1907164106766383, -0.009809044728937902]], [[500.0], [0.1907164106766383, -0.009809044728937902]], [[500.0], [0.1907164106766383, -0.009809044728937902]], [[500.0], [0.1907164106766383, -0.009809044728937902]], [[500.0], [0.1907164106766383, -0.009809044728937902]], [[500.0], [0.1907164106766383, -0.009809044728937902]], [[500.0], [0.1907164106766383, -0.009809044728937902]], [[500.0], [0.1907164106766383, -0.009809044728937902]], [[500.0], [0.1907164106766383, -0.009809044728937902]], [[500.0], [0.1907164106766383, -0.009809044728937902]], [[500.0], [0.1907164106766383, -0.009809044728937902]], [[500.0], [0.1907164106766383, -0.009809044728937902]], [[500.0], [0.1907164106766383, -0.009809044728937902]], [[500.0], [0.1907164106766383, -0.009809044728937902]], [[500.0], [0.1907164106766383, -0.009809044728937902]], [[500.0], [0.1907164106766383, -0.009809044728937902]], [[500.0], [0.1907164106766383, -0.009809044728937902]], [[500.0], [0.1907164106766383, -0.009809044728937902]], [[500.0], [0.1907164106766383, -0.009809044728937902]], [[500.0], [0.1907164106766383, -0.009809044728937902]], [[500.0], [0.1907164106766383, -0.009809044728937902]], [[500.0], [0.1907164106766383, -0.009809044728937902]], [[500.0], [0.1907164106766383, -0.009809044728937902]], [[500.0], [0.1907164106766383, -0.009809044728937902]]]}