{"103": [[[500.0], [-0.006693293495724599, 0.09315828102057061]], [[500.0], [-0.006693293495724599, 0.09315828102057061]], [[500.0], [-0.006693293495724599, 0.09315828102057061]], [[500.0], [-0.006693293495724599, 0.09315828102057061]], [[500.0], [-0.006693293495724599, 0.09315828102057061]], [[500.0], [-0.006693293495724599, 0.09315828102057061]], [[500.0], [-0.006693293495724599, 0.09315828102057061]], [[500.0], [-0.006693293495724599, 0.09315828102057061]], [[500.0], [-0.006693293495724599, 0.09315828102057061]], [[500.0], [-0.006693293495724599, 0.09315828102057061]], [[500.0], [-0.006693293495724599, 0.09315828102057061]], [[500.0], [-0.006693293495724599, 0.09315828102057061]], [[500.0], [-0.006693293495724599, 0.09315828102057061]], [[500.0], [-0.006693293495724599, 0.09315828102057061]], [[500.0], [-0.006693293495724599, 0.09315828102057061]], [[500.0], [-0.006693293495724599, 0.09315828102057061]], [[500.0], [-0.006693293495724599, 0.09315828102057061]], [[500.0], [-0.006693293495724599, 0.09315828102057061]], [[500.0], [-0.006693293495724599, 0.09315828102057061]], [[500.0], [-0.006693293495724599, 0.09315828102057061]], [[500.0], [-0.006693293495724599, 0.09315828102057061]], [[500.0], [-0.006693293495724599, 0.09315828102057061]], [[500.0], [-0.006693293495724599, 0.09315828102057061]], [[500.0], [-0.006693293495724599, 0.09315828102057061]], [[500.0], [-0.006693293495724599, 0.09315828102057061]], [[500.0], [-0.006693293495724599, 0.09315828102057061]], [[500.0], [-0.006693293495724599, 0.09315828102057061]], [[500.0], [-0.006693293495724599, 0.09315828102057061]], [[500.0], [-0.006693293495724599, 0.09315828102057061]], [[500.0], [-0.006693293495724599, 0.09315828102057061]]], "101": [[[389.8], [0.35128548741340637, 0.5173477116954384]], [[389.8], [0.35128548741340637, 0.5173477116954384]], [[389.8], [0.35128548741340637, 0.5173477116954384]], [[389.8], [0.35128548741340637, 0.5173477116954384]], [[389.8], [0.35128548741340637, 0.5173477116954384]], [[389.8], [0.35128548741340637, 0.5173477116954384]], [[389.8], [0.35128548741340637, 0.5173477116954384]], [[389.8], [0.35128548741340637, 0.5173477116954384]], [[389.8], [0.35128548741340637, 0.5173477116954384]], [[389.8], [0.35128548741340637, 0.5173477116954384]], [[389.8], [0.35128548741340637, 0.5173477116954384]], [[389.8], [0.35128548741340637, 0.5173477116954384]], [[389.8], [0.35128548741340637, 0.5173477116954384]], [[389.8], [0.35128548741340637, 0.5173477116954384]], [[389.8], [0.35128548741340637, 0.5173477116954384]], [[389.8], [0.35128548741340637, 0.5173477116954384]], [[389.8], [0.35128548741340637, 0.5173477116954384]], [[389.8], [0.35128548741340637, 0.5173477116954384]], [[389.8], [0.35128548741340637, 0.5173477116954384]], [[389.8], [0.35128548741340637, 0.5173477116954384]], [[389.8], [0.35128548741340637, 0.5173477116954384]], [[389.8], [0.35128548741340637, 0.5173477116954384]], [[389.8], [0.35128548741340637, 0.5173477116954384]], [[389.8], [0.35128548741340637, 0.5173477116954384]], [[389.8], [0.35128548741340637, 0.5173477116954384]], [[389.8], [0.35128548741340637, 0.5173477116954384]], [[389.8], [0.35128548741340637, 0.5173477116954384]], [[389.8], [0.35128548741340637, 0.5173477116954384]], [[389.8], [0.35128548741340637, 0.5173477116954384]], [[389.8], [0.35128548741340637, 0.5173477116954384]]], "102": [[[500.0], [0.0027461988308156533, 0.005326417617891964]], [[500.0], [0.0027461988308156533, 0.005326417617891964]], [[500.0], [0.0027461988308156533, 0.005326417617891964]], [[500.0], [0.0027461988308156533, 0.005326417617891964]], [[500.0], [0.0027461988308156533, 0.005326417617891964]], [[500.0], [0.0027461988308156533, 0.005326417617891964]], [[500.0], [0.0027461988308156533, 0.005326417617891964]], [[500.0], [0.0027461988308156533, 0.005326417617891964]], [[500.0], [0.0027461988308156533, 0.005326417617891964]], [[500.0], [0.0027461988308156533, 0.005326417617891964]], [[500.0], [0.0027461988308156533, 0.005326417617891964]], [[500.0], [0.0027461988308156533, 0.005326417617891964]], [[500.0], [0.0027461988308156533, 0.005326417617891964]], [[500.0], [0.0027461988308156533, 0.005326417617891964]], [[500.0], [0.0027461988308156533, 0.005326417617891964]], [[500.0], [0.0027461988308156533, 0.005326417617891964]], [[500.0], [0.0027461988308156533, 0.005326417617891964]], [[500.0], [0.0027461988308156533, 0.005326417617891964]], [[500.0], [0.0027461988308156533, 0.005326417617891964]], [[500.0], [0.0027461988308156533, 0.005326417617891964]], [[500.0], [0.0027461988308156533, 0.005326417617891964]], [[500.0], [0.0027461988308156533, 0.005326417617891964]], [[500.0], [0.0027461988308156533, 0.005326417617891964]], [[500.0], [0.0027461988308156533, 0.005326417617891964]], [[500.0], [0.0027461988308156533, 0.005326417617891964]], [[500.0], [0.0027461988308156533, 0.005326417617891964]], [[500.0], [0.0027461988308156533, 0.005326417617891964]], [[500.0], [0.0027461988308156533, 0.005326417617891964]], [[500.0], [0.0027461988308156533, 0.005326417617891964]], [[500.0], [0.0027461988308156533, 0.005326417617891964]]]}