{"101": [[[14.8], [-0.023255130896965664, 0.5230314708782725]], [[500.0], [-0.03914624763031801, 0.2525656987605483]], [[500.0], [-0.03914624763031801, 0.2525656987605483]], [[500.0], [-0.03914624763031801, 0.2525656987605483]], [[500.0], [-0.03914624763031801, 0.2525656987605483]], [[500.0], [-0.03914624763031801, 0.2525656987605483]], [[500.0], [-0.03914624763031801, 0.2525656987605483]], [[500.0], [-0.03914624763031801, 0.2525656987605483]], [[500.0], [-0.03914624763031801, 0.2525656987605483]], [[500.0], [-0.03914624763031801, 0.2525656987605483]], [[500.0], [-0.03914624763031801, 0.2525656987605483]], [[500.0], [-0.03914624763031801, 0.2525656987605483]], [[500.0], [-0.03914624763031801, 0.2525656987605483]], [[500.0], [-0.03914624763031801, 0.2525656987605483]], [[500.0], [-0.03914624763031801, 0.2525656987605483]], [[500.0], [-0.03914624763031801, 0.2525656987605483]], [[500.0], [-0.03914624763031801, 0.2525656987605483]], [[500.0], [-0.03914624763031801, 0.2525656987605483]], [[500.0], [-0.03914624763031801, 0.2525656987605483]], [[500.0], [-0.03914624763031801, 0.2525656987605483]], [[500.0], [-0.03914624763031801, 0.2525656987605483]], [[500.0], [-0.03914624763031801, 0.2525656987605483]], [[500.0], [-0.03914624763031801, 0.2525656987605483]], [[500.0], [-0.03914624763031801, 0.2525656987605483]], [[500.0], [-0.03914624763031801, 0.2525656987605483]], [[500.0], [-0.03914624763031801, 0.2525656987605483]], [[500.0], [-0.03914624763031801, 0.2525656987605483]], [[500.0], [-0.03914624763031801, 0.2525656987605483]], [[500.0], [-0.03914624763031801, 0.2525656987605483]], [[500.0], [-0.03914624763031801, 0.2525656987605483]]], "103": [[[451.1], [0.0011923807323910296, 0.015031594257249217]], [[339.6], [0.05855659643809001, -0.5094766545523868]], [[451.1], [0.0011923807323910296, 0.015031594257249217]], [[451.1], [0.0011923807323910296, 0.015031594257249217]], [[451.1], [0.0011923807323910296, 0.015031594257249217]], [[451.1], [0.0011923807323910296, 0.015031594257249217]], [[451.1], [0.0011923807323910296, 0.015031594257249217]], [[451.1], [0.0011923807323910296, 0.015031594257249217]], [[451.1], [0.0011923807323910296, 0.015031594257249217]], [[500.0], [0.043673670540253326, 0.0026790376721422355]], [[451.1], [0.0011923807323910296, 0.015031594257249217]], [[451.1], [0.0011923807323910296, 0.015031594257249217]], [[500.0], [0.043673670540253326, 0.0026790376721422355]], [[500.0], [0.043673670540253326, 0.0026790376721422355]], [[500.0], [0.043673670540253326, 0.0026790376721422355]], [[451.1], [0.0011923807323910296, 0.015031594257249217]], [[120.1], [0.16442547241846722, 0.5058801986954429]], [[500.0], [0.043673670540253326, 0.0026790376721422355]], [[451.1], [0.0011923807323910296, 0.015031594257249217]], [[451.1], [0.0011923807323910296, 0.015031594257249217]], [[451.1], [0.0011923807323910296, 0.015031594257249217]], [[451.1], [0.0011923807323910296, 0.015031594257249217]], [[451.1], [0.0011923807323910296, 0.015031594257249217]], [[451.1], [0.0011923807323910296, 0.015031594257249217]], [[451.1], [0.0011923807323910296, 0.015031594257249217]], [[451.1], [0.0011923807323910296, 0.015031594257249217]], [[451.1], [0.0011923807323910296, 0.015031594257249217]], [[451.1], [0.0011923807323910296, 0.015031594257249217]], [[451.1], [0.0011923807323910296, 0.015031594257249217]], [[32.2], [-0.012422095363338789, 0.5271872906593615]]], "102": [[[354.4], [0.4744821786880493, 0.5029059554401197]], [[354.4], [0.4744821786880493, 0.5029059554401197]], [[354.4], [0.4744821786880493, 0.5029059554401197]], [[354.4], [0.4744821786880493, 0.5029059554401197]], [[354.4], [0.4744821786880493, 0.5029059554401197]], [[354.4], [0.4744821786880493, 0.5029059554401197]], [[354.4], [0.4744821786880493, 0.5029059554401197]], [[354.4], [0.4744821786880493, 0.5029059554401197]], [[354.4], [0.4744821786880493, 0.5029059554401197]], [[354.4], [0.4744821786880493, 0.5029059554401197]], [[354.4], [0.4744821786880493, 0.5029059554401197]], [[354.4], [0.4744821786880493, 0.5029059554401197]], [[354.4], [0.4744821786880493, 0.5029059554401197]], [[354.4], [0.4744821786880493, 0.5029059554401197]], [[354.4], [0.4744821786880493, 0.5029059554401197]], [[354.4], [0.4744821786880493, 0.5029059554401197]], [[354.4], [0.4744821786880493, 0.5029059554401197]], [[354.4], [0.4744821786880493, 0.5029059554401197]], [[354.4], [0.4744821786880493, 0.5029059554401197]], [[354.4], [0.4744821786880493, 0.5029059554401197]], [[311.4], [0.4044938087463379, 0.5038105414814926]], [[354.4], [0.4744821786880493, 0.5029059554401197]], [[354.4], [0.4744821786880493, 0.5029059554401197]], [[354.4], [0.4744821786880493, 0.5029059554401197]], [[354.4], [0.4744821786880493, 0.5029059554401197]], [[354.4], [0.4744821786880493, 0.5029059554401197]], [[354.4], [0.4744821786880493, 0.5029059554401197]], [[354.4], [0.4744821786880493, 0.5029059554401197]], [[354.4], [0.4744821786880493, 0.5029059554401197]], [[354.4], [0.4744821786880493, 0.5029059554401197]]]}