{"103": [[[413.2], [0.013367668725550175, 0.0018967971713705497]], [[413.2], [0.013367668725550175, 0.0018967971713705497]], [[413.2], [0.013367668725550175, 0.0018967971713705497]], [[20.6], [-0.0059161936709036436, 0.517370847708871]], [[500.0], [0.07094182694951694, 0.005196656309888124]], [[413.2], [0.013367668725550175, 0.0018967971713705497]], [[413.2], [0.013367668725550175, 0.0018967971713705497]], [[500.0], [-0.02324527595192194, 0.06324818812346344]], [[413.2], [0.013367668725550175, 0.0018967971713705497]], [[413.2], [0.013367668725550175, 0.0018967971713705497]], [[413.2], [0.013367668725550175, 0.0018967971713705497]], [[413.2], [0.013367668725550175, 0.0018967971713705497]], [[500.0], [0.07094182694951694, 0.005196656309888124]], [[413.2], [0.013367668725550175, 0.0018967971713705497]], [[413.2], [0.013367668725550175, 0.0018967971713705497]], [[413.2], [0.013367668725550175, 0.0018967971713705497]], [[413.2], [0.013367668725550175, 0.0018967971713705497]], [[413.2], [0.013367668725550175, 0.0018967971713705497]], [[413.2], [0.013367668725550175, 0.0018967971713705497]], [[413.2], [0.013367668725550175, 0.0018967971713705497]], [[413.2], [0.013367668725550175, 0.0018967971713705497]], [[413.2], [0.013367668725550175, 0.0018967971713705497]], [[413.2], [0.013367668725550175, 0.0018967971713705497]], [[413.2], [0.013367668725550175, 0.0018967971713705497]], [[413.2], [0.013367668725550175, 0.0018967971713705497]], [[500.0], [-0.02324527595192194, 0.06324818812346344]], [[413.2], [0.013367668725550175, 0.0018967971713705497]], [[413.2], [0.013367668725550175, 0.0018967971713705497]], [[413.2], [0.013367668725550175, 0.0018967971713705497]], [[413.2], [0.013367668725550175, 0.0018967971713705497]]], "102": [[[489.2], [0.09782225514451663, 0.10594338820311441]], [[489.2], [0.09782225514451663, 0.10594338820311441]], [[489.2], [0.09782225514451663, 0.10594338820311441]], [[489.2], [0.09782225514451663, 0.10594338820311441]], [[489.2], [0.09782225514451663, 0.10594338820311441]], [[489.2], [0.09782225514451663, 0.10594338820311441]], [[489.2], [0.09782225514451663, 0.10594338820311441]], [[489.2], [0.09782225514451663, 0.10594338820311441]], [[489.2], [0.09782225514451663, 0.10594338820311441]], [[293.3], [-0.5005890627702078, -0.32593038949099457]], [[489.2], [0.09782225514451663, 0.10594338820311441]], [[500.0], [-0.08891784275571506, 0.19220861664229033]], [[489.2], [0.09782225514451663, 0.10594338820311441]], [[489.2], [0.09782225514451663, 0.10594338820311441]], [[489.2], [0.09782225514451663, 0.10594338820311441]], [[489.2], [0.09782225514451663, 0.10594338820311441]], [[489.2], [0.09782225514451663, 0.10594338820311441]], [[489.2], [0.09782225514451663, 0.10594338820311441]], [[489.2], [0.09782225514451663, 0.10594338820311441]], [[489.2], [0.09782225514451663, 0.10594338820311441]], [[489.2], [0.09782225514451663, 0.10594338820311441]], [[489.2], [0.09782225514451663, 0.10594338820311441]], [[489.2], [0.09782225514451663, 0.10594338820311441]], [[489.2], [0.09782225514451663, 0.10594338820311441]], [[500.0], [-0.08891784275571506, 0.19220861664229033]], [[489.2], [0.09782225514451663, 0.10594338820311441]], [[489.2], [0.09782225514451663, 0.10594338820311441]], [[489.2], [0.09782225514451663, 0.10594338820311441]], [[489.2], [0.09782225514451663, 0.10594338820311441]], [[489.2], [0.09782225514451663, 0.10594338820311441]]], "101": [[[500.0], [0.010310571330289047, 0.008533903705089857]], [[500.0], [0.11499165246884029, -0.020568020659628098]], [[500.0], [0.11499165246884029, -0.020568020659628098]], [[500.0], [0.010310571330289047, 0.008533903705089857]], [[500.0], [0.11499165246884029, -0.020568020659628098]], [[500.0], [0.11499165246884029, -0.020568020659628098]], [[500.0], [0.11499165246884029, -0.020568020659628098]], [[500.0], [0.010310571330289047, 0.008533903705089857]], [[500.0], [0.010310571330289047, 0.008533903705089857]], [[500.0], [0.11499165246884029, -0.020568020659628098]], [[500.0], [0.11499165246884029, -0.020568020659628098]], [[500.0], [0.11499165246884029, -0.020568020659628098]], [[500.0], [0.010310571330289047, 0.008533903705089857]], [[500.0], [0.11499165246884029, -0.020568020659628098]], [[500.0], [0.11499165246884029, -0.020568020659628098]], [[500.0], [0.010310571330289047, 0.008533903705089857]], [[500.0], [0.11499165246884029, -0.020568020659628098]], [[500.0], [0.010310571330289047, 0.008533903705089857]], [[500.0], [0.11499165246884029, -0.020568020659628098]], [[500.0], [0.010310571330289047, 0.008533903705089857]], [[500.0], [0.010310571330289047, 0.008533903705089857]], [[500.0], [0.11499165246884029, -0.020568020659628098]], [[500.0], [0.010310571330289047, 0.008533903705089857]], [[500.0], [0.010310571330289047, 0.008533903705089857]], [[500.0], [0.11499165246884029, -0.020568020659628098]], [[500.0], [0.11499165246884029, -0.020568020659628098]], [[500.0], [0.010310571330289047, 0.008533903705089857]], [[500.0], [0.11499165246884029, -0.020568020659628098]], [[500.0], [0.010310571330289047, 0.008533903705089857]], [[500.0], [0.11499165246884029, -0.020568020659628098]]]}