{"103": [[[396.4], [0.09376368795831999, -0.017596635985317414]], [[382.6], [0.11345740407705307, -0.0157811652209485]], [[396.4], [0.09376368795831999, -0.017596635985317414]], [[396.4], [0.09376368795831999, -0.017596635985317414]], [[382.6], [0.11345740407705307, -0.0157811652209485]], [[382.6], [0.11345740407705307, -0.0157811652209485]], [[396.4], [0.09376368795831999, -0.017596635985317414]], [[396.4], [0.09376368795831999, -0.017596635985317414]], [[382.6], [0.11345740407705307, -0.0157811652209485]], [[396.4], [0.09376368795831999, -0.017596635985317414]], [[396.4], [0.09376368795831999, -0.017596635985317414]], [[396.4], [0.09376368795831999, -0.017596635985317414]], [[396.4], [0.09376368795831999, -0.017596635985317414]], [[382.6], [0.11345740407705307, -0.0157811652209485]], [[396.4], [0.09376368795831999, -0.017596635985317414]], [[396.4], [0.09376368795831999, -0.017596635985317414]], [[382.6], [0.11345740407705307, -0.0157811652209485]], [[396.4], [0.09376368795831999, -0.017596635985317414]], [[396.4], [0.09376368795831999, -0.017596635985317414]], [[396.4], [0.09376368795831999, -0.017596635985317414]], [[396.4], [0.09376368795831999, -0.017596635985317414]], [[396.4], [0.09376368795831999, -0.017596635985317414]], [[396.4], [0.09376368795831999, -0.017596635985317414]], [[396.4], [0.09376368795831999, -0.017596635985317414]], [[396.4], [0.09376368795831999, -0.017596635985317414]], [[396.4], [0.09376368795831999, -0.017596635985317414]], [[396.4], [0.09376368795831999, -0.017596635985317414]], [[382.6], [0.11345740407705307, -0.0157811652209485]], [[396.4], [0.09376368795831999, -0.017596635985317414]], [[396.4], [0.09376368795831999, -0.017596635985317414]]], "101": [[[500.0], [0.0012910964627129338, -0.009975519753172638]], [[500.0], [0.0012910964627129338, -0.009975519753172638]], [[500.0], [0.0012910964627129338, -0.009975519753172638]], [[500.0], [0.0012910964627129338, -0.009975519753172638]], [[500.0], [0.0012910964627129338, -0.009975519753172638]], [[500.0], [0.0012757632066495717, -0.006148289737590192]], [[500.0], [0.0012910964627129338, -0.009975519753172638]], [[500.0], [0.0012757632066495717, -0.006148289737590192]], [[500.0], [0.0012910964627129338, -0.009975519753172638]], [[500.0], [0.0012910964627129338, -0.009975519753172638]], [[500.0], [0.0012910964627129338, -0.009975519753172638]], [[500.0], [0.0012910964627129338, -0.009975519753172638]], [[500.0], [0.0012910964627129338, -0.009975519753172638]], [[500.0], [0.0012910964627129338, -0.009975519753172638]], [[500.0], [0.0012910964627129338, -0.009975519753172638]], [[500.0], [0.0012757632066495717, -0.006148289737590192]], [[500.0], [0.0012910964627129338, -0.009975519753172638]], [[500.0], [0.0012910964627129338, -0.009975519753172638]], [[500.0], [0.0012910964627129338, -0.009975519753172638]], [[500.0], [0.0012910964627129338, -0.009975519753172638]], [[9.2], [0.03666744567453861, -0.5957981901305714]], [[360.7], [0.008875655476003885, -0.011876274488474194]], [[500.0], [0.0012910964627129338, -0.009975519753172638]], [[500.0], [0.0012910964627129338, -0.009975519753172638]], [[500.0], [0.0012910964627129338, -0.009975519753172638]], [[500.0], [0.0012910964627129338, -0.009975519753172638]], [[500.0], [0.0012910964627129338, -0.009975519753172638]], [[500.0], [0.0012910964627129338, -0.009975519753172638]], [[500.0], [0.0012757632066495717, -0.006148289737590192]], [[287.6], [-0.0033649701314667864, 0.01774506273559121]]], "102": [[[500.0], [0.08607049783070883, 0.011747189391956946]], [[500.0], [0.08607049783070883, 0.011747189391956946]], [[500.0], [0.08607049783070883, 0.011747189391956946]], [[500.0], [0.08607049783070883, 0.011747189391956946]], [[500.0], [0.08607049783070883, 0.011747189391956946]], [[500.0], [0.08607049783070883, 0.011747189391956946]], [[500.0], [0.08607049783070883, 0.011747189391956946]], [[500.0], [0.08607049783070883, 0.011747189391956946]], [[500.0], [0.08607049783070883, 0.011747189391956946]], [[500.0], [0.017872674701114498, 0.01237375002229613]], [[500.0], [0.017872674701114498, 0.01237375002229613]], [[500.0], [0.08607049783070883, 0.011747189391956946]], [[389.0], [0.05881570900479953, 0.005852456681394691]], [[500.0], [0.08607049783070883, 0.011747189391956946]], [[500.0], [0.08607049783070883, 0.011747189391956946]], [[500.0], [0.08607049783070883, 0.011747189391956946]], [[122.7], [0.3689301759004593, -0.5143753221730867]], [[500.0], [0.08607049783070883, 0.011747189391956946]], [[500.0], [0.017872674701114498, 0.01237375002229613]], [[500.0], [0.017872674701114498, 0.01237375002229613]], [[500.0], [0.08607049783070883, 0.011747189391956946]], [[500.0], [0.08607049783070883, 0.011747189391956946]], [[500.0], [0.08607049783070883, 0.011747189391956946]], [[500.0], [0.08607049783070883, 0.011747189391956946]], [[500.0], [0.08607049783070883, 0.011747189391956946]], [[500.0], [0.08607049783070883, 0.011747189391956946]], [[500.0], [0.08607049783070883, 0.011747189391956946]], [[500.0], [0.08607049783070883, 0.011747189391956946]], [[500.0], [0.08607049783070883, 0.011747189391956946]], [[500.0], [0.08607049783070883, 0.011747189391956946]]]}