{"101": [[[500.0], [0.05727330843607585, 0.012661657924429652]], [[500.0], [0.03320809764166673, -0.03344515498959277]], [[500.0], [0.05727330843607585, 0.012661657924429652]], [[500.0], [0.03320809764166673, -0.03344515498959277]], [[500.0], [0.03320809764166673, -0.03344515498959277]], [[500.0], [0.03320809764166673, -0.03344515498959277]], [[500.0], [0.03320809764166673, -0.03344515498959277]], [[500.0], [0.03320809764166673, -0.03344515498959277]], [[500.0], [0.03320809764166673, -0.03344515498959277]], [[500.0], [0.03320809764166673, -0.03344515498959277]], [[500.0], [0.03320809764166673, -0.03344515498959277]], [[500.0], [0.03320809764166673, -0.03344515498959277]], [[500.0], [0.05727330843607585, 0.012661657924429652]], [[500.0], [0.03320809764166673, -0.03344515498959277]], [[500.0], [0.03320809764166673, -0.03344515498959277]], [[500.0], [0.03320809764166673, -0.03344515498959277]], [[500.0], [0.05727330843607585, 0.012661657924429652]], [[500.0], [0.03320809764166673, -0.03344515498959277]], [[500.0], [0.03320809764166673, -0.03344515498959277]], [[500.0], [0.05727330843607585, 0.012661657924429652]], [[500.0], [0.03320809764166673, -0.03344515498959277]], [[500.0], [0.03320809764166673, -0.03344515498959277]], [[500.0], [0.03320809764166673, -0.03344515498959277]], [[500.0], [0.03320809764166673, -0.03344515498959277]], [[500.0], [0.03320809764166673, -0.03344515498959277]], [[500.0], [0.03320809764166673, -0.03344515498959277]], [[295.0], [0.007297312840819359, 0.004055211320519447]], [[500.0], [0.05727330843607585, 0.012661657924429652]], [[500.0], [0.03320809764166673, -0.03344515498959277]], [[500.0], [0.05727330843607585, 0.012661657924429652]]], "102": [[[500.0], [0.1240145911773046, -0.0029218368651122567]], [[500.0], [0.1240145911773046, -0.0029218368651122567]], [[500.0], [0.1240145911773046, -0.0029218368651122567]], [[500.0], [0.1240145911773046, -0.0029218368651122567]], [[500.0], [0.1240145911773046, -0.0029218368651122567]], [[500.0], [0.1240145911773046, -0.0029218368651122567]], [[500.0], [0.1240145911773046, -0.0029218368651122567]], [[500.0], [0.1240145911773046, -0.0029218368651122567]], [[500.0], [0.1240145911773046, -0.0029218368651122567]], [[500.0], [0.1240145911773046, -0.0029218368651122567]], [[500.0], [0.017939632137616478, -0.004591240378266031]], [[500.0], [0.1240145911773046, -0.0029218368651122567]], [[500.0], [0.1240145911773046, -0.0029218368651122567]], [[500.0], [0.1240145911773046, -0.0029218368651122567]], [[13.1], [0.03666744567453861, -0.5957981901305714]], [[500.0], [0.1240145911773046, -0.0029218368651122567]], [[500.0], [0.1240145911773046, -0.0029218368651122567]], [[500.0], [0.1240145911773046, -0.0029218368651122567]], [[500.0], [0.1240145911773046, -0.0029218368651122567]], [[500.0], [0.1240145911773046, -0.0029218368651122567]], [[500.0], [0.1240145911773046, -0.0029218368651122567]], [[500.0], [0.1240145911773046, -0.0029218368651122567]], [[500.0], [0.1240145911773046, -0.0029218368651122567]], [[500.0], [0.1240145911773046, -0.0029218368651122567]], [[500.0], [0.1240145911773046, -0.0029218368651122567]], [[500.0], [0.1240145911773046, -0.0029218368651122567]], [[500.0], [0.1240145911773046, -0.0029218368651122567]], [[500.0], [0.1240145911773046, -0.0029218368651122567]], [[500.0], [0.1240145911773046, -0.0029218368651122567]], [[500.0], [0.1240145911773046, -0.0029218368651122567]]], "103": [[[468.5], [-0.12719317028919858, 0.29172816059806134]], [[468.5], [-0.12719317028919858, 0.29172816059806134]], [[468.5], [-0.12719317028919858, 0.29172816059806134]], [[468.5], [-0.12719317028919858, 0.29172816059806134]], [[468.5], [-0.12719317028919858, 0.29172816059806134]], [[468.5], [-0.12719317028919858, 0.29172816059806134]], [[468.5], [-0.12719317028919858, 0.29172816059806134]], [[468.5], [-0.12719317028919858, 0.29172816059806134]], [[468.5], [-0.12719317028919858, 0.29172816059806134]], [[468.5], [-0.12719317028919858, 0.29172816059806134]], [[9.2], [-0.02940102480351925, 0.5648723273186023]], [[468.5], [-0.12719317028919858, 0.29172816059806134]], [[468.5], [-0.12719317028919858, 0.29172816059806134]], [[468.5], [-0.12719317028919858, 0.29172816059806134]], [[468.5], [-0.12719317028919858, 0.29172816059806134]], [[468.5], [-0.12719317028919858, 0.29172816059806134]], [[468.5], [-0.12719317028919858, 0.29172816059806134]], [[468.5], [-0.12719317028919858, 0.29172816059806134]], [[468.5], [-0.12719317028919858, 0.29172816059806134]], [[468.5], [-0.12719317028919858, 0.29172816059806134]], [[468.5], [-0.12719317028919858, 0.29172816059806134]], [[468.5], [-0.12719317028919858, 0.29172816059806134]], [[468.5], [-0.12719317028919858, 0.29172816059806134]], [[468.5], [-0.12719317028919858, 0.29172816059806134]], [[468.5], [-0.12719317028919858, 0.29172816059806134]], [[468.5], [-0.12719317028919858, 0.29172816059806134]], [[468.5], [-0.12719317028919858, 0.29172816059806134]], [[468.5], [-0.12719317028919858, 0.29172816059806134]], [[468.5], [-0.12719317028919858, 0.29172816059806134]], [[468.5], [-0.12719317028919858, 0.29172816059806134]]]}