{"101": [[[10.8], [-0.02940102480351925, 0.5648723273186023]], [[491.9], [-0.05416355406244596, -0.16647739487401608]], [[491.9], [-0.05416355406244596, -0.16647739487401608]], [[491.9], [-0.05416355406244596, -0.16647739487401608]], [[491.9], [-0.05416355406244596, -0.16647739487401608]], [[491.9], [-0.05416355406244596, -0.16647739487401608]], [[491.9], [-0.05416355406244596, -0.16647739487401608]], [[491.9], [-0.05416355406244596, -0.16647739487401608]], [[491.9], [-0.05416355406244596, -0.16647739487401608]], [[491.9], [-0.05416355406244596, -0.16647739487401608]], [[500.0], [0.040675438940525055, -0.005601582776879865]], [[404.1], [0.3460254023472468, 0.18973775101050236]], [[53.2], [0.008959433374305567, 0.5119494630389236]], [[491.9], [-0.05416355406244596, -0.16647739487401608]], [[491.9], [-0.05416355406244596, -0.16647739487401608]], [[491.9], [-0.05416355406244596, -0.16647739487401608]], [[491.9], [-0.05416355406244596, -0.16647739487401608]], [[500.0], [-0.024639318386713665, 0.032495999147304507]], [[491.9], [-0.05416355406244596, -0.16647739487401608]], [[491.9], [-0.05416355406244596, -0.16647739487401608]], [[491.9], [-0.05416355406244596, -0.16647739487401608]], [[491.9], [-0.05416355406244596, -0.16647739487401608]], [[491.9], [-0.05416355406244596, -0.16647739487401608]], [[491.9], [-0.05416355406244596, -0.16647739487401608]], [[491.9], [-0.05416355406244596, -0.16647739487401608]], [[425.9], [0.5059725046157837, 0.373409802548623]], [[491.9], [-0.05416355406244596, -0.16647739487401608]], [[491.9], [-0.05416355406244596, -0.16647739487401608]], [[491.9], [-0.05416355406244596, -0.16647739487401608]], [[491.9], [-0.05416355406244596, -0.16647739487401608]]], "103": [[[500.0], [0.016419527431329094, -0.0034180527183106926]], [[500.0], [0.016419527431329094, -0.0034180527183106926]], [[500.0], [0.016419527431329094, -0.0034180527183106926]], [[500.0], [0.016419527431329094, -0.0034180527183106926]], [[500.0], [0.016419527431329094, -0.0034180527183106926]], [[500.0], [0.016419527431329094, -0.0034180527183106926]], [[79.0], [0.02728298306465149, 0.5035226781402479]], [[500.0], [0.016419527431329094, -0.0034180527183106926]], [[500.0], [0.016419527431329094, -0.0034180527183106926]], [[500.0], [0.016419527431329094, -0.0034180527183106926]], [[500.0], [0.10118714844187102, 0.021346523894362472]], [[500.0], [0.016419527431329094, -0.0034180527183106926]], [[500.0], [0.016419527431329094, -0.0034180527183106926]], [[500.0], [0.0026945946350072822, 0.018357544353133755]], [[100.4], [0.06961451222499213, 0.512669567000923]], [[500.0], [0.016419527431329094, -0.0034180527183106926]], [[500.0], [0.016419527431329094, -0.0034180527183106926]], [[500.0], [0.016419527431329094, -0.0034180527183106926]], [[500.0], [0.016419527431329094, -0.0034180527183106926]], [[500.0], [0.016419527431329094, -0.0034180527183106926]], [[500.0], [0.016419527431329094, -0.0034180527183106926]], [[500.0], [0.016419527431329094, -0.0034180527183106926]], [[500.0], [0.016419527431329094, -0.0034180527183106926]], [[500.0], [0.016419527431329094, -0.0034180527183106926]], [[500.0], [0.016419527431329094, -0.0034180527183106926]], [[500.0], [0.0026945946350072822, 0.018357544353133755]], [[161.6], [0.24355319639046988, 0.5114655674359445]], [[500.0], [0.016419527431329094, -0.0034180527183106926]], [[500.0], [0.016419527431329094, -0.0034180527183106926]], [[500.0], [0.016419527431329094, -0.0034180527183106926]]], "102": [[[456.3], [0.18914596488078436, 0.005434968499867825]], [[456.3], [0.18914596488078436, 0.005434968499867825]], [[52.4], [0.012478577749182781, 0.5389747151917819]], [[456.3], [0.18914596488078436, 0.005434968499867825]], [[456.3], [0.18914596488078436, 0.005434968499867825]], [[65.6], [0.068736399213473, -0.5168741185699354]], [[456.3], [0.18914596488078436, 0.005434968499867825]], [[456.3], [0.18914596488078436, 0.005434968499867825]], [[456.3], [0.18914596488078436, 0.005434968499867825]], [[456.3], [0.18914596488078436, 0.005434968499867825]], [[456.3], [0.18914596488078436, 0.005434968499867825]], [[292.7], [0.4414386550585429, 0.51285993111761]], [[456.3], [0.18914596488078436, 0.005434968499867825]], [[456.3], [0.18914596488078436, 0.005434968499867825]], [[456.3], [0.18914596488078436, 0.005434968499867825]], [[393.5], [0.16937571267286938, 0.023104181361683247]], [[456.3], [0.18914596488078436, 0.005434968499867825]], [[456.3], [0.18914596488078436, 0.005434968499867825]], [[456.3], [0.18914596488078436, 0.005434968499867825]], [[462.9], [0.22238756219546002, 0.030358108072474813]], [[456.3], [0.18914596488078436, 0.005434968499867825]], [[67.6], [0.014483806056280931, 0.5384011987293736]], [[9.3], [0.03666744567453861, -0.5957981901305714]], [[456.3], [0.18914596488078436, 0.005434968499867825]], [[456.3], [0.18914596488078436, 0.005434968499867825]], [[456.3], [0.18914596488078436, 0.005434968499867825]], [[456.3], [0.18914596488078436, 0.005434968499867825]], [[456.3], [0.18914596488078436, 0.005434968499867825]], [[9.8], [0.03666744567453861, -0.5957981901305714]], [[456.3], [0.18914596488078436, 0.005434968499867825]]]}