{"103": [[[425.8], [0.501743753751119, 0.34945878828541516]], [[396.3], [0.06942097097635269, 0.006588264457596261]], [[396.3], [0.06942097097635269, 0.006588264457596261]], [[396.3], [0.06942097097635269, 0.006588264457596261]], [[396.3], [0.06942097097635269, 0.006588264457596261]], [[396.3], [0.06942097097635269, 0.006588264457596261]], [[396.3], [0.06942097097635269, 0.006588264457596261]], [[396.3], [0.06942097097635269, 0.006588264457596261]], [[396.3], [0.06942097097635269, 0.006588264457596261]], [[396.3], [0.06942097097635269, 0.006588264457596261]], [[396.3], [0.06942097097635269, 0.006588264457596261]], [[9.6], [0.03666744567453861, -0.5957981901305714]], [[396.3], [0.06942097097635269, 0.006588264457596261]], [[425.8], [0.501743753751119, 0.34945878828541516]], [[396.3], [0.06942097097635269, 0.006588264457596261]], [[396.3], [0.06942097097635269, 0.006588264457596261]], [[396.3], [0.06942097097635269, 0.006588264457596261]], [[396.3], [0.06942097097635269, 0.006588264457596261]], [[396.3], [0.06942097097635269, 0.006588264457596261]], [[425.8], [0.501743753751119, 0.34945878828541516]], [[425.8], [0.501743753751119, 0.34945878828541516]], [[396.3], [0.06942097097635269, 0.006588264457596261]], [[396.3], [0.06942097097635269, 0.006588264457596261]], [[396.3], [0.06942097097635269, 0.006588264457596261]], [[396.3], [0.06942097097635269, 0.006588264457596261]], [[396.3], [0.06942097097635269, 0.006588264457596261]], [[396.3], [0.06942097097635269, 0.006588264457596261]], [[396.3], [0.06942097097635269, 0.006588264457596261]], [[396.3], [0.06942097097635269, 0.006588264457596261]], [[396.3], [0.06942097097635269, 0.006588264457596261]]], "101": [[[95.3], [0.07192633425196013, 0.5043903321170351]], [[458.2], [0.03841468133032322, 0.18320013390203413]], [[458.2], [0.03841468133032322, 0.18320013390203413]], [[458.2], [0.03841468133032322, 0.18320013390203413]], [[458.2], [0.03841468133032322, 0.18320013390203413]], [[458.2], [0.03841468133032322, 0.18320013390203413]], [[458.2], [0.03841468133032322, 0.18320013390203413]], [[458.2], [0.03841468133032322, 0.18320013390203413]], [[458.2], [0.03841468133032322, 0.18320013390203413]], [[458.2], [0.03841468133032322, 0.18320013390203413]], [[458.2], [0.03841468133032322, 0.18320013390203413]], [[458.2], [0.03841468133032322, 0.18320013390203413]], [[458.2], [0.03841468133032322, 0.18320013390203413]], [[458.2], [0.03841468133032322, 0.18320013390203413]], [[458.2], [0.03841468133032322, 0.18320013390203413]], [[458.2], [0.03841468133032322, 0.18320013390203413]], [[458.2], [0.03841468133032322, 0.18320013390203413]], [[458.2], [0.03841468133032322, 0.18320013390203413]], [[458.2], [0.03841468133032322, 0.18320013390203413]], [[458.2], [0.03841468133032322, 0.18320013390203413]], [[458.2], [0.03841468133032322, 0.18320013390203413]], [[458.2], [0.03841468133032322, 0.18320013390203413]], [[458.2], [0.03841468133032322, 0.18320013390203413]], [[458.2], [0.03841468133032322, 0.18320013390203413]], [[458.2], [0.03841468133032322, 0.18320013390203413]], [[458.2], [0.03841468133032322, 0.18320013390203413]], [[458.2], [0.03841468133032322, 0.18320013390203413]], [[458.2], [0.03841468133032322, 0.18320013390203413]], [[458.2], [0.03841468133032322, 0.18320013390203413]], [[81.6], [0.1158512756228447, -0.5111441230089471]]], "102": [[[500.0], [0.028625667716066044, -0.02430691985351047]], [[361.9], [0.5065724750359853, 0.3648188553358379]], [[361.9], [0.5065724750359853, 0.3648188553358379]], [[500.0], [0.028625667716066044, -0.02430691985351047]], [[361.9], [0.5065724750359853, 0.3648188553358379]], [[500.0], [0.028625667716066044, -0.02430691985351047]], [[361.9], [0.5065724750359853, 0.3648188553358379]], [[500.0], [0.028625667716066044, -0.02430691985351047]], [[500.0], [0.028625667716066044, -0.02430691985351047]], [[361.9], [0.5065724750359853, 0.3648188553358379]], [[361.9], [0.5065724750359853, 0.3648188553358379]], [[361.9], [0.5065724750359853, 0.3648188553358379]], [[500.0], [0.028625667716066044, -0.02430691985351047]], [[361.9], [0.5065724750359853, 0.3648188553358379]], [[500.0], [0.028625667716066044, -0.02430691985351047]], [[361.9], [0.5065724750359853, 0.3648188553358379]], [[361.9], [0.5065724750359853, 0.3648188553358379]], [[361.9], [0.5065724750359853, 0.3648188553358379]], [[361.9], [0.5065724750359853, 0.3648188553358379]], [[361.9], [0.5065724750359853, 0.3648188553358379]], [[500.0], [0.028625667716066044, -0.02430691985351047]], [[361.9], [0.5065724750359853, 0.3648188553358379]], [[361.9], [0.5065724750359853, 0.3648188553358379]], [[500.0], [0.028625667716066044, -0.02430691985351047]], [[361.9], [0.5065724750359853, 0.3648188553358379]], [[361.9], [0.5065724750359853, 0.3648188553358379]], [[361.9], [0.5065724750359853, 0.3648188553358379]], [[500.0], [0.028625667716066044, -0.02430691985351047]], [[500.0], [0.028625667716066044, -0.02430691985351047]], [[361.9], [0.5065724750359853, 0.3648188553358379]]]}