{"101": [[[398.2], [0.2886694173018138, -0.575154663273022]], [[500.0], [0.028543990726272266, -0.0036212083166153237]], [[30.9], [-0.01404940461119016, 0.5561094463727121]], [[500.0], [0.0256370489175121, -0.03501383195582189]], [[500.0], [0.0256370489175121, -0.03501383195582189]], [[500.0], [0.028543990726272266, -0.0036212083166153237]], [[500.0], [0.028543990726272266, -0.0036212083166153237]], [[500.0], [0.03447896490494411, 0.02851221113327588]], [[500.0], [0.0256370489175121, -0.03501383195582189]], [[500.0], [0.0256370489175121, -0.03501383195582189]], [[500.0], [0.0256370489175121, -0.03501383195582189]], [[500.0], [0.028543990726272266, -0.0036212083166153237]], [[413.4], [0.5046890676021576, 0.384814538168565]], [[128.9], [-0.4589652518431346, 0.5209032071834546]], [[500.0], [0.028543990726272266, -0.0036212083166153237]], [[500.0], [0.0256370489175121, -0.03501383195582189]], [[500.0], [0.028543990726272266, -0.0036212083166153237]], [[500.0], [0.0256370489175121, -0.03501383195582189]], [[500.0], [0.03447896490494411, 0.02851221113327588]], [[46.5], [0.12361320356527965, -0.6119374310571041]], [[500.0], [0.028543990726272266, -0.0036212083166153237]], [[500.0], [0.028543990726272266, -0.0036212083166153237]], [[500.0], [0.028543990726272266, -0.0036212083166153237]], [[500.0], [0.0256370489175121, -0.03501383195582189]], [[500.0], [0.0256370489175121, -0.03501383195582189]], [[500.0], [0.028543990726272266, -0.0036212083166153237]], [[500.0], [0.0256370489175121, -0.03501383195582189]], [[500.0], [0.0256370489175121, -0.03501383195582189]], [[500.0], [0.0256370489175121, -0.03501383195582189]], [[500.0], [-0.025772438384592533, -0.0643697188516553]]], "102": [[[500.0], [0.0027448488011335335, 0.0056557587913848]], [[500.0], [0.0785335898399353, 0.0015193611521576865]], [[147.8], [0.16556300222873688, 0.512472429629148]], [[500.0], [0.0785335898399353, 0.0015193611521576865]], [[500.0], [0.0785335898399353, 0.0015193611521576865]], [[500.0], [0.0027448488011335335, 0.0056557587913848]], [[500.0], [0.0785335898399353, 0.0015193611521576865]], [[500.0], [0.0027448488011335335, 0.0056557587913848]], [[28.8], [-0.009971804295976957, 0.5164516456959921]], [[500.0], [0.0027448488011335335, 0.0056557587913848]], [[500.0], [0.0785335898399353, 0.0015193611521576865]], [[500.0], [0.0785335898399353, 0.0015193611521576865]], [[500.0], [0.0027448488011335335, 0.0056557587913848]], [[427.2], [0.0315274049838384, 0.008415852441635143]], [[500.0], [0.0027448488011335335, 0.0056557587913848]], [[23.6], [-0.017488102118174236, 0.5217355332876507]], [[500.0], [0.0027448488011335335, 0.0056557587913848]], [[500.0], [0.0027448488011335335, 0.0056557587913848]], [[500.0], [0.01938442699611187, 0.013305724299909396]], [[500.0], [0.0027448488011335335, 0.0056557587913848]], [[500.0], [0.0785335898399353, 0.0015193611521576865]], [[500.0], [0.0027448488011335335, 0.0056557587913848]], [[500.0], [0.0027448488011335335, 0.0056557587913848]], [[500.0], [0.0027448488011335335, 0.0056557587913848]], [[500.0], [0.0785335898399353, 0.0015193611521576865]], [[500.0], [0.0785335898399353, 0.0015193611521576865]], [[500.0], [0.0027448488011335335, 0.0056557587913848]], [[500.0], [0.0785335898399353, 0.0015193611521576865]], [[105.3], [0.0671664004524549, 0.5076452376739831]], [[500.0], [0.0027448488011335335, 0.0056557587913848]]], "103": [[[387.6], [0.06188885619242986, -0.004848281509782139]], [[387.6], [0.06188885619242986, -0.004848281509782139]], [[387.6], [0.06188885619242986, -0.004848281509782139]], [[405.9], [0.017903299691776436, 0.00461809165579708]], [[387.6], [0.06188885619242986, -0.004848281509782139]], [[387.6], [0.06188885619242986, -0.004848281509782139]], [[387.6], [0.06188885619242986, -0.004848281509782139]], [[405.9], [0.017903299691776436, 0.00461809165579708]], [[387.6], [0.06188885619242986, -0.004848281509782139]], [[387.6], [0.06188885619242986, -0.004848281509782139]], [[9.2], [0.03666744567453861, -0.5957981901305714]], [[387.6], [0.06188885619242986, -0.004848281509782139]], [[387.6], [0.06188885619242986, -0.004848281509782139]], [[405.9], [0.017903299691776436, 0.00461809165579708]], [[42.0], [-0.00020618957933038473, 0.5171753858265125]], [[387.6], [0.06188885619242986, -0.004848281509782139]], [[387.6], [0.06188885619242986, -0.004848281509782139]], [[385.4], [0.11193592101335526, -0.014244746996098729]], [[405.9], [0.017903299691776436, 0.00461809165579708]], [[387.6], [0.06188885619242986, -0.004848281509782139]], [[405.9], [0.017903299691776436, 0.00461809165579708]], [[387.6], [0.06188885619242986, -0.004848281509782139]], [[387.6], [0.06188885619242986, -0.004848281509782139]], [[33.6], [-0.009971804295976957, 0.5164516456959921]], [[387.6], [0.06188885619242986, -0.004848281509782139]], [[405.9], [0.017903299691776436, 0.00461809165579708]], [[405.9], [0.017903299691776436, 0.00461809165579708]], [[387.6], [0.06188885619242986, -0.004848281509782139]], [[387.6], [0.06188885619242986, -0.004848281509782139]], [[387.6], [0.06188885619242986, -0.004848281509782139]]]}