{"102": [[[500.0], [0.02850390039384365, 0.006533953646402895]], [[132.2], [0.0666739729543527, 0.5088912314205079]], [[500.0], [0.02850390039384365, 0.006533953646402895]], [[500.0], [0.02850390039384365, 0.006533953646402895]], [[48.0], [0.009978312688569229, 0.5278403037472775]], [[500.0], [0.02850390039384365, 0.006533953646402895]], [[500.0], [0.02850390039384365, 0.006533953646402895]], [[500.0], [0.02850390039384365, 0.006533953646402895]], [[500.0], [0.02850390039384365, 0.006533953646402895]], [[500.0], [0.02850390039384365, 0.006533953646402895]], [[500.0], [0.02850390039384365, 0.006533953646402895]], [[500.0], [0.02850390039384365, 0.006533953646402895]], [[500.0], [0.02850390039384365, 0.006533953646402895]], [[500.0], [0.02850390039384365, 0.006533953646402895]], [[500.0], [0.02850390039384365, 0.006533953646402895]], [[500.0], [0.18144850929578146, 0.03590415405670992]], [[500.0], [0.02850390039384365, 0.006533953646402895]], [[500.0], [0.02850390039384365, 0.006533953646402895]], [[500.0], [0.02850390039384365, 0.006533953646402895]], [[63.8], [-0.09246154998739561, -0.519401790422686]], [[38.1], [0.048390744874874755, -0.5302606016825261]], [[500.0], [0.02850390039384365, 0.006533953646402895]], [[500.0], [0.02850390039384365, 0.006533953646402895]], [[500.0], [0.02850390039384365, 0.006533953646402895]], [[500.0], [0.02850390039384365, 0.006533953646402895]], [[97.0], [0.051931276296575866, 0.5224722495489714]], [[500.0], [0.18144850929578146, 0.03590415405670992]], [[500.0], [0.02850390039384365, 0.006533953646402895]], [[500.0], [0.02850390039384365, 0.006533953646402895]], [[65.7], [0.0898795947432518, -0.5326270700641796]]], "103": [[[500.0], [0.06629446521401405, 0.030785807938667007]], [[85.8], [0.030636293813586235, 0.5385585164909729]], [[500.0], [0.005912197520956397, -0.028900242896313873]], [[500.0], [0.005912197520956397, -0.028900242896313873]], [[500.0], [0.4300970832506816, 0.007017966778726099]], [[500.0], [0.005912197520956397, -0.028900242896313873]], [[500.0], [0.005912197520956397, -0.028900242896313873]], [[80.7], [0.041683902963995934, 0.5143883339525981]], [[500.0], [0.005912197520956397, -0.028900242896313873]], [[500.0], [0.005912197520956397, -0.028900242896313873]], [[500.0], [0.06629446521401405, 0.030785807938667007]], [[500.0], [0.4300970832506816, 0.007017966778726099]], [[500.0], [0.005912197520956397, -0.028900242896313873]], [[498.1], [0.06621596092979114, -0.3343300457206069]], [[144.2], [-0.1129629835486412, 0.5021955835762206]], [[500.0], [0.005912197520956397, -0.028900242896313873]], [[500.0], [0.005912197520956397, -0.028900242896313873]], [[500.0], [0.4300970832506816, 0.007017966778726099]], [[34.7], [-0.009971804295976957, 0.5164516456959921]], [[500.0], [0.005912197520956397, -0.028900242896313873]], [[500.0], [0.4300970832506816, 0.007017966778726099]], [[500.0], [0.4300970832506816, 0.007017966778726099]], [[500.0], [0.4300970832506816, 0.007017966778726099]], [[246.1], [0.5074392259120941, 0.13665897709330874]], [[500.0], [0.4300970832506816, 0.007017966778726099]], [[500.0], [0.005912197520956397, -0.028900242896313873]], [[500.0], [0.005912197520956397, -0.028900242896313873]], [[9.3], [0.03666744567453861, -0.5957981901305714]], [[500.0], [0.005912197520956397, -0.028900242896313873]], [[500.0], [0.005912197520956397, -0.028900242896313873]]], "101": [[[500.0], [0.0027944283404697976, -0.006961227956107644]], [[500.0], [0.0027944283404697976, -0.006961227956107644]], [[126.4], [0.08038010448217392, -0.5304345317434467]], [[500.0], [0.0027944283404697976, -0.006961227956107644]], [[500.0], [0.0027944283404697976, -0.006961227956107644]], [[77.2], [0.15108373016119003, 0.5175360081868879]], [[108.1], [0.03666744567453861, -0.5957981901305714]], [[500.0], [-0.07656652480363846, -0.25036816962027664]], [[500.0], [0.0027944283404697976, -0.006961227956107644]], [[500.0], [0.0027944283404697976, -0.006961227956107644]], [[92.2], [0.05936966588099798, 0.5098626587949872]], [[500.0], [0.0027944283404697976, -0.006961227956107644]], [[500.0], [0.0027944283404697976, -0.006961227956107644]], [[500.0], [0.0027944283404697976, -0.006961227956107644]], [[500.0], [-0.07656652480363846, -0.25036816962027664]], [[118.1], [0.16292396932840347, 0.5098847253470901]], [[500.0], [0.0027944283404697976, -0.006961227956107644]], [[500.0], [0.0027944283404697976, -0.006961227956107644]], [[500.0], [0.0027944283404697976, -0.006961227956107644]], [[500.0], [-0.07656652480363846, -0.25036816962027664]], [[500.0], [0.0027944283404697976, -0.006961227956107644]], [[500.0], [0.0027944283404697976, -0.006961227956107644]], [[126.4], [0.08038010448217392, -0.5304345317434467]], [[500.0], [0.0027944283404697976, -0.006961227956107644]], [[500.0], [0.0027944283404697976, -0.006961227956107644]], [[500.0], [0.0027944283404697976, -0.006961227956107644]], [[500.0], [0.0027944283404697976, -0.006961227956107644]], [[68.8], [0.02728298306465149, 0.5035226781402479]], [[91.9], [0.1310156285762787, -0.5077320779339549]], [[500.0], [0.0027944283404697976, -0.006961227956107644]]]}