{"103": [[[46.8], [0.009427497473855814, 0.5305655051076241]], [[9.4], [-0.02940102480351925, 0.5648723273186023]], [[500.0], [0.031586376329263054, -0.006527509584880332]], [[500.0], [0.031586376329263054, -0.006527509584880332]], [[500.0], [0.031586376329263054, -0.006527509584880332]], [[500.0], [0.031586376329263054, -0.006527509584880332]], [[500.0], [0.031586376329263054, -0.006527509584880332]], [[23.5], [0.03652360911170642, -0.5321111262700204]], [[500.0], [0.031586376329263054, -0.006527509584880332]], [[500.0], [0.031586376329263054, -0.006527509584880332]], [[58.9], [0.014405051867167156, -0.511226970613288]], [[94.8], [0.07192633425196013, 0.5043903321170351]], [[400.2], [0.10589533795913061, -0.019630548682366834]], [[500.0], [0.031586376329263054, -0.006527509584880332]], [[38.4], [0.13966990013917288, -0.6150465690348137]], [[500.0], [0.031586376329263054, -0.006527509584880332]], [[183.4], [0.10745542744795482, 0.5039699625170402]], [[500.0], [0.031586376329263054, -0.006527509584880332]], [[94.8], [0.07192633425196013, 0.5043903321170351]], [[500.0], [0.031586376329263054, -0.006527509584880332]], [[500.0], [0.031586376329263054, -0.006527509584880332]], [[500.0], [0.031586376329263054, -0.006527509584880332]], [[500.0], [0.031586376329263054, -0.006527509584880332]], [[74.4], [0.03384327826400598, 0.5279512781845896]], [[400.2], [0.10589533795913061, -0.019630548682366834]], [[500.0], [0.031586376329263054, -0.006527509584880332]], [[500.0], [0.031586376329263054, -0.006527509584880332]], [[500.0], [0.031586376329263054, -0.006527509584880332]], [[500.0], [0.031586376329263054, -0.006527509584880332]], [[500.0], [0.031586376329263054, -0.006527509584880332]]], "101": [[[497.8], [0.0077763828448951244, -0.11723179316691805]], [[497.8], [0.0077763828448951244, -0.11723179316691805]], [[497.8], [0.0077763828448951244, -0.11723179316691805]], [[500.0], [-0.01107826828956604, 0.05223910863462248]], [[500.0], [-0.01107826828956604, 0.05223910863462248]], [[500.0], [-0.01107826828956604, 0.05223910863462248]], [[500.0], [-0.01107826828956604, 0.05223910863462248]], [[500.0], [-0.01107826828956604, 0.05223910863462248]], [[497.8], [0.0077763828448951244, -0.11723179316691805]], [[497.8], [0.0077763828448951244, -0.11723179316691805]], [[500.0], [-0.01107826828956604, 0.05223910863462248]], [[500.0], [-0.01107826828956604, 0.05223910863462248]], [[500.0], [-0.01107826828956604, 0.05223910863462248]], [[500.0], [-0.01107826828956604, 0.05223910863462248]], [[500.0], [-0.01107826828956604, 0.05223910863462248]], [[500.0], [-0.01107826828956604, 0.05223910863462248]], [[500.0], [-0.01107826828956604, 0.05223910863462248]], [[500.0], [-0.01107826828956604, 0.05223910863462248]], [[500.0], [-0.01107826828956604, 0.05223910863462248]], [[500.0], [-0.01107826828956604, 0.05223910863462248]], [[500.0], [-0.01107826828956604, 0.05223910863462248]], [[500.0], [-0.01107826828956604, 0.05223910863462248]], [[500.0], [-0.01107826828956604, 0.05223910863462248]], [[500.0], [-0.01107826828956604, 0.05223910863462248]], [[500.0], [-0.01107826828956604, 0.05223910863462248]], [[9.6], [0.03666744567453861, -0.5957981901305714]], [[497.8], [0.0077763828448951244, -0.11723179316691805]], [[497.8], [0.0077763828448951244, -0.11723179316691805]], [[497.8], [0.0077763828448951244, -0.11723179316691805]], [[500.0], [-0.01107826828956604, 0.05223910863462248]]], "102": [[[454.2], [0.03863428719341755, -0.5203508304066635]], [[454.2], [0.03863428719341755, -0.5203508304066635]], [[454.2], [0.03863428719341755, -0.5203508304066635]], [[375.4], [0.5011923611164093, 0.2103617601987848]], [[454.2], [0.03863428719341755, -0.5203508304066635]], [[454.2], [0.03863428719341755, -0.5203508304066635]], [[426.9], [0.004834397307907542, -0.503317662403344]], [[454.2], [0.03863428719341755, -0.5203508304066635]], [[454.2], [0.03863428719341755, -0.5203508304066635]], [[454.2], [0.03863428719341755, -0.5203508304066635]], [[454.2], [0.03863428719341755, -0.5203508304066635]], [[454.2], [0.03863428719341755, -0.5203508304066635]], [[454.2], [0.03863428719341755, -0.5203508304066635]], [[426.9], [0.004834397307907542, -0.503317662403344]], [[454.2], [0.03863428719341755, -0.5203508304066635]], [[41.6], [-0.0018553379535054169, 0.5168461343318081]], [[454.2], [0.03863428719341755, -0.5203508304066635]], [[454.2], [0.03863428719341755, -0.5203508304066635]], [[454.2], [0.03863428719341755, -0.5203508304066635]], [[454.2], [0.03863428719341755, -0.5203508304066635]], [[454.2], [0.03863428719341755, -0.5203508304066635]], [[454.2], [0.03863428719341755, -0.5203508304066635]], [[454.2], [0.03863428719341755, -0.5203508304066635]], [[454.2], [0.03863428719341755, -0.5203508304066635]], [[454.2], [0.03863428719341755, -0.5203508304066635]], [[454.2], [0.03863428719341755, -0.5203508304066635]], [[375.4], [0.5011923611164093, 0.2103617601987848]], [[454.2], [0.03863428719341755, -0.5203508304066635]], [[454.2], [0.03863428719341755, -0.5203508304066635]], [[454.2], [0.03863428719341755, -0.5203508304066635]]]}