{"103": [[[348.0], [9.119282670629522e-05, -0.010176070489025002]], [[348.0], [9.119282670629522e-05, -0.010176070489025002]], [[348.0], [9.119282670629522e-05, -0.010176070489025002]], [[348.0], [9.119282670629522e-05, -0.010176070489025002]], [[348.0], [9.119282670629522e-05, -0.010176070489025002]], [[348.0], [9.119282670629522e-05, -0.010176070489025002]], [[348.0], [9.119282670629522e-05, -0.010176070489025002]], [[348.0], [9.119282670629522e-05, -0.010176070489025002]], [[348.0], [9.119282670629522e-05, -0.010176070489025002]], [[348.0], [9.119282670629522e-05, -0.010176070489025002]], [[348.0], [9.119282670629522e-05, -0.010176070489025002]], [[348.0], [9.119282670629522e-05, -0.010176070489025002]], [[348.0], [9.119282670629522e-05, -0.010176070489025002]], [[348.0], [9.119282670629522e-05, -0.010176070489025002]], [[348.0], [9.119282670629522e-05, -0.010176070489025002]], [[348.0], [9.119282670629522e-05, -0.010176070489025002]], [[348.0], [9.119282670629522e-05, -0.010176070489025002]], [[348.0], [9.119282670629522e-05, -0.010176070489025002]], [[348.0], [9.119282670629522e-05, -0.010176070489025002]], [[348.0], [9.119282670629522e-05, -0.010176070489025002]], [[348.0], [9.119282670629522e-05, -0.010176070489025002]], [[348.0], [9.119282670629522e-05, -0.010176070489025002]], [[348.0], [9.119282670629522e-05, -0.010176070489025002]], [[348.0], [9.119282670629522e-05, -0.010176070489025002]], [[348.0], [9.119282670629522e-05, -0.010176070489025002]], [[348.0], [9.119282670629522e-05, -0.010176070489025002]], [[348.0], [9.119282670629522e-05, -0.010176070489025002]], [[348.0], [9.119282670629522e-05, -0.010176070489025002]], [[348.0], [9.119282670629522e-05, -0.010176070489025002]], [[348.0], [9.119282670629522e-05, -0.010176070489025002]]], "102": [[[497.53333333333336], [0.006016404367983341, 0.02443113333086648]], [[497.53333333333336], [0.006016404367983341, 0.02443113333086648]], [[497.53333333333336], [0.006016404367983341, 0.02443113333086648]], [[497.53333333333336], [0.006016404367983341, 0.02443113333086648]], [[497.53333333333336], [0.006016404367983341, 0.02443113333086648]], [[500.0], [0.00010261851760636395, -0.013072772227833717]], [[497.53333333333336], [0.006016404367983341, 0.02443113333086648]], [[497.53333333333336], [0.006016404367983341, 0.02443113333086648]], [[500.0], [0.00010261851760636395, -0.013072772227833717]], [[497.53333333333336], [0.006016404367983341, 0.02443113333086648]], [[497.53333333333336], [0.006016404367983341, 0.02443113333086648]], [[497.53333333333336], [0.006016404367983341, 0.02443113333086648]], [[497.53333333333336], [0.006016404367983341, 0.02443113333086648]], [[497.53333333333336], [0.006016404367983341, 0.02443113333086648]], [[497.53333333333336], [0.006016404367983341, 0.02443113333086648]], [[497.53333333333336], [0.006016404367983341, 0.02443113333086648]], [[497.53333333333336], [0.006016404367983341, 0.02443113333086648]], [[497.53333333333336], [0.006016404367983341, 0.02443113333086648]], [[497.53333333333336], [0.006016404367983341, 0.02443113333086648]], [[497.53333333333336], [0.006016404367983341, 0.02443113333086648]], [[497.53333333333336], [0.006016404367983341, 0.02443113333086648]], [[497.53333333333336], [0.006016404367983341, 0.02443113333086648]], [[497.53333333333336], [0.006016404367983341, 0.02443113333086648]], [[497.53333333333336], [0.006016404367983341, 0.02443113333086648]], [[497.53333333333336], [0.006016404367983341, 0.02443113333086648]], [[497.53333333333336], [0.006016404367983341, 0.02443113333086648]], [[497.53333333333336], [0.006016404367983341, 0.02443113333086648]], [[497.53333333333336], [0.006016404367983341, 0.02443113333086648]], [[497.53333333333336], [0.006016404367983341, 0.02443113333086648]], [[497.53333333333336], [0.006016404367983341, 0.02443113333086648]]], "101": [[[500.0], [8.389548990332212e-05, -0.00832989894334922]], [[500.0], [8.389548990332212e-05, -0.00832989894334922]], [[500.0], [8.389548990332212e-05, -0.00832989894334922]], [[500.0], [8.389548990332212e-05, -0.00832989894334922]], [[500.0], [8.389548990332212e-05, -0.00832989894334922]], [[500.0], [8.389548990332212e-05, -0.00832989894334922]], [[500.0], [8.389548990332212e-05, -0.00832989894334922]], [[500.0], [8.389548990332212e-05, -0.00832989894334922]], [[500.0], [8.389548990332212e-05, -0.00832989894334922]], [[500.0], [8.389548990332212e-05, -0.00832989894334922]], [[9.8], [-0.02591668317715327, 0.5459527721245323]], [[500.0], [8.389548990332212e-05, -0.00832989894334922]], [[500.0], [8.389548990332212e-05, -0.00832989894334922]], [[500.0], [8.389548990332212e-05, -0.00832989894334922]], [[500.0], [8.389548990332212e-05, -0.00832989894334922]], [[500.0], [8.389548990332212e-05, -0.00832989894334922]], [[500.0], [8.389548990332212e-05, -0.00832989894334922]], [[500.0], [8.389548990332212e-05, -0.00832989894334922]], [[500.0], [8.389548990332212e-05, -0.00832989894334922]], [[500.0], [8.389548990332212e-05, -0.00832989894334922]], [[500.0], [8.389548990332212e-05, -0.00832989894334922]], [[500.0], [8.389548990332212e-05, -0.00832989894334922]], [[500.0], [8.389548990332212e-05, -0.00832989894334922]], [[500.0], [8.389548990332212e-05, -0.00832989894334922]], [[500.0], [8.389548990332212e-05, -0.00832989894334922]], [[500.0], [8.389548990332212e-05, -0.00832989894334922]], [[500.0], [8.389548990332212e-05, -0.00832989894334922]], [[500.0], [8.389548990332212e-05, -0.00832989894334922]], [[500.0], [8.389548990332212e-05, -0.00832989894334922]], [[500.0], [8.389548990332212e-05, -0.00832989894334922]]]}