{"103": [[[465.1], [0.0588265061378479, 0.003117681971113933]], [[465.1], [0.0588265061378479, 0.003117681971113933]], [[465.1], [0.0588265061378479, 0.003117681971113933]], [[9.6], [0.03666744567453861, -0.5957981901305714]], [[465.1], [0.0588265061378479, 0.003117681971113933]], [[465.1], [0.0588265061378479, 0.003117681971113933]], [[465.1], [0.0588265061378479, 0.003117681971113933]], [[465.1], [0.0588265061378479, 0.003117681971113933]], [[465.1], [0.0588265061378479, 0.003117681971113933]], [[465.1], [0.0588265061378479, 0.003117681971113933]], [[465.1], [0.0588265061378479, 0.003117681971113933]], [[465.1], [0.0588265061378479, 0.003117681971113933]], [[465.1], [0.0588265061378479, 0.003117681971113933]], [[465.1], [0.0588265061378479, 0.003117681971113933]], [[28.9], [-0.0024429735882828636, 0.5291260101578452]], [[465.1], [0.0588265061378479, 0.003117681971113933]], [[465.1], [0.0588265061378479, 0.003117681971113933]], [[120.5], [0.03577980833748977, 0.5374771128430892]], [[465.1], [0.0588265061378479, 0.003117681971113933]], [[110.9], [0.03626594630380472, 0.52418898452412]], [[465.1], [0.0588265061378479, 0.003117681971113933]], [[110.9], [0.03626594630380472, 0.52418898452412]], [[465.1], [0.0588265061378479, 0.003117681971113933]], [[465.1], [0.0588265061378479, 0.003117681971113933]], [[465.1], [0.0588265061378479, 0.003117681971113933]], [[465.1], [0.0588265061378479, 0.003117681971113933]], [[465.1], [0.0588265061378479, 0.003117681971113933]], [[465.1], [0.0588265061378479, 0.003117681971113933]], [[465.1], [0.0588265061378479, 0.003117681971113933]], [[110.9], [0.03626594630380472, 0.52418898452412]]], "102": [[[500.0], [0.11941975603501002, 0.009919091185742019]], [[500.0], [0.11941975603501002, 0.009919091185742019]], [[500.0], [0.11941975603501002, 0.009919091185742019]], [[500.0], [0.11941975603501002, 0.009919091185742019]], [[96.6], [0.007091052054117124, -0.5306711678869986]], [[21.8], [0.027376161888241768, -0.5188838146520003]], [[500.0], [0.11941975603501002, 0.009919091185742019]], [[500.0], [0.11941975603501002, 0.009919091185742019]], [[500.0], [0.11941975603501002, 0.009919091185742019]], [[500.0], [0.11941975603501002, 0.009919091185742019]], [[500.0], [0.11941975603501002, 0.009919091185742019]], [[500.0], [0.11941975603501002, 0.009919091185742019]], [[500.0], [0.11941975603501002, 0.009919091185742019]], [[47.0], [0.02008833301564058, -0.5180679226035707]], [[500.0], [0.11941975603501002, 0.009919091185742019]], [[500.0], [0.11941975603501002, 0.009919091185742019]], [[500.0], [0.11941975603501002, 0.009919091185742019]], [[500.0], [0.11941975603501002, 0.009919091185742019]], [[500.0], [0.11941975603501002, 0.009919091185742019]], [[500.0], [0.11941975603501002, 0.009919091185742019]], [[500.0], [0.11941975603501002, 0.009919091185742019]], [[500.0], [0.11941975603501002, 0.009919091185742019]], [[106.4], [-0.010960317061593136, -0.5590895360166377]], [[500.0], [0.11941975603501002, 0.009919091185742019]], [[500.0], [0.11941975603501002, 0.009919091185742019]], [[41.2], [0.006265577782566349, 0.5160005825558348]], [[500.0], [0.11941975603501002, 0.009919091185742019]], [[63.2], [0.02507053160419067, 0.5363478686250568]], [[500.0], [0.11941975603501002, 0.009919091185742019]], [[500.0], [0.11941975603501002, 0.009919091185742019]]], "101": [[[500.0], [0.0043309542040030164, -0.01229798871328671]], [[500.0], [0.0043309542040030164, -0.01229798871328671]], [[500.0], [0.0043309542040030164, -0.01229798871328671]], [[500.0], [0.0043309542040030164, -0.01229798871328671]], [[500.0], [0.0043309542040030164, -0.01229798871328671]], [[500.0], [0.0043309542040030164, -0.01229798871328671]], [[500.0], [0.0043309542040030164, -0.01229798871328671]], [[500.0], [0.0043309542040030164, -0.01229798871328671]], [[500.0], [0.0043309542040030164, -0.01229798871328671]], [[500.0], [0.0043309542040030164, -0.01229798871328671]], [[500.0], [0.0043309542040030164, -0.01229798871328671]], [[165.9], [-0.08323914060990016, -0.6455643610520797]], [[500.0], [0.0043309542040030164, -0.01229798871328671]], [[500.0], [0.0043309542040030164, -0.01229798871328671]], [[500.0], [0.0043309542040030164, -0.01229798871328671]], [[500.0], [0.0043309542040030164, -0.01229798871328671]], [[9.6], [0.03666744567453861, -0.5957981901305714]], [[500.0], [0.0043309542040030164, -0.01229798871328671]], [[500.0], [0.0043309542040030164, -0.01229798871328671]], [[107.8], [-0.07295594861110052, 0.5355093752938594]], [[500.0], [0.0043309542040030164, -0.01229798871328671]], [[500.0], [0.0043309542040030164, -0.01229798871328671]], [[500.0], [0.0043309542040030164, -0.01229798871328671]], [[500.0], [0.0043309542040030164, -0.01229798871328671]], [[500.0], [0.0043309542040030164, -0.01229798871328671]], [[500.0], [0.0043309542040030164, -0.01229798871328671]], [[500.0], [0.0043309542040030164, -0.01229798871328671]], [[500.0], [0.0043309542040030164, -0.01229798871328671]], [[500.0], [0.0043309542040030164, -0.01229798871328671]], [[500.0], [0.0043309542040030164, -0.01229798871328671]]]}