{"103": [[[500.0], [0.21174609661102295, 0.03879375613192052]], [[261.4], [-0.03405084212621053, 0.5841147528881091]], [[493.0], [0.17237398773431778, 0.0313048487145935]], [[500.0], [0.21174609661102295, 0.03879375613192052]], [[500.0], [0.21174609661102295, 0.03879375613192052]], [[500.0], [0.21174609661102295, 0.03879375613192052]], [[500.0], [0.21174609661102295, 0.03879375613192052]], [[493.0], [0.17237398773431778, 0.0313048487145935]], [[57.2], [0.08738053341706595, -0.509199200634751]], [[500.0], [0.21174609661102295, 0.03879375613192052]], [[493.0], [0.17237398773431778, 0.0313048487145935]], [[500.0], [0.21174609661102295, 0.03879375613192052]], [[500.0], [0.21174609661102295, 0.03879375613192052]], [[500.0], [0.21174609661102295, 0.03879375613192052]], [[500.0], [0.21174609661102295, 0.03879375613192052]], [[493.0], [0.17237398773431778, 0.0313048487145935]], [[500.0], [0.21174609661102295, 0.03879375613192052]], [[33.5], [0.028556666026512783, -0.5098959546910519]], [[500.0], [0.21174609661102295, 0.03879375613192052]], [[500.0], [0.21174609661102295, 0.03879375613192052]], [[500.0], [0.015429508251448473, -0.13638842120124964]], [[493.0], [0.17237398773431778, 0.0313048487145935]], [[500.0], [0.21174609661102295, 0.03879375613192052]], [[500.0], [0.21174609661102295, 0.03879375613192052]], [[500.0], [0.21174609661102295, 0.03879375613192052]], [[493.0], [0.17237398773431778, 0.0313048487145935]], [[500.0], [0.21174609661102295, 0.03879375613192052]], [[165.8], [-0.05576211338241895, 0.5167943367547396]], [[500.0], [0.21174609661102295, 0.03879375613192052]], [[500.0], [0.21174609661102295, 0.03879375613192052]]], "102": [[[500.0], [-0.00478955878255268, -0.005237739778270847]], [[500.0], [-0.00478955878255268, -0.005237739778270847]], [[500.0], [-0.00478955878255268, -0.005237739778270847]], [[500.0], [-0.00478955878255268, -0.005237739778270847]], [[500.0], [-0.00478955878255268, -0.005237739778270847]], [[500.0], [-0.00478955878255268, -0.005237739778270847]], [[500.0], [-0.00478955878255268, -0.005237739778270847]], [[500.0], [-0.00478955878255268, -0.005237739778270847]], [[500.0], [-0.00478955878255268, -0.005237739778270847]], [[500.0], [-0.00478955878255268, -0.005237739778270847]], [[500.0], [-0.00478955878255268, -0.005237739778270847]], [[500.0], [-0.00478955878255268, -0.005237739778270847]], [[500.0], [-0.00478955878255268, -0.005237739778270847]], [[13.9], [0.03087661849955718, -0.5275965022128165]], [[500.0], [-0.00478955878255268, -0.005237739778270847]], [[500.0], [-0.00478955878255268, -0.005237739778270847]], [[500.0], [-0.00478955878255268, -0.005237739778270847]], [[500.0], [-0.00478955878255268, -0.005237739778270847]], [[500.0], [-0.00478955878255268, -0.005237739778270847]], [[500.0], [-0.00478955878255268, -0.005237739778270847]], [[500.0], [-0.00478955878255268, -0.005237739778270847]], [[500.0], [-0.00478955878255268, -0.005237739778270847]], [[500.0], [-0.00478955878255268, -0.005237739778270847]], [[500.0], [-0.00478955878255268, -0.005237739778270847]], [[500.0], [-0.00478955878255268, -0.005237739778270847]], [[500.0], [-0.00478955878255268, -0.005237739778270847]], [[500.0], [-0.00478955878255268, -0.005237739778270847]], [[500.0], [-0.00478955878255268, -0.005237739778270847]], [[500.0], [-0.00478955878255268, -0.005237739778270847]], [[500.0], [-0.00478955878255268, -0.005237739778270847]]], "101": [[[500.0], [0.010311949687699478, 0.008178791855617859]], [[500.0], [0.010311949687699478, 0.008178791855617859]], [[500.0], [0.010311949687699478, 0.008178791855617859]], [[500.0], [0.010311949687699478, 0.008178791855617859]], [[500.0], [0.010311949687699478, 0.008178791855617859]], [[500.0], [0.010311949687699478, 0.008178791855617859]], [[500.0], [0.010311949687699478, 0.008178791855617859]], [[500.0], [0.06636636952559154, 0.012576173429497692]], [[500.0], [0.010311949687699478, 0.008178791855617859]], [[500.0], [0.010311949687699478, 0.008178791855617859]], [[500.0], [0.010311949687699478, 0.008178791855617859]], [[500.0], [0.010311949687699478, 0.008178791855617859]], [[500.0], [0.010311949687699478, 0.008178791855617859]], [[500.0], [0.06636636952559154, 0.012576173429497692]], [[500.0], [0.06636636952559154, 0.012576173429497692]], [[500.0], [0.010311949687699478, 0.008178791855617859]], [[500.0], [0.010311949687699478, 0.008178791855617859]], [[500.0], [0.010311949687699478, 0.008178791855617859]], [[500.0], [0.010311949687699478, 0.008178791855617859]], [[500.0], [0.06636636952559154, 0.012576173429497692]], [[102.5], [0.10911572724580765, 0.5235793915661898]], [[500.0], [0.06636636952559154, 0.012576173429497692]], [[500.0], [0.010311949687699478, 0.008178791855617859]], [[500.0], [0.010311949687699478, 0.008178791855617859]], [[500.0], [0.010311949687699478, 0.008178791855617859]], [[500.0], [0.06636636952559154, 0.012576173429497692]], [[55.6], [0.008959433374305567, 0.5119494630389236]], [[270.4], [0.5019583801428478, 0.1837704954535197]], [[500.0], [0.010311949687699478, 0.008178791855617859]], [[500.0], [0.06636636952559154, 0.012576173429497692]]]}