{"103": [[[500.0], [0.0043309542040030164, -0.01229798871328671]], [[500.0], [0.0043309542040030164, -0.01229798871328671]], [[500.0], [0.0043309542040030164, -0.01229798871328671]], [[500.0], [0.0043309542040030164, -0.01229798871328671]], [[500.0], [0.0043309542040030164, -0.01229798871328671]], [[500.0], [0.0043309542040030164, -0.01229798871328671]], [[500.0], [0.017906262849768005, 0.003862334526718804]], [[500.0], [0.0043309542040030164, -0.01229798871328671]], [[500.0], [0.005839623433227341, -0.010575900861378492]], [[500.0], [0.017906262849768005, 0.003862334526718804]], [[500.0], [0.0043309542040030164, -0.01229798871328671]], [[500.0], [0.0043309542040030164, -0.01229798871328671]], [[500.0], [0.0043309542040030164, -0.01229798871328671]], [[500.0], [0.0043309542040030164, -0.01229798871328671]], [[500.0], [0.0043309542040030164, -0.01229798871328671]], [[500.0], [0.0043309542040030164, -0.01229798871328671]], [[500.0], [0.0043309542040030164, -0.01229798871328671]], [[43.2], [0.002252645790576935, 0.5390199177573173]], [[500.0], [0.0043309542040030164, -0.01229798871328671]], [[500.0], [0.0043309542040030164, -0.01229798871328671]], [[500.0], [0.0043309542040030164, -0.01229798871328671]], [[500.0], [0.0043309542040030164, -0.01229798871328671]], [[500.0], [0.0043309542040030164, -0.01229798871328671]], [[500.0], [0.0043309542040030164, -0.01229798871328671]], [[500.0], [0.0043309542040030164, -0.01229798871328671]], [[500.0], [0.0043309542040030164, -0.01229798871328671]], [[500.0], [0.0043309542040030164, -0.01229798871328671]], [[500.0], [0.0043309542040030164, -0.01229798871328671]], [[500.0], [0.0043309542040030164, -0.01229798871328671]], [[500.0], [0.017906262849768005, 0.003862334526718804]]], "102": [[[115.1], [-0.2114892254273097, -0.5039406949253173]], [[500.0], [0.3883581856886546, -0.16902372882697]], [[9.6], [0.03666744567453861, -0.5957981901305714]], [[500.0], [0.3883581856886546, -0.16902372882697]], [[500.0], [0.3883581856886546, -0.16902372882697]], [[9.6], [0.03666744567453861, -0.5957981901305714]], [[9.4], [-0.02940102480351925, 0.5648723273186023]], [[500.0], [0.3883581856886546, -0.16902372882697]], [[500.0], [0.3883581856886546, -0.16902372882697]], [[500.0], [0.3883581856886546, -0.16902372882697]], [[500.0], [0.3883581856886546, -0.16902372882697]], [[500.0], [0.3883581856886546, -0.16902372882697]], [[500.0], [0.3883581856886546, -0.16902372882697]], [[500.0], [0.3883581856886546, -0.16902372882697]], [[500.0], [0.3883581856886546, -0.16902372882697]], [[500.0], [0.3883581856886546, -0.16902372882697]], [[500.0], [0.3883581856886546, -0.16902372882697]], [[500.0], [0.3883581856886546, -0.16902372882697]], [[9.4], [-0.02940102480351925, 0.5648723273186023]], [[500.0], [0.3883581856886546, -0.16902372882697]], [[500.0], [0.3883581856886546, -0.16902372882697]], [[115.1], [-0.2114892254273097, -0.5039406949253173]], [[500.0], [0.3883581856886546, -0.16902372882697]], [[500.0], [0.3883581856886546, -0.16902372882697]], [[500.0], [0.3883581856886546, -0.16902372882697]], [[500.0], [0.3883581856886546, -0.16902372882697]], [[500.0], [0.3883581856886546, -0.16902372882697]], [[500.0], [0.3883581856886546, -0.16902372882697]], [[500.0], [0.3883581856886546, -0.16902372882697]], [[500.0], [0.3883581856886546, -0.16902372882697]]], "101": [[[500.0], [0.0028004359531526766, -0.008485160219933143]], [[500.0], [0.0028004359531526766, -0.008485160219933143]], [[500.0], [0.0028004359531526766, -0.008485160219933143]], [[500.0], [0.0028004359531526766, -0.008485160219933143]], [[500.0], [0.0028004359531526766, -0.008485160219933143]], [[500.0], [-0.009588239093621572, 0.0587141355187699]], [[500.0], [0.0028004359531526766, -0.008485160219933143]], [[500.0], [0.0028004359531526766, -0.008485160219933143]], [[500.0], [0.0028004359531526766, -0.008485160219933143]], [[500.0], [0.0028004359531526766, -0.008485160219933143]], [[500.0], [0.0028004359531526766, -0.008485160219933143]], [[500.0], [0.055818098286787673, -0.002589625134868057]], [[500.0], [0.0028004359531526766, -0.008485160219933143]], [[500.0], [0.0028004359531526766, -0.008485160219933143]], [[500.0], [0.0028004359531526766, -0.008485160219933143]], [[500.0], [0.0028004359531526766, -0.008485160219933143]], [[500.0], [0.0028004359531526766, -0.008485160219933143]], [[500.0], [0.055818098286787673, -0.002589625134868057]], [[500.0], [0.0028004359531526766, -0.008485160219933143]], [[500.0], [0.0028004359531526766, -0.008485160219933143]], [[500.0], [0.0028004359531526766, -0.008485160219933143]], [[81.7], [0.0034533809715261063, -0.5170119008379119]], [[500.0], [0.0028004359531526766, -0.008485160219933143]], [[500.0], [0.0028004359531526766, -0.008485160219933143]], [[500.0], [0.0028004359531526766, -0.008485160219933143]], [[500.0], [0.0028004359531526766, -0.008485160219933143]], [[500.0], [0.0028004359531526766, -0.008485160219933143]], [[500.0], [0.0028004359531526766, -0.008485160219933143]], [[500.0], [0.0028004359531526766, -0.008485160219933143]], [[500.0], [0.0028004359531526766, -0.008485160219933143]]]}