{"101": [[[500.0], [-0.019075172021985054, 0.15868765244073274]], [[500.0], [-0.0002982859344532093, 0.008755415325993271]], [[500.0], [0.013383068144321442, -0.002007449238503165]], [[500.0], [-0.019075172021985054, 0.15868765244073274]], [[500.0], [0.013383068144321442, -0.002007449238503165]], [[500.0], [0.005815218513210615, -0.004418257236231172]], [[500.0], [-0.019075172021985054, 0.15868765244073274]], [[500.0], [-0.019075172021985054, 0.15868765244073274]], [[500.0], [0.013383068144321442, -0.002007449238503165]], [[500.0], [-0.019075172021985054, 0.15868765244073274]], [[500.0], [-0.0002982859344532093, 0.008755415325993271]], [[500.0], [-0.0002982859344532093, 0.008755415325993271]], [[330.2], [0.19764860471089682, 0.5054556938449732]], [[53.0], [0.010823134798556566, 0.5266375875358947]], [[390.2], [0.07246514782309532, 0.0032287260348146615]], [[500.0], [-0.019075172021985054, 0.15868765244073274]], [[42.2], [-0.00558515350955228, -0.5139993352182745]], [[500.0], [0.005815218513210615, -0.004418257236231172]], [[500.0], [-0.019075172021985054, 0.15868765244073274]], [[500.0], [0.013383068144321442, -0.002007449238503165]], [[500.0], [-0.0002982859344532093, 0.008755415325993271]], [[37.5], [0.0013584523306538663, 0.5045258328675083]], [[500.0], [0.005815218513210615, -0.004418257236231172]], [[500.0], [0.013383068144321442, -0.002007449238503165]], [[500.0], [-0.019075172021985054, 0.15868765244073274]], [[500.0], [0.013383068144321442, -0.002007449238503165]], [[500.0], [-0.019075172021985054, 0.15868765244073274]], [[500.0], [-0.0002982859344532093, 0.008755415325993271]], [[500.0], [0.013383068144321442, -0.002007449238503165]], [[500.0], [-0.0002982859344532093, 0.008755415325993271]]], "103": [[[481.9], [0.09068065012494723, -0.004398037454460939]], [[58.3], [0.03836512255171935, 0.5206985479336607]], [[481.9], [0.09068065012494723, -0.004398037454460939]], [[466.4], [0.26148391266663873, 0.10772365809342507]], [[466.4], [0.26148391266663873, 0.10772365809342507]], [[481.9], [0.09068065012494723, -0.004398037454460939]], [[481.9], [0.09068065012494723, -0.004398037454460939]], [[500.0], [0.04209069845577081, 0.019776572486715455]], [[481.9], [0.09068065012494723, -0.004398037454460939]], [[327.3], [0.5022454261779785, -0.026607790150853437]], [[481.9], [0.09068065012494723, -0.004398037454460939]], [[500.0], [0.007350658221791188, -0.009458166720907085]], [[481.9], [0.09068065012494723, -0.004398037454460939]], [[481.9], [0.09068065012494723, -0.004398037454460939]], [[500.0], [0.007350658221791188, -0.009458166720907085]], [[500.0], [0.007350658221791188, -0.009458166720907085]], [[481.9], [0.09068065012494723, -0.004398037454460939]], [[500.0], [0.007350658221791188, -0.009458166720907085]], [[466.4], [0.26148391266663873, 0.10772365809342507]], [[481.9], [0.09068065012494723, -0.004398037454460939]], [[500.0], [0.04209069845577081, 0.019776572486715455]], [[500.0], [0.007350658221791188, -0.009458166720907085]], [[481.9], [0.09068065012494723, -0.004398037454460939]], [[481.9], [0.09068065012494723, -0.004398037454460939]], [[481.9], [0.09068065012494723, -0.004398037454460939]], [[500.0], [0.007350658221791188, -0.009458166720907085]], [[10.2], [0.03179593632618587, -0.5124876516287407]], [[466.4], [0.26148391266663873, 0.10772365809342507]], [[500.0], [0.007350658221791188, -0.009458166720907085]], [[500.0], [0.04209069845577081, 0.019776572486715455]]], "102": [[[500.0], [0.034439393008748695, 0.03854267780432861]], [[500.0], [0.034439393008748695, 0.03854267780432861]], [[500.0], [0.034439393008748695, 0.03854267780432861]], [[500.0], [0.034439393008748695, 0.03854267780432861]], [[44.2], [0.02008833301564058, -0.5180679226035707]], [[500.0], [0.034439393008748695, 0.03854267780432861]], [[500.0], [0.034439393008748695, 0.03854267780432861]], [[500.0], [0.034439393008748695, 0.03854267780432861]], [[37.8], [-0.009971804295976957, 0.5164516456959921]], [[500.0], [0.034439393008748695, 0.03854267780432861]], [[500.0], [0.034439393008748695, 0.03854267780432861]], [[500.0], [0.034439393008748695, 0.03854267780432861]], [[500.0], [0.034439393008748695, 0.03854267780432861]], [[500.0], [0.025456096045672894, 0.010812721932618813]], [[500.0], [0.034439393008748695, 0.03854267780432861]], [[500.0], [0.034439393008748695, 0.03854267780432861]], [[500.0], [0.034439393008748695, 0.03854267780432861]], [[500.0], [0.025456096045672894, 0.010812721932618813]], [[500.0], [0.025456096045672894, 0.010812721932618813]], [[500.0], [0.025456096045672894, 0.010812721932618813]], [[500.0], [0.034439393008748695, 0.03854267780432861]], [[500.0], [0.034439393008748695, 0.03854267780432861]], [[500.0], [0.034439393008748695, 0.03854267780432861]], [[500.0], [0.034439393008748695, 0.03854267780432861]], [[500.0], [0.034439393008748695, 0.03854267780432861]], [[500.0], [0.025456096045672894, 0.010812721932618813]], [[500.0], [0.025456096045672894, 0.010812721932618813]], [[500.0], [0.034439393008748695, 0.03854267780432861]], [[49.0], [0.008761823798219364, 0.5281660616683047]], [[500.0], [0.034439393008748695, 0.03854267780432861]]]}