{"103": [[[387.9], [0.046714479103684425, 0.00017649849136493672]], [[387.9], [0.046714479103684425, 0.00017649849136493672]], [[387.9], [0.046714479103684425, 0.00017649849136493672]], [[387.9], [0.046714479103684425, 0.00017649849136493672]], [[387.9], [0.046714479103684425, 0.00017649849136493672]], [[387.9], [0.046714479103684425, 0.00017649849136493672]], [[387.9], [0.046714479103684425, 0.00017649849136493672]], [[387.9], [0.046714479103684425, 0.00017649849136493672]], [[387.9], [0.046714479103684425, 0.00017649849136493672]], [[387.9], [0.046714479103684425, 0.00017649849136493672]], [[387.9], [0.046714479103684425, 0.00017649849136493672]], [[387.9], [0.046714479103684425, 0.00017649849136493672]], [[387.9], [0.046714479103684425, 0.00017649849136493672]], [[387.9], [0.046714479103684425, 0.00017649849136493672]], [[387.9], [0.046714479103684425, 0.00017649849136493672]], [[387.9], [0.046714479103684425, 0.00017649849136493672]], [[387.9], [0.046714479103684425, 0.00017649849136493672]], [[387.9], [0.046714479103684425, 0.00017649849136493672]], [[387.9], [0.046714479103684425, 0.00017649849136493672]], [[387.9], [0.046714479103684425, 0.00017649849136493672]], [[387.9], [0.046714479103684425, 0.00017649849136493672]], [[387.9], [0.046714479103684425, 0.00017649849136493672]], [[387.9], [0.046714479103684425, 0.00017649849136493672]], [[387.9], [0.046714479103684425, 0.00017649849136493672]], [[387.9], [0.046714479103684425, 0.00017649849136493672]], [[387.9], [0.046714479103684425, 0.00017649849136493672]], [[387.9], [0.046714479103684425, 0.00017649849136493672]], [[387.9], [0.046714479103684425, 0.00017649849136493672]], [[387.9], [0.046714479103684425, 0.00017649849136493672]], [[387.9], [0.046714479103684425, 0.00017649849136493672]]], "102": [[[500.0], [0.033141958216826126, -0.01669546776411066]], [[500.0], [0.033141958216826126, -0.01669546776411066]], [[500.0], [0.033141958216826126, -0.01669546776411066]], [[500.0], [0.16025766730308533, 0.029451953487818323]], [[500.0], [0.16025766730308533, 0.029451953487818323]], [[500.0], [0.033141958216826126, -0.01669546776411066]], [[500.0], [0.16025766730308533, 0.029451953487818323]], [[500.0], [0.16025766730308533, 0.029451953487818323]], [[500.0], [0.033141958216826126, -0.01669546776411066]], [[500.0], [0.16025766730308533, 0.029451953487818323]], [[500.0], [0.033141958216826126, -0.01669546776411066]], [[500.0], [0.033141958216826126, -0.01669546776411066]], [[500.0], [0.16025766730308533, 0.029451953487818323]], [[500.0], [0.16025766730308533, 0.029451953487818323]], [[500.0], [0.033141958216826126, -0.01669546776411066]], [[500.0], [0.033141958216826126, -0.01669546776411066]], [[500.0], [0.16025766730308533, 0.029451953487818323]], [[500.0], [0.033141958216826126, -0.01669546776411066]], [[500.0], [0.16025766730308533, 0.029451953487818323]], [[500.0], [0.16025766730308533, 0.029451953487818323]], [[500.0], [0.033141958216826126, -0.01669546776411066]], [[500.0], [0.16025766730308533, 0.029451953487818323]], [[500.0], [0.033141958216826126, -0.01669546776411066]], [[500.0], [0.16025766730308533, 0.029451953487818323]], [[500.0], [0.16025766730308533, 0.029451953487818323]], [[500.0], [0.16025766730308533, 0.029451953487818323]], [[500.0], [0.033141958216826126, -0.01669546776411066]], [[500.0], [0.033141958216826126, -0.01669546776411066]], [[500.0], [0.16025766730308533, 0.029451953487818323]], [[500.0], [0.16025766730308533, 0.029451953487818323]]], "101": [[[500.0], [0.0209218201537927, 0.007752941823319385]], [[500.0], [0.0209218201537927, 0.007752941823319385]], [[500.0], [0.0209218201537927, 0.007752941823319385]], [[500.0], [0.0209218201537927, 0.007752941823319385]], [[500.0], [0.0209218201537927, 0.007752941823319385]], [[500.0], [0.0209218201537927, 0.007752941823319385]], [[500.0], [0.0209218201537927, 0.007752941823319385]], [[500.0], [0.0209218201537927, 0.007752941823319385]], [[500.0], [0.0209218201537927, 0.007752941823319385]], [[500.0], [0.0209218201537927, 0.007752941823319385]], [[500.0], [0.0209218201537927, 0.007752941823319385]], [[500.0], [0.0209218201537927, 0.007752941823319385]], [[500.0], [0.0209218201537927, 0.007752941823319385]], [[500.0], [0.0209218201537927, 0.007752941823319385]], [[500.0], [0.0209218201537927, 0.007752941823319385]], [[500.0], [0.0209218201537927, 0.007752941823319385]], [[500.0], [0.0209218201537927, 0.007752941823319385]], [[500.0], [0.0209218201537927, 0.007752941823319385]], [[500.0], [0.0209218201537927, 0.007752941823319385]], [[500.0], [0.0209218201537927, 0.007752941823319385]], [[500.0], [0.0209218201537927, 0.007752941823319385]], [[500.0], [0.0209218201537927, 0.007752941823319385]], [[500.0], [0.0209218201537927, 0.007752941823319385]], [[500.0], [0.0209218201537927, 0.007752941823319385]], [[500.0], [0.0209218201537927, 0.007752941823319385]], [[500.0], [0.0209218201537927, 0.007752941823319385]], [[500.0], [0.0209218201537927, 0.007752941823319385]], [[500.0], [0.0209218201537927, 0.007752941823319385]], [[500.0], [0.0209218201537927, 0.007752941823319385]], [[500.0], [0.0209218201537927, 0.007752941823319385]]]}