{"101": [[[500.0], [0.06484858070810637, 0.013173294908692392]], [[500.0], [0.008805772910515468, 0.005826029289317759]], [[500.0], [0.06484858070810637, 0.013173294908692392]], [[500.0], [0.06484858070810637, 0.013173294908692392]], [[500.0], [0.06484858070810637, 0.013173294908692392]], [[500.0], [0.06484858070810637, 0.013173294908692392]], [[500.0], [0.06484858070810637, 0.013173294908692392]], [[500.0], [0.008805772910515468, 0.005826029289317759]], [[500.0], [0.06484858070810637, 0.013173294908692392]], [[500.0], [0.06484858070810637, 0.013173294908692392]], [[500.0], [0.06484858070810637, 0.013173294908692392]], [[500.0], [0.008805772910515468, 0.005826029289317759]], [[500.0], [0.008805772910515468, 0.005826029289317759]], [[500.0], [0.06484858070810637, 0.013173294908692392]], [[500.0], [0.06484858070810637, 0.013173294908692392]], [[500.0], [0.06484858070810637, 0.013173294908692392]], [[500.0], [0.06484858070810637, 0.013173294908692392]], [[500.0], [0.06484858070810637, 0.013173294908692392]], [[500.0], [0.06484858070810637, 0.013173294908692392]], [[500.0], [0.008805772910515468, 0.005826029289317759]], [[500.0], [0.06484858070810637, 0.013173294908692392]], [[500.0], [0.06484858070810637, 0.013173294908692392]], [[500.0], [0.008805772910515468, 0.005826029289317759]], [[500.0], [0.06484858070810637, 0.013173294908692392]], [[500.0], [0.06484858070810637, 0.013173294908692392]], [[500.0], [0.008805772910515468, 0.005826029289317759]], [[500.0], [0.008805772910515468, 0.005826029289317759]], [[500.0], [0.06484858070810637, 0.013173294908692392]], [[500.0], [0.06484858070810637, 0.013173294908692392]], [[160.4], [0.5001705388228099, 0.1756443183102676]]], "102": [[[28.3], [0.01953976849714915, -0.5295930795692371]], [[500.0], [0.028557774300376575, -0.00711267426360452]], [[500.0], [0.028557774300376575, -0.00711267426360452]], [[48.5], [0.008761823798219364, 0.5281660616683047]], [[500.0], [0.028557774300376575, -0.00711267426360452]], [[500.0], [0.028557774300376575, -0.00711267426360452]], [[63.6], [0.014017693077524504, 0.5193034356290644]], [[500.0], [0.028557774300376575, -0.00711267426360452]], [[500.0], [0.2576461434364319, -0.07489089225753073]], [[500.0], [0.028557774300376575, -0.00711267426360452]], [[500.0], [0.028557774300376575, -0.00711267426360452]], [[500.0], [0.028557774300376575, -0.00711267426360452]], [[500.0], [0.028557774300376575, -0.00711267426360452]], [[500.0], [0.028557774300376575, -0.00711267426360452]], [[500.0], [0.028557774300376575, -0.00711267426360452]], [[34.8], [0.010959618569662174, -0.5301634945937892]], [[500.0], [0.028557774300376575, -0.00711267426360452]], [[63.2], [0.01848808489739895, 0.5176355037392611]], [[9.4], [-0.02940102480351925, 0.5648723273186023]], [[500.0], [0.028557774300376575, -0.00711267426360452]], [[26.6], [-0.011388227964440983, 0.5122234590315933]], [[500.0], [0.028557774300376575, -0.00711267426360452]], [[500.0], [0.028557774300376575, -0.00711267426360452]], [[500.0], [0.028557774300376575, -0.00711267426360452]], [[500.0], [0.028557774300376575, -0.00711267426360452]], [[500.0], [0.028557774300376575, -0.00711267426360452]], [[500.0], [0.028557774300376575, -0.00711267426360452]], [[500.0], [0.028557774300376575, -0.00711267426360452]], [[500.0], [0.028557774300376575, -0.00711267426360452]], [[34.8], [0.010959618569662174, -0.5301634945937892]]], "103": [[[500.0], [0.026958932479222618, 0.014008072975791243]], [[500.0], [0.24684789280096692, -0.023584993351161765]], [[500.0], [0.026958932479222618, 0.014008072975791243]], [[500.0], [0.026958932479222618, 0.014008072975791243]], [[500.0], [0.026958932479222618, 0.014008072975791243]], [[500.0], [0.026958932479222618, 0.014008072975791243]], [[500.0], [0.026958932479222618, 0.014008072975791243]], [[14.3], [-0.024876988803346954, 0.5504739198958475]], [[500.0], [0.026958932479222618, 0.014008072975791243]], [[500.0], [0.026958932479222618, 0.014008072975791243]], [[500.0], [0.026958932479222618, 0.014008072975791243]], [[500.0], [0.026958932479222618, 0.014008072975791243]], [[500.0], [0.026958932479222618, 0.014008072975791243]], [[500.0], [0.026958932479222618, 0.014008072975791243]], [[149.2], [0.07762612154086432, 0.50172459280662]], [[500.0], [0.026958932479222618, 0.014008072975791243]], [[500.0], [0.026958932479222618, 0.014008072975791243]], [[119.8], [0.4362599551677704, -0.50660130082135]], [[277.7], [0.28844522933165234, -0.5153072864245]], [[500.0], [0.026958932479222618, 0.014008072975791243]], [[500.0], [0.026958932479222618, 0.014008072975791243]], [[500.0], [0.026958932479222618, 0.014008072975791243]], [[30.6], [0.0351251196116209, -0.5145981979141966]], [[14.6], [0.03037220487991969, -0.523277589578948]], [[149.2], [0.07762612154086432, 0.50172459280662]], [[500.0], [0.026958932479222618, 0.014008072975791243]], [[500.0], [0.026958932479222618, 0.014008072975791243]], [[500.0], [0.24684789280096692, -0.023584993351161765]], [[500.0], [0.24684789280096692, -0.023584993351161765]], [[500.0], [0.026958932479222618, 0.014008072975791243]]]}