{"103": [[[435.6], [-0.001498093770351261, 0.008526851387436024]], [[435.6], [-0.001498093770351261, 0.008526851387436024]], [[435.6], [-0.001498093770351261, 0.008526851387436024]], [[435.6], [-0.001498093770351261, 0.008526851387436024]], [[338.73333333333335], [-0.001528136005314688, 0.016134513016237598]], [[435.6], [-0.001498093770351261, 0.008526851387436024]], [[435.6], [-0.001498093770351261, 0.008526851387436024]], [[435.6], [-0.001498093770351261, 0.008526851387436024]], [[435.6], [-0.001498093770351261, 0.008526851387436024]], [[435.6], [-0.001498093770351261, 0.008526851387436024]], [[435.6], [-0.001498093770351261, 0.008526851387436024]], [[435.6], [-0.001498093770351261, 0.008526851387436024]], [[435.6], [-0.001498093770351261, 0.008526851387436024]], [[435.6], [-0.001498093770351261, 0.008526851387436024]], [[435.6], [-0.001498093770351261, 0.008526851387436024]], [[435.6], [-0.001498093770351261, 0.008526851387436024]], [[435.6], [-0.001498093770351261, 0.008526851387436024]], [[435.6], [-0.001498093770351261, 0.008526851387436024]], [[435.6], [-0.001498093770351261, 0.008526851387436024]], [[338.73333333333335], [-0.001528136005314688, 0.016134513016237598]], [[435.6], [-0.001498093770351261, 0.008526851387436024]], [[435.6], [-0.001498093770351261, 0.008526851387436024]], [[435.6], [-0.001498093770351261, 0.008526851387436024]], [[435.6], [-0.001498093770351261, 0.008526851387436024]], [[435.6], [-0.001498093770351261, 0.008526851387436024]], [[435.6], [-0.001498093770351261, 0.008526851387436024]], [[435.6], [-0.001498093770351261, 0.008526851387436024]], [[435.6], [-0.001498093770351261, 0.008526851387436024]], [[435.6], [-0.001498093770351261, 0.008526851387436024]], [[435.6], [-0.001498093770351261, 0.008526851387436024]]], "102": [[[500.0], [0.003289485660692056, -0.05252870093835028]], [[500.0], [6.242240488063544e-05, -0.002891155579194213]], [[500.0], [6.242240488063544e-05, -0.002891155579194213]], [[500.0], [6.242240488063544e-05, -0.002891155579194213]], [[500.0], [6.242240488063544e-05, -0.002891155579194213]], [[500.0], [6.242240488063544e-05, -0.002891155579194213]], [[500.0], [6.242240488063544e-05, -0.002891155579194213]], [[500.0], [6.242240488063544e-05, -0.002891155579194213]], [[500.0], [6.242240488063544e-05, -0.002891155579194213]], [[500.0], [6.242240488063544e-05, -0.002891155579194213]], [[500.0], [6.242240488063544e-05, -0.002891155579194213]], [[500.0], [6.242240488063544e-05, -0.002891155579194213]], [[438.53333333333336], [0.08188029130299887, 0.0013065237260053745]], [[500.0], [6.242240488063544e-05, -0.002891155579194213]], [[500.0], [6.242240488063544e-05, -0.002891155579194213]], [[500.0], [0.003289485660692056, -0.05252870093835028]], [[500.0], [6.242240488063544e-05, -0.002891155579194213]], [[500.0], [6.242240488063544e-05, -0.002891155579194213]], [[500.0], [6.242240488063544e-05, -0.002891155579194213]], [[500.0], [6.242240488063544e-05, -0.002891155579194213]], [[500.0], [6.242240488063544e-05, -0.002891155579194213]], [[500.0], [6.242240488063544e-05, -0.002891155579194213]], [[500.0], [6.242240488063544e-05, -0.002891155579194213]], [[500.0], [6.242240488063544e-05, -0.002891155579194213]], [[500.0], [6.242240488063544e-05, -0.002891155579194213]], [[500.0], [6.242240488063544e-05, -0.002891155579194213]], [[500.0], [6.242240488063544e-05, -0.002891155579194213]], [[500.0], [6.242240488063544e-05, -0.002891155579194213]], [[500.0], [6.242240488063544e-05, -0.002891155579194213]], [[500.0], [6.242240488063544e-05, -0.002891155579194213]]], "101": [[[500.0], [6.084788765292615e-05, -0.002486387024851935]], [[500.0], [6.084788765292615e-05, -0.002486387024851935]], [[500.0], [6.084788765292615e-05, -0.002486387024851935]], [[500.0], [6.084788765292615e-05, -0.002486387024851935]], [[500.0], [6.084788765292615e-05, -0.002486387024851935]], [[500.0], [6.084788765292615e-05, -0.002486387024851935]], [[500.0], [6.084788765292615e-05, -0.002486387024851935]], [[500.0], [6.084788765292615e-05, -0.002486387024851935]], [[500.0], [6.084788765292615e-05, -0.002486387024851935]], [[500.0], [6.084788765292615e-05, -0.002486387024851935]], [[500.0], [6.084788765292615e-05, -0.002486387024851935]], [[500.0], [6.084788765292615e-05, -0.002486387024851935]], [[500.0], [6.084788765292615e-05, -0.002486387024851935]], [[500.0], [6.084788765292615e-05, -0.002486387024851935]], [[500.0], [6.084788765292615e-05, -0.002486387024851935]], [[500.0], [6.084788765292615e-05, -0.002486387024851935]], [[500.0], [6.084788765292615e-05, -0.002486387024851935]], [[500.0], [6.084788765292615e-05, -0.002486387024851935]], [[500.0], [6.084788765292615e-05, -0.002486387024851935]], [[500.0], [6.084788765292615e-05, -0.002486387024851935]], [[500.0], [6.084788765292615e-05, -0.002486387024851935]], [[500.0], [6.084788765292615e-05, -0.002486387024851935]], [[500.0], [6.084788765292615e-05, -0.002486387024851935]], [[500.0], [6.084788765292615e-05, -0.002486387024851935]], [[500.0], [6.084788765292615e-05, -0.002486387024851935]], [[500.0], [6.084788765292615e-05, -0.002486387024851935]], [[500.0], [6.084788765292615e-05, -0.002486387024851935]], [[500.0], [6.084788765292615e-05, -0.002486387024851935]], [[500.0], [6.084788765292615e-05, -0.002486387024851935]], [[500.0], [6.084788765292615e-05, -0.002486387024851935]]]}