{"103": [[[500.0], [0.011834791706254085, 0.006303732042784611]], [[500.0], [0.011834791706254085, 0.006303732042784611]], [[9.8], [0.03666744567453861, -0.5957981901305714]], [[500.0], [0.011834791706254085, 0.006303732042784611]], [[10.1], [-0.02940102480351925, 0.5648723273186023]], [[500.0], [0.011834791706254085, 0.006303732042784611]], [[500.0], [0.011834791706254085, 0.006303732042784611]], [[500.0], [0.011834791706254085, 0.006303732042784611]], [[500.0], [0.011834791706254085, 0.006303732042784611]], [[500.0], [0.011834791706254085, 0.006303732042784611]], [[500.0], [0.011834791706254085, 0.006303732042784611]], [[500.0], [0.011834791706254085, 0.006303732042784611]], [[500.0], [0.011834791706254085, 0.006303732042784611]], [[500.0], [0.011834791706254085, 0.006303732042784611]], [[500.0], [0.011834791706254085, 0.006303732042784611]], [[500.0], [0.011834791706254085, 0.006303732042784611]], [[500.0], [0.011834791706254085, 0.006303732042784611]], [[500.0], [0.011834791706254085, 0.006303732042784611]], [[500.0], [0.011834791706254085, 0.006303732042784611]], [[500.0], [0.011834791706254085, 0.006303732042784611]], [[500.0], [0.011834791706254085, 0.006303732042784611]], [[500.0], [0.011834791706254085, 0.006303732042784611]], [[500.0], [0.011834791706254085, 0.006303732042784611]], [[500.0], [0.011834791706254085, 0.006303732042784611]], [[500.0], [0.011834791706254085, 0.006303732042784611]], [[500.0], [0.011834791706254085, 0.006303732042784611]], [[500.0], [0.011834791706254085, 0.006303732042784611]], [[500.0], [0.011834791706254085, 0.006303732042784611]], [[500.0], [0.011834791706254085, 0.006303732042784611]], [[500.0], [0.011834791706254085, 0.006303732042784611]]], "101": [[[500.0], [0.016384428987900417, 0.005475225363764467]], [[500.0], [0.016384428987900417, 0.005475225363764467]], [[500.0], [0.016384428987900417, 0.005475225363764467]], [[500.0], [0.016384428987900417, 0.005475225363764467]], [[500.0], [0.016384428987900417, 0.005475225363764467]], [[500.0], [0.016384428987900417, 0.005475225363764467]], [[248.9], [0.1934119313955307, 0.5250311140238383]], [[500.0], [0.016384428987900417, 0.005475225363764467]], [[500.0], [0.016384428987900417, 0.005475225363764467]], [[500.0], [0.016384428987900417, 0.005475225363764467]], [[500.0], [0.016384428987900417, 0.005475225363764467]], [[500.0], [0.016384428987900417, 0.005475225363764467]], [[500.0], [0.016384428987900417, 0.005475225363764467]], [[500.0], [0.016384428987900417, 0.005475225363764467]], [[500.0], [0.016384428987900417, 0.005475225363764467]], [[500.0], [0.016384428987900417, 0.005475225363764467]], [[500.0], [0.016384428987900417, 0.005475225363764467]], [[500.0], [0.016384428987900417, 0.005475225363764467]], [[500.0], [0.016384428987900417, 0.005475225363764467]], [[500.0], [0.016384428987900417, 0.005475225363764467]], [[500.0], [0.016384428987900417, 0.005475225363764467]], [[500.0], [0.016384428987900417, 0.005475225363764467]], [[500.0], [0.016384428987900417, 0.005475225363764467]], [[9.7], [0.03666744567453861, -0.5957981901305714]], [[500.0], [0.016384428987900417, 0.005475225363764467]], [[500.0], [0.016384428987900417, 0.005475225363764467]], [[500.0], [0.016384428987900417, 0.005475225363764467]], [[500.0], [0.016384428987900417, 0.005475225363764467]], [[500.0], [0.016384428987900417, 0.005475225363764467]], [[500.0], [0.016384428987900417, 0.005475225363764467]]], "102": [[[500.0], [0.014920555986464024, -0.007578181258835005]], [[500.0], [0.014920555986464024, -0.007578181258835005]], [[43.9], [0.011955833372970423, 0.5209384637586237]], [[500.0], [0.014920555986464024, -0.007578181258835005]], [[500.0], [0.014920555986464024, -0.007578181258835005]], [[500.0], [0.014920555986464024, -0.007578181258835005]], [[500.0], [0.020185220055282116, -0.18978270403506084]], [[500.0], [0.014920555986464024, -0.007578181258835005]], [[500.0], [0.014920555986464024, -0.007578181258835005]], [[500.0], [0.014920555986464024, -0.007578181258835005]], [[500.0], [0.014920555986464024, -0.007578181258835005]], [[500.0], [0.020185220055282116, -0.18978270403506084]], [[500.0], [0.020185220055282116, -0.18978270403506084]], [[500.0], [0.014920555986464024, -0.007578181258835005]], [[500.0], [0.014920555986464024, -0.007578181258835005]], [[500.0], [0.014920555986464024, -0.007578181258835005]], [[500.0], [0.014920555986464024, -0.007578181258835005]], [[500.0], [0.014920555986464024, -0.007578181258835005]], [[500.0], [0.014920555986464024, -0.007578181258835005]], [[500.0], [0.014920555986464024, -0.007578181258835005]], [[500.0], [0.014920555986464024, -0.007578181258835005]], [[500.0], [0.014920555986464024, -0.007578181258835005]], [[500.0], [0.014920555986464024, -0.007578181258835005]], [[500.0], [0.020185220055282116, -0.18978270403506084]], [[9.6], [0.03666744567453861, -0.5957981901305714]], [[500.0], [0.014920555986464024, -0.007578181258835005]], [[500.0], [0.014920555986464024, -0.007578181258835005]], [[500.0], [0.014920555986464024, -0.007578181258835005]], [[500.0], [0.014920555986464024, -0.007578181258835005]], [[154.9], [0.03384327826400598, 0.5279512781845896]]]}