{"103": [[[500.0], [0.048258674020568534, -0.007109593435159426]], [[500.0], [0.048258674020568534, -0.007109593435159426]], [[500.0], [0.048258674020568534, -0.007109593435159426]], [[88.9], [0.049865509693821274, 0.5114651753001236]], [[72.9], [-0.05247014264265697, 0.5028670270477186]], [[500.0], [0.048258674020568534, -0.007109593435159426]], [[500.0], [0.048258674020568534, -0.007109593435159426]], [[500.0], [0.048258674020568534, -0.007109593435159426]], [[72.9], [-0.05247014264265697, 0.5028670270477186]], [[500.0], [0.048258674020568534, -0.007109593435159426]], [[500.0], [0.048258674020568534, -0.007109593435159426]], [[256.0], [-0.29106803238391876, -0.517061737735876]], [[500.0], [0.048258674020568534, -0.007109593435159426]], [[500.0], [0.048258674020568534, -0.007109593435159426]], [[500.0], [0.048258674020568534, -0.007109593435159426]], [[500.0], [0.048258674020568534, -0.007109593435159426]], [[415.9], [0.17019201070070267, 0.20034969494673624]], [[500.0], [0.048258674020568534, -0.007109593435159426]], [[500.0], [0.048258674020568534, -0.007109593435159426]], [[500.0], [0.048258674020568534, -0.007109593435159426]], [[500.0], [0.048258674020568534, -0.007109593435159426]], [[415.9], [0.17019201070070267, 0.20034969494673624]], [[500.0], [0.048258674020568534, -0.007109593435159426]], [[500.0], [0.048258674020568534, -0.007109593435159426]], [[500.0], [0.048258674020568534, -0.007109593435159426]], [[500.0], [0.048258674020568534, -0.007109593435159426]], [[500.0], [0.048258674020568534, -0.007109593435159426]], [[500.0], [0.048258674020568534, -0.007109593435159426]], [[500.0], [0.048258674020568534, -0.007109593435159426]], [[500.0], [0.048258674020568534, -0.007109593435159426]]], "101": [[[477.5], [0.04067159878710906, -0.004626661271712427]], [[500.0], [0.0538451224565506, -0.2712092259854221]], [[500.0], [0.0538451224565506, -0.2712092259854221]], [[500.0], [0.0538451224565506, -0.2712092259854221]], [[500.0], [-0.011040760825077694, 0.04276753577033869]], [[500.0], [0.0538451224565506, -0.2712092259854221]], [[500.0], [-0.011040760825077694, 0.04276753577033869]], [[500.0], [-0.011040760825077694, 0.04276753577033869]], [[500.0], [-0.011040760825077694, 0.04276753577033869]], [[500.0], [-0.011040760825077694, 0.04276753577033869]], [[500.0], [0.0538451224565506, -0.2712092259854221]], [[500.0], [0.0538451224565506, -0.2712092259854221]], [[500.0], [-0.011040760825077694, 0.04276753577033869]], [[500.0], [0.0538451224565506, -0.2712092259854221]], [[500.0], [0.0538451224565506, -0.2712092259854221]], [[500.0], [-0.011040760825077694, 0.04276753577033869]], [[46.1], [0.004793622065335512, 0.5046995490361629]], [[500.0], [-0.011040760825077694, 0.04276753577033869]], [[500.0], [-0.011040760825077694, 0.04276753577033869]], [[500.0], [0.0538451224565506, -0.2712092259854221]], [[500.0], [0.0538451224565506, -0.2712092259854221]], [[500.0], [-0.011040760825077694, 0.04276753577033869]], [[500.0], [-0.011040760825077694, 0.04276753577033869]], [[500.0], [0.01945003556708495, -0.0032892068580648547]], [[500.0], [0.01945003556708495, -0.0032892068580648547]], [[500.0], [-0.011040760825077694, 0.04276753577033869]], [[181.0], [-0.08466600130001704, 0.5014941595387801]], [[500.0], [-0.011040760825077694, 0.04276753577033869]], [[500.0], [0.0538451224565506, -0.2712092259854221]], [[500.0], [0.01945003556708495, -0.0032892068580648547]]], "102": [[[500.0], [0.007346068353702625, -0.008296124574741678]], [[37.8], [-0.009971804295976957, 0.5164516456959921]], [[500.0], [0.007346068353702625, -0.008296124574741678]], [[500.0], [0.007346068353702625, -0.008296124574741678]], [[500.0], [0.007346068353702625, -0.008296124574741678]], [[500.0], [0.007346068353702625, -0.008296124574741678]], [[500.0], [0.007346068353702625, -0.008296124574741678]], [[500.0], [0.007346068353702625, -0.008296124574741678]], [[500.0], [0.03917759284377098, -0.010068542836456779]], [[500.0], [0.007346068353702625, -0.008296124574741678]], [[500.0], [0.007346068353702625, -0.008296124574741678]], [[500.0], [0.03917759284377098, -0.010068542836456779]], [[500.0], [0.007346068353702625, -0.008296124574741678]], [[500.0], [0.007346068353702625, -0.008296124574741678]], [[500.0], [0.03917759284377098, -0.010068542836456779]], [[500.0], [0.007346068353702625, -0.008296124574741678]], [[500.0], [0.03917759284377098, -0.010068542836456779]], [[500.0], [0.007346068353702625, -0.008296124574741678]], [[500.0], [0.007346068353702625, -0.008296124574741678]], [[500.0], [0.007346068353702625, -0.008296124574741678]], [[500.0], [0.007346068353702625, -0.008296124574741678]], [[500.0], [0.007346068353702625, -0.008296124574741678]], [[500.0], [0.007346068353702625, -0.008296124574741678]], [[500.0], [0.007346068353702625, -0.008296124574741678]], [[500.0], [0.007346068353702625, -0.008296124574741678]], [[500.0], [0.007346068353702625, -0.008296124574741678]], [[500.0], [0.007346068353702625, -0.008296124574741678]], [[500.0], [0.007346068353702625, -0.008296124574741678]], [[500.0], [0.007346068353702625, -0.008296124574741678]], [[500.0], [0.007346068353702625, -0.008296124574741678]]]}