{"103": [[[388.1], [0.12244037042061488, 0.01202496526201376]], [[388.1], [0.12244037042061488, 0.01202496526201376]], [[425.8], [0.501743753751119, 0.34945878828541516]], [[456.4], [0.06345817198355994, -0.018508136762600196]], [[98.1], [0.06599989409248035, 0.5162428511957232]], [[425.8], [0.501743753751119, 0.34945878828541516]], [[388.1], [0.12244037042061488, 0.01202496526201376]], [[425.8], [0.501743753751119, 0.34945878828541516]], [[388.1], [0.12244037042061488, 0.01202496526201376]], [[388.1], [0.12244037042061488, 0.01202496526201376]], [[425.8], [0.501743753751119, 0.34945878828541516]], [[244.5], [0.3748392810424169, 0.509127546725661]], [[425.8], [0.501743753751119, 0.34945878828541516]], [[425.8], [0.501743753751119, 0.34945878828541516]], [[388.1], [0.12244037042061488, 0.01202496526201376]], [[388.1], [0.12244037042061488, 0.01202496526201376]], [[388.1], [0.12244037042061488, 0.01202496526201376]], [[388.1], [0.12244037042061488, 0.01202496526201376]], [[425.8], [0.501743753751119, 0.34945878828541516]], [[425.8], [0.501743753751119, 0.34945878828541516]], [[200.3], [0.030636293813586235, 0.5385585164909729]], [[425.8], [0.501743753751119, 0.34945878828541516]], [[425.8], [0.501743753751119, 0.34945878828541516]], [[425.8], [0.501743753751119, 0.34945878828541516]], [[425.8], [0.501743753751119, 0.34945878828541516]], [[425.8], [0.501743753751119, 0.34945878828541516]], [[388.1], [0.12244037042061488, 0.01202496526201376]], [[425.8], [0.501743753751119, 0.34945878828541516]], [[456.4], [0.06345817198355994, -0.018508136762600196]], [[388.1], [0.12244037042061488, 0.01202496526201376]]], "102": [[[500.0], [0.00429739011451602, -0.0037920107601575877]], [[500.0], [0.039114706839124366, 0.005866686644201929]], [[500.0], [0.00429739011451602, -0.0037920107601575877]], [[500.0], [0.039114706839124366, 0.005866686644201929]], [[500.0], [0.00429739011451602, -0.0037920107601575877]], [[500.0], [0.039114706839124366, 0.005866686644201929]], [[9.6], [0.03666744567453861, -0.5957981901305714]], [[500.0], [0.00429739011451602, -0.0037920107601575877]], [[111.2], [0.3439028064409892, -0.5420551203084334]], [[500.0], [0.00429739011451602, -0.0037920107601575877]], [[500.0], [0.039114706839124366, 0.005866686644201929]], [[500.0], [0.039114706839124366, 0.005866686644201929]], [[500.0], [0.00429739011451602, -0.0037920107601575877]], [[500.0], [0.039114706839124366, 0.005866686644201929]], [[500.0], [0.039114706839124366, 0.005866686644201929]], [[500.0], [0.039114706839124366, 0.005866686644201929]], [[500.0], [0.00429739011451602, -0.0037920107601575877]], [[500.0], [0.039114706839124366, 0.005866686644201929]], [[500.0], [0.039114706839124366, 0.005866686644201929]], [[500.0], [0.039114706839124366, 0.005866686644201929]], [[500.0], [0.039114706839124366, 0.005866686644201929]], [[500.0], [0.039114706839124366, 0.005866686644201929]], [[500.0], [0.039114706839124366, 0.005866686644201929]], [[500.0], [0.039114706839124366, 0.005866686644201929]], [[500.0], [0.039114706839124366, 0.005866686644201929]], [[500.0], [0.039114706839124366, 0.005866686644201929]], [[500.0], [0.039114706839124366, 0.005866686644201929]], [[500.0], [0.039114706839124366, 0.005866686644201929]], [[500.0], [0.00429739011451602, -0.0037920107601575877]], [[33.4], [-0.014919380967815718, 0.5150295473171763]]], "101": [[[500.0], [0.0027743298172329864, -0.0018687519405268882]], [[500.0], [0.0027743298172329864, -0.0018687519405268882]], [[500.0], [0.02253284677863121, -0.016453856397331046]], [[500.0], [0.0027743298172329864, -0.0018687519405268882]], [[500.0], [0.0027743298172329864, -0.0018687519405268882]], [[442.4], [0.12546587735414505, 0.01338465277408584]], [[500.0], [0.0027743298172329864, -0.0018687519405268882]], [[500.0], [0.030670634781320892, -0.158555805683136]], [[500.0], [0.02253284677863121, -0.016453856397331046]], [[500.0], [0.0027743298172329864, -0.0018687519405268882]], [[500.0], [0.030670634781320892, -0.158555805683136]], [[500.0], [0.0027743298172329864, -0.0018687519405268882]], [[500.0], [0.0027743298172329864, -0.0018687519405268882]], [[500.0], [0.0027743298172329864, -0.0018687519405268882]], [[500.0], [0.030670634781320892, -0.158555805683136]], [[500.0], [0.03905923726658027, 0.01992005186431716]], [[500.0], [0.0027743298172329864, -0.0018687519405268882]], [[500.0], [0.0027743298172329864, -0.0018687519405268882]], [[500.0], [0.02253284677863121, -0.016453856397331046]], [[500.0], [0.0027743298172329864, -0.0018687519405268882]], [[500.0], [0.0027743298172329864, -0.0018687519405268882]], [[500.0], [0.0027743298172329864, -0.0018687519405268882]], [[500.0], [0.0027743298172329864, -0.0018687519405268882]], [[500.0], [0.0027743298172329864, -0.0018687519405268882]], [[164.6], [0.08735557397206625, 0.5040376594192103]], [[500.0], [0.0027743298172329864, -0.0018687519405268882]], [[500.0], [0.0027743298172329864, -0.0018687519405268882]], [[500.0], [0.030670634781320892, -0.158555805683136]], [[500.0], [0.0027743298172329864, -0.0018687519405268882]], [[500.0], [0.0027743298172329864, -0.0018687519405268882]]]}