{"103": [[[493.9], [0.1831420386830966, -0.009206783708238431]], [[493.9], [0.1831420386830966, -0.009206783708238431]], [[493.9], [0.1831420386830966, -0.009206783708238431]], [[493.9], [0.1831420386830966, -0.009206783708238431]], [[482.3], [-0.1490164672334989, 0.06050298783625142]], [[493.9], [0.1831420386830966, -0.009206783708238431]], [[482.3], [-0.1490164672334989, 0.06050298783625142]], [[482.3], [-0.1490164672334989, 0.06050298783625142]], [[482.3], [-0.1490164672334989, 0.06050298783625142]], [[493.9], [0.1831420386830966, -0.009206783708238431]], [[482.3], [-0.1490164672334989, 0.06050298783625142]], [[493.9], [0.1831420386830966, -0.009206783708238431]], [[493.9], [0.1831420386830966, -0.009206783708238431]], [[493.9], [0.1831420386830966, -0.009206783708238431]], [[493.9], [0.1831420386830966, -0.009206783708238431]], [[493.9], [0.1831420386830966, -0.009206783708238431]], [[482.3], [-0.1490164672334989, 0.06050298783625142]], [[482.3], [-0.1490164672334989, 0.06050298783625142]], [[493.9], [0.1831420386830966, -0.009206783708238431]], [[408.6], [0.016414794760445755, -0.0022110659027534526]], [[482.3], [-0.1490164672334989, 0.06050298783625142]], [[482.3], [-0.1490164672334989, 0.06050298783625142]], [[493.9], [0.1831420386830966, -0.009206783708238431]], [[493.9], [0.1831420386830966, -0.009206783708238431]], [[408.6], [0.016414794760445755, -0.0022110659027534526]], [[493.9], [0.1831420386830966, -0.009206783708238431]], [[493.9], [0.1831420386830966, -0.009206783708238431]], [[493.9], [0.1831420386830966, -0.009206783708238431]], [[482.3], [-0.1490164672334989, 0.06050298783625142]], [[493.9], [0.1831420386830966, -0.009206783708238431]]], "101": [[[500.0], [0.0046857997464636965, -0.10216564082643062]], [[500.0], [0.05823113024234772, -0.23062138608768226]], [[413.2], [0.013367668725550175, 0.0018967971713705497]], [[500.0], [0.0046857997464636965, -0.10216564082643062]], [[500.0], [0.0046857997464636965, -0.10216564082643062]], [[500.0], [0.0046857997464636965, -0.10216564082643062]], [[500.0], [0.0046857997464636965, -0.10216564082643062]], [[500.0], [0.05823113024234772, -0.23062138608768226]], [[500.0], [0.0046857997464636965, -0.10216564082643062]], [[99.8], [0.06700141355395317, 0.5230600611444866]], [[500.0], [0.0046857997464636965, -0.10216564082643062]], [[500.0], [0.0046857997464636965, -0.10216564082643062]], [[500.0], [0.05823113024234772, -0.23062138608768226]], [[500.0], [0.0046857997464636965, -0.10216564082643062]], [[500.0], [0.0046857997464636965, -0.10216564082643062]], [[500.0], [0.0046857997464636965, -0.10216564082643062]], [[500.0], [0.0046857997464636965, -0.10216564082643062]], [[500.0], [0.0046857997464636965, -0.10216564082643062]], [[500.0], [0.0046857997464636965, -0.10216564082643062]], [[500.0], [0.0046857997464636965, -0.10216564082643062]], [[500.0], [0.0046857997464636965, -0.10216564082643062]], [[500.0], [0.05823113024234772, -0.23062138608768226]], [[500.0], [0.05823113024234772, -0.23062138608768226]], [[500.0], [0.0046857997464636965, -0.10216564082643062]], [[99.8], [0.06700141355395317, 0.5230600611444866]], [[500.0], [0.0046857997464636965, -0.10216564082643062]], [[500.0], [0.05823113024234772, -0.23062138608768226]], [[500.0], [0.0046857997464636965, -0.10216564082643062]], [[500.0], [0.0046857997464636965, -0.10216564082643062]], [[223.7], [0.500040998061498, 0.41073218487096175]]], "102": [[[500.0], [-0.006693293495724599, 0.09315828102057061]], [[500.0], [-0.006693293495724599, 0.09315828102057061]], [[500.0], [-0.006693293495724599, 0.09315828102057061]], [[500.0], [-0.006693293495724599, 0.09315828102057061]], [[500.0], [-0.006693293495724599, 0.09315828102057061]], [[500.0], [-0.006693293495724599, 0.09315828102057061]], [[500.0], [-0.006693293495724599, 0.09315828102057061]], [[500.0], [-0.006693293495724599, 0.09315828102057061]], [[500.0], [-0.006693293495724599, 0.09315828102057061]], [[500.0], [-0.006693293495724599, 0.09315828102057061]], [[500.0], [-0.006693293495724599, 0.09315828102057061]], [[500.0], [-0.006693293495724599, 0.09315828102057061]], [[500.0], [-0.006693293495724599, 0.09315828102057061]], [[500.0], [-0.006693293495724599, 0.09315828102057061]], [[500.0], [-0.006693293495724599, 0.09315828102057061]], [[500.0], [-0.006693293495724599, 0.09315828102057061]], [[500.0], [-0.006693293495724599, 0.09315828102057061]], [[500.0], [-0.006693293495724599, 0.09315828102057061]], [[500.0], [-0.006693293495724599, 0.09315828102057061]], [[500.0], [-0.006693293495724599, 0.09315828102057061]], [[500.0], [-0.006693293495724599, 0.09315828102057061]], [[500.0], [-0.006693293495724599, 0.09315828102057061]], [[500.0], [-0.006693293495724599, 0.09315828102057061]], [[500.0], [-0.006693293495724599, 0.09315828102057061]], [[500.0], [-0.006693293495724599, 0.09315828102057061]], [[500.0], [-0.006693293495724599, 0.09315828102057061]], [[500.0], [-0.006693293495724599, 0.09315828102057061]], [[500.0], [-0.006693293495724599, 0.09315828102057061]], [[500.0], [-0.006693293495724599, 0.09315828102057061]], [[500.0], [-0.006693293495724599, 0.09315828102057061]]]}