{"103": [[[500.0], [0.008876390444735687, -0.012055048318000501]], [[486.4], [0.24651254216829938, 0.06126387837971227]], [[486.4], [0.24651254216829938, 0.06126387837971227]], [[500.0], [0.008876390444735687, -0.012055048318000501]], [[500.0], [0.008876390444735687, -0.012055048318000501]], [[500.0], [0.008876390444735687, -0.012055048318000501]], [[500.0], [0.008876390444735687, -0.012055048318000501]], [[500.0], [0.008876390444735687, -0.012055048318000501]], [[500.0], [0.008876390444735687, -0.012055048318000501]], [[500.0], [0.008876390444735687, -0.012055048318000501]], [[500.0], [0.008876390444735687, -0.012055048318000501]], [[500.0], [0.008876390444735687, -0.012055048318000501]], [[500.0], [0.008876390444735687, -0.012055048318000501]], [[500.0], [0.008876390444735687, -0.012055048318000501]], [[500.0], [0.008876390444735687, -0.012055048318000501]], [[500.0], [0.008876390444735687, -0.012055048318000501]], [[500.0], [0.008876390444735687, -0.012055048318000501]], [[500.0], [0.008876390444735687, -0.012055048318000501]], [[143.6], [0.14731843024492264, 0.5064727515695198]], [[500.0], [0.008876390444735687, -0.012055048318000501]], [[500.0], [0.09222712367773056, -0.012253524744482132]], [[500.0], [0.008876390444735687, -0.012055048318000501]], [[500.0], [0.008876390444735687, -0.012055048318000501]], [[500.0], [0.008876390444735687, -0.012055048318000501]], [[500.0], [0.008876390444735687, -0.012055048318000501]], [[500.0], [0.008876390444735687, -0.012055048318000501]], [[500.0], [0.008876390444735687, -0.012055048318000501]], [[500.0], [0.09222712367773056, -0.012253524744482132]], [[500.0], [0.008876390444735687, -0.012055048318000501]], [[500.0], [0.008876390444735687, -0.012055048318000501]]], "101": [[[500.0], [0.06638002892335257, 0.009118568744849075]], [[500.0], [0.06638002892335257, 0.009118568744849075]], [[500.0], [0.06638002892335257, 0.009118568744849075]], [[500.0], [0.06638002892335257, 0.009118568744849075]], [[500.0], [0.06638002892335257, 0.009118568744849075]], [[500.0], [-0.0018945152017598352, 0.02926364585614661]], [[500.0], [0.06638002892335257, 0.009118568744849075]], [[500.0], [-0.0018945152017598352, 0.02926364585614661]], [[500.0], [0.06638002892335257, 0.009118568744849075]], [[179.9], [0.21010984977086386, 0.5305234396286559]], [[500.0], [0.06638002892335257, 0.009118568744849075]], [[9.3], [0.03666744567453861, -0.5957981901305714]], [[500.0], [0.06638002892335257, 0.009118568744849075]], [[500.0], [0.06638002892335257, 0.009118568744849075]], [[500.0], [0.06638002892335257, 0.009118568744849075]], [[500.0], [0.06638002892335257, 0.009118568744849075]], [[500.0], [0.06638002892335257, 0.009118568744849075]], [[500.0], [0.06638002892335257, 0.009118568744849075]], [[500.0], [0.06638002892335257, 0.009118568744849075]], [[500.0], [0.06638002892335257, 0.009118568744849075]], [[500.0], [0.06638002892335257, 0.009118568744849075]], [[500.0], [0.06638002892335257, 0.009118568744849075]], [[500.0], [0.06638002892335257, 0.009118568744849075]], [[500.0], [0.06638002892335257, 0.009118568744849075]], [[500.0], [-0.0018945152017598352, 0.02926364585614661]], [[500.0], [0.06638002892335257, 0.009118568744849075]], [[500.0], [0.06638002892335257, 0.009118568744849075]], [[500.0], [0.06638002892335257, 0.009118568744849075]], [[500.0], [0.06638002892335257, 0.009118568744849075]], [[500.0], [0.06638002892335257, 0.009118568744849075]]], "102": [[[121.7], [0.08738858625292778, 0.51201990489184]], [[500.0], [0.017872674701114498, 0.01237375002229613]], [[500.0], [0.017872674701114498, 0.01237375002229613]], [[500.0], [0.017872674701114498, 0.01237375002229613]], [[500.0], [0.017872674701114498, 0.01237375002229613]], [[500.0], [0.017872674701114498, 0.01237375002229613]], [[500.0], [0.017872674701114498, 0.01237375002229613]], [[28.3], [0.019839825108647346, -0.5023738627798819]], [[500.0], [0.017872674701114498, 0.01237375002229613]], [[500.0], [0.017872674701114498, 0.01237375002229613]], [[500.0], [0.017872674701114498, 0.01237375002229613]], [[500.0], [0.017872674701114498, 0.01237375002229613]], [[500.0], [0.007335388412078222, -0.005588945308833887]], [[500.0], [0.017872674701114498, 0.01237375002229613]], [[500.0], [0.017872674701114498, 0.01237375002229613]], [[500.0], [0.017872674701114498, 0.01237375002229613]], [[500.0], [0.017872674701114498, 0.01237375002229613]], [[500.0], [0.017872674701114498, 0.01237375002229613]], [[500.0], [0.017872674701114498, 0.01237375002229613]], [[500.0], [0.017872674701114498, 0.01237375002229613]], [[29.2], [-0.0017167449307938418, 0.5023160762193671]], [[500.0], [0.007335388412078222, -0.005588945308833887]], [[500.0], [0.017872674701114498, 0.01237375002229613]], [[9.6], [0.03666744567453861, -0.5957981901305714]], [[500.0], [0.017872674701114498, 0.01237375002229613]], [[500.0], [0.017872674701114498, 0.01237375002229613]], [[500.0], [0.017872674701114498, 0.01237375002229613]], [[500.0], [0.017872674701114498, 0.01237375002229613]], [[500.0], [0.017872674701114498, 0.01237375002229613]], [[500.0], [0.017872674701114498, 0.01237375002229613]]]}