{"103": [[[401.8], [0.2549164245525996, -0.5807839868741743]], [[436.4], [0.25380338231722516, 0.13387089140677566]], [[401.8], [0.2549164245525996, -0.5807839868741743]], [[488.8], [0.07103269298871359, -0.017809124583262576]], [[401.8], [0.2549164245525996, -0.5807839868741743]], [[488.8], [0.07103269298871359, -0.017809124583262576]], [[436.4], [0.25380338231722516, 0.13387089140677566]], [[103.4], [-0.16990420718987784, 0.5257442664871946]], [[436.4], [0.25380338231722516, 0.13387089140677566]], [[401.8], [0.2549164245525996, -0.5807839868741743]], [[401.8], [0.2549164245525996, -0.5807839868741743]], [[401.8], [0.2549164245525996, -0.5807839868741743]], [[401.8], [0.2549164245525996, -0.5807839868741743]], [[436.4], [0.25380338231722516, 0.13387089140677566]], [[401.8], [0.2549164245525996, -0.5807839868741743]], [[10.5], [0.03666744567453861, -0.5957981901305714]], [[401.8], [0.2549164245525996, -0.5807839868741743]], [[401.8], [0.2549164245525996, -0.5807839868741743]], [[401.8], [0.2549164245525996, -0.5807839868741743]], [[401.8], [0.2549164245525996, -0.5807839868741743]], [[401.8], [0.2549164245525996, -0.5807839868741743]], [[401.8], [0.2549164245525996, -0.5807839868741743]], [[401.8], [0.2549164245525996, -0.5807839868741743]], [[401.8], [0.2549164245525996, -0.5807839868741743]], [[401.8], [0.2549164245525996, -0.5807839868741743]], [[401.8], [0.2549164245525996, -0.5807839868741743]], [[488.8], [0.07103269298871359, -0.017809124583262576]], [[500.0], [0.017936190900703274, -0.0037596809998618076]], [[488.8], [0.07103269298871359, -0.017809124583262576]], [[28.3], [-0.019187647849321365, 0.534348581966601]]], "101": [[[500.0], [0.016416952324410282, -0.0027544968026249035]], [[500.0], [0.016416952324410282, -0.0027544968026249035]], [[500.0], [0.016416952324410282, -0.0027544968026249035]], [[500.0], [0.016416952324410282, -0.0027544968026249035]], [[500.0], [0.016416952324410282, -0.0027544968026249035]], [[500.0], [0.016416952324410282, -0.0027544968026249035]], [[500.0], [0.016416952324410282, -0.0027544968026249035]], [[500.0], [0.016416952324410282, -0.0027544968026249035]], [[500.0], [0.016416952324410282, -0.0027544968026249035]], [[500.0], [0.016416952324410282, -0.0027544968026249035]], [[500.0], [0.016416952324410282, -0.0027544968026249035]], [[500.0], [0.016416952324410282, -0.0027544968026249035]], [[500.0], [0.016416952324410282, -0.0027544968026249035]], [[500.0], [0.016416952324410282, -0.0027544968026249035]], [[500.0], [0.016416952324410282, -0.0027544968026249035]], [[500.0], [0.016416952324410282, -0.0027544968026249035]], [[500.0], [0.016416952324410282, -0.0027544968026249035]], [[500.0], [0.016416952324410282, -0.0027544968026249035]], [[500.0], [0.016416952324410282, -0.0027544968026249035]], [[500.0], [0.016416952324410282, -0.0027544968026249035]], [[500.0], [0.016416952324410282, -0.0027544968026249035]], [[500.0], [0.016416952324410282, -0.0027544968026249035]], [[500.0], [0.016416952324410282, -0.0027544968026249035]], [[500.0], [0.016416952324410282, -0.0027544968026249035]], [[500.0], [0.016416952324410282, -0.0027544968026249035]], [[500.0], [0.016416952324410282, -0.0027544968026249035]], [[500.0], [0.016416952324410282, -0.0027544968026249035]], [[500.0], [0.016416952324410282, -0.0027544968026249035]], [[500.0], [0.016416952324410282, -0.0027544968026249035]], [[500.0], [0.016416952324410282, -0.0027544968026249035]]], "102": [[[500.0], [0.04665701650083065, 0.014709386725032159]], [[500.0], [0.04665701650083065, 0.014709386725032159]], [[500.0], [0.04665701650083065, 0.014709386725032159]], [[500.0], [0.04665701650083065, 0.014709386725032159]], [[500.0], [0.04665701650083065, 0.014709386725032159]], [[500.0], [0.04665701650083065, 0.014709386725032159]], [[500.0], [0.04665701650083065, 0.014709386725032159]], [[500.0], [0.04665701650083065, 0.014709386725032159]], [[500.0], [0.04665701650083065, 0.014709386725032159]], [[500.0], [0.04665701650083065, 0.014709386725032159]], [[500.0], [0.04665701650083065, 0.014709386725032159]], [[500.0], [0.04665701650083065, 0.014709386725032159]], [[500.0], [0.04665701650083065, 0.014709386725032159]], [[500.0], [0.04665701650083065, 0.014709386725032159]], [[500.0], [0.04665701650083065, 0.014709386725032159]], [[500.0], [0.04665701650083065, 0.014709386725032159]], [[500.0], [0.04665701650083065, 0.014709386725032159]], [[500.0], [0.04665701650083065, 0.014709386725032159]], [[500.0], [0.04665701650083065, 0.014709386725032159]], [[500.0], [0.04665701650083065, 0.014709386725032159]], [[500.0], [0.04665701650083065, 0.014709386725032159]], [[500.0], [0.04665701650083065, 0.014709386725032159]], [[500.0], [0.04665701650083065, 0.014709386725032159]], [[10.7], [0.03196018747985363, -0.5202699434814271]], [[500.0], [0.04665701650083065, 0.014709386725032159]], [[500.0], [0.04665701650083065, 0.014709386725032159]], [[500.0], [0.04665701650083065, 0.014709386725032159]], [[500.0], [0.04665701650083065, 0.014709386725032159]], [[500.0], [0.04665701650083065, 0.014709386725032159]], [[500.0], [0.04665701650083065, 0.014709386725032159]]]}