{"102": [[[500.0], [0.06640883162617683, 0.0018093524150924677]], [[500.0], [0.013412546056012314, -0.00946979934091203]], [[500.0], [0.013412546056012314, -0.00946979934091203]], [[500.0], [0.013412546056012314, -0.00946979934091203]], [[500.0], [0.013412546056012314, -0.00946979934091203]], [[500.0], [0.013412546056012314, -0.00946979934091203]], [[500.0], [0.06640883162617683, 0.0018093524150924677]], [[500.0], [0.013412546056012314, -0.00946979934091203]], [[500.0], [0.013412546056012314, -0.00946979934091203]], [[500.0], [0.013412546056012314, -0.00946979934091203]], [[500.0], [0.013412546056012314, -0.00946979934091203]], [[500.0], [0.013412546056012314, -0.00946979934091203]], [[500.0], [0.013412546056012314, -0.00946979934091203]], [[500.0], [0.00578569364733994, 0.0030610565002562044]], [[500.0], [0.013412546056012314, -0.00946979934091203]], [[500.0], [0.013412546056012314, -0.00946979934091203]], [[500.0], [0.013412546056012314, -0.00946979934091203]], [[500.0], [0.013412546056012314, -0.00946979934091203]], [[500.0], [0.013412546056012314, -0.00946979934091203]], [[500.0], [0.013412546056012314, -0.00946979934091203]], [[98.0], [0.08760330577691397, 0.5089987835815649]], [[500.0], [0.013412546056012314, -0.00946979934091203]], [[245.4], [0.04899033966163795, 0.5086209428937812]], [[500.0], [0.013412546056012314, -0.00946979934091203]], [[500.0], [0.013412546056012314, -0.00946979934091203]], [[9.6], [0.03666744567453861, -0.5957981901305714]], [[500.0], [0.03303007843593757, 0.011646069595189186]], [[500.0], [0.013412546056012314, -0.00946979934091203]], [[500.0], [0.00578569364733994, 0.0030610565002562044]], [[98.0], [0.08760330577691397, 0.5089987835815649]]], "101": [[[500.0], [0.09373728185892105, -0.010931231616216414]], [[500.0], [0.09373728185892105, -0.010931231616216414]], [[10.0], [0.03666744567453861, -0.5957981901305714]], [[500.0], [0.09373728185892105, -0.010931231616216414]], [[500.0], [0.09373728185892105, -0.010931231616216414]], [[500.0], [0.02094076480716467, 0.0029507630090251495]], [[500.0], [0.09373728185892105, -0.010931231616216414]], [[172.2], [0.5021799107392629, 0.4585937877591147]], [[52.7], [0.007337873491148154, 0.5393510229849929]], [[11.8], [0.032942009468873344, -0.5433709498797877]], [[484.6], [0.09373843049009642, -0.011199325519172769]], [[500.0], [0.09373728185892105, -0.010931231616216414]], [[500.0], [0.09373728185892105, -0.010931231616216414]], [[500.0], [0.09373728185892105, -0.010931231616216414]], [[500.0], [0.02094076480716467, 0.0029507630090251495]], [[286.6], [-0.5040881534417471, 0.3215488777206275]], [[500.0], [0.09373728185892105, -0.010931231616216414]], [[286.6], [-0.5040881534417471, 0.3215488777206275]], [[500.0], [0.09373728185892105, -0.010931231616216414]], [[500.0], [0.09373728185892105, -0.010931231616216414]], [[220.9], [0.037809383744994804, 0.5170256255916431]], [[50.5], [0.008457757843037447, 0.5155381831255826]], [[500.0], [0.011871208747227987, -0.0029206378986996614]], [[500.0], [0.09373728185892105, -0.010931231616216414]], [[484.6], [0.09373843049009642, -0.011199325519172769]], [[198.1], [0.18754223982493085, 0.5230540365123293]], [[484.6], [0.09373843049009642, -0.011199325519172769]], [[484.6], [0.09373843049009642, -0.011199325519172769]], [[484.6], [0.09373843049009642, -0.011199325519172769]], [[500.0], [0.09373728185892105, -0.010931231616216414]]], "103": [[[413.2], [0.013367668725550175, 0.0018967971713705497]], [[500.0], [0.00884117636208733, -0.003142456989735365]], [[500.0], [-0.0050506946475555505, 0.06094647562532334]], [[470.5], [0.5013107756773632, 0.15440021761866848]], [[500.0], [-0.0050506946475555505, 0.06094647562532334]], [[500.0], [-0.0050506946475555505, 0.06094647562532334]], [[500.0], [0.0724694753686587, 0.002113392472971213]], [[470.5], [0.5013107756773632, 0.15440021761866848]], [[470.5], [0.5013107756773632, 0.15440021761866848]], [[413.2], [0.013367668725550175, 0.0018967971713705497]], [[128.8], [0.03384327826400598, 0.5279512781845896]], [[413.2], [0.013367668725550175, 0.0018967971713705497]], [[413.2], [0.013367668725550175, 0.0018967971713705497]], [[500.0], [0.00884117636208733, -0.003142456989735365]], [[425.9], [0.5012020468711853, 0.2657216416591663]], [[470.5], [0.5013107756773632, 0.15440021761866848]], [[413.2], [0.013367668725550175, 0.0018967971713705497]], [[470.5], [0.5013107756773632, 0.15440021761866848]], [[500.0], [0.00884117636208733, -0.003142456989735365]], [[500.0], [0.0724694753686587, 0.002113392472971213]], [[470.5], [0.5013107756773632, 0.15440021761866848]], [[500.0], [-0.0050506946475555505, 0.06094647562532334]], [[413.2], [0.013367668725550175, 0.0018967971713705497]], [[197.6], [0.09369822219014168, 0.5208569351565895]], [[500.0], [-0.0050506946475555505, 0.06094647562532334]], [[470.5], [0.5013107756773632, 0.15440021761866848]], [[500.0], [0.00884117636208733, -0.003142456989735365]], [[413.2], [0.013367668725550175, 0.0018967971713705497]], [[413.2], [0.013367668725550175, 0.0018967971713705497]], [[413.2], [0.013367668725550175, 0.0018967971713705497]]]}