{"fitness": {"102": [[[438.3333333333333], [-0.1968543604016304, -0.045011987526451004]], [[234.66666666666666], [-0.26773281395435333, -0.5024678327820518]], [[413.5], [-0.055872220546007156, -0.05650769420075075]], [[500.0], [3.0029562670582287e-05, -0.013677764274001693]], [[474.3333333333333], [-0.05604178334275882, -0.4005483463050076]], [[193.66666666666666], [0.000850057986099273, 0.5089963238205065]], [[88.33333333333333], [0.08164351806044579, -0.5229820261161293]], [[224.66666666666666], [-0.24792944391568503, -0.5141111652246503]], [[318.3333333333333], [-0.03209785247842471, 0.6141351740896417]], [[220.5], [0.24048291146755219, 0.5045599843326368]], [[156.16666666666666], [-0.24649356802304587, 0.5116731855287506]], [[120.83333333333333], [0.08847353359063467, 0.507545064796101]], [[451.8333333333333], [-0.0833592563867569, -0.00358379805799235]], [[500.0], [-0.004557998618111014, -0.003001767959285296]], [[343.8333333333333], [-0.0030637214270730815, 0.00235507221286448]], [[453.0], [-0.09251227602362633, 0.011674834762891514]], [[500.0], [0.0712541863322258, -0.39893574121466097]], [[423.8333333333333], [0.21248772740364075, -0.6204309503427533]], [[71.0], [-0.036241880928476654, -0.5018511100819236]], [[477.5], [-0.01414141772935788, 0.12101333713132228]]], "103": [[[500.0], [0.025586366343001526, 0.038707709055768244]], [[500.0], [0.001594692391032974, -0.026029632671883234]], [[330.3333333333333], [0.08972774570186934, -0.5020976565671309]], [[500.0], [-0.0060529533463219804, -0.008188854818317024]], [[233.16666666666666], [-0.12994904071092606, -0.5318319968629682]], [[215.0], [-0.04642593984802564, -0.5154998251125573]], [[457.6666666666667], [-0.08785441517829895, -0.016543233285894236]], [[194.33333333333334], [-0.11006171504656474, -0.5058446569305858]], [[92.5], [-0.06496042634050052, -0.5275755407707543]], [[323.5], [-0.24181428054968518, -0.17257487517224546]], [[298.5], [0.07882933442791304, -0.5056023526419864]], [[423.6666666666667], [-0.024175338136653107, -0.024168865764112566]], [[129.66666666666666], [-0.07073299338420233, -0.5157529666092978]], [[305.8333333333333], [-0.012122304954876503, -0.006274169235173881]], [[500.0], [-0.0484982163955768, -0.0050119932019040345]], [[500.0], [-0.028860705594221752, 0.011054211870976613]], [[307.0], [0.23286548753579459, 0.5136819547443299]], [[147.16666666666666], [-0.09225562835733096, -0.5255827778264096]], [[82.0], [-0.04946371540427208, -0.5363696143387607]], [[198.33333333333334], [0.15184727807839712, 0.5041600414440393]]], "101": [[[272.5], [0.5019313593705496, 0.4683447440275165]], [[172.33333333333334], [-0.0911138579249382, -0.5234119495706695]], [[167.66666666666666], [-0.02970391884446144, 0.5594647386998081]], [[235.66666666666666], [-0.1911618063847224, -0.5021310950580397]], [[112.16666666666667], [0.5045212308565776, -0.3508666984772568]], [[500.0], [-0.0030690992328648767, 0.0037282758780073323]], [[469.5], [-0.09422824407617252, 0.0626049917993363]], [[500.0], [0.025036612836023174, -0.20573127783086312]], [[475.5], [-0.024241868716975055, -0.007233170805828708]], [[500.0], [-0.047036875039339066, 0.00870364281442462]], [[240.16666666666666], [0.20713663349548977, 0.5102738310275466]], [[500.0], [-0.015199285311003527, 0.005392609476044988]], [[173.16666666666666], [-0.05713026970624924, 0.5244768835140757]], [[140.5], [-0.07742887983719508, -0.5071440524461738]], [[412.8333333333333], [-0.18090706318616867, -0.2462198717172066]], [[157.66666666666666], [-0.09247609103719394, -0.5036982480418739]], [[211.66666666666666], [0.4039255777994792, -0.5040256458036066]], [[220.66666666666666], [0.5105045934518179, -0.251009382984855]], [[114.66666666666667], [0.1021689052383105, -0.5145618005802757]], [[500.0], [-0.006076787831261754, -0.002162393993524273]]]}, "environment": "cartpole", "algorithm": "diff", "container": "fitness", "arguments": {"l": 20, "mr": 0.4, "cr": 0.9, "ng": 20}}