{"fitness": {"103": [[[144.83333333333334], [-0.13104061285654706, -0.5148594316683318]], [[318.3333333333333], [-0.06328149388233821, -0.09903637915136712]], [[189.66666666666666], [-0.12741855035225552, -0.5038688627726724]], [[350.1666666666667], [-0.1227353885769844, -0.010086209000796794]], [[500.0], [-0.42884593208630883, -0.01416956275059846]], [[369.8333333333333], [-0.019743864734967552, 0.004934691757177622]], [[93.33333333333333], [-0.0517872969309489, -0.5178859715826774]], [[465.3333333333333], [-0.03564105679591497, 0.5097819501133056]], [[265.5], [-0.1852199931939443, -0.5101916963974255]], [[154.0], [0.11004993071158728, -0.5115940097416417]], [[92.5], [-0.057966895401477814, -0.5116347205695924]], [[124.0], [-0.10238716999689738, -0.5207535182460074]], [[500.0], [-0.0499773429085811, -0.014209424693618666]], [[98.33333333333333], [-0.07278828571240108, -0.5166108171905627]], [[500.0], [-0.034886145343383156, 0.001823023695757158]], [[347.1666666666667], [-0.007606022215137879, 0.0013455713187839]], [[482.6666666666667], [0.10754552980264029, 0.005264423395458021]], [[265.3333333333333], [0.5033760269482931, 0.48657938053733424]], [[361.3333333333333], [-0.047019459307193756, 0.004268727325455567]], [[163.5], [-0.13500449558099112, -0.5031463346983257]], [[500.0], [-0.008218768052756786, 0.1548601751122178]], [[500.0], [-0.048533861214915916, 0.004018460841555344]], [[500.0], [-0.013601076789200306, -0.015571105191439533]], [[403.1666666666667], [0.10455265641212463, -0.5131763490763578]], [[197.33333333333334], [0.5064898232618968, 0.23948793348513153]]], "102": [[[117.0], [0.08152029166618983, 0.5240030051988849]], [[500.0], [0.01822694359968106, -0.016473267120465138]], [[216.33333333333334], [0.5058834950129192, 0.4154256228624919]], [[382.6666666666667], [-0.010585025884211063, -0.01181415215348513]], [[418.3333333333333], [-0.3514367838700613, -0.04337457984543303]], [[265.6666666666667], [-0.06400347997744879, 0.5120800799159912]], [[500.0], [-0.056135281920433044, 0.010136400157826369]], [[500.0], [-0.01978214674939712, 0.014640381960777575]], [[500.0], [-0.004311019244293372, -0.0654962849602745]], [[500.0], [-0.08933390180269878, -0.025639638001696347]], [[222.0], [-0.050380052998661995, 0.5215109820571242]], [[228.5], [-0.18366413811842602, -0.315956058399529]], [[346.3333333333333], [0.044437410930792495, -0.13000055541547292]], [[119.16666666666667], [0.02341597496221463, 0.5174649603058847]], [[500.0], [-0.0015252249431796372, -0.0035135726038919113]], [[115.0], [0.06996802364786467, -0.5132878582443346]], [[488.8333333333333], [-0.0727538454035918, -0.0028677185012571265]], [[169.83333333333334], [0.10467662165562312, -0.5287239283465883]], [[202.66666666666666], [-0.22842799623807272, -0.5086482854551105]], [[227.66666666666666], [0.4235245784123739, 0.5151903943011635]], [[457.8333333333333], [0.47590628266334534, -0.5089309797332617]], [[371.6666666666667], [-0.09094685316085815, -0.000981928217536703]], [[184.5], [0.5036576588948568, 0.3198190953172565]], [[208.83333333333334], [0.23785538971424103, 0.5094043233177878]], [[167.16666666666666], [-0.36148466169834137, 0.5254225368705092]]], "101": [[[350.8333333333333], [-0.03182397844890754, -0.0060912701813726905]], [[500.0], [-0.030330205336213112, -0.000585254148633607]], [[378.8333333333333], [-0.045512979850172997, 0.0065507987763679205]], [[350.1666666666667], [0.4329216480255127, 0.5374837791520443]], [[143.66666666666666], [-0.09240246067444484, 0.5046176282983077]], [[459.1666666666667], [-0.012083285643408697, -0.016163570057761156]], [[346.0], [-0.007554460316896439, -0.011725499379363928]], [[334.8333333333333], [-0.06214223802089691, -0.003753705941693207]], [[475.5], [-0.024241868716975055, -0.007233170805828708]], [[134.83333333333334], [0.1980925351381302, 0.5019781977366032]], [[303.6666666666667], [-0.2280096213022868, -0.2146824017951363]], [[124.5], [-0.0618554341296355, -0.5115780747678291]], [[484.5], [-0.013671321794390678, 0.00222393439115698]], [[304.6666666666667], [0.3190196057160696, -0.5154166923185285]], [[500.0], [-0.02580808475613594, 0.005552283951647259]], [[313.1666666666667], [-0.5030753215154012, -0.05350632673245298]], [[128.33333333333334], [0.10141505549351375, 0.5012833330619849]], [[118.16666666666667], [0.07701197018225989, 0.5061127708859421]], [[269.8333333333333], [0.501347581545512, 0.3091678308528006]], [[404.8333333333333], [-0.043928235148390136, -0.01097938077051959]], [[483.8333333333333], [-0.07583326349655788, 0.009403694376492045]], [[451.5], [-0.06377743557095528, 0.026599737998258554]], [[315.6666666666667], [-0.015181018970906734, 0.0007567328732888522]], [[500.0], [-0.02124964880446593, 0.00248335994797888]], [[500.0], [-0.021218792535364628, -0.005328950904416696]]]}, "environment": "cartpole", "algorithm": "diff", "container": "fitness", "arguments": {"l": 25, "mr": 0.5, "cr": 1.0, "ng": 20}}