{"fitness": {"102": [[[111.83333333333333], [-0.027238971864183746, -0.5013526698048606]], [[111.83333333333333], [-0.027238971864183746, -0.5013526698048606]], [[111.83333333333333], [-0.027238971864183746, -0.5013526698048606]], [[41.5], [0.014564994101723036, -0.5078947786509135]], [[111.83333333333333], [-0.027238971864183746, -0.5013526698048606]], [[111.83333333333333], [-0.027238971864183746, -0.5013526698048606]], [[111.83333333333333], [-0.027238971864183746, -0.5013526698048606]], [[111.83333333333333], [-0.027238971864183746, -0.5013526698048606]], [[111.83333333333333], [-0.027238971864183746, -0.5013526698048606]], [[388.6666666666667], [-0.016721074158946674, 0.006991470874282733]], [[111.83333333333333], [-0.027238971864183746, -0.5013526698048606]], [[111.83333333333333], [-0.027238971864183746, -0.5013526698048606]], [[111.83333333333333], [-0.027238971864183746, -0.5013526698048606]], [[111.83333333333333], [-0.027238971864183746, -0.5013526698048606]], [[9.333333333333334], [-0.03209785247842471, 0.6141351740896417]], [[111.83333333333333], [-0.027238971864183746, -0.5013526698048606]], [[111.83333333333333], [-0.027238971864183746, -0.5013526698048606]], [[9.166666666666666], [0.0339663897951444, -0.5452829328450289]], [[111.83333333333333], [-0.027238971864183746, -0.5013526698048606]], [[111.83333333333333], [-0.027238971864183746, -0.5013526698048606]]], "101": [[[90.33333333333333], [-0.054387468844652176, -0.518450718462182]], [[20.333333333333332], [0.027223806828260422, -0.5251873623241078]], [[173.5], [-1.975546486695142e-05, -0.000946144640231817]], [[20.333333333333332], [0.027223806828260422, -0.5251873623241078]], [[12.833333333333334], [0.03206830471754074, -0.5526125217168525]], [[20.333333333333332], [0.027223806828260422, -0.5251873623241078]], [[65.83333333333333], [-0.03458552683393161, -0.5163233459851388]], [[14.0], [0.02615798885623614, -0.5016617084804335]], [[12.833333333333334], [0.03206830471754074, -0.5526125217168525]], [[20.333333333333332], [0.027223806828260422, -0.5251873623241078]], [[9.666666666666666], [0.0339663897951444, -0.5452829328450289]], [[20.333333333333332], [0.027223806828260422, -0.5251873623241078]], [[89.33333333333333], [0.291646346449852, -0.5469165706748598]], [[20.333333333333332], [0.027223806828260422, -0.5251873623241078]], [[89.33333333333333], [0.291646346449852, -0.5469165706748598]], [[89.33333333333333], [0.291646346449852, -0.5469165706748598]], [[89.33333333333333], [0.291646346449852, -0.5469165706748598]], [[9.0], [0.0339663897951444, -0.5452829328450289]], [[9.0], [0.0339663897951444, -0.5452829328450289]], [[20.333333333333332], [0.027223806828260422, -0.5251873623241078]]], "103": [[[16.666666666666668], [0.029894004886349045, -0.5577799093209956]], [[9.0], [0.0339663897951444, -0.5452829328450289]], [[110.0], [0.05523301040132841, -0.5405561989574341]], [[80.5], [-0.07557968919475874, 0.5542249485636442]], [[9.166666666666666], [0.0339663897951444, -0.5452829328450289]], [[9.333333333333334], [-0.03209785247842471, 0.6141351740896417]], [[9.0], [0.0339663897951444, -0.5452829328450289]], [[9.0], [0.0339663897951444, -0.5452829328450289]], [[9.5], [-0.03209785247842471, 0.6141351740896417]], [[9.0], [0.0339663897951444, -0.5452829328450289]], [[10.0], [0.0339663897951444, -0.5452829328450289]], [[9.0], [0.0339663897951444, -0.5452829328450289]], [[9.0], [0.0339663897951444, -0.5452829328450289]], [[27.333333333333332], [0.023106553902228676, -0.5106046510655344]], [[10.0], [0.0339663897951444, -0.5452829328450289]], [[9.0], [0.0339663897951444, -0.5452829328450289]], [[9.0], [0.0339663897951444, -0.5452829328450289]], [[10.0], [0.0339663897951444, -0.5452829328450289]], [[110.0], [0.05523301040132841, -0.5405561989574341]], [[110.0], [0.05523301040132841, -0.5405561989574341]]]}, "environment": "cartpole", "algorithm": "lambda", "container": "sub_novelty", "arguments": {"cross_method": "uniform", "l": 20, "m": 15, "mr": 0.039999999999999994, "cr": 0.9, "mutation_sigma": 1.0, "fitness_weight": 0.4, "decay": 1.0, "cross_uni": 0.7000000000000001, "ng": 20}}