{"fitness": {"103": [[[310.1666666666667], [-0.3599002460638682, 0.5392302095034476]], [[23.0], [0.020297723822295666, -0.5482081234740298]], [[310.1666666666667], [-0.3599002460638682, 0.5392302095034476]], [[310.1666666666667], [-0.3599002460638682, 0.5392302095034476]], [[9.666666666666666], [0.0339663897951444, -0.5452829328450289]], [[310.1666666666667], [-0.3599002460638682, 0.5392302095034476]], [[27.333333333333332], [-0.05974842235445976, 0.5262514406984503]], [[310.1666666666667], [-0.3599002460638682, 0.5392302095034476]], [[9.666666666666666], [0.0339663897951444, -0.5452829328450289]], [[310.1666666666667], [-0.3599002460638682, 0.5392302095034476]], [[9.666666666666666], [0.0339663897951444, -0.5452829328450289]], [[9.666666666666666], [0.0339663897951444, -0.5452829328450289]], [[10.0], [0.0339663897951444, -0.5452829328450289]], [[310.1666666666667], [-0.3599002460638682, 0.5392302095034476]], [[310.1666666666667], [-0.3599002460638682, 0.5392302095034476]], [[310.1666666666667], [-0.3599002460638682, 0.5392302095034476]], [[310.1666666666667], [-0.3599002460638682, 0.5392302095034476]], [[9.666666666666666], [0.0339663897951444, -0.5452829328450289]], [[310.1666666666667], [-0.3599002460638682, 0.5392302095034476]], [[310.1666666666667], [-0.3599002460638682, 0.5392302095034476]]], "101": [[[118.5], [0.3398551791906357, -0.5324781297496631]], [[124.83333333333333], [0.41809981067975366, -0.5082320154568796]], [[438.0], [-0.030360001449783645, 0.006948978167793682]], [[124.83333333333333], [0.41809981067975366, -0.5082320154568796]], [[124.83333333333333], [0.41809981067975366, -0.5082320154568796]], [[124.83333333333333], [0.41809981067975366, -0.5082320154568796]], [[118.5], [0.3398551791906357, -0.5324781297496631]], [[124.83333333333333], [0.41809981067975366, -0.5082320154568796]], [[9.666666666666666], [0.0339663897951444, -0.5452829328450289]], [[124.83333333333333], [0.41809981067975366, -0.5082320154568796]], [[124.83333333333333], [0.41809981067975366, -0.5082320154568796]], [[124.83333333333333], [0.41809981067975366, -0.5082320154568796]], [[156.83333333333334], [0.24420077602068585, -0.5082659173810311]], [[124.83333333333333], [0.41809981067975366, -0.5082320154568796]], [[438.0], [-0.030360001449783645, 0.006948978167793682]], [[124.83333333333333], [0.41809981067975366, -0.5082320154568796]], [[124.83333333333333], [0.41809981067975366, -0.5082320154568796]], [[124.83333333333333], [0.41809981067975366, -0.5082320154568796]], [[124.83333333333333], [0.41809981067975366, -0.5082320154568796]], [[438.0], [-0.030360001449783645, 0.006948978167793682]]], "102": [[[10.0], [-0.03209785247842471, 0.6141351740896417]], [[9.5], [-0.03209785247842471, 0.6141351740896417]], [[10.0], [-0.03209785247842471, 0.6141351740896417]], [[313.3333333333333], [-0.004595436621457338, 0.006486555900086057]], [[9.0], [0.0339663897951444, -0.5452829328450289]], [[313.3333333333333], [-0.004595436621457338, 0.006486555900086057]], [[9.5], [-0.03209785247842471, 0.6141351740896417]], [[83.66666666666667], [0.10070523247122765, 0.5022452065819188]], [[10.0], [-0.03209785247842471, 0.6141351740896417]], [[313.3333333333333], [-0.004595436621457338, 0.006486555900086057]], [[10.0], [-0.03209785247842471, 0.6141351740896417]], [[313.3333333333333], [-0.004595436621457338, 0.006486555900086057]], [[313.3333333333333], [-0.004595436621457338, 0.006486555900086057]], [[9.5], [-0.025601543796559177, 0.5026477518264186]], [[313.3333333333333], [-0.004595436621457338, 0.006486555900086057]], [[9.5], [-0.03209785247842471, 0.6141351740896417]], [[52.5], [0.03169194174309572, 0.5365941655692872]], [[9.5], [-0.025601543796559177, 0.5026477518264186]], [[313.3333333333333], [-0.004595436621457338, 0.006486555900086057]], [[9.5], [-0.025601543796559177, 0.5026477518264186]]]}, "environment": "cartpole", "algorithm": "lambda", "container": "sub_novelty", "arguments": {"cross_method": "uniform", "l": 20, "m": 10, "mr": 0.14, "cr": 1.0, "mutation_sigma": 1.0, "fitness_weight": 0.4, "decay": 1.0, "cross_uni": 0.7000000000000001, "ng": 20}}