{"fitness": {"103": [[[64.33333333333333], [-0.43505529562632245, 0.51185103694788]], [[224.83333333333334], [-0.44572949409484863, 0.5036156856272209]], [[224.83333333333334], [-0.44572949409484863, 0.5036156856272209]], [[9.333333333333334], [-0.03209785247842471, 0.6141351740896417]], [[122.33333333333333], [-0.1452222838997841, 0.508399029667868]], [[224.83333333333334], [-0.44572949409484863, 0.5036156856272209]], [[333.3333333333333], [-0.37567531069119775, 0.6101734615398936]], [[224.83333333333334], [-0.44572949409484863, 0.5036156856272209]], [[9.166666666666666], [0.0339663897951444, -0.5452829328450289]], [[64.33333333333333], [-0.43505529562632245, 0.51185103694788]], [[64.33333333333333], [-0.43505529562632245, 0.51185103694788]], [[224.83333333333334], [-0.44572949409484863, 0.5036156856272209]], [[333.3333333333333], [-0.37567531069119775, 0.6101734615398936]], [[54.833333333333336], [-0.010268720798194408, -0.5101554416583486]], [[64.33333333333333], [-0.43505529562632245, 0.51185103694788]], [[64.33333333333333], [-0.43505529562632245, 0.51185103694788]], [[9.833333333333334], [-0.03209785247842471, 0.6141351740896417]], [[10.5], [0.0323425109187762, -0.517564562804391]], [[224.83333333333334], [-0.44572949409484863, 0.5036156856272209]], [[224.83333333333334], [-0.44572949409484863, 0.5036156856272209]]], "102": [[[177.66666666666666], [0.5014812449614208, -0.49461181939503795]], [[177.66666666666666], [0.5014812449614208, -0.49461181939503795]], [[53.5], [-0.005355502556388577, -0.5159905296193356]], [[115.5], [-0.06787377720077833, -0.5228627455291566]], [[304.5], [-0.06085416302084923, 0.5028023246372716]], [[104.0], [-0.054741756369670234, -0.5228422475203373]], [[9.333333333333334], [-0.03209785247842471, 0.6141351740896417]], [[177.66666666666666], [0.5014812449614208, -0.49461181939503795]], [[303.1666666666667], [-0.013699705402056377, 0.009409975233759606]], [[104.0], [-0.054741756369670234, -0.5228422475203373]], [[104.0], [-0.054741756369670234, -0.5228422475203373]], [[9.333333333333334], [-0.03209785247842471, 0.6141351740896417]], [[10.0], [-0.03209785247842471, 0.6141351740896417]], [[104.0], [-0.054741756369670234, -0.5228422475203373]], [[102.5], [-0.07516736164689064, 0.5082581103133242]], [[102.5], [-0.07516736164689064, 0.5082581103133242]], [[9.333333333333334], [-0.03209785247842471, 0.6141351740896417]], [[20.833333333333332], [0.024266142087678116, -0.5097569960156126]], [[53.5], [-0.005355502556388577, -0.5159905296193356]], [[9.333333333333334], [-0.03209785247842471, 0.6141351740896417]]], "101": [[[125.0], [-0.44660424192746484, 0.5247774021477221]], [[125.0], [-0.44660424192746484, 0.5247774021477221]], [[125.0], [-0.44660424192746484, 0.5247774021477221]], [[142.83333333333334], [-0.10393040254712105, 0.5128193272357923]], [[125.0], [-0.44660424192746484, 0.5247774021477221]], [[125.0], [-0.44660424192746484, 0.5247774021477221]], [[125.0], [-0.44660424192746484, 0.5247774021477221]], [[125.0], [-0.44660424192746484, 0.5247774021477221]], [[125.0], [-0.44660424192746484, 0.5247774021477221]], [[13.333333333333334], [0.030403655643264454, -0.5138749568656301]], [[125.0], [-0.44660424192746484, 0.5247774021477221]], [[125.0], [-0.44660424192746484, 0.5247774021477221]], [[125.0], [-0.44660424192746484, 0.5247774021477221]], [[110.0], [-0.06828847030798595, -0.5249203178300812]], [[142.83333333333334], [-0.10393040254712105, 0.5128193272357923]], [[125.0], [-0.44660424192746484, 0.5247774021477221]], [[125.0], [-0.44660424192746484, 0.5247774021477221]], [[125.0], [-0.44660424192746484, 0.5247774021477221]], [[125.0], [-0.44660424192746484, 0.5247774021477221]], [[125.0], [-0.44660424192746484, 0.5247774021477221]]]}, "environment": "cartpole", "algorithm": "lambda", "container": "sub_novelty", "arguments": {"cross_method": "uniform", "l": 20, "m": 15, "mr": 0.039999999999999994, "cr": 1.0, "mutation_sigma": 1.0, "fitness_weight": 0.4, "decay": 1.0, "cross_uni": 0.7000000000000001, "ng": 20}}