{"fitness": {"102": [[[167.5], [0.11976738770802817, -0.5112255446648484]], [[167.5], [0.11976738770802817, -0.5112255446648484]], [[167.5], [0.11976738770802817, -0.5112255446648484]], [[411.3333333333333], [-0.010618957070012888, -0.0032171468878762007]], [[411.3333333333333], [-0.010618957070012888, -0.0032171468878762007]], [[411.3333333333333], [-0.010618957070012888, -0.0032171468878762007]], [[411.3333333333333], [-0.010618957070012888, -0.0032171468878762007]], [[167.5], [0.11976738770802817, -0.5112255446648484]], [[140.5], [0.5004627009232839, -0.25586627031627457]], [[411.3333333333333], [-0.010618957070012888, -0.0032171468878762007]], [[9.0], [0.0339663897951444, -0.5452829328450289]], [[207.0], [0.3401691963275274, 0.5085841534240394]], [[140.5], [0.5004627009232839, -0.25586627031627457]], [[411.3333333333333], [-0.010618957070012888, -0.0032171468878762007]], [[411.3333333333333], [-0.010618957070012888, -0.0032171468878762007]], [[411.3333333333333], [-0.010618957070012888, -0.0032171468878762007]], [[411.3333333333333], [-0.010618957070012888, -0.0032171468878762007]], [[411.3333333333333], [-0.010618957070012888, -0.0032171468878762007]], [[411.3333333333333], [-0.010618957070012888, -0.0032171468878762007]], [[411.3333333333333], [-0.010618957070012888, -0.0032171468878762007]]], "103": [[[126.16666666666667], [-0.1525321478645007, 0.5262733646557092]], [[303.1666666666667], [-0.08314162492752075, 0.5260627164224688]], [[126.16666666666667], [-0.1525321478645007, 0.5262733646557092]], [[303.1666666666667], [-0.08314162492752075, 0.5260627164224688]], [[126.16666666666667], [-0.1525321478645007, 0.5262733646557092]], [[303.1666666666667], [-0.08314162492752075, 0.5260627164224688]], [[303.1666666666667], [-0.08314162492752075, 0.5260627164224688]], [[126.16666666666667], [-0.1525321478645007, 0.5262733646557092]], [[126.16666666666667], [-0.1525321478645007, 0.5262733646557092]], [[303.1666666666667], [-0.08314162492752075, 0.5260627164224688]], [[303.1666666666667], [-0.08314162492752075, 0.5260627164224688]], [[303.1666666666667], [-0.08314162492752075, 0.5260627164224688]], [[303.1666666666667], [-0.08314162492752075, 0.5260627164224688]], [[303.1666666666667], [-0.08314162492752075, 0.5260627164224688]], [[126.16666666666667], [-0.1525321478645007, 0.5262733646557092]], [[126.16666666666667], [-0.1525321478645007, 0.5262733646557092]], [[126.16666666666667], [-0.1525321478645007, 0.5262733646557092]], [[303.1666666666667], [-0.08314162492752075, 0.5260627164224688]], [[303.1666666666667], [-0.08314162492752075, 0.5260627164224688]], [[303.1666666666667], [-0.08314162492752075, 0.5260627164224688]]], "101": [[[192.66666666666666], [0.5100629230340322, -0.3713896613942379]], [[192.66666666666666], [0.5100629230340322, -0.3713896613942379]], [[60.333333333333336], [-0.01185103397195538, -0.5092613719867177]], [[192.66666666666666], [0.5100629230340322, -0.3713896613942379]], [[192.66666666666666], [0.5100629230340322, -0.3713896613942379]], [[24.833333333333332], [0.024650304888685547, -0.518217611541018]], [[60.333333333333336], [-0.01185103397195538, -0.5092613719867177]], [[192.66666666666666], [0.5100629230340322, -0.3713896613942379]], [[130.33333333333334], [0.055137661596139274, 0.5204655123099186]], [[192.66666666666666], [0.5100629230340322, -0.3713896613942379]], [[130.33333333333334], [0.055137661596139274, 0.5204655123099186]], [[192.66666666666666], [0.5100629230340322, -0.3713896613942379]], [[192.66666666666666], [0.5100629230340322, -0.3713896613942379]], [[192.66666666666666], [0.5100629230340322, -0.3713896613942379]], [[192.66666666666666], [0.5100629230340322, -0.3713896613942379]], [[192.66666666666666], [0.5100629230340322, -0.3713896613942379]], [[192.66666666666666], [0.5100629230340322, -0.3713896613942379]], [[192.66666666666666], [0.5100629230340322, -0.3713896613942379]], [[192.66666666666666], [0.5100629230340322, -0.3713896613942379]], [[192.66666666666666], [0.5100629230340322, -0.3713896613942379]]]}, "environment": "cartpole", "algorithm": "lambda", "container": "sub_novelty", "arguments": {"cross_method": "uniform", "l": 20, "m": 5, "mr": 0.039999999999999994, "cr": 1.0, "mutation_sigma": 1.0, "fitness_weight": 0.4, "decay": 1.0, "cross_uni": 0.7000000000000001, "ng": 20}}