{"fitness": {"102": [[[9.666666666666666], [0.0339663897951444, -0.5452829328450289]], [[9.5], [0.0339663897951444, -0.5452829328450289]], [[9.666666666666666], [0.0339663897951444, -0.5452829328450289]], [[10.0], [-0.03209785247842471, 0.6141351740896417]], [[9.666666666666666], [0.0339663897951444, -0.5452829328450289]], [[9.666666666666666], [0.0339663897951444, -0.5452829328450289]], [[9.666666666666666], [0.0339663897951444, -0.5452829328450289]], [[9.666666666666666], [0.0339663897951444, -0.5452829328450289]], [[9.666666666666666], [0.0339663897951444, -0.5452829328450289]], [[9.333333333333334], [-0.03209785247842471, 0.6141351740896417]], [[62.666666666666664], [-0.0493557658046484, 0.5690459714551862]], [[9.666666666666666], [0.0339663897951444, -0.5452829328450289]], [[9.666666666666666], [0.0339663897951444, -0.5452829328450289]], [[10.0], [-0.03209785247842471, 0.6141351740896417]], [[9.333333333333334], [-0.03209785247842471, 0.6141351740896417]], [[159.0], [-0.5052462220191956, -0.12706546335699456]], [[9.666666666666666], [0.0339663897951444, -0.5452829328450289]], [[62.666666666666664], [-0.0493557658046484, 0.5690459714551862]], [[9.666666666666666], [0.0339663897951444, -0.5452829328450289]], [[9.666666666666666], [0.0339663897951444, -0.5452829328450289]]], "103": [[[9.166666666666666], [0.0339663897951444, -0.5452829328450289]], [[9.666666666666666], [0.0339663897951444, -0.5452829328450289]], [[12.833333333333334], [-0.03047466278076172, 0.5865105601589076]], [[9.833333333333334], [0.0339663897951444, -0.5452829328450289]], [[9.166666666666666], [0.0339663897951444, -0.5452829328450289]], [[9.166666666666666], [0.0339663897951444, -0.5452829328450289]], [[9.333333333333334], [-0.03209785247842471, 0.6141351740896417]], [[9.333333333333334], [-0.03209785247842471, 0.6141351740896417]], [[9.666666666666666], [0.0339663897951444, -0.5452829328450289]], [[154.0], [-0.28890321652094525, 0.5076616717297495]], [[72.83333333333333], [0.155449944237868, -0.537333733727487]], [[9.333333333333334], [-0.03209785247842471, 0.6141351740896417]], [[9.333333333333334], [-0.03209785247842471, 0.6141351740896417]], [[9.333333333333334], [-0.03209785247842471, 0.6141351740896417]], [[9.666666666666666], [0.0339663897951444, -0.5452829328450289]], [[154.0], [-0.28890321652094525, 0.5076616717297495]], [[72.83333333333333], [0.155449944237868, -0.537333733727487]], [[9.666666666666666], [0.0339663897951444, -0.5452829328450289]], [[9.666666666666666], [0.0339663897951444, -0.5452829328450289]], [[9.166666666666666], [0.0339663897951444, -0.5452829328450289]]], "101": [[[230.0], [0.3774868448575338, -0.5064192428543237]], [[188.33333333333334], [0.18169261515140533, -0.5019261506185577]], [[188.33333333333334], [0.18169261515140533, -0.5019261506185577]], [[500.0], [-0.024245351863404117, -0.006421984387249753]], [[9.333333333333334], [-0.03209785247842471, 0.6141351740896417]], [[283.1666666666667], [-0.21713693936665854, 0.5141328039922213]], [[500.0], [-0.024245351863404117, -0.006421984387249753]], [[126.0], [-0.15385127315918606, 0.5141754398505654]], [[126.0], [-0.15385127315918606, 0.5141754398505654]], [[188.33333333333334], [0.18169261515140533, -0.5019261506185577]], [[9.333333333333334], [-0.03209785247842471, 0.6141351740896417]], [[11.833333333333334], [0.029247229297955833, -0.5160672456453862]], [[188.33333333333334], [0.18169261515140533, -0.5019261506185577]], [[9.333333333333334], [-0.03047466278076172, 0.5865105601589076]], [[10.0], [-0.03209785247842471, 0.6141351740896417]], [[188.33333333333334], [0.18169261515140533, -0.5019261506185577]], [[283.1666666666667], [-0.21713693936665854, 0.5141328039922213]], [[500.0], [-0.024245351863404117, -0.006421984387249753]], [[283.1666666666667], [-0.21713693936665854, 0.5141328039922213]], [[188.33333333333334], [0.18169261515140533, -0.5019261506185577]]]}, "environment": "cartpole", "algorithm": "lambda", "container": "sub_novelty", "arguments": {"cross_method": "uniform", "l": 20, "m": 15, "mr": 0.09, "cr": 1.0, "mutation_sigma": 1.0, "fitness_weight": 0.4, "decay": 1.0, "cross_uni": 0.7000000000000001, "ng": 20}}