{"fitness": {"102": [[[497.8333333333333], [-0.13741377741098404, -0.1307090378976895]], [[497.8333333333333], [-0.13741377741098404, -0.1307090378976895]], [[497.8333333333333], [-0.13741377741098404, -0.1307090378976895]], [[497.8333333333333], [-0.13741377741098404, -0.1307090378976895]], [[497.8333333333333], [-0.13741377741098404, -0.1307090378976895]], [[497.8333333333333], [-0.13741377741098404, -0.1307090378976895]], [[497.8333333333333], [-0.13741377741098404, -0.1307090378976895]], [[497.8333333333333], [-0.13741377741098404, -0.1307090378976895]], [[497.8333333333333], [-0.13741377741098404, -0.1307090378976895]], [[497.8333333333333], [-0.13741377741098404, -0.1307090378976895]], [[497.8333333333333], [-0.13741377741098404, -0.1307090378976895]], [[497.8333333333333], [-0.13741377741098404, -0.1307090378976895]], [[497.8333333333333], [-0.13741377741098404, -0.1307090378976895]], [[497.8333333333333], [-0.13741377741098404, -0.1307090378976895]], [[497.8333333333333], [-0.13741377741098404, -0.1307090378976895]], [[500.0], [-0.006108349577213327, 0.00584422628524486]], [[497.8333333333333], [-0.13741377741098404, -0.1307090378976895]], [[500.0], [-0.006108349577213327, 0.00584422628524486]], [[497.8333333333333], [-0.13741377741098404, -0.1307090378976895]], [[497.8333333333333], [-0.13741377741098404, -0.1307090378976895]]], "101": [[[475.5], [-0.024241868716975055, -0.007233170805828708]], [[475.5], [-0.024241868716975055, -0.007233170805828708]], [[475.5], [-0.024241868716975055, -0.007233170805828708]], [[500.0], [-0.007572499259064595, -0.007145944537158218]], [[475.5], [-0.024241868716975055, -0.007233170805828708]], [[475.5], [-0.024241868716975055, -0.007233170805828708]], [[475.5], [-0.024241868716975055, -0.007233170805828708]], [[475.5], [-0.024241868716975055, -0.007233170805828708]], [[475.5], [-0.024241868716975055, -0.007233170805828708]], [[475.5], [-0.024241868716975055, -0.007233170805828708]], [[475.5], [-0.024241868716975055, -0.007233170805828708]], [[475.5], [-0.024241868716975055, -0.007233170805828708]], [[475.5], [-0.024241868716975055, -0.007233170805828708]], [[475.5], [-0.024241868716975055, -0.007233170805828708]], [[475.5], [-0.024241868716975055, -0.007233170805828708]], [[475.5], [-0.024241868716975055, -0.007233170805828708]], [[475.5], [-0.024241868716975055, -0.007233170805828708]], [[500.0], [-0.007572499259064595, -0.007145944537158218]], [[500.0], [-0.007572499259064595, -0.007145944537158218]], [[475.5], [-0.024241868716975055, -0.007233170805828708]]], "103": [[[500.0], [-0.016673654317855835, -0.005005244455304728]], [[500.0], [-0.006072644609957933, -0.0032009866030699614]], [[500.0], [-0.006072644609957933, -0.0032009866030699614]], [[500.0], [-0.006072644609957933, -0.0032009866030699614]], [[500.0], [-0.006072644609957933, -0.0032009866030699614]], [[500.0], [-0.006072644609957933, -0.0032009866030699614]], [[500.0], [-0.016673654317855835, -0.005005244455304728]], [[500.0], [-0.016673654317855835, -0.005005244455304728]], [[500.0], [-0.016673654317855835, -0.005005244455304728]], [[500.0], [-0.016673654317855835, -0.005005244455304728]], [[500.0], [-0.006072644609957933, -0.0032009866030699614]], [[500.0], [-0.016673654317855835, -0.005005244455304728]], [[500.0], [-0.006072644609957933, -0.0032009866030699614]], [[500.0], [-0.016673654317855835, -0.005005244455304728]], [[500.0], [-0.006072644609957933, -0.0032009866030699614]], [[500.0], [-0.006072644609957933, -0.0032009866030699614]], [[500.0], [-0.006072644609957933, -0.0032009866030699614]], [[500.0], [-0.006072644609957933, -0.0032009866030699614]], [[500.0], [-0.006072644609957933, -0.0032009866030699614]], [[500.0], [-0.006072644609957933, -0.0032009866030699614]]]}, "environment": "cartpole", "algorithm": "diff", "container": "elite_archiving", "arguments": {"l": 20, "mr": 1.0, "cr": 0.5, "archiving_period": 2, "archive_batch": 4, "ng": 20}}