{"fitness": {"103": [[[397.8333333333333], [-0.10456537206967673, -0.00618073173562448]], [[397.8333333333333], [-0.10456537206967673, -0.00618073173562448]], [[397.8333333333333], [-0.10456537206967673, -0.00618073173562448]], [[397.8333333333333], [-0.10456537206967673, -0.00618073173562448]], [[397.8333333333333], [-0.10456537206967673, -0.00618073173562448]], [[397.8333333333333], [-0.10456537206967673, -0.00618073173562448]], [[397.8333333333333], [-0.10456537206967673, -0.00618073173562448]], [[397.8333333333333], [-0.10456537206967673, -0.00618073173562448]], [[338.6666666666667], [-0.21119661629199982, -0.5220482437804556]], [[397.8333333333333], [-0.10456537206967673, -0.00618073173562448]], [[397.8333333333333], [-0.10456537206967673, -0.00618073173562448]], [[397.8333333333333], [-0.10456537206967673, -0.00618073173562448]], [[397.8333333333333], [-0.10456537206967673, -0.00618073173562448]], [[397.8333333333333], [-0.10456537206967673, -0.00618073173562448]], [[397.8333333333333], [-0.10456537206967673, -0.00618073173562448]], [[397.8333333333333], [-0.10456537206967673, -0.00618073173562448]], [[397.8333333333333], [-0.10456537206967673, -0.00618073173562448]], [[397.8333333333333], [-0.10456537206967673, -0.00618073173562448]], [[397.8333333333333], [-0.10456537206967673, -0.00618073173562448]], [[397.8333333333333], [-0.10456537206967673, -0.00618073173562448]], [[397.8333333333333], [-0.10456537206967673, -0.00618073173562448]], [[397.8333333333333], [-0.10456537206967673, -0.00618073173562448]], [[397.8333333333333], [-0.10456537206967673, -0.00618073173562448]], [[397.8333333333333], [-0.10456537206967673, -0.00618073173562448]], [[397.8333333333333], [-0.10456537206967673, -0.00618073173562448]], [[397.8333333333333], [-0.10456537206967673, -0.00618073173562448]], [[397.8333333333333], [-0.10456537206967673, -0.00618073173562448]], [[397.8333333333333], [-0.10456537206967673, -0.00618073173562448]], [[397.8333333333333], [-0.10456537206967673, -0.00618073173562448]], [[397.8333333333333], [-0.10456537206967673, -0.00618073173562448]]], "102": [[[500.0], [-0.06066425393025081, 0.0057319183633373115]], [[500.0], [-0.06066425393025081, 0.0057319183633373115]], [[500.0], [-0.06066425393025081, 0.0057319183633373115]], [[500.0], [-0.06066425393025081, 0.0057319183633373115]], [[500.0], [-0.06066425393025081, 0.0057319183633373115]], [[205.33333333333334], [-0.25630317628383636, -0.5149977486669732]], [[500.0], [-0.022727030639847122, -0.0071554627429925655]], [[500.0], [-0.06066425393025081, 0.0057319183633373115]], [[500.0], [-0.06066425393025081, 0.0057319183633373115]], [[205.33333333333334], [-0.25630317628383636, -0.5149977486669732]], [[500.0], [-0.06066425393025081, 0.0057319183633373115]], [[500.0], [-0.06066425393025081, 0.0057319183633373115]], [[500.0], [-0.06066425393025081, 0.0057319183633373115]], [[500.0], [-0.022727030639847122, -0.0071554627429925655]], [[500.0], [-0.06066425393025081, 0.0057319183633373115]], [[500.0], [-0.06066425393025081, 0.0057319183633373115]], [[500.0], [-0.022727030639847122, -0.0071554627429925655]], [[500.0], [-0.022727030639847122, -0.0071554627429925655]], [[500.0], [-0.06066425393025081, 0.0057319183633373115]], [[500.0], [-0.06066425393025081, 0.0057319183633373115]], [[205.33333333333334], [-0.25630317628383636, -0.5149977486669732]], [[500.0], [-0.06066425393025081, 0.0057319183633373115]], [[205.33333333333334], [-0.25630317628383636, -0.5149977486669732]], [[500.0], [-0.06066425393025081, 0.0057319183633373115]], [[500.0], [-0.022727030639847122, -0.0071554627429925655]], [[500.0], [-0.06066425393025081, 0.0057319183633373115]], [[500.0], [-0.06066425393025081, 0.0057319183633373115]], [[500.0], [-0.06066425393025081, 0.0057319183633373115]], [[500.0], [-0.06066425393025081, 0.0057319183633373115]], [[255.66666666666666], [0.09029124553004901, -0.5258705342215214]]], "101": [[[475.5], [-0.024241868716975055, -0.007233170805828708]], [[475.5], [-0.024241868716975055, -0.007233170805828708]], [[475.5], [-0.024241868716975055, -0.007233170805828708]], [[475.5], [-0.024241868716975055, -0.007233170805828708]], [[500.0], [-0.06253054365515709, 0.09459659956288681]], [[475.5], [-0.024241868716975055, -0.007233170805828708]], [[475.5], [-0.024241868716975055, -0.007233170805828708]], [[475.5], [-0.024241868716975055, -0.007233170805828708]], [[475.5], [-0.024241868716975055, -0.007233170805828708]], [[475.5], [-0.024241868716975055, -0.007233170805828708]], [[475.5], [-0.024241868716975055, -0.007233170805828708]], [[475.5], [-0.024241868716975055, -0.007233170805828708]], [[475.5], [-0.024241868716975055, -0.007233170805828708]], [[475.5], [-0.024241868716975055, -0.007233170805828708]], [[500.0], [-0.06253054365515709, 0.09459659956288681]], [[500.0], [-0.06253054365515709, 0.09459659956288681]], [[476.1666666666667], [-0.017189085483551025, 0.12584996708272178]], [[475.5], [-0.024241868716975055, -0.007233170805828708]], [[475.5], [-0.024241868716975055, -0.007233170805828708]], [[475.5], [-0.024241868716975055, -0.007233170805828708]], [[475.5], [-0.024241868716975055, -0.007233170805828708]], [[475.5], [-0.024241868716975055, -0.007233170805828708]], [[500.0], [-0.06253054365515709, 0.09459659956288681]], [[475.5], [-0.024241868716975055, -0.007233170805828708]], [[475.5], [-0.024241868716975055, -0.007233170805828708]], [[500.0], [-0.006008801283314824, -0.019362080467945082]], [[475.5], [-0.024241868716975055, -0.007233170805828708]], [[475.5], [-0.024241868716975055, -0.007233170805828708]], [[475.5], [-0.024241868716975055, -0.007233170805828708]], [[475.5], [-0.024241868716975055, -0.007233170805828708]]]}, "environment": "cartpole", "algorithm": "diff", "container": "elite_archiving", "arguments": {"l": 30, "mr": 1.0, "cr": 0.5, "archiving_period": 2, "archive_batch": 4, "ng": 20}}