{"fitness": {"103": [[[500.0], [-0.0030011006553346915, -0.013492491238853007]], [[376.0], [-0.5036712189515432, -0.457652412248]], [[500.0], [-0.0030011006553346915, -0.013492491238853007]], [[154.0], [-0.14573942869901657, 0.5286605449384479]], [[328.8333333333333], [-0.1908014218012492, -0.52449035872683]], [[376.0], [-0.5036712189515432, -0.457652412248]], [[500.0], [-0.0030011006553346915, -0.013492491238853007]], [[500.0], [-0.0030011006553346915, -0.013492491238853007]], [[376.0], [-0.5036712189515432, -0.457652412248]], [[500.0], [-0.0030011006553346915, -0.013492491238853007]], [[376.0], [-0.5036712189515432, -0.457652412248]], [[500.0], [-0.0030011006553346915, -0.013492491238853007]], [[500.0], [-0.0030011006553346915, -0.013492491238853007]], [[500.0], [-0.0030011006553346915, -0.013492491238853007]], [[500.0], [-0.0030011006553346915, -0.013492491238853007]], [[500.0], [-0.0030011006553346915, -0.013492491238853007]], [[376.0], [-0.5036712189515432, -0.457652412248]], [[500.0], [-0.0030011006553346915, -0.013492491238853007]], [[500.0], [-0.0030011006553346915, -0.013492491238853007]], [[500.0], [-0.0030011006553346915, -0.013492491238853007]], [[328.8333333333333], [-0.1908014218012492, -0.52449035872683]], [[376.0], [-0.5036712189515432, -0.457652412248]], [[328.8333333333333], [-0.1908014218012492, -0.52449035872683]], [[328.8333333333333], [-0.1908014218012492, -0.52449035872683]], [[500.0], [-0.0030011006553346915, -0.013492491238853007]]], "102": [[[500.0], [-0.02876846119761467, -0.012314292428453574]], [[500.0], [-0.015195465336243313, 0.00440847417161439]], [[500.0], [-0.02876846119761467, -0.012314292428453574]], [[500.0], [0.0015690333869618676, -0.020676459582371007]], [[500.0], [0.0015690333869618676, -0.020676459582371007]], [[500.0], [0.0015690333869618676, -0.020676459582371007]], [[500.0], [0.0015690333869618676, -0.020676459582371007]], [[500.0], [0.0015690333869618676, -0.020676459582371007]], [[500.0], [0.0015690333869618676, -0.020676459582371007]], [[500.0], [-0.015195465336243313, 0.00440847417161439]], [[500.0], [-0.015195465336243313, 0.00440847417161439]], [[137.33333333333334], [-0.5001906553904216, -0.21090281850983653]], [[500.0], [0.0015690333869618676, -0.020676459582371007]], [[500.0], [-4.5819175890452854e-05, 0.005648275347132432]], [[500.0], [0.0015690333869618676, -0.020676459582371007]], [[500.0], [0.0015690333869618676, -0.020676459582371007]], [[500.0], [0.0015690333869618676, -0.020676459582371007]], [[500.0], [-0.02876846119761467, -0.012314292428453574]], [[500.0], [0.0015690333869618676, -0.020676459582371007]], [[500.0], [-0.07419756303230922, -0.021058148102897207]], [[500.0], [0.0015690333869618676, -0.020676459582371007]], [[500.0], [0.0015690333869618676, -0.020676459582371007]], [[500.0], [-4.5819175890452854e-05, 0.005648275347132432]], [[500.0], [0.0015690333869618676, -0.020676459582371007]], [[500.0], [-0.02876846119761467, -0.012314292428453574]]], "101": [[[475.5], [-0.024241868716975055, -0.007233170805828708]], [[500.0], [-0.009052696793029707, -0.016080682348620378]], [[475.5], [-0.024241868716975055, -0.007233170805828708]], [[500.0], [-0.06368337199091911, 0.002754685629390929]], [[475.5], [-0.024241868716975055, -0.007233170805828708]], [[475.5], [-0.024241868716975055, -0.007233170805828708]], [[475.5], [-0.024241868716975055, -0.007233170805828708]], [[475.5], [-0.024241868716975055, -0.007233170805828708]], [[475.5], [-0.024241868716975055, -0.007233170805828708]], [[500.0], [-0.009052696793029707, -0.016080682348620378]], [[500.0], [-0.009052696793029707, -0.016080682348620378]], [[500.0], [-0.009052696793029707, -0.016080682348620378]], [[475.5], [-0.024241868716975055, -0.007233170805828708]], [[475.5], [-0.024241868716975055, -0.007233170805828708]], [[500.0], [-0.009052696793029707, -0.016080682348620378]], [[475.5], [-0.024241868716975055, -0.007233170805828708]], [[475.5], [-0.024241868716975055, -0.007233170805828708]], [[475.5], [-0.024241868716975055, -0.007233170805828708]], [[475.5], [-0.024241868716975055, -0.007233170805828708]], [[500.0], [-0.009052696793029707, -0.016080682348620378]], [[475.5], [-0.024241868716975055, -0.007233170805828708]], [[500.0], [-0.009052696793029707, -0.016080682348620378]], [[500.0], [-0.009052696793029707, -0.016080682348620378]], [[500.0], [-0.009052696793029707, -0.016080682348620378]], [[500.0], [-0.009052696793029707, -0.016080682348620378]]]}, "environment": "cartpole", "algorithm": "diff", "container": "elite_archiving", "arguments": {"l": 25, "mr": 0.8, "cr": 0.6, "archiving_period": 2, "archive_batch": 4, "ng": 20}}