{"fitness": {"101": [[[475.5], [-0.024241868716975055, -0.007233170805828708]], [[500.0], [-0.010674858931452036, 0.010951654985547066]], [[475.5], [-0.024241868716975055, -0.007233170805828708]], [[500.0], [-0.06368337199091911, 0.002754685629390929]], [[475.5], [-0.024241868716975055, -0.007233170805828708]], [[475.5], [-0.024241868716975055, -0.007233170805828708]], [[500.0], [-0.010582241229712963, -0.012513611055732345]], [[475.5], [-0.024241868716975055, -0.007233170805828708]], [[500.0], [-0.010582241229712963, -0.012513611055732345]], [[500.0], [-0.010674858931452036, 0.010951654985547066]], [[500.0], [-0.010674858931452036, 0.010951654985547066]], [[500.0], [-0.010674858931452036, 0.010951654985547066]], [[475.5], [-0.024241868716975055, -0.007233170805828708]], [[500.0], [-0.010582241229712963, -0.012513611055732345]], [[500.0], [-0.010674858931452036, 0.010951654985547066]], [[500.0], [-0.010582241229712963, -0.012513611055732345]], [[475.5], [-0.024241868716975055, -0.007233170805828708]], [[500.0], [-0.010582241229712963, -0.012513611055732345]], [[475.5], [-0.024241868716975055, -0.007233170805828708]], [[500.0], [-0.010674858931452036, 0.010951654985547066]], [[500.0], [-0.010582241229712963, -0.012513611055732345]], [[500.0], [-0.010674858931452036, 0.010951654985547066]], [[500.0], [-0.006103311510135731, 0.004562888512806744]], [[500.0], [-0.010674858931452036, 0.010951654985547066]], [[500.0], [-0.010674858931452036, 0.010951654985547066]]], "102": [[[500.0], [-0.006074950797483325, -0.002609896997177002]], [[500.0], [-0.006070750144620737, -0.0036757126891691434]], [[500.0], [-0.006074950797483325, -0.002609896997177002]], [[500.0], [-0.006070750144620737, -0.0036757126891691434]], [[500.0], [-0.006070750144620737, -0.0036757126891691434]], [[500.0], [-0.006070750144620737, -0.0036757126891691434]], [[500.0], [-0.006070750144620737, -0.0036757126891691434]], [[500.0], [-0.006070750144620737, -0.0036757126891691434]], [[500.0], [-0.006070750144620737, -0.0036757126891691434]], [[500.0], [-0.006070750144620737, -0.0036757126891691434]], [[500.0], [-0.006070750144620737, -0.0036757126891691434]], [[500.0], [-0.006070750144620737, -0.0036757126891691434]], [[500.0], [-0.007594968968381485, -0.0015652824012767613]], [[500.0], [-0.006070750144620737, -0.0036757126891691434]], [[500.0], [-0.006070750144620737, -0.0036757126891691434]], [[500.0], [-0.0015873081671694915, 0.01197051519804309]], [[500.0], [-0.006070750144620737, -0.0036757126891691434]], [[500.0], [-0.006074950797483325, -0.002609896997177002]], [[500.0], [-0.006070750144620737, -0.0036757126891691434]], [[500.0], [-0.006070750144620737, -0.0036757126891691434]], [[500.0], [-0.006070750144620737, -0.0036757126891691434]], [[500.0], [-0.006070750144620737, -0.0036757126891691434]], [[500.0], [-0.006070750144620737, -0.0036757126891691434]], [[500.0], [-0.006070750144620737, -0.0036757126891691434]], [[500.0], [-0.006074950797483325, -0.002609896997177002]]], "103": [[[500.0], [-0.011764027488728365, -0.09709782007208281]], [[176.5], [-0.33190918465455377, 0.5952862033433322]], [[500.0], [-0.011764027488728365, -0.09709782007208281]], [[324.1666666666667], [0.5030136307080587, 0.4687793018144854]], [[143.16666666666666], [-0.0736630770067374, -0.5175848112722333]], [[176.5], [-0.33190918465455377, 0.5952862033433322]], [[500.0], [-0.011764027488728365, -0.09709782007208281]], [[337.0], [0.0015047444806744656, -0.0033324969259567526]], [[222.83333333333334], [0.12776434421539307, -0.5018731766340265]], [[337.0], [0.0015047444806744656, -0.0033324969259567526]], [[176.5], [-0.33190918465455377, 0.5952862033433322]], [[500.0], [-0.011764027488728365, -0.09709782007208281]], [[337.0], [0.0015047444806744656, -0.0033324969259567526]], [[449.5], [-0.04542400439580282, -0.015985356581410724]], [[500.0], [-0.0515532090018193, 0.001093513139024484]], [[500.0], [-0.011764027488728365, -0.09709782007208281]], [[176.5], [-0.33190918465455377, 0.5952862033433322]], [[500.0], [-0.0515532090018193, 0.001093513139024484]], [[500.0], [-0.0515532090018193, 0.001093513139024484]], [[500.0], [-0.011764027488728365, -0.09709782007208281]], [[143.16666666666666], [-0.0736630770067374, -0.5175848112722333]], [[176.5], [-0.33190918465455377, 0.5952862033433322]], [[143.16666666666666], [-0.0736630770067374, -0.5175848112722333]], [[143.16666666666666], [-0.0736630770067374, -0.5175848112722333]], [[500.0], [-0.013728795262674492, 0.016769795326524947]]]}, "environment": "cartpole", "algorithm": "diff", "container": "elite_archiving", "arguments": {"l": 25, "mr": 1.0, "cr": 0.5, "archiving_period": 2, "archive_batch": 4, "ng": 20}}