{"fitness": {"103": [[[223.5], [-0.0918907734254996, 0.5055344418475503]], [[223.5], [-0.0918907734254996, 0.5055344418475503]], [[223.5], [-0.0918907734254996, 0.5055344418475503]], [[500.0], [0.23002517720063528, 0.07590901053122927]], [[223.5], [-0.0918907734254996, 0.5055344418475503]], [[500.0], [0.23002517720063528, 0.07590901053122927]], [[223.5], [-0.0918907734254996, 0.5055344418475503]], [[223.5], [-0.0918907734254996, 0.5055344418475503]], [[270.5], [-0.17163154979546866, -0.29267536467342287]], [[223.5], [-0.0918907734254996, 0.5055344418475503]], [[223.5], [-0.0918907734254996, 0.5055344418475503]], [[500.0], [0.23002517720063528, 0.07590901053122927]], [[500.0], [0.23002517720063528, 0.07590901053122927]], [[500.0], [0.23002517720063528, 0.07590901053122927]], [[223.5], [-0.0918907734254996, 0.5055344418475503]], [[223.5], [-0.0918907734254996, 0.5055344418475503]], [[223.5], [-0.0918907734254996, 0.5055344418475503]], [[500.0], [0.23002517720063528, 0.07590901053122927]], [[500.0], [0.23002517720063528, 0.07590901053122927]], [[500.0], [0.23002517720063528, 0.07590901053122927]], [[500.0], [0.23002517720063528, 0.07590901053122927]], [[223.5], [-0.0918907734254996, 0.5055344418475503]], [[223.5], [-0.0918907734254996, 0.5055344418475503]], [[223.5], [-0.0918907734254996, 0.5055344418475503]], [[223.5], [-0.0918907734254996, 0.5055344418475503]], [[223.5], [-0.0918907734254996, 0.5055344418475503]], [[223.5], [-0.0918907734254996, 0.5055344418475503]], [[500.0], [0.23002517720063528, 0.07590901053122927]], [[500.0], [0.23002517720063528, 0.07590901053122927]], [[223.5], [-0.0918907734254996, 0.5055344418475503]]], "102": [[[500.0], [-0.1427265877525012, 0.06614445427958475]], [[500.0], [-0.1427265877525012, 0.06614445427958475]], [[500.0], [-0.1427265877525012, 0.06614445427958475]], [[500.0], [-0.033364693323771163, 0.0003243071855932617]], [[500.0], [-0.1427265877525012, 0.06614445427958475]], [[418.5], [-0.0030956238818665347, 0.010456001992074497]], [[500.0], [-0.1427265877525012, 0.06614445427958475]], [[500.0], [0.02146333611259858, -0.06857032232592551]], [[500.0], [-0.033364693323771163, 0.0003243071855932617]], [[418.5], [-0.0030956238818665347, 0.010456001992074497]], [[500.0], [-0.1427265877525012, 0.06614445427958475]], [[500.0], [0.02146333611259858, -0.06857032232592551]], [[500.0], [-0.1427265877525012, 0.06614445427958475]], [[500.0], [-0.028855384637912117, 0.00970021589841854]], [[500.0], [-0.1427265877525012, 0.06614445427958475]], [[500.0], [-0.1427265877525012, 0.06614445427958475]], [[500.0], [-0.028855384637912117, 0.00970021589841854]], [[500.0], [-0.028855384637912117, 0.00970021589841854]], [[500.0], [-0.1427265877525012, 0.06614445427958475]], [[500.0], [-0.006118957729389271, 0.008536752816913516]], [[418.5], [-0.0030956238818665347, 0.010456001992074497]], [[500.0], [-0.033364693323771163, 0.0003243071855932617]], [[418.5], [-0.0030956238818665347, 0.010456001992074497]], [[500.0], [-0.1427265877525012, 0.06614445427958475]], [[500.0], [-0.028855384637912117, 0.00970021589841854]], [[500.0], [-0.0015308700191477935, -0.002041889235386224]], [[500.0], [-0.1427265877525012, 0.06614445427958475]], [[500.0], [-0.033364693323771163, 0.0003243071855932617]], [[500.0], [-0.1427265877525012, 0.06614445427958475]], [[418.5], [-0.0030956238818665347, 0.010456001992074497]]], "101": [[[475.5], [-0.024241868716975055, -0.007233170805828708]], [[500.0], [-0.03184015552202861, -0.0019813429633306974]], [[475.5], [-0.024241868716975055, -0.007233170805828708]], [[475.5], [-0.024241868716975055, -0.007233170805828708]], [[190.83333333333334], [0.3092831869920095, 0.5026236532977894]], [[475.5], [-0.024241868716975055, -0.007233170805828708]], [[500.0], [-0.03184015552202861, -0.0019813429633306974]], [[475.5], [-0.024241868716975055, -0.007233170805828708]], [[475.5], [-0.024241868716975055, -0.007233170805828708]], [[500.0], [-0.03184015552202861, -0.0019813429633306974]], [[475.5], [-0.024241868716975055, -0.007233170805828708]], [[475.5], [-0.024241868716975055, -0.007233170805828708]], [[500.0], [-0.03184015552202861, -0.0019813429633306974]], [[500.0], [-0.03184015552202861, -0.0019813429633306974]], [[190.83333333333334], [0.3092831869920095, 0.5026236532977894]], [[190.83333333333334], [0.3092831869920095, 0.5026236532977894]], [[491.8333333333333], [-0.03486006210247676, -0.004781526513397694]], [[475.5], [-0.024241868716975055, -0.007233170805828708]], [[500.0], [-0.03184015552202861, -0.0019813429633306974]], [[500.0], [-0.03184015552202861, -0.0019813429633306974]], [[475.5], [-0.024241868716975055, -0.007233170805828708]], [[500.0], [-0.03184015552202861, -0.0019813429633306974]], [[190.83333333333334], [0.3092831869920095, 0.5026236532977894]], [[475.5], [-0.024241868716975055, -0.007233170805828708]], [[475.5], [-0.024241868716975055, -0.007233170805828708]], [[475.5], [-0.024241868716975055, -0.007233170805828708]], [[500.0], [-0.03184015552202861, -0.0019813429633306974]], [[475.5], [-0.024241868716975055, -0.007233170805828708]], [[500.0], [-0.03184015552202861, -0.0019813429633306974]], [[475.5], [-0.024241868716975055, -0.007233170805828708]]]}, "environment": "cartpole", "algorithm": "diff", "container": "elite_archiving", "arguments": {"l": 30, "mr": 0.9, "cr": 0.5, "archiving_period": 2, "archive_batch": 4, "ng": 20}}