{"fitness": {"103": [[[500.0], [-0.031795346488555275, -0.013336736450426316]], [[189.16666666666666], [-0.16456950455904007, -0.5034743741368564]], [[500.0], [-0.031795346488555275, -0.013336736450426316]], [[189.16666666666666], [-0.16456950455904007, -0.5034743741368564]], [[367.0], [-0.1257701839009921, -0.009108502997094365]], [[189.16666666666666], [-0.16456950455904007, -0.5034743741368564]], [[500.0], [-0.031795346488555275, -0.013336736450426316]], [[500.0], [-0.031795346488555275, -0.013336736450426316]], [[189.16666666666666], [-0.16456950455904007, -0.5034743741368564]], [[500.0], [-0.031795346488555275, -0.013336736450426316]], [[189.16666666666666], [-0.16456950455904007, -0.5034743741368564]], [[500.0], [-0.030356279263893764, 0.006016408445304661]], [[500.0], [-0.031795346488555275, -0.013336736450426316]], [[359.8333333333333], [-0.027314797043800354, 0.0033291200461071074]], [[500.0], [-0.031795346488555275, -0.013336736450426316]], [[500.0], [-0.030356279263893764, 0.006016408445304661]], [[189.16666666666666], [-0.16456950455904007, -0.5034743741368564]], [[500.0], [-0.031795346488555275, -0.013336736450426316]], [[500.0], [-0.031795346488555275, -0.013336736450426316]], [[500.0], [-0.030356279263893764, 0.006016408445304661]], [[367.0], [-0.1257701839009921, -0.009108502997094365]], [[189.16666666666666], [-0.16456950455904007, -0.5034743741368564]], [[367.0], [-0.1257701839009921, -0.009108502997094365]], [[367.0], [-0.1257701839009921, -0.009108502997094365]], [[500.0], [-0.015207954371968906, 0.007587212079948786]]], "101": [[[475.5], [-0.024241868716975055, -0.007233170805828708]], [[500.0], [-0.022718744973341625, -0.00924640000935947]], [[475.5], [-0.024241868716975055, -0.007233170805828708]], [[500.0], [-0.06368337199091911, 0.002754685629390929]], [[475.5], [-0.024241868716975055, -0.007233170805828708]], [[475.5], [-0.024241868716975055, -0.007233170805828708]], [[500.0], [0.0202685734257102, -0.14976003880135752]], [[475.5], [-0.024241868716975055, -0.007233170805828708]], [[500.0], [-0.022718744973341625, -0.00924640000935947]], [[500.0], [-0.018211090937256813, 0.0005556313927022464]], [[500.0], [-0.022718744973341625, -0.00924640000935947]], [[500.0], [-0.022718744973341625, -0.00924640000935947]], [[475.5], [-0.024241868716975055, -0.007233170805828708]], [[475.5], [-0.024241868716975055, -0.007233170805828708]], [[500.0], [-0.022718744973341625, -0.00924640000935947]], [[475.5], [-0.024241868716975055, -0.007233170805828708]], [[475.5], [-0.024241868716975055, -0.007233170805828708]], [[475.5], [-0.024241868716975055, -0.007233170805828708]], [[475.5], [-0.024241868716975055, -0.007233170805828708]], [[500.0], [-0.022718744973341625, -0.00924640000935947]], [[475.5], [-0.024241868716975055, -0.007233170805828708]], [[500.0], [-0.018211090937256813, 0.0005556313927022464]], [[500.0], [-0.022718744973341625, -0.00924640000935947]], [[500.0], [-0.022718744973341625, -0.00924640000935947]], [[500.0], [-0.018211090937256813, 0.0005556313927022464]]], "102": [[[500.0], [-0.0016395997954532504, 0.025308022551844566]], [[500.0], [-0.005969802926604947, -0.029295638346215756]], [[500.0], [-0.0016395997954532504, 0.025308022551844566]], [[500.0], [-0.006123683803404371, 0.009734902094211875]], [[500.0], [-0.006123683803404371, 0.009734902094211875]], [[500.0], [-0.006123683803404371, 0.009734902094211875]], [[500.0], [-0.006123683803404371, 0.009734902094211875]], [[500.0], [-0.006123683803404371, 0.009734902094211875]], [[500.0], [-0.006123683803404371, 0.009734902094211875]], [[500.0], [-0.005969802926604947, -0.029295638346215756]], [[500.0], [-0.005969802926604947, -0.029295638346215756]], [[500.0], [-0.006123683803404371, 0.009734902094211875]], [[500.0], [-0.010626227594912052, -0.0014047297976608054]], [[500.0], [-0.006123683803404371, 0.009734902094211875]], [[500.0], [-0.006123683803404371, 0.009734902094211875]], [[500.0], [-0.006123683803404371, 0.009734902094211875]], [[500.0], [-0.006123683803404371, 0.009734902094211875]], [[500.0], [-0.0016395997954532504, 0.025308022551844566]], [[500.0], [-0.006123683803404371, 0.009734902094211875]], [[500.0], [-0.006123683803404371, 0.009734902094211875]], [[500.0], [-0.006123683803404371, 0.009734902094211875]], [[500.0], [-0.006123683803404371, 0.009734902094211875]], [[500.0], [-0.006123683803404371, 0.009734902094211875]], [[500.0], [-0.006123683803404371, 0.009734902094211875]], [[500.0], [-0.0016395997954532504, 0.025308022551844566]]]}, "environment": "cartpole", "algorithm": "diff", "container": "elite_archiving", "arguments": {"l": 25, "mr": 0.8, "cr": 0.5, "archiving_period": 2, "archive_batch": 4, "ng": 20}}