{"fitness": {"103": [[[428.0], [0.18923303733269375, 0.5189339367396524]], [[428.0], [0.18923303733269375, 0.5189339367396524]], [[428.0], [0.18923303733269375, 0.5189339367396524]], [[428.0], [0.18923303733269375, 0.5189339367396524]], [[428.0], [0.18923303733269375, 0.5189339367396524]], [[428.0], [0.18923303733269375, 0.5189339367396524]], [[428.0], [0.18923303733269375, 0.5189339367396524]], [[428.0], [0.18923303733269375, 0.5189339367396524]], [[428.0], [0.18923303733269375, 0.5189339367396524]], [[428.0], [0.18923303733269375, 0.5189339367396524]], [[428.0], [0.18923303733269375, 0.5189339367396524]], [[428.0], [0.18923303733269375, 0.5189339367396524]], [[428.0], [0.18923303733269375, 0.5189339367396524]], [[428.0], [0.18923303733269375, 0.5189339367396524]], [[355.5], [-0.03641112086673578, 0.004241492267270265]], [[428.0], [0.18923303733269375, 0.5189339367396524]], [[428.0], [0.18923303733269375, 0.5189339367396524]], [[355.5], [-0.03641112086673578, 0.004241492267270265]], [[428.0], [0.18923303733269375, 0.5189339367396524]], [[428.0], [0.18923303733269375, 0.5189339367396524]], [[428.0], [0.18923303733269375, 0.5189339367396524]], [[428.0], [0.18923303733269375, 0.5189339367396524]], [[428.0], [0.18923303733269375, 0.5189339367396524]], [[428.0], [0.18923303733269375, 0.5189339367396524]], [[428.0], [0.18923303733269375, 0.5189339367396524]]], "102": [[[500.0], [0.024210422610243164, 0.0027958832850510425]], [[500.0], [0.024210422610243164, 0.0027958832850510425]], [[500.0], [0.024210422610243164, 0.0027958832850510425]], [[500.0], [0.024210422610243164, 0.0027958832850510425]], [[500.0], [0.024210422610243164, 0.0027958832850510425]], [[500.0], [0.024210422610243164, 0.0027958832850510425]], [[500.0], [0.024210422610243164, 0.0027958832850510425]], [[500.0], [0.024210422610243164, 0.0027958832850510425]], [[500.0], [0.024210422610243164, 0.0027958832850510425]], [[500.0], [0.024210422610243164, 0.0027958832850510425]], [[500.0], [0.024210422610243164, 0.0027958832850510425]], [[496.0], [-0.042461759100357696, 0.001407442998773815]], [[500.0], [0.024210422610243164, 0.0027958832850510425]], [[500.0], [0.024210422610243164, 0.0027958832850510425]], [[500.0], [0.024210422610243164, 0.0027958832850510425]], [[500.0], [0.024210422610243164, 0.0027958832850510425]], [[500.0], [0.024210422610243164, 0.0027958832850510425]], [[500.0], [0.024210422610243164, 0.0027958832850510425]], [[500.0], [0.024210422610243164, 0.0027958832850510425]], [[500.0], [0.024210422610243164, 0.0027958832850510425]], [[500.0], [0.024210422610243164, 0.0027958832850510425]], [[500.0], [0.024210422610243164, 0.0027958832850510425]], [[500.0], [0.024210422610243164, 0.0027958832850510425]], [[500.0], [0.024210422610243164, 0.0027958832850510425]], [[500.0], [0.024210422610243164, 0.0027958832850510425]]], "101": [[[475.5], [-0.024241868716975055, -0.007233170805828708]], [[500.0], [-0.009052696793029707, -0.016080682348620378]], [[346.1666666666667], [-1.0174509649611235e-05, -0.0036496991563463614]], [[500.0], [-0.06368337199091911, 0.002754685629390929]], [[500.0], [0.008367195259779692, 0.17797606484741688]], [[475.5], [-0.024241868716975055, -0.007233170805828708]], [[475.5], [-0.024241868716975055, -0.007233170805828708]], [[475.5], [-0.024241868716975055, -0.007233170805828708]], [[475.5], [-0.024241868716975055, -0.007233170805828708]], [[500.0], [-0.009052696793029707, -0.016080682348620378]], [[500.0], [-0.009052696793029707, -0.016080682348620378]], [[500.0], [-0.009052696793029707, -0.016080682348620378]], [[475.5], [-0.024241868716975055, -0.007233170805828708]], [[475.5], [-0.024241868716975055, -0.007233170805828708]], [[500.0], [-0.009052696793029707, -0.016080682348620378]], [[475.5], [-0.024241868716975055, -0.007233170805828708]], [[500.0], [0.008367195259779692, 0.17797606484741688]], [[475.5], [-0.024241868716975055, -0.007233170805828708]], [[475.5], [-0.024241868716975055, -0.007233170805828708]], [[500.0], [-0.009052696793029707, -0.016080682348620378]], [[475.5], [-0.024241868716975055, -0.007233170805828708]], [[500.0], [-0.009052696793029707, -0.016080682348620378]], [[500.0], [-0.009052696793029707, -0.016080682348620378]], [[500.0], [-0.009052696793029707, -0.016080682348620378]], [[500.0], [-0.009052696793029707, -0.016080682348620378]]]}, "environment": "cartpole", "algorithm": "diff", "container": "elite_archiving", "arguments": {"l": 25, "mr": 0.7000000000000001, "cr": 0.6, "archiving_period": 2, "archive_batch": 4, "ng": 20}}