{"fitness": {"103": [[[63.166666666666664], [0.018367338925600052, 0.5052871467394122]], [[63.166666666666664], [0.018367338925600052, 0.5052871467394122]], [[63.166666666666664], [0.018367338925600052, 0.5052871467394122]], [[63.166666666666664], [0.018367338925600052, 0.5052871467394122]], [[63.166666666666664], [0.018367338925600052, 0.5052871467394122]], [[63.166666666666664], [0.018367338925600052, 0.5052871467394122]], [[63.166666666666664], [0.018367338925600052, 0.5052871467394122]], [[63.166666666666664], [0.018367338925600052, 0.5052871467394122]], [[63.166666666666664], [0.018367338925600052, 0.5052871467394122]], [[63.166666666666664], [0.018367338925600052, 0.5052871467394122]], [[63.166666666666664], [0.018367338925600052, 0.5052871467394122]], [[63.166666666666664], [0.018367338925600052, 0.5052871467394122]], [[63.166666666666664], [0.018367338925600052, 0.5052871467394122]], [[63.166666666666664], [0.018367338925600052, 0.5052871467394122]], [[63.166666666666664], [0.018367338925600052, 0.5052871467394122]], [[63.166666666666664], [0.018367338925600052, 0.5052871467394122]], [[63.166666666666664], [0.018367338925600052, 0.5052871467394122]], [[63.166666666666664], [0.018367338925600052, 0.5052871467394122]], [[63.166666666666664], [0.018367338925600052, 0.5052871467394122]], [[63.166666666666664], [0.018367338925600052, 0.5052871467394122]], [[63.166666666666664], [0.018367338925600052, 0.5052871467394122]], [[63.166666666666664], [0.018367338925600052, 0.5052871467394122]], [[63.166666666666664], [0.018367338925600052, 0.5052871467394122]], [[71.0], [-0.02784127990404765, -0.5226630414501903]], [[63.166666666666664], [0.018367338925600052, 0.5052871467394122]]], "101": [[[171.66666666666666], [-0.10527831812699637, 0.5217498640694687]], [[171.66666666666666], [-0.10527831812699637, 0.5217498640694687]], [[171.66666666666666], [-0.10527831812699637, 0.5217498640694687]], [[171.66666666666666], [-0.10527831812699637, 0.5217498640694687]], [[171.66666666666666], [-0.10527831812699637, 0.5217498640694687]], [[171.66666666666666], [-0.10527831812699637, 0.5217498640694687]], [[171.66666666666666], [-0.10527831812699637, 0.5217498640694687]], [[171.66666666666666], [-0.10527831812699637, 0.5217498640694687]], [[171.66666666666666], [-0.10527831812699637, 0.5217498640694687]], [[9.166666666666666], [-0.03209785247842471, 0.6141351740896417]], [[9.666666666666666], [0.0339663897951444, -0.5452829328450289]], [[171.66666666666666], [-0.10527831812699637, 0.5217498640694687]], [[171.66666666666666], [-0.10527831812699637, 0.5217498640694687]], [[171.66666666666666], [-0.10527831812699637, 0.5217498640694687]], [[171.66666666666666], [-0.10527831812699637, 0.5217498640694687]], [[9.666666666666666], [0.0339663897951444, -0.5452829328450289]], [[171.66666666666666], [-0.10527831812699637, 0.5217498640694687]], [[171.66666666666666], [-0.10527831812699637, 0.5217498640694687]], [[171.66666666666666], [-0.10527831812699637, 0.5217498640694687]], [[171.66666666666666], [-0.10527831812699637, 0.5217498640694687]], [[171.66666666666666], [-0.10527831812699637, 0.5217498640694687]], [[171.66666666666666], [-0.10527831812699637, 0.5217498640694687]], [[171.66666666666666], [-0.10527831812699637, 0.5217498640694687]], [[171.66666666666666], [-0.10527831812699637, 0.5217498640694687]], [[171.66666666666666], [-0.10527831812699637, 0.5217498640694687]]], "102": [[[68.16666666666667], [-0.023459225582579773, -0.5169246327934083]], [[9.666666666666666], [0.0339663897951444, -0.5452829328450289]], [[9.666666666666666], [0.0339663897951444, -0.5452829328450289]], [[9.166666666666666], [-0.03209785247842471, 0.6141351740896417]], [[10.166666666666666], [-0.025601543796559177, 0.5026477518264186]], [[10.166666666666666], [-0.025601543796559177, 0.5026477518264186]], [[9.666666666666666], [0.0339663897951444, -0.5452829328450289]], [[10.166666666666666], [-0.025601543796559177, 0.5026477518264186]], [[9.666666666666666], [0.0339663897951444, -0.5452829328450289]], [[10.0], [-0.03209785247842471, 0.6141351740896417]], [[9.666666666666666], [0.0339663897951444, -0.5452829328450289]], [[10.166666666666666], [-0.025601543796559177, 0.5026477518264186]], [[10.166666666666666], [-0.025601543796559177, 0.5026477518264186]], [[9.666666666666666], [0.0339663897951444, -0.5452829328450289]], [[9.666666666666666], [0.0339663897951444, -0.5452829328450289]], [[9.666666666666666], [0.0339663897951444, -0.5452829328450289]], [[9.666666666666666], [0.0339663897951444, -0.5452829328450289]], [[9.666666666666666], [0.0339663897951444, -0.5452829328450289]], [[10.166666666666666], [-0.025601543796559177, 0.5026477518264186]], [[9.666666666666666], [0.0339663897951444, -0.5452829328450289]], [[9.166666666666666], [-0.03209785247842471, 0.6141351740896417]], [[9.666666666666666], [0.0339663897951444, -0.5452829328450289]], [[9.666666666666666], [0.0339663897951444, -0.5452829328450289]], [[9.666666666666666], [0.0339663897951444, -0.5452829328450289]], [[10.166666666666666], [-0.025601543796559177, 0.5026477518264186]]]}, "environment": "cartpole", "algorithm": "lambda", "container": "novelty_archiving", "arguments": {"cross_method": "mean", "l": 25, "m": 20, "mr": 0.01, "cr": 0.6000000000000001, "mutation_sigma": 2.0, "archiving_period": 5, "archive_batch": 5, "ng": 20}}