{"fitness": {"103": [[[9.333333333333334], [-0.03209785247842471, 0.6141351740896417]], [[9.333333333333334], [-0.03209785247842471, 0.6141351740896417]], [[9.333333333333334], [-0.03209785247842471, 0.6141351740896417]], [[9.333333333333334], [-0.03209785247842471, 0.6141351740896417]], [[9.333333333333334], [-0.03209785247842471, 0.6141351740896417]], [[9.333333333333334], [-0.03209785247842471, 0.6141351740896417]], [[9.333333333333334], [-0.03209785247842471, 0.6141351740896417]], [[9.333333333333334], [-0.03209785247842471, 0.6141351740896417]], [[9.333333333333334], [-0.03209785247842471, 0.6141351740896417]], [[9.333333333333334], [-0.03209785247842471, 0.6141351740896417]], [[9.333333333333334], [-0.03209785247842471, 0.6141351740896417]], [[9.333333333333334], [-0.03209785247842471, 0.6141351740896417]], [[9.333333333333334], [-0.03209785247842471, 0.6141351740896417]], [[9.333333333333334], [-0.03209785247842471, 0.6141351740896417]], [[9.333333333333334], [-0.03209785247842471, 0.6141351740896417]], [[9.333333333333334], [-0.03209785247842471, 0.6141351740896417]], [[241.5], [-0.03345697807768981, 0.5081160145513178]], [[9.333333333333334], [-0.03209785247842471, 0.6141351740896417]], [[9.333333333333334], [-0.03209785247842471, 0.6141351740896417]], [[9.333333333333334], [-0.03209785247842471, 0.6141351740896417]], [[9.333333333333334], [-0.03209785247842471, 0.6141351740896417]], [[9.333333333333334], [-0.03209785247842471, 0.6141351740896417]], [[9.333333333333334], [-0.03209785247842471, 0.6141351740896417]], [[9.333333333333334], [-0.03209785247842471, 0.6141351740896417]], [[9.333333333333334], [-0.03209785247842471, 0.6141351740896417]], [[9.333333333333334], [-0.03209785247842471, 0.6141351740896417]], [[9.333333333333334], [-0.03209785247842471, 0.6141351740896417]], [[9.333333333333334], [-0.03209785247842471, 0.6141351740896417]], [[9.333333333333334], [-0.03209785247842471, 0.6141351740896417]], [[9.333333333333334], [-0.03209785247842471, 0.6141351740896417]]], "102": [[[9.833333333333334], [-0.03209785247842471, 0.6141351740896417]], [[9.833333333333334], [-0.03209785247842471, 0.6141351740896417]], [[9.833333333333334], [-0.03209785247842471, 0.6141351740896417]], [[9.833333333333334], [-0.03209785247842471, 0.6141351740896417]], [[9.833333333333334], [-0.03209785247842471, 0.6141351740896417]], [[9.833333333333334], [-0.03209785247842471, 0.6141351740896417]], [[9.833333333333334], [-0.03209785247842471, 0.6141351740896417]], [[9.833333333333334], [-0.03209785247842471, 0.6141351740896417]], [[9.833333333333334], [-0.03209785247842471, 0.6141351740896417]], [[9.833333333333334], [-0.03209785247842471, 0.6141351740896417]], [[9.833333333333334], [-0.03209785247842471, 0.6141351740896417]], [[9.833333333333334], [-0.03209785247842471, 0.6141351740896417]], [[9.833333333333334], [-0.03209785247842471, 0.6141351740896417]], [[9.833333333333334], [-0.03209785247842471, 0.6141351740896417]], [[9.833333333333334], [-0.03209785247842471, 0.6141351740896417]], [[9.833333333333334], [-0.03209785247842471, 0.6141351740896417]], [[9.833333333333334], [-0.03209785247842471, 0.6141351740896417]], [[9.833333333333334], [-0.03209785247842471, 0.6141351740896417]], [[9.833333333333334], [-0.03209785247842471, 0.6141351740896417]], [[9.833333333333334], [-0.03209785247842471, 0.6141351740896417]], [[9.833333333333334], [-0.03209785247842471, 0.6141351740896417]], [[9.833333333333334], [-0.03209785247842471, 0.6141351740896417]], [[9.833333333333334], [-0.03209785247842471, 0.6141351740896417]], [[9.833333333333334], [-0.03209785247842471, 0.6141351740896417]], [[9.833333333333334], [-0.03209785247842471, 0.6141351740896417]], [[9.833333333333334], [-0.03209785247842471, 0.6141351740896417]], [[9.833333333333334], [-0.03209785247842471, 0.6141351740896417]], [[9.833333333333334], [-0.03209785247842471, 0.6141351740896417]], [[9.833333333333334], [-0.03209785247842471, 0.6141351740896417]], [[9.833333333333334], [-0.03209785247842471, 0.6141351740896417]]], "101": [[[9.5], [0.0323425109187762, -0.517564562804391]], [[9.5], [0.0323425109187762, -0.517564562804391]], [[9.5], [0.0323425109187762, -0.517564562804391]], [[9.5], [0.0323425109187762, -0.517564562804391]], [[9.5], [0.0323425109187762, -0.517564562804391]], [[9.5], [0.0323425109187762, -0.517564562804391]], [[9.5], [0.0323425109187762, -0.517564562804391]], [[9.5], [0.0323425109187762, -0.517564562804391]], [[9.5], [0.0323425109187762, -0.517564562804391]], [[9.5], [0.0323425109187762, -0.517564562804391]], [[9.5], [0.0323425109187762, -0.517564562804391]], [[9.5], [0.0323425109187762, -0.517564562804391]], [[9.5], [0.0323425109187762, -0.517564562804391]], [[9.5], [0.0323425109187762, -0.517564562804391]], [[9.5], [0.0323425109187762, -0.517564562804391]], [[9.5], [0.0323425109187762, -0.517564562804391]], [[9.5], [0.0323425109187762, -0.517564562804391]], [[9.5], [0.0323425109187762, -0.517564562804391]], [[9.5], [0.0323425109187762, -0.517564562804391]], [[9.5], [0.0323425109187762, -0.517564562804391]], [[9.5], [0.0323425109187762, -0.517564562804391]], [[9.5], [0.0323425109187762, -0.517564562804391]], [[9.5], [0.0323425109187762, -0.517564562804391]], [[9.5], [0.0323425109187762, -0.517564562804391]], [[9.5], [0.0323425109187762, -0.517564562804391]], [[9.5], [0.0323425109187762, -0.517564562804391]], [[9.5], [0.0323425109187762, -0.517564562804391]], [[9.5], [0.0323425109187762, -0.517564562804391]], [[9.5], [0.0323425109187762, -0.517564562804391]], [[9.5], [0.0323425109187762, -0.517564562804391]]]}, "environment": "cartpole", "algorithm": "lambda", "container": "novelty_archiving", "arguments": {"cross_method": "mean", "l": 30, "m": 15, "mr": 0.060000000000000005, "cr": 0.6000000000000001, "mutation_sigma": 2.0, "archiving_period": 5, "archive_batch": 5, "ng": 20}}