{"fitness": {"101": [[[303.1666666666667], [-0.03952445151905219, 0.5036817783373965]], [[303.1666666666667], [-0.03952445151905219, 0.5036817783373965]], [[303.1666666666667], [-0.03952445151905219, 0.5036817783373965]], [[303.1666666666667], [-0.03952445151905219, 0.5036817783373965]], [[303.1666666666667], [-0.03952445151905219, 0.5036817783373965]], [[303.1666666666667], [-0.03952445151905219, 0.5036817783373965]], [[303.1666666666667], [-0.03952445151905219, 0.5036817783373965]], [[303.1666666666667], [-0.03952445151905219, 0.5036817783373965]], [[303.1666666666667], [-0.03952445151905219, 0.5036817783373965]], [[303.1666666666667], [-0.03952445151905219, 0.5036817783373965]], [[303.1666666666667], [-0.03952445151905219, 0.5036817783373965]], [[303.1666666666667], [-0.03952445151905219, 0.5036817783373965]], [[303.1666666666667], [-0.03952445151905219, 0.5036817783373965]], [[303.1666666666667], [-0.03952445151905219, 0.5036817783373965]], [[303.1666666666667], [-0.03952445151905219, 0.5036817783373965]], [[303.1666666666667], [-0.03952445151905219, 0.5036817783373965]], [[303.1666666666667], [-0.03952445151905219, 0.5036817783373965]], [[303.1666666666667], [-0.03952445151905219, 0.5036817783373965]], [[303.1666666666667], [-0.03952445151905219, 0.5036817783373965]], [[303.1666666666667], [-0.03952445151905219, 0.5036817783373965]], [[303.1666666666667], [-0.03952445151905219, 0.5036817783373965]], [[303.1666666666667], [-0.03952445151905219, 0.5036817783373965]], [[303.1666666666667], [-0.03952445151905219, 0.5036817783373965]], [[303.1666666666667], [-0.03952445151905219, 0.5036817783373965]], [[303.1666666666667], [-0.03952445151905219, 0.5036817783373965]]], "103": [[[9.666666666666666], [0.0339663897951444, -0.5452829328450289]], [[80.83333333333333], [-0.04199368258317312, -0.5289748952719584]], [[80.83333333333333], [-0.04199368258317312, -0.5289748952719584]], [[80.83333333333333], [-0.04199368258317312, -0.5289748952719584]], [[80.83333333333333], [-0.04199368258317312, -0.5289748952719584]], [[80.83333333333333], [-0.04199368258317312, -0.5289748952719584]], [[80.83333333333333], [-0.04199368258317312, -0.5289748952719584]], [[80.83333333333333], [-0.04199368258317312, -0.5289748952719584]], [[80.83333333333333], [-0.04199368258317312, -0.5289748952719584]], [[80.83333333333333], [-0.04199368258317312, -0.5289748952719584]], [[80.83333333333333], [-0.04199368258317312, -0.5289748952719584]], [[80.83333333333333], [-0.04199368258317312, -0.5289748952719584]], [[80.83333333333333], [-0.04199368258317312, -0.5289748952719584]], [[80.83333333333333], [-0.04199368258317312, -0.5289748952719584]], [[80.83333333333333], [-0.04199368258317312, -0.5289748952719584]], [[80.83333333333333], [-0.04199368258317312, -0.5289748952719584]], [[80.83333333333333], [-0.04199368258317312, -0.5289748952719584]], [[80.83333333333333], [-0.04199368258317312, -0.5289748952719584]], [[80.83333333333333], [-0.04199368258317312, -0.5289748952719584]], [[80.83333333333333], [-0.04199368258317312, -0.5289748952719584]], [[169.0], [0.08188959211111069, -0.5192984448095258]], [[80.83333333333333], [-0.04199368258317312, -0.5289748952719584]], [[80.83333333333333], [-0.04199368258317312, -0.5289748952719584]], [[80.83333333333333], [-0.04199368258317312, -0.5289748952719584]], [[80.83333333333333], [-0.04199368258317312, -0.5289748952719584]]], "102": [[[9.666666666666666], [0.0339663897951444, -0.5452829328450289]], [[9.666666666666666], [0.0339663897951444, -0.5452829328450289]], [[9.666666666666666], [0.0339663897951444, -0.5452829328450289]], [[9.666666666666666], [0.0339663897951444, -0.5452829328450289]], [[9.666666666666666], [0.0339663897951444, -0.5452829328450289]], [[9.666666666666666], [0.0339663897951444, -0.5452829328450289]], [[9.666666666666666], [0.0339663897951444, -0.5452829328450289]], [[9.666666666666666], [0.0339663897951444, -0.5452829328450289]], [[9.666666666666666], [0.0339663897951444, -0.5452829328450289]], [[9.166666666666666], [-0.03209785247842471, 0.6141351740896417]], [[9.666666666666666], [0.0339663897951444, -0.5452829328450289]], [[9.666666666666666], [0.0339663897951444, -0.5452829328450289]], [[9.666666666666666], [0.0339663897951444, -0.5452829328450289]], [[9.666666666666666], [0.0339663897951444, -0.5452829328450289]], [[9.666666666666666], [0.0339663897951444, -0.5452829328450289]], [[9.166666666666666], [-0.03209785247842471, 0.6141351740896417]], [[9.666666666666666], [0.0339663897951444, -0.5452829328450289]], [[9.166666666666666], [-0.03209785247842471, 0.6141351740896417]], [[9.666666666666666], [0.0339663897951444, -0.5452829328450289]], [[9.166666666666666], [-0.03209785247842471, 0.6141351740896417]], [[9.666666666666666], [0.0339663897951444, -0.5452829328450289]], [[9.666666666666666], [0.0339663897951444, -0.5452829328450289]], [[9.666666666666666], [0.0339663897951444, -0.5452829328450289]], [[9.666666666666666], [0.0339663897951444, -0.5452829328450289]], [[9.166666666666666], [-0.03209785247842471, 0.6141351740896417]]]}, "environment": "cartpole", "algorithm": "lambda", "container": "novelty_archiving", "arguments": {"cross_method": "mean", "l": 25, "m": 20, "mr": 0.01, "cr": 0.5000000000000001, "mutation_sigma": 2.0, "archiving_period": 5, "archive_batch": 5, "ng": 20}}