{"fitness": {"102": [[[10.0], [-0.03209785247842471, 0.6141351740896417]], [[10.0], [-0.03209785247842471, 0.6141351740896417]], [[10.0], [-0.03209785247842471, 0.6141351740896417]], [[10.0], [-0.03209785247842471, 0.6141351740896417]], [[10.0], [-0.03209785247842471, 0.6141351740896417]], [[10.0], [-0.03209785247842471, 0.6141351740896417]], [[10.0], [-0.03209785247842471, 0.6141351740896417]], [[10.0], [-0.03209785247842471, 0.6141351740896417]], [[10.0], [-0.03209785247842471, 0.6141351740896417]], [[10.0], [-0.03209785247842471, 0.6141351740896417]], [[10.0], [-0.03209785247842471, 0.6141351740896417]], [[10.0], [-0.03209785247842471, 0.6141351740896417]], [[10.0], [-0.03209785247842471, 0.6141351740896417]], [[10.0], [-0.03209785247842471, 0.6141351740896417]], [[10.0], [-0.03209785247842471, 0.6141351740896417]], [[10.0], [-0.03209785247842471, 0.6141351740896417]], [[10.0], [-0.03209785247842471, 0.6141351740896417]], [[10.0], [-0.03209785247842471, 0.6141351740896417]], [[10.0], [-0.03209785247842471, 0.6141351740896417]], [[10.0], [-0.03209785247842471, 0.6141351740896417]], [[10.0], [-0.03209785247842471, 0.6141351740896417]], [[10.0], [-0.03209785247842471, 0.6141351740896417]], [[10.0], [-0.03209785247842471, 0.6141351740896417]], [[10.0], [-0.03209785247842471, 0.6141351740896417]], [[10.0], [-0.03209785247842471, 0.6141351740896417]], [[10.0], [-0.03209785247842471, 0.6141351740896417]], [[10.0], [-0.03209785247842471, 0.6141351740896417]], [[10.0], [-0.03209785247842471, 0.6141351740896417]], [[10.0], [-0.03209785247842471, 0.6141351740896417]], [[10.0], [-0.03209785247842471, 0.6141351740896417]]], "103": [[[9.666666666666666], [0.0339663897951444, -0.5452829328450289]], [[9.666666666666666], [0.0339663897951444, -0.5452829328450289]], [[9.666666666666666], [0.0339663897951444, -0.5452829328450289]], [[10.166666666666666], [-0.03209785247842471, 0.6141351740896417]], [[10.166666666666666], [-0.03209785247842471, 0.6141351740896417]], [[9.666666666666666], [0.0339663897951444, -0.5452829328450289]], [[9.666666666666666], [0.0339663897951444, -0.5452829328450289]], [[9.666666666666666], [0.0339663897951444, -0.5452829328450289]], [[10.166666666666666], [-0.03209785247842471, 0.6141351740896417]], [[9.666666666666666], [0.0339663897951444, -0.5452829328450289]], [[9.666666666666666], [0.0339663897951444, -0.5452829328450289]], [[9.666666666666666], [0.0339663897951444, -0.5452829328450289]], [[9.666666666666666], [0.0339663897951444, -0.5452829328450289]], [[9.666666666666666], [0.0339663897951444, -0.5452829328450289]], [[9.666666666666666], [0.0339663897951444, -0.5452829328450289]], [[9.666666666666666], [0.0339663897951444, -0.5452829328450289]], [[9.666666666666666], [0.0339663897951444, -0.5452829328450289]], [[9.666666666666666], [0.0339663897951444, -0.5452829328450289]], [[9.666666666666666], [0.0339663897951444, -0.5452829328450289]], [[9.666666666666666], [0.0339663897951444, -0.5452829328450289]], [[10.166666666666666], [-0.03209785247842471, 0.6141351740896417]], [[10.166666666666666], [-0.03209785247842471, 0.6141351740896417]], [[9.666666666666666], [0.0339663897951444, -0.5452829328450289]], [[9.666666666666666], [0.0339663897951444, -0.5452829328450289]], [[9.666666666666666], [0.0339663897951444, -0.5452829328450289]], [[10.166666666666666], [-0.03209785247842471, 0.6141351740896417]], [[9.666666666666666], [0.0339663897951444, -0.5452829328450289]], [[9.666666666666666], [0.0339663897951444, -0.5452829328450289]], [[9.666666666666666], [0.0339663897951444, -0.5452829328450289]], [[9.666666666666666], [0.0339663897951444, -0.5452829328450289]]], "101": [[[9.333333333333334], [0.0339663897951444, -0.5452829328450289]], [[9.333333333333334], [0.0339663897951444, -0.5452829328450289]], [[9.333333333333334], [0.0339663897951444, -0.5452829328450289]], [[9.333333333333334], [0.0339663897951444, -0.5452829328450289]], [[9.333333333333334], [0.0339663897951444, -0.5452829328450289]], [[9.333333333333334], [0.0339663897951444, -0.5452829328450289]], [[9.333333333333334], [0.0339663897951444, -0.5452829328450289]], [[9.333333333333334], [0.0339663897951444, -0.5452829328450289]], [[9.333333333333334], [0.0339663897951444, -0.5452829328450289]], [[9.333333333333334], [0.0339663897951444, -0.5452829328450289]], [[9.333333333333334], [0.0339663897951444, -0.5452829328450289]], [[9.333333333333334], [0.0339663897951444, -0.5452829328450289]], [[9.333333333333334], [0.0339663897951444, -0.5452829328450289]], [[9.333333333333334], [0.0339663897951444, -0.5452829328450289]], [[9.333333333333334], [0.0339663897951444, -0.5452829328450289]], [[9.333333333333334], [0.0339663897951444, -0.5452829328450289]], [[9.333333333333334], [0.0339663897951444, -0.5452829328450289]], [[9.333333333333334], [0.0339663897951444, -0.5452829328450289]], [[9.333333333333334], [0.0339663897951444, -0.5452829328450289]], [[9.333333333333334], [0.0339663897951444, -0.5452829328450289]], [[9.333333333333334], [0.0339663897951444, -0.5452829328450289]], [[9.333333333333334], [0.0339663897951444, -0.5452829328450289]], [[9.333333333333334], [0.0339663897951444, -0.5452829328450289]], [[9.333333333333334], [0.0339663897951444, -0.5452829328450289]], [[9.333333333333334], [0.0339663897951444, -0.5452829328450289]], [[9.333333333333334], [0.0339663897951444, -0.5452829328450289]], [[9.333333333333334], [0.0339663897951444, -0.5452829328450289]], [[9.333333333333334], [0.0339663897951444, -0.5452829328450289]], [[9.333333333333334], [0.0339663897951444, -0.5452829328450289]], [[9.333333333333334], [0.0339663897951444, -0.5452829328450289]]]}, "environment": "cartpole", "algorithm": "lambda", "container": "novelty_archiving", "arguments": {"cross_method": "mean", "l": 30, "m": 25, "mr": 0.01, "cr": 0.6000000000000001, "mutation_sigma": 2.0, "archiving_period": 5, "archive_batch": 5, "ng": 20}}