{"fitness": {"101": [[[17.666666666666668], [0.03132508757213752, -0.5209494435616088]], [[17.666666666666668], [0.03132508757213752, -0.5209494435616088]], [[17.666666666666668], [0.03132508757213752, -0.5209494435616088]], [[17.666666666666668], [0.03132508757213752, -0.5209494435616088]], [[17.666666666666668], [0.03132508757213752, -0.5209494435616088]], [[17.666666666666668], [0.03132508757213752, -0.5209494435616088]], [[17.666666666666668], [0.03132508757213752, -0.5209494435616088]], [[17.666666666666668], [0.03132508757213752, -0.5209494435616088]], [[17.666666666666668], [0.03132508757213752, -0.5209494435616088]], [[17.666666666666668], [0.03132508757213752, -0.5209494435616088]], [[17.666666666666668], [0.03132508757213752, -0.5209494435616088]], [[17.666666666666668], [0.03132508757213752, -0.5209494435616088]], [[17.666666666666668], [0.03132508757213752, -0.5209494435616088]], [[17.666666666666668], [0.03132508757213752, -0.5209494435616088]], [[17.666666666666668], [0.03132508757213752, -0.5209494435616088]], [[17.666666666666668], [0.03132508757213752, -0.5209494435616088]], [[17.666666666666668], [0.03132508757213752, -0.5209494435616088]], [[17.666666666666668], [0.03132508757213752, -0.5209494435616088]], [[17.666666666666668], [0.03132508757213752, -0.5209494435616088]], [[17.666666666666668], [0.03132508757213752, -0.5209494435616088]], [[17.666666666666668], [0.03132508757213752, -0.5209494435616088]], [[17.666666666666668], [0.03132508757213752, -0.5209494435616088]], [[17.666666666666668], [0.03132508757213752, -0.5209494435616088]], [[17.666666666666668], [0.03132508757213752, -0.5209494435616088]], [[17.666666666666668], [0.03132508757213752, -0.5209494435616088]], [[17.666666666666668], [0.03132508757213752, -0.5209494435616088]], [[17.666666666666668], [0.03132508757213752, -0.5209494435616088]], [[17.666666666666668], [0.03132508757213752, -0.5209494435616088]], [[17.666666666666668], [0.03132508757213752, -0.5209494435616088]], [[17.666666666666668], [0.03132508757213752, -0.5209494435616088]]], "103": [[[70.83333333333333], [-0.00017985091593194133, -0.5381843476204211]], [[70.83333333333333], [-0.00017985091593194133, -0.5381843476204211]], [[70.83333333333333], [-0.00017985091593194133, -0.5381843476204211]], [[70.83333333333333], [-0.00017985091593194133, -0.5381843476204211]], [[70.83333333333333], [-0.00017985091593194133, -0.5381843476204211]], [[70.83333333333333], [-0.00017985091593194133, -0.5381843476204211]], [[70.83333333333333], [-0.00017985091593194133, -0.5381843476204211]], [[70.83333333333333], [-0.00017985091593194133, -0.5381843476204211]], [[70.83333333333333], [-0.00017985091593194133, -0.5381843476204211]], [[70.83333333333333], [-0.00017985091593194133, -0.5381843476204211]], [[70.83333333333333], [-0.00017985091593194133, -0.5381843476204211]], [[70.83333333333333], [-0.00017985091593194133, -0.5381843476204211]], [[70.83333333333333], [-0.00017985091593194133, -0.5381843476204211]], [[70.83333333333333], [-0.00017985091593194133, -0.5381843476204211]], [[70.83333333333333], [-0.00017985091593194133, -0.5381843476204211]], [[70.83333333333333], [-0.00017985091593194133, -0.5381843476204211]], [[70.83333333333333], [-0.00017985091593194133, -0.5381843476204211]], [[70.83333333333333], [-0.00017985091593194133, -0.5381843476204211]], [[70.83333333333333], [-0.00017985091593194133, -0.5381843476204211]], [[70.83333333333333], [-0.00017985091593194133, -0.5381843476204211]], [[70.83333333333333], [-0.00017985091593194133, -0.5381843476204211]], [[70.83333333333333], [-0.00017985091593194133, -0.5381843476204211]], [[70.83333333333333], [-0.00017985091593194133, -0.5381843476204211]], [[70.83333333333333], [-0.00017985091593194133, -0.5381843476204211]], [[70.83333333333333], [-0.00017985091593194133, -0.5381843476204211]], [[70.83333333333333], [-0.00017985091593194133, -0.5381843476204211]], [[70.83333333333333], [-0.00017985091593194133, -0.5381843476204211]], [[70.83333333333333], [-0.00017985091593194133, -0.5381843476204211]], [[70.83333333333333], [-0.00017985091593194133, -0.5381843476204211]], [[70.83333333333333], [-0.00017985091593194133, -0.5381843476204211]]], "102": [[[10.0], [-0.03209785247842471, 0.6141351740896417]], [[10.0], [-0.03209785247842471, 0.6141351740896417]], [[10.0], [-0.03209785247842471, 0.6141351740896417]], [[10.0], [-0.03209785247842471, 0.6141351740896417]], [[10.0], [-0.03209785247842471, 0.6141351740896417]], [[10.0], [-0.03209785247842471, 0.6141351740896417]], [[10.0], [-0.03209785247842471, 0.6141351740896417]], [[10.0], [-0.03209785247842471, 0.6141351740896417]], [[10.0], [-0.03209785247842471, 0.6141351740896417]], [[10.0], [-0.03209785247842471, 0.6141351740896417]], [[10.0], [-0.03209785247842471, 0.6141351740896417]], [[10.0], [-0.03209785247842471, 0.6141351740896417]], [[10.0], [-0.03209785247842471, 0.6141351740896417]], [[10.0], [-0.03209785247842471, 0.6141351740896417]], [[10.0], [-0.03209785247842471, 0.6141351740896417]], [[10.0], [-0.03209785247842471, 0.6141351740896417]], [[10.0], [-0.03209785247842471, 0.6141351740896417]], [[10.0], [-0.03209785247842471, 0.6141351740896417]], [[10.0], [-0.03209785247842471, 0.6141351740896417]], [[10.0], [-0.03209785247842471, 0.6141351740896417]], [[10.0], [-0.03209785247842471, 0.6141351740896417]], [[10.0], [-0.03209785247842471, 0.6141351740896417]], [[10.0], [-0.03209785247842471, 0.6141351740896417]], [[10.0], [-0.03209785247842471, 0.6141351740896417]], [[10.0], [-0.03209785247842471, 0.6141351740896417]], [[10.0], [-0.03209785247842471, 0.6141351740896417]], [[10.0], [-0.03209785247842471, 0.6141351740896417]], [[10.0], [-0.03209785247842471, 0.6141351740896417]], [[10.0], [-0.03209785247842471, 0.6141351740896417]], [[10.0], [-0.03209785247842471, 0.6141351740896417]]]}, "environment": "cartpole", "algorithm": "lambda", "container": "novelty_archiving", "arguments": {"cross_method": "mean", "l": 30, "m": 15, "mr": 0.01, "cr": 0.6000000000000001, "mutation_sigma": 2.0, "archiving_period": 5, "archive_batch": 5, "ng": 20}}