{"fitness": {"103": [[[9.833333333333334], [0.0339663897951444, -0.5452829328450289]], [[49.333333333333336], [0.004791793568680684, -0.5076665199544441]], [[11.833333333333334], [0.0339663897951444, -0.5452829328450289]], [[49.333333333333336], [0.004791793568680684, -0.5076665199544441]], [[49.333333333333336], [0.004791793568680684, -0.5076665199544441]], [[49.333333333333336], [0.004791793568680684, -0.5076665199544441]], [[49.333333333333336], [0.004791793568680684, -0.5076665199544441]], [[49.333333333333336], [0.004791793568680684, -0.5076665199544441]], [[11.833333333333334], [0.0339663897951444, -0.5452829328450289]], [[9.833333333333334], [0.0339663897951444, -0.5452829328450289]], [[89.66666666666667], [-0.04803689817587535, -0.5040693867719915]], [[9.833333333333334], [0.0339663897951444, -0.5452829328450289]], [[9.833333333333334], [0.0339663897951444, -0.5452829328450289]], [[49.333333333333336], [0.004791793568680684, -0.5076665199544441]], [[49.333333333333336], [0.004791793568680684, -0.5076665199544441]], [[9.833333333333334], [0.0339663897951444, -0.5452829328450289]], [[11.833333333333334], [0.0339663897951444, -0.5452829328450289]], [[9.833333333333334], [0.0339663897951444, -0.5452829328450289]], [[9.833333333333334], [0.0339663897951444, -0.5452829328450289]], [[9.833333333333334], [0.0339663897951444, -0.5452829328450289]], [[9.833333333333334], [0.0339663897951444, -0.5452829328450289]], [[9.833333333333334], [0.0339663897951444, -0.5452829328450289]], [[9.833333333333334], [0.0339663897951444, -0.5452829328450289]], [[9.833333333333334], [0.0339663897951444, -0.5452829328450289]], [[9.833333333333334], [0.0339663897951444, -0.5452829328450289]]], "101": [[[374.3333333333333], [-0.11973301569620769, -0.0028651949624268064]], [[374.3333333333333], [-0.11973301569620769, -0.0028651949624268064]], [[374.3333333333333], [-0.11973301569620769, -0.0028651949624268064]], [[374.3333333333333], [-0.11973301569620769, -0.0028651949624268064]], [[374.3333333333333], [-0.11973301569620769, -0.0028651949624268064]], [[374.3333333333333], [-0.11973301569620769, -0.0028651949624268064]], [[374.3333333333333], [-0.11973301569620769, -0.0028651949624268064]], [[374.3333333333333], [-0.11973301569620769, -0.0028651949624268064]], [[374.3333333333333], [-0.11973301569620769, -0.0028651949624268064]], [[374.3333333333333], [-0.11973301569620769, -0.0028651949624268064]], [[374.3333333333333], [-0.11973301569620769, -0.0028651949624268064]], [[374.3333333333333], [-0.11973301569620769, -0.0028651949624268064]], [[374.3333333333333], [-0.11973301569620769, -0.0028651949624268064]], [[374.3333333333333], [-0.11973301569620769, -0.0028651949624268064]], [[374.3333333333333], [-0.11973301569620769, -0.0028651949624268064]], [[374.3333333333333], [-0.11973301569620769, -0.0028651949624268064]], [[374.3333333333333], [-0.11973301569620769, -0.0028651949624268064]], [[374.3333333333333], [-0.11973301569620769, -0.0028651949624268064]], [[9.333333333333334], [0.0339663897951444, -0.5452829328450289]], [[374.3333333333333], [-0.11973301569620769, -0.0028651949624268064]], [[9.333333333333334], [0.0339663897951444, -0.5452829328450289]], [[374.3333333333333], [-0.11973301569620769, -0.0028651949624268064]], [[374.3333333333333], [-0.11973301569620769, -0.0028651949624268064]], [[374.3333333333333], [-0.11973301569620769, -0.0028651949624268064]], [[374.3333333333333], [-0.11973301569620769, -0.0028651949624268064]]], "102": [[[9.5], [0.0339663897951444, -0.5452829328450289]], [[9.5], [0.0339663897951444, -0.5452829328450289]], [[9.666666666666666], [0.0339663897951444, -0.5452829328450289]], [[9.5], [0.0339663897951444, -0.5452829328450289]], [[9.5], [0.0339663897951444, -0.5452829328450289]], [[9.666666666666666], [0.0339663897951444, -0.5452829328450289]], [[9.5], [0.0339663897951444, -0.5452829328450289]], [[9.5], [0.0339663897951444, -0.5452829328450289]], [[9.5], [0.0339663897951444, -0.5452829328450289]], [[9.5], [0.0339663897951444, -0.5452829328450289]], [[9.5], [0.0339663897951444, -0.5452829328450289]], [[9.5], [0.0339663897951444, -0.5452829328450289]], [[9.5], [0.0339663897951444, -0.5452829328450289]], [[9.666666666666666], [0.0339663897951444, -0.5452829328450289]], [[9.5], [0.0339663897951444, -0.5452829328450289]], [[9.5], [0.0339663897951444, -0.5452829328450289]], [[9.5], [0.0339663897951444, -0.5452829328450289]], [[9.5], [0.0339663897951444, -0.5452829328450289]], [[9.666666666666666], [0.0339663897951444, -0.5452829328450289]], [[9.5], [0.0339663897951444, -0.5452829328450289]], [[9.666666666666666], [0.0339663897951444, -0.5452829328450289]], [[9.666666666666666], [0.0339663897951444, -0.5452829328450289]], [[9.5], [0.0339663897951444, -0.5452829328450289]], [[9.5], [0.0339663897951444, -0.5452829328450289]], [[9.5], [0.0339663897951444, -0.5452829328450289]]]}, "environment": "cartpole", "algorithm": "lambda", "container": "novelty_archiving", "arguments": {"cross_method": "mean", "l": 25, "m": 20, "mr": 0.01, "cr": 0.7000000000000001, "mutation_sigma": 2.0, "archiving_period": 5, "archive_batch": 5, "ng": 20}}