{"fitness": {"101": [[[143.83333333333334], [0.20978786051273346, 0.5020738432281896]], [[21.666666666666668], [0.03321787031988303, -0.5979376118719293]], [[418.3333333333333], [-0.04233757654825847, -0.030032430361047316]], [[247.83333333333334], [-0.0013011098296071093, -0.06025743505886297]], [[418.3333333333333], [-0.04233757654825847, -0.030032430361047316]], [[68.0], [-0.06044401476780574, 0.5528858760327243]], [[124.66666666666667], [0.18428410092989606, 0.5143531486748508]], [[500.0], [-0.04699092047909896, -0.002940875783330944]], [[315.1666666666667], [-0.015207484054068725, 0.007461833892363396]], [[247.83333333333334], [-0.0013011098296071093, -0.06025743505886297]], [[92.33333333333333], [-0.01903113132963578, -0.5159037963054968]], [[500.0], [-0.04699092047909896, -0.002940875783330944]], [[52.166666666666664], [-0.00022246271934515488, -0.5271545294939616]], [[191.66666666666666], [-0.10617350538571677, -0.512830841769442]], [[21.666666666666668], [0.03321787031988303, -0.5979376118719293]], [[92.33333333333333], [-0.01903113132963578, -0.5159037963054968]], [[500.0], [-0.04699092047909896, -0.002940875783330944]], [[500.0], [-0.04699092047909896, -0.002940875783330944]], [[500.0], [-0.03215688901642959, 0.07824248603086152]], [[191.66666666666666], [-0.10617350538571677, -0.512830841769442]]], "102": [[[145.16666666666666], [-0.12604862451553345, -0.5044131116433578]], [[500.0], [-0.010623479417214792, -0.002063084065103146]], [[223.83333333333334], [0.5044692754745483, 0.3897205137750179]], [[311.5], [0.14334225406249365, -0.5080816491939235]], [[10.166666666666666], [-0.02575837541371584, 0.5082547236857803]], [[500.0], [-0.010623479417214792, -0.002063084065103146]], [[73.83333333333333], [-0.0016026089239555101, 0.5085176685780429]], [[393.8333333333333], [-0.27819516758124035, -0.17012062183977886]], [[177.66666666666666], [-0.1479084665576617, -0.5214806806527827]], [[500.0], [-0.010623479417214792, -0.002063084065103146]], [[177.66666666666666], [-0.1479084665576617, -0.5214806806527827]], [[132.0], [-0.02222309975574414, -0.5094300260384117]], [[500.0], [-0.01206904649734497, -0.019765864505151814]], [[64.33333333333333], [-0.02062086326380571, -0.5022438519309013]], [[500.0], [-0.010623479417214792, -0.002063084065103146]], [[16.833333333333332], [-0.022134703273574512, 0.5015567586752787]], [[9.833333333333334], [-0.03209785247842471, 0.6141351740896417]], [[311.5], [0.14334225406249365, -0.5080816491939235]], [[500.0], [-0.01206904649734497, -0.019765864505151814]], [[393.8333333333333], [-0.27819516758124035, -0.17012062183977886]]], "103": [[[250.5], [0.5010139445463817, 0.5002323377645758]], [[242.83333333333334], [0.06378514071305594, -0.5058486139375057]], [[9.0], [0.0339663897951444, -0.5452829328450289]], [[51.0], [-0.006266875813404719, -0.511359619466882]], [[9.0], [0.0339663897951444, -0.5452829328450289]], [[420.5], [-0.007552405974517266, -0.012244438779268538]], [[87.66666666666667], [-0.032430679226915046, -0.5179098918677517]], [[250.5], [0.5010139445463817, 0.5002323377645758]], [[420.5], [-0.007552405974517266, -0.012244438779268538]], [[250.5], [0.5010139445463817, 0.5002323377645758]], [[250.5], [0.5010139445463817, 0.5002323377645758]], [[242.83333333333334], [0.06378514071305594, -0.5058486139375057]], [[420.5], [-0.007552405974517266, -0.012244438779268538]], [[331.8333333333333], [-0.1758968581755956, -0.3646334463899786]], [[120.16666666666667], [-0.06780023376146953, -0.5106354515518298]], [[58.166666666666664], [-0.007387129589915276, -0.5082677354652916]], [[278.1666666666667], [-0.46269893646240234, 0.5237194553516699]], [[500.0], [-0.036406482880314193, 0.0030724677083452355]], [[500.0], [0.02408350662638744, 0.03546824161872339]], [[331.8333333333333], [-0.1758968581755956, -0.3646334463899786]]]}, "environment": "cartpole", "algorithm": "lambda", "container": "fitness", "arguments": {"cross_method": "uniform", "l": 20, "m": 35, "mr": 0.09, "cr": 1.0, "mutation_sigma": 0.5, "cross_uni": 0.9, "ng": 20}}