{"fitness": {"102": [[[-575.1368039489577], [-0.40222716331481934, 1.5799980260059237]], [[-517.3269841901005], [0.32024168968200684, -1.1410162600222975]], [[-551.4809899653725], [0.09959865808486938, -1.2149549141526226]], [[-582.347189236803], [-0.015801429748535156, -1.235584271075204]], [[-551.4368458090578], [0.4078421115875244, -0.2131149926580837]], [[-530.6223224004278], [0.1533062696456909, -1.1604088494181632]], [[-503.03037507001216], [0.2983697414398193, -1.3837430034484715]], [[-527.9945087927701], [0.1533062696456909, -1.1604088494181632]], [[-427.0627333333544], [0.4044816493988037, 0.8075140115473184]], [[-505.8960732329648], [-0.2553736686706543, 0.9818186742067339]], [[-376.9649191508785], [0.19140841960906982, -1.230561194419861]], [[-611.8168759573647], [0.4007674217224121, -1.354585169116035]], [[-457.1226322386707], [0.21119132041931152, -1.204093453325331]], [[-575.1368039489577], [-0.40222716331481934, 1.5799980260059237]], [[-162.57248125048443], [-0.40126895904541016, -1.2570391976833344]], [[-477.5694100289082], [0.05282672643661499, -1.2593374849297105]], [[-146.7176826368011], [-0.027033081650733946, -1.2846542012562594]], [[-310.78594857465], [0.12053779363632203, -1.2294506346061824]], [[-234.5749472875121], [0.40601601600646975, -0.8629098347574471]], [[-146.7176826368011], [-0.02704536318778992, -1.2846542013530566]], [[-570.0301129548952], [-0.28517851829528806, 2.954289651662111]], [[-426.4705508480607], [-0.3142428159713745, -1.2298453729227188]], [[-587.7761767871611], [-0.4094394207000732, -0.9404943308234213]], [[-518.4386799979138], [-0.18886131048202515, -1.2767311497032643]], [[-325.4271198693724], [-0.19293190240859986, -1.1040302263200283]], [[-295.5358971230945], [0.4020491123199463, -0.33675206339918085]], [[-289.8303249942062], [0.40653419494628906, -0.33677362339105443]], [[-289.83317219321214], [0.04025478363037109, -1.2764928789809344]], [[-322.7686268538584], [0.22902934551239013, -1.168608930259943]], [[-534.8426684352706], [0.1115902304649353, 0.012345704268664348]]], "103": [[[-317.19213446371657], [0.40739006996154786, 0.731729401946068]], [[-514.7293092306452], [0.3431153059005737, 1.046053608413786]], [[-575.1368039489577], [-0.40222716331481934, 1.5799980260059237]], [[-42.457164604582786], [-0.2510172128677368, -0.2414720947504975]], [[-25.163745804526194], [-0.05460670590400696, -0.7553133475780489]], [[-490.98797260912113], [-0.15006663799285888, -1.3359734542062507]], [[-574.3622466307576], [-0.4071312427520752, 0.5241315562278033]], [[-575.1368039489577], [-0.40222716331481934, 1.5799980260059237]], [[-457.07862584933065], [-0.4046175003051758, 1.2736978328228]], [[-556.5801811205918], [0.10112491846084595, -1.3074506566859783]], [[-609.1283680176736], [-0.4117286682128906, 0.41248177709057937]], [[-548.8041186944386], [-0.3163542985916138, -0.9550906724296511]], [[-501.7322575628606], [-0.1644713759422302, -1.1878411658108232]], [[-438.83065248814], [0.018670196831226348, -1.2358591111749413]], [[-281.3542560318237], [0.4078497409820557, 0.8619757089018819]], [[-521.4638994393266], [0.10800491571426392, -1.259196950793266]], [[-589.0239981265673], [0.11344928741455078, -1.3232121747173369]], [[-440.3525493276272], [-0.09559982419013976, -1.2678746657818554]], [[-289.6047968834397], [0.04129344820976257, -1.280972267650068]], [[-330.1102555838144], [-0.19818308353424072, -1.3438245689868928]], [[-622.1317060681771], [-0.10702438354492187, -1.2131375361420214]], [[-158.3821788149963], [0.008857917785644532, -1.2783023630641401]], [[-124.88912418562714], [-0.1888331174850464, -1.1261461244523523]], [[-211.30631040991116], [-0.4025840759277344, 0.22667551041464318]], [[-569.9391176622554], [-0.4032494068145752, 1.403714561574161]], [[-524.1369008168291], [-0.15258731842041015, -1.157170908069238]], [[-521.9367197471305], [0.1707784652709961, -1.1882746065407992]], [[-284.186083435502], [0.0731109619140625, -1.2799036391358825]], [[-706.8101026345595], [0.20432770252227783, -1.2303872703807426]], [[-377.27649966529145], [0.4042520999908447, -0.9661687032782357]]], "101": [[[-482.9210323955814], [-0.1814911484718323, -1.2781245557963845]], [[-251.00423750689612], [-0.201943039894104, -1.204331759810448]], [[-443.2730716230487], [0.06371296048164368, -1.2405898236110804]], [[-355.0992270094918], [-0.2460029125213623, -1.5149131496250625]], [[-126.85598627246786], [-0.18141885995864868, -1.3353857989655809]], [[-251.5544397411374], [-0.10529918670654297, -1.2834471747977663]], [[-369.4698493831073], [-0.08584651947021485, -1.2711663663387298]], [[-584.2118190531132], [-0.4071312427520752, 0.5241315562278033]], [[-158.02966542331575], [0.09103389978408813, -1.2621964241797108]], [[-194.39282035913408], [-0.06651118993759156, -1.2366594513505698]], [[-383.3867001648064], [0.02510231137275696, -1.2541957134008406]], [[-564.0906380592212], [0.04738239347934723, -1.2906946351307615]], [[-329.10165516809457], [0.14617931842803955, -1.2285221380367874]], [[-296.1169978313676], [-0.04561012387275696, -1.261441960632801]], [[-483.0605183351232], [-0.16006437540054322, -1.407673479318619]], [[-144.32120188679], [-0.02753223478794098, -1.26742787823081]], [[-496.4508514955211], [0.06724880337715149, -1.2688563911978554]], [[-207.67291738343602], [0.037943536043167116, -1.276014635562897]], [[-264.78215060439146], [0.40847053527832033, -0.48593806505203274]], [[-345.4418518816566], [0.14295742511749268, -1.34783409178257]], [[-561.6956444709836], [0.03919815123081207, -1.2197101146820932]], [[-217.19003174467298], [0.24567711353302002, -1.302040536913555]], [[-494.38889800144045], [0.08987640142440796, -1.206962824286893]], [[-448.0152661101524], [0.13021160364151002, -1.150960577726364]], [[-490.6125691484939], [-0.4017825126647949, 2.222364869266748]], [[-542.9973011786047], [-0.407471227645874, 0.9156165270134806]], [[-146.7176826368011], [-0.02704536318778992, -1.2846542013530566]], [[-146.7176826368011], [-0.02704536318778992, -1.2846542013530566]], [[-187.72661457513823], [0.07957256436347962, -1.2531330571137371]], [[-564.0906380592212], [0.04738239347934723, -1.2906946351307615]]]}, "environment": "lunarlander", "algorithm": "diff", "container": "novelty", "arguments": {"l": 30, "mr": 0.15, "cr": 0.4, "ng": 20}}