{"fitness": {"103": [[[317.0], [-0.2680717657009761, -0.5063111203138908]], [[488.5], [-0.12427876393000285, -0.0029660532424787872]], [[243.0], [0.49290115634600323, 0.5128747253326709]], [[317.0], [-0.2680717657009761, -0.5063111203138908]], [[317.0], [-0.2680717657009761, -0.5063111203138908]], [[317.0], [-0.2680717657009761, -0.5063111203138908]], [[317.0], [-0.2680717657009761, -0.5063111203138908]], [[317.0], [-0.2680717657009761, -0.5063111203138908]], [[317.0], [-0.2680717657009761, -0.5063111203138908]], [[317.0], [-0.2680717657009761, -0.5063111203138908]], [[9.666666666666666], [0.0339663897951444, -0.5452829328450289]], [[317.0], [-0.2680717657009761, -0.5063111203138908]], [[160.83333333333334], [-0.17894505212704342, -0.5050603852888044]], [[243.0], [0.49290115634600323, 0.5128747253326709]], [[317.0], [-0.2680717657009761, -0.5063111203138908]], [[317.0], [-0.2680717657009761, -0.5063111203138908]], [[317.0], [-0.2680717657009761, -0.5063111203138908]], [[317.0], [-0.2680717657009761, -0.5063111203138908]], [[317.0], [-0.2680717657009761, -0.5063111203138908]], [[317.0], [-0.2680717657009761, -0.5063111203138908]], [[317.0], [-0.2680717657009761, -0.5063111203138908]], [[243.0], [0.49290115634600323, 0.5128747253326709]], [[9.666666666666666], [0.0339663897951444, -0.5452829328450289]], [[317.0], [-0.2680717657009761, -0.5063111203138908]], [[317.0], [-0.2680717657009761, -0.5063111203138908]]], "102": [[[9.5], [0.0339663897951444, -0.5452829328450289]], [[250.0], [0.502186914285024, -0.2346723808341049]], [[9.5], [0.0339663897951444, -0.5452829328450289]], [[9.5], [0.0339663897951444, -0.5452829328450289]], [[492.1666666666667], [-0.012115585462500652, -0.007983424108136784]], [[9.666666666666666], [0.0339663897951444, -0.5452829328450289]], [[16.166666666666668], [-0.03047466278076172, 0.5865105601589076]], [[9.5], [0.0339663897951444, -0.5452829328450289]], [[16.166666666666668], [-0.03047466278076172, 0.5865105601589076]], [[76.83333333333333], [-0.1906151572863261, 0.5123951075750105]], [[492.1666666666667], [-0.012115585462500652, -0.007983424108136784]], [[9.666666666666666], [0.0339663897951444, -0.5452829328450289]], [[9.666666666666666], [0.0339663897951444, -0.5452829328450289]], [[250.0], [0.502186914285024, -0.2346723808341049]], [[17.333333333333332], [0.028433790430426598, -0.5370143925744381]], [[492.1666666666667], [-0.012115585462500652, -0.007983424108136784]], [[492.1666666666667], [-0.012115585462500652, -0.007983424108136784]], [[9.833333333333334], [0.0339663897951444, -0.5452829328450289]], [[9.833333333333334], [0.0339663897951444, -0.5452829328450289]], [[9.5], [0.0339663897951444, -0.5452829328450289]], [[16.166666666666668], [-0.03047466278076172, 0.5865105601589076]], [[492.1666666666667], [-0.012115585462500652, -0.007983424108136784]], [[250.0], [0.502186914285024, -0.2346723808341049]], [[492.1666666666667], [-0.012115585462500652, -0.007983424108136784]], [[9.833333333333334], [0.0339663897951444, -0.5452829328450289]]], "101": [[[321.0], [-0.030295060326655708, -0.009509610038910186]], [[51.166666666666664], [0.006442895391955972, -0.5076387852572939]], [[9.166666666666666], [0.0339663897951444, -0.5452829328450289]], [[9.666666666666666], [0.0339663897951444, -0.5452829328450289]], [[9.666666666666666], [0.0339663897951444, -0.5452829328450289]], [[256.8333333333333], [-0.041118202110131584, 0.5072210893106233]], [[9.166666666666666], [0.0339663897951444, -0.5452829328450289]], [[321.0], [-0.030295060326655708, -0.009509610038910186]], [[9.166666666666666], [0.0339663897951444, -0.5452829328450289]], [[285.1666666666667], [-0.1847837120294571, -0.4173740744590759]], [[256.8333333333333], [-0.041118202110131584, 0.5072210893106233]], [[321.0], [-0.030295060326655708, -0.009509610038910186]], [[9.166666666666666], [0.0339663897951444, -0.5452829328450289]], [[9.666666666666666], [0.0339663897951444, -0.5452829328450289]], [[9.833333333333334], [0.0339663897951444, -0.5452829328450289]], [[9.166666666666666], [0.0339663897951444, -0.5452829328450289]], [[53.666666666666664], [-0.09072682509819667, 0.5144534997962878]], [[9.666666666666666], [0.0339663897951444, -0.5452829328450289]], [[9.166666666666666], [0.0339663897951444, -0.5452829328450289]], [[256.8333333333333], [-0.041118202110131584, 0.5072210893106233]], [[321.0], [-0.030295060326655708, -0.009509610038910186]], [[256.8333333333333], [-0.041118202110131584, 0.5072210893106233]], [[124.0], [0.044986450423796974, -0.508348586741817]], [[9.833333333333334], [0.0339663897951444, -0.5452829328450289]], [[9.166666666666666], [0.0339663897951444, -0.5452829328450289]]]}, "environment": "cartpole", "algorithm": "lambda", "container": "novelty_limit", "arguments": {"cross_method": "uniform", "l": 25, "m": 30, "mr": 0.009999999999999995, "cr": 1.0, "mutation_sigma": 1.0, "archiving_period": 4, "archive_batch": 5, "limit": 220.0, "cross_uni": 0.6, "ng": 20}}