{"fitness": {"102": [[[9.5], [-0.025601543796559177, 0.5026477518264186]], [[9.5], [0.0339663897951444, -0.5452829328450289]], [[9.666666666666666], [0.0339663897951444, -0.5452829328450289]], [[17.666666666666668], [0.02946067601442337, -0.5365972670071433]], [[9.666666666666666], [0.0339663897951444, -0.5452829328450289]], [[9.666666666666666], [0.0339663897951444, -0.5452829328450289]], [[9.833333333333334], [-0.03209785247842471, 0.6141351740896417]], [[9.666666666666666], [0.0339663897951444, -0.5452829328450289]], [[341.5], [0.36790214478969574, 0.5059395537992414]], [[9.666666666666666], [0.0339663897951444, -0.5452829328450289]], [[9.5], [0.0339663897951444, -0.5452829328450289]], [[9.5], [0.0339663897951444, -0.5452829328450289]], [[9.666666666666666], [0.0339663897951444, -0.5452829328450289]], [[9.5], [0.0339663897951444, -0.5452829328450289]], [[9.666666666666666], [0.0339663897951444, -0.5452829328450289]], [[341.5], [0.36790214478969574, 0.5059395537992414]], [[9.833333333333334], [-0.03209785247842471, 0.6141351740896417]], [[9.5], [0.0339663897951444, -0.5452829328450289]], [[9.5], [0.0339663897951444, -0.5452829328450289]], [[9.5], [0.0339663897951444, -0.5452829328450289]], [[9.666666666666666], [0.0339663897951444, -0.5452829328450289]], [[9.833333333333334], [-0.03209785247842471, 0.6141351740896417]], [[9.666666666666666], [0.0339663897951444, -0.5452829328450289]], [[9.666666666666666], [0.0339663897951444, -0.5452829328450289]], [[500.0], [-0.024351811346908413, 0.020540415189055167]]], "101": [[[129.0], [-0.4289655387401581, -0.5160815051297822]], [[10.0], [0.0323425109187762, -0.517564562804391]], [[9.5], [0.0339663897951444, -0.5452829328450289]], [[9.666666666666666], [0.0339663897951444, -0.5452829328450289]], [[9.5], [0.0339663897951444, -0.5452829328450289]], [[40.166666666666664], [-0.0013801262442333004, 0.511840627524271]], [[9.5], [0.0339663897951444, -0.5452829328450289]], [[336.1666666666667], [0.3819400320450465, -0.506996145944276]], [[9.5], [0.0339663897951444, -0.5452829328450289]], [[9.5], [0.0339663897951444, -0.5452829328450289]], [[336.1666666666667], [0.3819400320450465, -0.506996145944276]], [[336.1666666666667], [0.3819400320450465, -0.506996145944276]], [[9.5], [0.0339663897951444, -0.5452829328450289]], [[9.5], [0.0339663897951444, -0.5452829328450289]], [[336.1666666666667], [0.3819400320450465, -0.506996145944276]], [[9.666666666666666], [-0.03209785247842471, 0.6141351740896417]], [[10.0], [0.0323425109187762, -0.517564562804391]], [[9.5], [0.0339663897951444, -0.5452829328450289]], [[336.1666666666667], [0.3819400320450465, -0.506996145944276]], [[336.1666666666667], [0.3819400320450465, -0.506996145944276]], [[336.1666666666667], [0.3819400320450465, -0.506996145944276]], [[9.166666666666666], [0.0339663897951444, -0.5452829328450289]], [[9.666666666666666], [0.0339663897951444, -0.5452829328450289]], [[10.0], [0.0323425109187762, -0.517564562804391]], [[336.1666666666667], [0.3819400320450465, -0.506996145944276]]], "103": [[[188.66666666666666], [-0.23943160971005759, -0.5023676599041698]], [[9.333333333333334], [-0.03209785247842471, 0.6141351740896417]], [[188.66666666666666], [-0.23943160971005759, -0.5023676599041698]], [[9.333333333333334], [-0.03209785247842471, 0.6141351740896417]], [[360.1666666666667], [0.17998937517404556, 0.0825119360782313]], [[9.666666666666666], [0.0339663897951444, -0.5452829328450289]], [[9.333333333333334], [-0.03209785247842471, 0.6141351740896417]], [[9.333333333333334], [-0.03209785247842471, 0.6141351740896417]], [[360.1666666666667], [0.17998937517404556, 0.0825119360782313]], [[188.66666666666666], [-0.23943160971005759, -0.5023676599041698]], [[360.1666666666667], [0.17998937517404556, 0.0825119360782313]], [[9.166666666666666], [-0.03209785247842471, 0.6141351740896417]], [[360.1666666666667], [0.17998937517404556, 0.0825119360782313]], [[9.666666666666666], [0.0339663897951444, -0.5452829328450289]], [[9.666666666666666], [0.0339663897951444, -0.5452829328450289]], [[188.66666666666666], [-0.23943160971005759, -0.5023676599041698]], [[9.333333333333334], [0.0339663897951444, -0.5452829328450289]], [[9.666666666666666], [0.0339663897951444, -0.5452829328450289]], [[9.333333333333334], [-0.03209785247842471, 0.6141351740896417]], [[188.66666666666666], [-0.23943160971005759, -0.5023676599041698]], [[9.666666666666666], [0.0339663897951444, -0.5452829328450289]], [[360.1666666666667], [0.17998937517404556, 0.0825119360782313]], [[188.66666666666666], [-0.23943160971005759, -0.5023676599041698]], [[360.1666666666667], [0.17998937517404556, 0.0825119360782313]], [[9.666666666666666], [0.0339663897951444, -0.5452829328450289]]]}, "environment": "cartpole", "algorithm": "lambda", "container": "novelty_limit", "arguments": {"cross_method": "uniform", "l": 25, "m": 35, "mr": 0.11, "cr": 1.0, "mutation_sigma": 1.0, "archiving_period": 4, "archive_batch": 5, "limit": 220.0, "cross_uni": 0.6, "ng": 20}}