{"fitness": {"101": [[[263.1666666666667], [0.4868795474370321, 0.5026240454336103]], [[9.666666666666666], [0.0339663897951444, -0.5452829328450289]], [[164.5], [0.07526957119504611, -0.5096669830203627]], [[325.1666666666667], [-0.38247615098953247, 0.5369852675775592]], [[164.5], [0.07526957119504611, -0.5096669830203627]], [[263.1666666666667], [0.4868795474370321, 0.5026240454336103]], [[263.1666666666667], [0.4868795474370321, 0.5026240454336103]], [[32.333333333333336], [0.04555615286032359, -0.6216813645294409]], [[164.5], [0.07526957119504611, -0.5096669830203627]], [[32.333333333333336], [0.04555615286032359, -0.6216813645294409]], [[9.0], [0.0339663897951444, -0.5452829328450289]], [[164.5], [0.07526957119504611, -0.5096669830203627]], [[10.0], [-0.03209785247842471, 0.6141351740896417]], [[9.666666666666666], [0.0339663897951444, -0.5452829328450289]], [[9.666666666666666], [0.0339663897951444, -0.5452829328450289]], [[102.0], [0.49409473935763043, -0.5570433000058078]], [[9.833333333333334], [0.0339663897951444, -0.5452829328450289]], [[164.5], [0.07526957119504611, -0.5096669830203627]], [[102.0], [0.49409473935763043, -0.5570433000058078]], [[14.833333333333334], [0.034682611003518105, -0.5700561846272227]]], "103": [[[10.0], [-0.03209785247842471, 0.6141351740896417]], [[216.16666666666666], [-0.1827026531100273, -0.502194442817469]], [[147.66666666666666], [0.09804420794049899, 0.509622885564868]], [[216.16666666666666], [-0.1827026531100273, -0.502194442817469]], [[10.0], [-0.03209785247842471, 0.6141351740896417]], [[216.16666666666666], [-0.1827026531100273, -0.502194442817469]], [[147.66666666666666], [0.09804420794049899, 0.509622885564868]], [[10.0], [-0.03209785247842471, 0.6141351740896417]], [[10.0], [-0.03209785247842471, 0.6141351740896417]], [[147.66666666666666], [0.09804420794049899, 0.509622885564868]], [[161.33333333333334], [0.14787353575229645, 0.51790910759611]], [[216.16666666666666], [-0.1827026531100273, -0.502194442817469]], [[216.16666666666666], [-0.1827026531100273, -0.502194442817469]], [[9.166666666666666], [-0.03209785247842471, 0.6141351740896417]], [[161.33333333333334], [0.14787353575229645, 0.51790910759611]], [[27.833333333333332], [0.014564994101723036, -0.5078947786509135]], [[216.16666666666666], [-0.1827026531100273, -0.502194442817469]], [[216.16666666666666], [-0.1827026531100273, -0.502194442817469]], [[161.33333333333334], [0.14787353575229645, 0.51790910759611]], [[107.83333333333333], [0.19964437931776047, -0.5349255563539752]]], "102": [[[498.1666666666667], [-0.042474400252103806, 0.00461214138462284]], [[13.5], [-0.025784879301985107, 0.5357713933196364]], [[9.666666666666666], [0.0339663897951444, -0.5452829328450289]], [[498.1666666666667], [-0.042474400252103806, 0.00461214138462284]], [[498.1666666666667], [-0.042474400252103806, 0.00461214138462284]], [[498.1666666666667], [-0.042474400252103806, 0.00461214138462284]], [[498.1666666666667], [-0.042474400252103806, 0.00461214138462284]], [[498.1666666666667], [-0.042474400252103806, 0.00461214138462284]], [[27.5], [0.017607815874119602, -0.5313207943473707]], [[498.1666666666667], [-0.042474400252103806, 0.00461214138462284]], [[498.1666666666667], [-0.042474400252103806, 0.00461214138462284]], [[10.666666666666666], [0.034682611003518105, -0.5700561846272227]], [[498.1666666666667], [-0.042474400252103806, 0.00461214138462284]], [[9.666666666666666], [0.0339663897951444, -0.5452829328450289]], [[498.1666666666667], [-0.042474400252103806, 0.00461214138462284]], [[91.0], [0.01938516739755869, 0.5098250850536037]], [[498.1666666666667], [-0.042474400252103806, 0.00461214138462284]], [[9.666666666666666], [0.0339663897951444, -0.5452829328450289]], [[9.666666666666666], [-0.03209785247842471, 0.6141351740896417]], [[9.833333333333334], [-0.03209785247842471, 0.6141351740896417]]]}, "environment": "cartpole", "algorithm": "lambda", "container": "novelty_limit", "arguments": {"cross_method": "uniform", "l": 20, "m": 30, "mr": 0.009999999999999995, "cr": 1.0, "mutation_sigma": 1.0, "archiving_period": 4, "archive_batch": 5, "limit": 220.0, "cross_uni": 0.6, "ng": 20}}