{"fitness": {"103": [[[279.8333333333333], [-0.5087312062581381, 0.25213094490566895]], [[49.0], [-0.006266875813404719, -0.511359619466882]], [[279.8333333333333], [-0.5087312062581381, 0.25213094490566895]], [[279.8333333333333], [-0.5087312062581381, 0.25213094490566895]], [[279.8333333333333], [-0.5087312062581381, 0.25213094490566895]], [[9.333333333333334], [-0.03209785247842471, 0.6141351740896417]], [[279.8333333333333], [-0.5087312062581381, 0.25213094490566895]], [[279.8333333333333], [-0.5087312062581381, 0.25213094490566895]], [[279.8333333333333], [-0.5087312062581381, 0.25213094490566895]], [[9.333333333333334], [-0.03209785247842471, 0.6141351740896417]], [[9.333333333333334], [-0.03209785247842471, 0.6141351740896417]], [[49.0], [-0.006266875813404719, -0.511359619466882]], [[9.333333333333334], [-0.03209785247842471, 0.6141351740896417]], [[9.333333333333334], [-0.03209785247842471, 0.6141351740896417]], [[9.333333333333334], [-0.03209785247842471, 0.6141351740896417]], [[279.8333333333333], [-0.5087312062581381, 0.25213094490566895]], [[279.8333333333333], [-0.5087312062581381, 0.25213094490566895]], [[279.8333333333333], [-0.5087312062581381, 0.25213094490566895]], [[9.333333333333334], [-0.03209785247842471, 0.6141351740896417]], [[279.8333333333333], [-0.5087312062581381, 0.25213094490566895]], [[279.8333333333333], [-0.5087312062581381, 0.25213094490566895]], [[170.83333333333334], [0.5024557809034984, 0.31935862091739786]], [[170.83333333333334], [0.5024557809034984, 0.31935862091739786]], [[279.8333333333333], [-0.5087312062581381, 0.25213094490566895]], [[9.333333333333334], [-0.03209785247842471, 0.6141351740896417]]], "101": [[[320.8333333333333], [-0.505193720261256, -0.3799059245574988]], [[9.666666666666666], [0.0339663897951444, -0.5452829328450289]], [[128.66666666666666], [0.07673019543290138, 0.5106626158696043]], [[9.666666666666666], [0.0339663897951444, -0.5452829328450289]], [[320.8333333333333], [-0.505193720261256, -0.3799059245574988]], [[120.0], [0.18291542927424115, 0.506349870462737]], [[320.8333333333333], [-0.505193720261256, -0.3799059245574988]], [[52.0], [0.13522304594516754, -0.5588202813025297]], [[52.0], [0.13522304594516754, -0.5588202813025297]], [[52.0], [0.13522304594516754, -0.5588202813025297]], [[320.8333333333333], [-0.505193720261256, -0.3799059245574988]], [[52.0], [0.13522304594516754, -0.5588202813025297]], [[9.666666666666666], [0.0339663897951444, -0.5452829328450289]], [[52.0], [0.13522304594516754, -0.5588202813025297]], [[52.0], [0.13522304594516754, -0.5588202813025297]], [[320.8333333333333], [-0.505193720261256, -0.3799059245574988]], [[9.166666666666666], [0.0339663897951444, -0.5452829328450289]], [[320.8333333333333], [-0.505193720261256, -0.3799059245574988]], [[52.0], [0.13522304594516754, -0.5588202813025297]], [[320.8333333333333], [-0.505193720261256, -0.3799059245574988]], [[9.666666666666666], [0.0339663897951444, -0.5452829328450289]], [[9.666666666666666], [0.0339663897951444, -0.5452829328450289]], [[320.8333333333333], [-0.505193720261256, -0.3799059245574988]], [[9.666666666666666], [0.0339663897951444, -0.5452829328450289]], [[320.8333333333333], [-0.505193720261256, -0.3799059245574988]]], "102": [[[9.833333333333334], [-0.03209785247842471, 0.6141351740896417]], [[9.833333333333334], [-0.03209785247842471, 0.6141351740896417]], [[9.666666666666666], [0.0339663897951444, -0.5452829328450289]], [[9.666666666666666], [0.0339663897951444, -0.5452829328450289]], [[9.833333333333334], [-0.03209785247842471, 0.6141351740896417]], [[9.833333333333334], [-0.03209785247842471, 0.6141351740896417]], [[9.166666666666666], [-0.03209785247842471, 0.6141351740896417]], [[262.5], [0.5092949668566387, 0.42772813562000767]], [[9.666666666666666], [0.0339663897951444, -0.5452829328450289]], [[9.666666666666666], [0.0339663897951444, -0.5452829328450289]], [[9.833333333333334], [-0.03209785247842471, 0.6141351740896417]], [[131.66666666666666], [-0.33774542311827344, 0.5090820946191487]], [[262.5], [0.5092949668566387, 0.42772813562000767]], [[21.0], [-0.024670984906454883, 0.5139346328078275]], [[9.166666666666666], [-0.03209785247842471, 0.6141351740896417]], [[262.5], [0.5092949668566387, 0.42772813562000767]], [[9.166666666666666], [-0.03209785247842471, 0.6141351740896417]], [[9.666666666666666], [0.0339663897951444, -0.5452829328450289]], [[9.833333333333334], [-0.03209785247842471, 0.6141351740896417]], [[9.166666666666666], [-0.03209785247842471, 0.6141351740896417]], [[9.166666666666666], [-0.03209785247842471, 0.6141351740896417]], [[21.0], [-0.024670984906454883, 0.5139346328078275]], [[9.166666666666666], [-0.03209785247842471, 0.6141351740896417]], [[9.166666666666666], [-0.03209785247842471, 0.6141351740896417]], [[9.666666666666666], [0.0339663897951444, -0.5452829328450289]]]}, "environment": "cartpole", "algorithm": "lambda", "container": "novelty_limit", "arguments": {"cross_method": "uniform", "l": 25, "m": 25, "mr": 0.11, "cr": 1.0, "mutation_sigma": 1.0, "archiving_period": 4, "archive_batch": 5, "limit": 220.0, "cross_uni": 0.6, "ng": 20}}