{"fitness": {"103": [[[209.16666666666666], [0.4478170971075694, 0.5119291432736593]], [[209.16666666666666], [0.4478170971075694, 0.5119291432736593]], [[119.0], [-0.07039401680231094, -0.5074025768982737]], [[209.16666666666666], [0.4478170971075694, 0.5119291432736593]], [[119.0], [-0.07039401680231094, -0.5074025768982737]], [[10.0], [0.0339663897951444, -0.5452829328450289]], [[209.16666666666666], [0.4478170971075694, 0.5119291432736593]], [[209.16666666666666], [0.4478170971075694, 0.5119291432736593]], [[209.16666666666666], [0.4478170971075694, 0.5119291432736593]], [[209.16666666666666], [0.4478170971075694, 0.5119291432736593]], [[209.16666666666666], [0.4478170971075694, 0.5119291432736593]], [[209.16666666666666], [0.4478170971075694, 0.5119291432736593]], [[209.16666666666666], [0.4478170971075694, 0.5119291432736593]], [[209.16666666666666], [0.4478170971075694, 0.5119291432736593]], [[240.16666666666666], [-0.2168120195468267, -0.5108945463833057]], [[119.0], [-0.07039401680231094, -0.5074025768982737]], [[209.16666666666666], [0.4478170971075694, 0.5119291432736593]], [[209.16666666666666], [0.4478170971075694, 0.5119291432736593]], [[10.0], [0.0339663897951444, -0.5452829328450289]], [[209.16666666666666], [0.4478170971075694, 0.5119291432736593]], [[209.16666666666666], [0.4478170971075694, 0.5119291432736593]], [[10.0], [0.0339663897951444, -0.5452829328450289]], [[209.16666666666666], [0.4478170971075694, 0.5119291432736593]], [[10.0], [0.0339663897951444, -0.5452829328450289]], [[209.16666666666666], [0.4478170971075694, 0.5119291432736593]], [[209.16666666666666], [0.4478170971075694, 0.5119291432736593]], [[209.16666666666666], [0.4478170971075694, 0.5119291432736593]], [[209.16666666666666], [0.4478170971075694, 0.5119291432736593]], [[445.5], [-0.04246867261826992, 0.003159253938239442]], [[10.0], [0.0339663897951444, -0.5452829328450289]]], "101": [[[61.666666666666664], [-0.031201221669713657, 0.5608077682376479]], [[61.666666666666664], [-0.031201221669713657, 0.5608077682376479]], [[61.666666666666664], [-0.031201221669713657, 0.5608077682376479]], [[61.666666666666664], [-0.031201221669713657, 0.5608077682376479]], [[61.666666666666664], [-0.031201221669713657, 0.5608077682376479]], [[61.666666666666664], [-0.031201221669713657, 0.5608077682376479]], [[61.666666666666664], [-0.031201221669713657, 0.5608077682376479]], [[61.666666666666664], [-0.031201221669713657, 0.5608077682376479]], [[61.666666666666664], [-0.031201221669713657, 0.5608077682376479]], [[9.833333333333334], [0.0339663897951444, -0.5452829328450289]], [[61.666666666666664], [-0.031201221669713657, 0.5608077682376479]], [[61.666666666666664], [-0.031201221669713657, 0.5608077682376479]], [[61.666666666666664], [-0.031201221669713657, 0.5608077682376479]], [[61.666666666666664], [-0.031201221669713657, 0.5608077682376479]], [[61.666666666666664], [-0.031201221669713657, 0.5608077682376479]], [[61.666666666666664], [-0.031201221669713657, 0.5608077682376479]], [[61.666666666666664], [-0.031201221669713657, 0.5608077682376479]], [[66.0], [0.13287924230098724, -0.5287762250056107]], [[61.666666666666664], [-0.031201221669713657, 0.5608077682376479]], [[9.833333333333334], [0.0339663897951444, -0.5452829328450289]], [[61.666666666666664], [-0.031201221669713657, 0.5608077682376479]], [[94.83333333333333], [0.30196761091550195, -0.5632746590381604]], [[61.666666666666664], [-0.031201221669713657, 0.5608077682376479]], [[61.666666666666664], [-0.031201221669713657, 0.5608077682376479]], [[66.0], [0.13287924230098724, -0.5287762250056107]], [[61.666666666666664], [-0.031201221669713657, 0.5608077682376479]], [[94.83333333333333], [0.30196761091550195, -0.5632746590381604]], [[61.666666666666664], [-0.031201221669713657, 0.5608077682376479]], [[61.666666666666664], [-0.031201221669713657, 0.5608077682376479]], [[61.666666666666664], [-0.031201221669713657, 0.5608077682376479]]], "102": [[[9.666666666666666], [0.0339663897951444, -0.5452829328450289]], [[9.666666666666666], [0.0339663897951444, -0.5452829328450289]], [[9.666666666666666], [0.0339663897951444, -0.5452829328450289]], [[9.666666666666666], [0.0339663897951444, -0.5452829328450289]], [[9.666666666666666], [0.0339663897951444, -0.5452829328450289]], [[9.666666666666666], [0.0339663897951444, -0.5452829328450289]], [[9.666666666666666], [0.0339663897951444, -0.5452829328450289]], [[9.666666666666666], [0.0339663897951444, -0.5452829328450289]], [[9.666666666666666], [0.0339663897951444, -0.5452829328450289]], [[9.666666666666666], [0.0339663897951444, -0.5452829328450289]], [[9.666666666666666], [0.0339663897951444, -0.5452829328450289]], [[500.0], [-0.004519402282312512, -0.01277385890020423]], [[9.666666666666666], [0.0339663897951444, -0.5452829328450289]], [[9.666666666666666], [0.0339663897951444, -0.5452829328450289]], [[112.83333333333333], [-0.33535636961460114, 0.5051848705875817]], [[9.666666666666666], [0.0339663897951444, -0.5452829328450289]], [[9.666666666666666], [0.0339663897951444, -0.5452829328450289]], [[9.666666666666666], [-0.03209785247842471, 0.6141351740896417]], [[9.666666666666666], [0.0339663897951444, -0.5452829328450289]], [[9.666666666666666], [0.0339663897951444, -0.5452829328450289]], [[9.166666666666666], [-0.03209785247842471, 0.6141351740896417]], [[9.666666666666666], [0.0339663897951444, -0.5452829328450289]], [[9.666666666666666], [0.0339663897951444, -0.5452829328450289]], [[500.0], [-0.004519402282312512, -0.01277385890020423]], [[9.666666666666666], [0.0339663897951444, -0.5452829328450289]], [[9.666666666666666], [0.0339663897951444, -0.5452829328450289]], [[9.666666666666666], [0.0339663897951444, -0.5452829328450289]], [[9.666666666666666], [0.0339663897951444, -0.5452829328450289]], [[9.666666666666666], [0.0339663897951444, -0.5452829328450289]], [[9.166666666666666], [-0.03209785247842471, 0.6141351740896417]]]}, "environment": "cartpole", "algorithm": "lambda", "container": "novelty_limit", "arguments": {"cross_method": "uniform", "l": 30, "m": 30, "mr": 0.009999999999999995, "cr": 0.9, "mutation_sigma": 1.0, "archiving_period": 4, "archive_batch": 5, "limit": 220.0, "cross_uni": 0.6, "ng": 20}}