{"fitness": {"101": [[[120.0], [0.05205252207815647, -0.5223608829758384]], [[9.833333333333334], [-0.03209785247842471, 0.6141351740896417]], [[26.333333333333332], [0.025126643789311252, -0.5011172100687712]], [[158.83333333333334], [0.09492166961232822, -0.503009087161014]], [[9.833333333333334], [-0.03209785247842471, 0.6141351740896417]], [[26.333333333333332], [0.025126643789311252, -0.5011172100687712]], [[490.0], [0.03487236487368743, -0.010346017920514613]], [[490.0], [0.03487236487368743, -0.010346017920514613]], [[158.83333333333334], [0.09492166961232822, -0.503009087161014]], [[490.0], [0.03487236487368743, -0.010346017920514613]], [[10.0], [-0.03209785247842471, 0.6141351740896417]], [[9.833333333333334], [-0.03209785247842471, 0.6141351740896417]], [[307.5], [-0.02727542072534561, -0.00665208233440179]], [[9.833333333333334], [-0.03209785247842471, 0.6141351740896417]], [[10.0], [-0.03209785247842471, 0.6141351740896417]], [[490.0], [0.03487236487368743, -0.010346017920514613]], [[225.5], [0.12728898475567502, -0.505137172612277]], [[10.0], [-0.03209785247842471, 0.6141351740896417]], [[9.833333333333334], [0.0339663897951444, -0.5452829328450289]], [[131.66666666666666], [0.41803956031799316, -0.5132455788731005]]], "102": [[[101.83333333333333], [-0.3866940240065257, -0.5057428085632872]], [[101.83333333333333], [-0.3866940240065257, -0.5057428085632872]], [[68.66666666666667], [-0.1815257842342059, 0.5419361962085706]], [[11.833333333333334], [0.030445310597618423, -0.5249023865284532]], [[9.666666666666666], [0.0339663897951444, -0.5452829328450289]], [[9.666666666666666], [0.0339663897951444, -0.5452829328450289]], [[9.666666666666666], [0.0339663897951444, -0.5452829328450289]], [[35.333333333333336], [-0.04380558306972186, 0.574210756703427]], [[68.66666666666667], [-0.1815257842342059, 0.5419361962085706]], [[68.66666666666667], [-0.1815257842342059, 0.5419361962085706]], [[23.5], [-0.04147689168651899, 0.5045461882814837]], [[101.83333333333333], [-0.3866940240065257, -0.5057428085632872]], [[24.333333333333332], [0.02175997787465652, -0.5198569531646071]], [[101.83333333333333], [-0.3866940240065257, -0.5057428085632872]], [[101.83333333333333], [-0.3866940240065257, -0.5057428085632872]], [[68.66666666666667], [-0.1815257842342059, 0.5419361962085706]], [[24.333333333333332], [0.02175997787465652, -0.5198569531646071]], [[23.5], [-0.04147689168651899, 0.5045461882814837]], [[101.83333333333333], [-0.3866940240065257, -0.5057428085632872]], [[9.666666666666666], [0.0339663897951444, -0.5452829328450289]]], "103": [[[217.0], [-0.2847196161746979, -0.5016939349151684]], [[94.0], [-0.06394722809394202, -0.5085550640758716]], [[9.666666666666666], [0.0339663897951444, -0.5452829328450289]], [[94.0], [-0.06394722809394202, -0.5085550640758716]], [[217.0], [-0.2847196161746979, -0.5016939349151684]], [[217.0], [-0.2847196161746979, -0.5016939349151684]], [[217.0], [-0.2847196161746979, -0.5016939349151684]], [[217.0], [-0.2847196161746979, -0.5016939349151684]], [[217.0], [-0.2847196161746979, -0.5016939349151684]], [[94.0], [-0.06394722809394202, -0.5085550640758716]], [[217.0], [-0.2847196161746979, -0.5016939349151684]], [[116.66666666666667], [-0.06944997236132622, -0.5056019605061655]], [[217.0], [-0.2847196161746979, -0.5016939349151684]], [[116.66666666666667], [-0.06944997236132622, -0.5056019605061655]], [[217.0], [-0.2847196161746979, -0.5016939349151684]], [[217.0], [-0.2847196161746979, -0.5016939349151684]], [[25.833333333333332], [0.026815161108970642, -0.5106269671586142]], [[65.33333333333333], [-0.027860881139834724, -0.5028192221262808]], [[217.0], [-0.2847196161746979, -0.5016939349151684]], [[217.0], [-0.2847196161746979, -0.5016939349151684]]]}, "environment": "cartpole", "algorithm": "lambda", "container": "novelty_limit", "arguments": {"cross_method": "uniform", "l": 20, "m": 30, "mr": 0.06, "cr": 0.9, "mutation_sigma": 1.0, "archiving_period": 4, "archive_batch": 5, "limit": 220.0, "cross_uni": 0.6, "ng": 20}}