{"fitness": {"103": [[[40.5], [0.07254230479399364, -0.5411946317225552]], [[270.5], [-0.08420484140515327, -0.17336107184442037]], [[270.5], [-0.08420484140515327, -0.17336107184442037]], [[270.5], [-0.08420484140515327, -0.17336107184442037]], [[38.666666666666664], [0.014564994101723036, -0.5078947786509135]], [[270.5], [-0.08420484140515327, -0.17336107184442037]], [[40.5], [0.07254230479399364, -0.5411946317225552]], [[270.5], [-0.08420484140515327, -0.17336107184442037]], [[270.5], [-0.08420484140515327, -0.17336107184442037]], [[40.5], [0.07254230479399364, -0.5411946317225552]], [[270.5], [-0.08420484140515327, -0.17336107184442037]], [[270.5], [-0.08420484140515327, -0.17336107184442037]], [[40.5], [0.07254230479399364, -0.5411946317225552]], [[270.5], [-0.08420484140515327, -0.17336107184442037]], [[40.5], [0.07254230479399364, -0.5411946317225552]], [[40.5], [0.07254230479399364, -0.5411946317225552]], [[40.5], [0.07254230479399364, -0.5411946317225552]], [[270.5], [-0.08420484140515327, -0.17336107184442037]], [[270.5], [-0.08420484140515327, -0.17336107184442037]], [[270.5], [-0.08420484140515327, -0.17336107184442037]], [[40.5], [0.07254230479399364, -0.5411946317225552]], [[369.0], [0.5032463868459066, 0.36280370500099146]], [[270.5], [-0.08420484140515327, -0.17336107184442037]], [[40.5], [0.07254230479399364, -0.5411946317225552]], [[270.5], [-0.08420484140515327, -0.17336107184442037]]], "102": [[[112.0], [0.1628110185265541, 0.5093583008318997]], [[112.0], [0.1628110185265541, 0.5093583008318997]], [[276.3333333333333], [0.18590693672498068, 0.5069616023433265]], [[276.3333333333333], [0.18590693672498068, 0.5069616023433265]], [[9.666666666666666], [0.0339663897951444, -0.5452829328450289]], [[112.0], [0.1628110185265541, 0.5093583008318997]], [[112.0], [0.1628110185265541, 0.5093583008318997]], [[9.833333333333334], [-0.03209785247842471, 0.6141351740896417]], [[112.0], [0.1628110185265541, 0.5093583008318997]], [[112.0], [0.1628110185265541, 0.5093583008318997]], [[112.0], [0.1628110185265541, 0.5093583008318997]], [[9.166666666666666], [-0.03209785247842471, 0.6141351740896417]], [[112.0], [0.1628110185265541, 0.5093583008318997]], [[276.3333333333333], [0.18590693672498068, 0.5069616023433265]], [[9.666666666666666], [0.0339663897951444, -0.5452829328450289]], [[112.0], [0.1628110185265541, 0.5093583008318997]], [[279.6666666666667], [-0.06969766691327095, 0.5047809350433532]], [[112.0], [0.1628110185265541, 0.5093583008318997]], [[112.0], [0.1628110185265541, 0.5093583008318997]], [[112.0], [0.1628110185265541, 0.5093583008318997]], [[112.0], [0.1628110185265541, 0.5093583008318997]], [[9.833333333333334], [-0.03209785247842471, 0.6141351740896417]], [[112.0], [0.1628110185265541, 0.5093583008318997]], [[276.3333333333333], [0.18590693672498068, 0.5069616023433265]], [[57.5], [-0.017280088116725288, -0.5159484641403673]]], "101": [[[289.0], [0.16456729422012967, -0.5190640188860551]], [[289.0], [0.16456729422012967, -0.5190640188860551]], [[54.833333333333336], [0.10011716435352962, -0.5229028503290204]], [[289.0], [0.16456729422012967, -0.5190640188860551]], [[289.0], [0.16456729422012967, -0.5190640188860551]], [[289.0], [0.16456729422012967, -0.5190640188860551]], [[289.0], [0.16456729422012967, -0.5190640188860551]], [[289.0], [0.16456729422012967, -0.5190640188860551]], [[9.333333333333334], [0.0339663897951444, -0.5452829328450289]], [[289.0], [0.16456729422012967, -0.5190640188860551]], [[289.0], [0.16456729422012967, -0.5190640188860551]], [[289.0], [0.16456729422012967, -0.5190640188860551]], [[289.0], [0.16456729422012967, -0.5190640188860551]], [[289.0], [0.16456729422012967, -0.5190640188860551]], [[54.833333333333336], [0.10011716435352962, -0.5229028503290204]], [[54.833333333333336], [0.10011716435352962, -0.5229028503290204]], [[54.833333333333336], [0.10011716435352962, -0.5229028503290204]], [[157.66666666666666], [-0.11487913628419241, -0.509052185350628]], [[54.833333333333336], [0.10011716435352962, -0.5229028503290204]], [[54.833333333333336], [0.10011716435352962, -0.5229028503290204]], [[14.333333333333334], [0.02946067601442337, -0.5365972670071433]], [[289.0], [0.16456729422012967, -0.5190640188860551]], [[289.0], [0.16456729422012967, -0.5190640188860551]], [[54.833333333333336], [0.10011716435352962, -0.5229028503290204]], [[289.0], [0.16456729422012967, -0.5190640188860551]]]}, "environment": "cartpole", "algorithm": "lambda", "container": "novelty_limit", "arguments": {"cross_method": "uniform", "l": 25, "m": 25, "mr": 0.06, "cr": 1.0, "mutation_sigma": 1.0, "archiving_period": 4, "archive_batch": 5, "limit": 220.0, "cross_uni": 0.6, "ng": 20}}