{"fitness": {"102": [[[9.666666666666666], [-0.03209785247842471, 0.6141351740896417]], [[24.833333333333332], [0.026911345000068348, -0.5356502946484032]], [[9.666666666666666], [0.0339663897951444, -0.5452829328450289]], [[9.666666666666666], [0.0339663897951444, -0.5452829328450289]], [[9.666666666666666], [0.0339663897951444, -0.5452829328450289]], [[9.666666666666666], [0.0339663897951444, -0.5452829328450289]], [[9.666666666666666], [0.0339663897951444, -0.5452829328450289]], [[10.0], [0.0339663897951444, -0.5452829328450289]], [[9.666666666666666], [0.0339663897951444, -0.5452829328450289]], [[9.666666666666666], [0.0339663897951444, -0.5452829328450289]], [[9.666666666666666], [0.0339663897951444, -0.5452829328450289]], [[500.0], [0.4727776348590851, 0.0012637896944532555]], [[500.0], [0.4727776348590851, 0.0012637896944532555]], [[9.666666666666666], [0.0339663897951444, -0.5452829328450289]], [[9.666666666666666], [0.0339663897951444, -0.5452829328450289]], [[9.666666666666666], [0.0339663897951444, -0.5452829328450289]], [[9.666666666666666], [0.0339663897951444, -0.5452829328450289]], [[10.0], [0.0339663897951444, -0.5452829328450289]], [[9.666666666666666], [-0.03209785247842471, 0.6141351740896417]], [[9.666666666666666], [0.0339663897951444, -0.5452829328450289]], [[10.0], [0.0339663897951444, -0.5452829328450289]], [[10.0], [0.0339663897951444, -0.5452829328450289]], [[10.0], [0.0339663897951444, -0.5452829328450289]], [[9.666666666666666], [0.0339663897951444, -0.5452829328450289]], [[9.666666666666666], [0.0339663897951444, -0.5452829328450289]]], "103": [[[9.333333333333334], [-0.03047466278076172, 0.5865105601589076]], [[204.83333333333334], [0.3214198599259059, 0.5061389370398088]], [[279.8333333333333], [-0.5087312062581381, 0.25213094490566895]], [[34.5], [0.021232844640811287, -0.5239388375191028]], [[204.83333333333334], [0.3214198599259059, 0.5061389370398088]], [[204.83333333333334], [0.3214198599259059, 0.5061389370398088]], [[204.83333333333334], [0.3214198599259059, 0.5061389370398088]], [[204.83333333333334], [0.3214198599259059, 0.5061389370398088]], [[204.83333333333334], [0.3214198599259059, 0.5061389370398088]], [[204.83333333333334], [0.3214198599259059, 0.5061389370398088]], [[204.83333333333334], [0.3214198599259059, 0.5061389370398088]], [[279.8333333333333], [-0.5087312062581381, 0.25213094490566895]], [[51.333333333333336], [-0.0025719619588926435, -0.5262031010463477]], [[204.83333333333334], [0.3214198599259059, 0.5061389370398088]], [[9.333333333333334], [-0.03047466278076172, 0.5865105601589076]], [[204.83333333333334], [0.3214198599259059, 0.5061389370398088]], [[16.833333333333332], [-0.022331570896009605, 0.5173322758035797]], [[204.83333333333334], [0.3214198599259059, 0.5061389370398088]], [[204.83333333333334], [0.3214198599259059, 0.5061389370398088]], [[204.83333333333334], [0.3214198599259059, 0.5061389370398088]], [[279.8333333333333], [-0.5087312062581381, 0.25213094490566895]], [[204.83333333333334], [0.3214198599259059, 0.5061389370398088]], [[204.83333333333334], [0.3214198599259059, 0.5061389370398088]], [[9.333333333333334], [-0.03047466278076172, 0.5865105601589076]], [[204.83333333333334], [0.3214198599259059, 0.5061389370398088]]], "101": [[[320.8333333333333], [-0.505193720261256, -0.3799059245574988]], [[9.666666666666666], [0.0339663897951444, -0.5452829328450289]], [[92.0], [-0.03209785247842471, 0.6141351740896417]], [[92.0], [-0.03209785247842471, 0.6141351740896417]], [[41.5], [0.014564994101723036, -0.5078947786509135]], [[320.8333333333333], [-0.505193720261256, -0.3799059245574988]], [[188.5], [-0.15552904456853867, -0.5033336686745785]], [[9.666666666666666], [0.0339663897951444, -0.5452829328450289]], [[92.0], [-0.03209785247842471, 0.6141351740896417]], [[9.666666666666666], [0.0339663897951444, -0.5452829328450289]], [[18.0], [0.026911345000068348, -0.5356502946484032]], [[92.0], [-0.03209785247842471, 0.6141351740896417]], [[320.8333333333333], [-0.505193720261256, -0.3799059245574988]], [[320.8333333333333], [-0.505193720261256, -0.3799059245574988]], [[18.0], [0.026911345000068348, -0.5356502946484032]], [[18.0], [0.026911345000068348, -0.5356502946484032]], [[320.8333333333333], [-0.505193720261256, -0.3799059245574988]], [[9.666666666666666], [0.0339663897951444, -0.5452829328450289]], [[45.833333333333336], [0.018248744308948517, -0.536157183669971]], [[92.0], [-0.03209785247842471, 0.6141351740896417]], [[18.833333333333332], [0.027838532502452534, -0.5091158539484563]], [[45.833333333333336], [0.018248744308948517, -0.536157183669971]], [[9.666666666666666], [0.0339663897951444, -0.5452829328450289]], [[320.8333333333333], [-0.505193720261256, -0.3799059245574988]], [[9.166666666666666], [0.0339663897951444, -0.5452829328450289]]]}, "environment": "cartpole", "algorithm": "lambda", "container": "novelty_limit", "arguments": {"cross_method": "uniform", "l": 25, "m": 30, "mr": 0.11, "cr": 1.0, "mutation_sigma": 1.0, "archiving_period": 4, "archive_batch": 5, "limit": 220.0, "cross_uni": 0.6, "ng": 20}}