{"fitness": {"102": [[[55.5], [0.05881435548265775, -0.5341639572923834]], [[475.1666666666667], [-0.06755202387770018, 0.5035412511186736]], [[9.666666666666666], [-0.03209785247842471, 0.6141351740896417]], [[475.1666666666667], [-0.06755202387770018, 0.5035412511186736]], [[55.5], [0.05881435548265775, -0.5341639572923834]], [[9.666666666666666], [0.0339663897951444, -0.5452829328450289]], [[475.1666666666667], [-0.06755202387770018, 0.5035412511186736]], [[475.1666666666667], [-0.06755202387770018, 0.5035412511186736]], [[10.5], [-0.025601543796559177, 0.5026477518264186]], [[9.833333333333334], [-0.03209785247842471, 0.6141351740896417]], [[9.666666666666666], [0.0339663897951444, -0.5452829328450289]], [[55.5], [0.05881435548265775, -0.5341639572923834]], [[475.1666666666667], [-0.06755202387770018, 0.5035412511186736]], [[475.1666666666667], [-0.06755202387770018, 0.5035412511186736]], [[55.5], [0.05881435548265775, -0.5341639572923834]], [[9.666666666666666], [0.0339663897951444, -0.5452829328450289]], [[9.666666666666666], [-0.03209785247842471, 0.6141351740896417]], [[475.1666666666667], [-0.06755202387770018, 0.5035412511186736]], [[9.166666666666666], [-0.03209785247842471, 0.6141351740896417]], [[475.1666666666667], [-0.06755202387770018, 0.5035412511186736]], [[9.833333333333334], [0.0339663897951444, -0.5452829328450289]], [[9.666666666666666], [-0.03209785247842471, 0.6141351740896417]], [[9.666666666666666], [0.0339663897951444, -0.5452829328450289]], [[9.666666666666666], [-0.03209785247842471, 0.6141351740896417]], [[475.1666666666667], [-0.06755202387770018, 0.5035412511186736]]], "101": [[[179.5], [-0.5053375661373138, -0.1316593255865517]], [[134.0], [0.24553519984086355, -0.6530959355203729]], [[9.333333333333334], [-0.03209785247842471, 0.6141351740896417]], [[9.666666666666666], [0.0339663897951444, -0.5452829328450289]], [[107.83333333333333], [0.06603994096318881, 0.5046210149258518]], [[9.833333333333334], [0.0339663897951444, -0.5452829328450289]], [[9.833333333333334], [0.0339663897951444, -0.5452829328450289]], [[320.8333333333333], [-0.505193720261256, -0.3799059245574988]], [[9.833333333333334], [-0.03209785247842471, 0.6141351740896417]], [[320.8333333333333], [-0.505193720261256, -0.3799059245574988]], [[133.5], [-0.20883791148662567, 0.5197906465621657]], [[320.8333333333333], [-0.505193720261256, -0.3799059245574988]], [[385.0], [-0.4234510163466136, -0.2278498235786931]], [[9.333333333333334], [0.0339663897951444, -0.5452829328450289]], [[9.333333333333334], [-0.03209785247842471, 0.6141351740896417]], [[9.666666666666666], [0.0339663897951444, -0.5452829328450289]], [[320.8333333333333], [-0.505193720261256, -0.3799059245574988]], [[9.333333333333334], [-0.03209785247842471, 0.6141351740896417]], [[9.333333333333334], [0.0339663897951444, -0.5452829328450289]], [[11.0], [0.0339663897951444, -0.5452829328450289]], [[9.833333333333334], [-0.03209785247842471, 0.6141351740896417]], [[320.8333333333333], [-0.505193720261256, -0.3799059245574988]], [[320.8333333333333], [-0.505193720261256, -0.3799059245574988]], [[9.166666666666666], [0.0339663897951444, -0.5452829328450289]], [[9.833333333333334], [0.0339663897951444, -0.5452829328450289]]], "103": [[[9.333333333333334], [-0.03209785247842471, 0.6141351740896417]], [[9.333333333333334], [-0.03209785247842471, 0.6141351740896417]], [[279.8333333333333], [-0.5087312062581381, 0.25213094490566895]], [[279.8333333333333], [-0.5087312062581381, 0.25213094490566895]], [[279.8333333333333], [-0.5087312062581381, 0.25213094490566895]], [[63.5], [-0.024982746690511703, -0.507713611901662]], [[9.333333333333334], [-0.03209785247842471, 0.6141351740896417]], [[9.333333333333334], [-0.03209785247842471, 0.6141351740896417]], [[9.333333333333334], [-0.03209785247842471, 0.6141351740896417]], [[279.8333333333333], [-0.5087312062581381, 0.25213094490566895]], [[279.8333333333333], [-0.5087312062581381, 0.25213094490566895]], [[9.333333333333334], [0.0339663897951444, -0.5452829328450289]], [[9.333333333333334], [-0.03209785247842471, 0.6141351740896417]], [[9.333333333333334], [-0.03209785247842471, 0.6141351740896417]], [[279.8333333333333], [-0.5087312062581381, 0.25213094490566895]], [[9.333333333333334], [-0.03209785247842471, 0.6141351740896417]], [[9.333333333333334], [0.0339663897951444, -0.5452829328450289]], [[12.166666666666666], [-0.025276358549793564, 0.5095600012386815]], [[9.333333333333334], [-0.03209785247842471, 0.6141351740896417]], [[279.8333333333333], [-0.5087312062581381, 0.25213094490566895]], [[9.333333333333334], [-0.03209785247842471, 0.6141351740896417]], [[9.333333333333334], [-0.03209785247842471, 0.6141351740896417]], [[9.333333333333334], [-0.03209785247842471, 0.6141351740896417]], [[279.8333333333333], [-0.5087312062581381, 0.25213094490566895]], [[9.333333333333334], [-0.03209785247842471, 0.6141351740896417]]]}, "environment": "cartpole", "algorithm": "lambda", "container": "novelty_limit", "arguments": {"cross_method": "uniform", "l": 25, "m": 30, "mr": 0.06, "cr": 1.0, "mutation_sigma": 1.0, "archiving_period": 4, "archive_batch": 5, "limit": 220.0, "cross_uni": 0.6, "ng": 20}}