{"103": [[[9.333333333333334], [-0.03209785247842471, 0.6141351740896417]], [[9.333333333333334], [-0.03209785247842471, 0.6141351740896417]], [[9.333333333333334], [-0.03209785247842471, 0.6141351740896417]], [[9.333333333333334], [-0.03209785247842471, 0.6141351740896417]], [[9.333333333333334], [-0.03209785247842471, 0.6141351740896417]], [[9.333333333333334], [-0.03209785247842471, 0.6141351740896417]], [[9.333333333333334], [-0.03209785247842471, 0.6141351740896417]], [[25.666666666666668], [0.024266142087678116, -0.5097569960156126]], [[9.666666666666666], [0.0339663897951444, -0.5452829328450289]], [[9.333333333333334], [-0.03209785247842471, 0.6141351740896417]], [[9.333333333333334], [-0.03209785247842471, 0.6141351740896417]], [[9.666666666666666], [0.0339663897951444, -0.5452829328450289]], [[9.333333333333334], [-0.03209785247842471, 0.6141351740896417]], [[9.666666666666666], [0.0339663897951444, -0.5452829328450289]], [[9.333333333333334], [-0.03209785247842471, 0.6141351740896417]], [[9.333333333333334], [-0.03209785247842471, 0.6141351740896417]], [[9.333333333333334], [-0.03209785247842471, 0.6141351740896417]], [[9.333333333333334], [-0.03209785247842471, 0.6141351740896417]], [[9.666666666666666], [0.0339663897951444, -0.5452829328450289]], [[24.833333333333332], [-0.015785633586347103, 0.503134713218543]], [[9.333333333333334], [-0.03209785247842471, 0.6141351740896417]], [[118.66666666666667], [-0.40153068800767266, -0.5062413914351943]], [[9.333333333333334], [-0.03209785247842471, 0.6141351740896417]], [[9.166666666666666], [-0.03209785247842471, 0.6141351740896417]], [[9.333333333333334], [-0.03209785247842471, 0.6141351740896417]], [[9.333333333333334], [-0.03209785247842471, 0.6141351740896417]], [[9.666666666666666], [0.0339663897951444, -0.5452829328450289]], [[9.333333333333334], [-0.03209785247842471, 0.6141351740896417]], [[9.333333333333334], [-0.03209785247842471, 0.6141351740896417]], [[9.666666666666666], [0.0339663897951444, -0.5452829328450289]]], "102": [[[9.666666666666666], [0.0339663897951444, -0.5452829328450289]], [[9.666666666666666], [0.0339663897951444, -0.5452829328450289]], [[9.666666666666666], [0.0339663897951444, -0.5452829328450289]], [[9.666666666666666], [0.0339663897951444, -0.5452829328450289]], [[9.666666666666666], [0.0339663897951444, -0.5452829328450289]], [[9.666666666666666], [0.0339663897951444, -0.5452829328450289]], [[9.666666666666666], [0.0339663897951444, -0.5452829328450289]], [[9.666666666666666], [0.0339663897951444, -0.5452829328450289]], [[9.666666666666666], [0.0339663897951444, -0.5452829328450289]], [[9.666666666666666], [0.0339663897951444, -0.5452829328450289]], [[9.666666666666666], [0.0339663897951444, -0.5452829328450289]], [[9.666666666666666], [0.0339663897951444, -0.5452829328450289]], [[9.666666666666666], [0.0339663897951444, -0.5452829328450289]], [[9.666666666666666], [0.0339663897951444, -0.5452829328450289]], [[9.666666666666666], [0.0339663897951444, -0.5452829328450289]], [[9.666666666666666], [0.0339663897951444, -0.5452829328450289]], [[158.5], [-0.27299821376800537, 0.5059277184271926]], [[9.666666666666666], [0.0339663897951444, -0.5452829328450289]], [[9.666666666666666], [0.0339663897951444, -0.5452829328450289]], [[9.666666666666666], [0.0339663897951444, -0.5452829328450289]], [[204.66666666666666], [-0.5025040606657665, -0.4684342222921016]], [[9.666666666666666], [0.0339663897951444, -0.5452829328450289]], [[9.666666666666666], [0.0339663897951444, -0.5452829328450289]], [[9.666666666666666], [0.0339663897951444, -0.5452829328450289]], [[9.666666666666666], [0.0339663897951444, -0.5452829328450289]], [[9.666666666666666], [0.0339663897951444, -0.5452829328450289]], [[9.666666666666666], [0.0339663897951444, -0.5452829328450289]], [[9.666666666666666], [0.0339663897951444, -0.5452829328450289]], [[9.666666666666666], [0.0339663897951444, -0.5452829328450289]], [[9.666666666666666], [0.0339663897951444, -0.5452829328450289]]], "101": [[[71.0], [0.08738722031315169, -0.5068638892265028]], [[71.0], [0.08738722031315169, -0.5068638892265028]], [[71.0], [0.08738722031315169, -0.5068638892265028]], [[71.0], [0.08738722031315169, -0.5068638892265028]], [[71.0], [0.08738722031315169, -0.5068638892265028]], [[71.0], [0.08738722031315169, -0.5068638892265028]], [[71.0], [0.08738722031315169, -0.5068638892265028]], [[17.833333333333332], [0.03143611984948318, -0.5146410120160957]], [[71.0], [0.08738722031315169, -0.5068638892265028]], [[17.333333333333332], [0.028737777223189674, -0.510516491803256]], [[9.333333333333334], [-0.03209785247842471, 0.6141351740896417]], [[71.0], [0.08738722031315169, -0.5068638892265028]], [[71.0], [0.08738722031315169, -0.5068638892265028]], [[71.0], [0.08738722031315169, -0.5068638892265028]], [[71.0], [0.08738722031315169, -0.5068638892265028]], [[71.0], [0.08738722031315169, -0.5068638892265028]], [[29.0], [-0.1317526896794637, -0.5047919861437602]], [[71.0], [0.08738722031315169, -0.5068638892265028]], [[71.0], [0.08738722031315169, -0.5068638892265028]], [[32.333333333333336], [0.008885296992957592, -0.516247556825574]], [[71.0], [0.08738722031315169, -0.5068638892265028]], [[9.666666666666666], [0.0339663897951444, -0.5452829328450289]], [[9.666666666666666], [0.0339663897951444, -0.5452829328450289]], [[71.0], [0.08738722031315169, -0.5068638892265028]], [[71.0], [0.08738722031315169, -0.5068638892265028]], [[71.0], [0.08738722031315169, -0.5068638892265028]], [[71.0], [0.08738722031315169, -0.5068638892265028]], [[9.666666666666666], [0.0339663897951444, -0.5452829328450289]], [[17.833333333333332], [0.03143611984948318, -0.5146410120160957]], [[17.833333333333332], [0.03143611984948318, -0.5146410120160957]]]}