{"103": [[[326.1666666666667], [-0.3034189840157827, -0.5031527871150149]], [[326.1666666666667], [-0.3034189840157827, -0.5031527871150149]], [[326.1666666666667], [-0.3034189840157827, -0.5031527871150149]], [[326.1666666666667], [-0.3034189840157827, -0.5031527871150149]], [[326.1666666666667], [-0.3034189840157827, -0.5031527871150149]], [[326.1666666666667], [-0.3034189840157827, -0.5031527871150149]], [[326.1666666666667], [-0.3034189840157827, -0.5031527871150149]], [[326.1666666666667], [-0.3034189840157827, -0.5031527871150149]], [[326.1666666666667], [-0.3034189840157827, -0.5031527871150149]], [[326.1666666666667], [-0.3034189840157827, -0.5031527871150149]], [[326.1666666666667], [-0.3034189840157827, -0.5031527871150149]], [[326.1666666666667], [-0.3034189840157827, -0.5031527871150149]], [[326.1666666666667], [-0.3034189840157827, -0.5031527871150149]], [[326.1666666666667], [-0.3034189840157827, -0.5031527871150149]], [[9.166666666666666], [-0.03209785247842471, 0.6141351740896417]], [[9.333333333333334], [-0.03209785247842471, 0.6141351740896417]], [[326.1666666666667], [-0.3034189840157827, -0.5031527871150149]], [[326.1666666666667], [-0.3034189840157827, -0.5031527871150149]], [[326.1666666666667], [-0.3034189840157827, -0.5031527871150149]], [[326.1666666666667], [-0.3034189840157827, -0.5031527871150149]]], "102": [[[9.833333333333334], [-0.03209785247842471, 0.6141351740896417]], [[9.833333333333334], [-0.03209785247842471, 0.6141351740896417]], [[9.833333333333334], [-0.03209785247842471, 0.6141351740896417]], [[14.166666666666666], [-0.025784879301985107, 0.5357713933196364]], [[9.833333333333334], [-0.03209785247842471, 0.6141351740896417]], [[9.833333333333334], [-0.03209785247842471, 0.6141351740896417]], [[9.833333333333334], [-0.03209785247842471, 0.6141351740896417]], [[9.833333333333334], [-0.03209785247842471, 0.6141351740896417]], [[9.833333333333334], [-0.03209785247842471, 0.6141351740896417]], [[9.666666666666666], [0.0339663897951444, -0.5452829328450289]], [[9.833333333333334], [-0.03209785247842471, 0.6141351740896417]], [[9.833333333333334], [-0.03209785247842471, 0.6141351740896417]], [[9.333333333333334], [-0.03209785247842471, 0.6141351740896417]], [[9.833333333333334], [-0.03209785247842471, 0.6141351740896417]], [[9.833333333333334], [-0.03209785247842471, 0.6141351740896417]], [[9.833333333333334], [-0.03209785247842471, 0.6141351740896417]], [[9.833333333333334], [-0.03209785247842471, 0.6141351740896417]], [[9.833333333333334], [-0.03209785247842471, 0.6141351740896417]], [[9.833333333333334], [-0.03209785247842471, 0.6141351740896417]], [[9.833333333333334], [-0.03209785247842471, 0.6141351740896417]]], "101": [[[9.666666666666666], [0.0339663897951444, -0.5452829328450289]], [[42.5], [0.014564994101723036, -0.5078947786509135]], [[42.5], [0.014564994101723036, -0.5078947786509135]], [[42.5], [0.014564994101723036, -0.5078947786509135]], [[42.5], [0.014564994101723036, -0.5078947786509135]], [[42.5], [0.014564994101723036, -0.5078947786509135]], [[42.5], [0.014564994101723036, -0.5078947786509135]], [[42.5], [0.014564994101723036, -0.5078947786509135]], [[42.5], [0.014564994101723036, -0.5078947786509135]], [[42.5], [0.014564994101723036, -0.5078947786509135]], [[42.5], [0.014564994101723036, -0.5078947786509135]], [[42.5], [0.014564994101723036, -0.5078947786509135]], [[35.333333333333336], [0.0064763217233121395, -0.5162995326461974]], [[42.5], [0.014564994101723036, -0.5078947786509135]], [[42.5], [0.014564994101723036, -0.5078947786509135]], [[42.5], [0.014564994101723036, -0.5078947786509135]], [[9.666666666666666], [0.0339663897951444, -0.5452829328450289]], [[42.5], [0.014564994101723036, -0.5078947786509135]], [[42.5], [0.014564994101723036, -0.5078947786509135]], [[42.5], [0.014564994101723036, -0.5078947786509135]]]}