{"103": [[[9.333333333333334], [-0.03209785247842471, 0.6141351740896417]], [[9.333333333333334], [-0.03209785247842471, 0.6141351740896417]], [[9.333333333333334], [-0.03209785247842471, 0.6141351740896417]], [[9.333333333333334], [-0.03209785247842471, 0.6141351740896417]], [[9.333333333333334], [-0.03209785247842471, 0.6141351740896417]], [[9.333333333333334], [-0.03209785247842471, 0.6141351740896417]], [[9.333333333333334], [0.0339663897951444, -0.5452829328450289]], [[9.333333333333334], [-0.03209785247842471, 0.6141351740896417]], [[9.333333333333334], [-0.03209785247842471, 0.6141351740896417]], [[9.333333333333334], [-0.03209785247842471, 0.6141351740896417]], [[9.333333333333334], [-0.03209785247842471, 0.6141351740896417]], [[9.333333333333334], [-0.03209785247842471, 0.6141351740896417]], [[9.333333333333334], [-0.03209785247842471, 0.6141351740896417]], [[9.333333333333334], [-0.03209785247842471, 0.6141351740896417]], [[9.333333333333334], [-0.03209785247842471, 0.6141351740896417]], [[9.333333333333334], [0.0339663897951444, -0.5452829328450289]], [[9.333333333333334], [-0.03209785247842471, 0.6141351740896417]], [[9.333333333333334], [-0.03209785247842471, 0.6141351740896417]], [[9.333333333333334], [-0.03209785247842471, 0.6141351740896417]], [[9.333333333333334], [-0.03209785247842471, 0.6141351740896417]], [[9.333333333333334], [-0.03209785247842471, 0.6141351740896417]], [[9.333333333333334], [-0.03209785247842471, 0.6141351740896417]], [[9.333333333333334], [-0.03209785247842471, 0.6141351740896417]], [[9.333333333333334], [-0.03209785247842471, 0.6141351740896417]], [[9.333333333333334], [-0.03209785247842471, 0.6141351740896417]], [[9.333333333333334], [-0.03209785247842471, 0.6141351740896417]], [[9.333333333333334], [-0.03209785247842471, 0.6141351740896417]], [[9.333333333333334], [-0.03209785247842471, 0.6141351740896417]], [[9.333333333333334], [-0.03209785247842471, 0.6141351740896417]], [[9.333333333333334], [-0.03209785247842471, 0.6141351740896417]]], "102": [[[9.0], [0.0339663897951444, -0.5452829328450289]], [[9.0], [0.0339663897951444, -0.5452829328450289]], [[9.0], [0.0339663897951444, -0.5452829328450289]], [[9.0], [0.0339663897951444, -0.5452829328450289]], [[9.0], [0.0339663897951444, -0.5452829328450289]], [[9.0], [0.0339663897951444, -0.5452829328450289]], [[9.0], [0.0339663897951444, -0.5452829328450289]], [[9.0], [0.0339663897951444, -0.5452829328450289]], [[9.0], [0.0339663897951444, -0.5452829328450289]], [[9.0], [0.0339663897951444, -0.5452829328450289]], [[9.0], [0.0339663897951444, -0.5452829328450289]], [[9.0], [0.0339663897951444, -0.5452829328450289]], [[9.0], [0.0339663897951444, -0.5452829328450289]], [[9.0], [0.0339663897951444, -0.5452829328450289]], [[9.0], [0.0339663897951444, -0.5452829328450289]], [[9.0], [0.0339663897951444, -0.5452829328450289]], [[9.0], [0.0339663897951444, -0.5452829328450289]], [[9.0], [0.0339663897951444, -0.5452829328450289]], [[9.0], [0.0339663897951444, -0.5452829328450289]], [[9.0], [0.0339663897951444, -0.5452829328450289]], [[9.0], [0.0339663897951444, -0.5452829328450289]], [[9.0], [0.0339663897951444, -0.5452829328450289]], [[9.0], [0.0339663897951444, -0.5452829328450289]], [[9.0], [0.0339663897951444, -0.5452829328450289]], [[9.0], [0.0339663897951444, -0.5452829328450289]], [[9.0], [0.0339663897951444, -0.5452829328450289]], [[9.0], [0.0339663897951444, -0.5452829328450289]], [[9.0], [0.0339663897951444, -0.5452829328450289]], [[9.0], [0.0339663897951444, -0.5452829328450289]], [[9.0], [0.0339663897951444, -0.5452829328450289]]], "101": [[[327.3333333333333], [0.13803818573554358, -0.5062541536737287]], [[327.3333333333333], [0.13803818573554358, -0.5062541536737287]], [[327.3333333333333], [0.13803818573554358, -0.5062541536737287]], [[327.3333333333333], [0.13803818573554358, -0.5062541536737287]], [[327.3333333333333], [0.13803818573554358, -0.5062541536737287]], [[327.3333333333333], [0.13803818573554358, -0.5062541536737287]], [[327.3333333333333], [0.13803818573554358, -0.5062541536737287]], [[327.3333333333333], [0.13803818573554358, -0.5062541536737287]], [[327.3333333333333], [0.13803818573554358, -0.5062541536737287]], [[327.3333333333333], [0.13803818573554358, -0.5062541536737287]], [[327.3333333333333], [0.13803818573554358, -0.5062541536737287]], [[327.3333333333333], [0.13803818573554358, -0.5062541536737287]], [[327.3333333333333], [0.13803818573554358, -0.5062541536737287]], [[327.3333333333333], [0.13803818573554358, -0.5062541536737287]], [[327.3333333333333], [0.13803818573554358, -0.5062541536737287]], [[327.3333333333333], [0.13803818573554358, -0.5062541536737287]], [[327.3333333333333], [0.13803818573554358, -0.5062541536737287]], [[327.3333333333333], [0.13803818573554358, -0.5062541536737287]], [[327.3333333333333], [0.13803818573554358, -0.5062541536737287]], [[327.3333333333333], [0.13803818573554358, -0.5062541536737287]], [[327.3333333333333], [0.13803818573554358, -0.5062541536737287]], [[327.3333333333333], [0.13803818573554358, -0.5062541536737287]], [[327.3333333333333], [0.13803818573554358, -0.5062541536737287]], [[327.3333333333333], [0.13803818573554358, -0.5062541536737287]], [[327.3333333333333], [0.13803818573554358, -0.5062541536737287]], [[327.3333333333333], [0.13803818573554358, -0.5062541536737287]], [[327.3333333333333], [0.13803818573554358, -0.5062541536737287]], [[327.3333333333333], [0.13803818573554358, -0.5062541536737287]], [[327.3333333333333], [0.13803818573554358, -0.5062541536737287]], [[327.3333333333333], [0.13803818573554358, -0.5062541536737287]]]}