{"101": [[[14.5], [0.028737777223189674, -0.510516491803256]], [[14.5], [0.028737777223189674, -0.510516491803256]], [[14.5], [0.028737777223189674, -0.510516491803256]], [[14.5], [0.028737777223189674, -0.510516491803256]], [[14.5], [0.028737777223189674, -0.510516491803256]], [[14.5], [0.028737777223189674, -0.510516491803256]], [[14.5], [0.028737777223189674, -0.510516491803256]], [[14.5], [0.028737777223189674, -0.510516491803256]], [[14.5], [0.028737777223189674, -0.510516491803256]], [[14.5], [0.028737777223189674, -0.510516491803256]], [[14.5], [0.028737777223189674, -0.510516491803256]], [[14.5], [0.028737777223189674, -0.510516491803256]], [[14.5], [0.028737777223189674, -0.510516491803256]], [[14.5], [0.028737777223189674, -0.510516491803256]], [[14.5], [0.028737777223189674, -0.510516491803256]], [[14.5], [0.028737777223189674, -0.510516491803256]], [[14.5], [0.028737777223189674, -0.510516491803256]], [[14.5], [0.028737777223189674, -0.510516491803256]], [[14.5], [0.028737777223189674, -0.510516491803256]], [[14.5], [0.028737777223189674, -0.510516491803256]], [[14.5], [0.028737777223189674, -0.510516491803256]], [[14.5], [0.028737777223189674, -0.510516491803256]], [[14.5], [0.028737777223189674, -0.510516491803256]], [[14.5], [0.028737777223189674, -0.510516491803256]], [[14.5], [0.028737777223189674, -0.510516491803256]], [[14.5], [0.028737777223189674, -0.510516491803256]], [[9.333333333333334], [-0.03209785247842471, 0.6141351740896417]], [[14.5], [0.028737777223189674, -0.510516491803256]], [[14.5], [0.028737777223189674, -0.510516491803256]], [[14.5], [0.028737777223189674, -0.510516491803256]]], "102": [[[9.333333333333334], [-0.03209785247842471, 0.6141351740896417]], [[9.333333333333334], [-0.03209785247842471, 0.6141351740896417]], [[9.333333333333334], [-0.03209785247842471, 0.6141351740896417]], [[11.333333333333334], [0.03143195994198322, -0.5135312676429749]], [[9.333333333333334], [-0.03209785247842471, 0.6141351740896417]], [[9.333333333333334], [-0.03209785247842471, 0.6141351740896417]], [[9.333333333333334], [-0.03209785247842471, 0.6141351740896417]], [[9.333333333333334], [-0.03209785247842471, 0.6141351740896417]], [[9.333333333333334], [-0.03209785247842471, 0.6141351740896417]], [[9.333333333333334], [-0.03209785247842471, 0.6141351740896417]], [[9.333333333333334], [-0.03209785247842471, 0.6141351740896417]], [[9.333333333333334], [-0.03209785247842471, 0.6141351740896417]], [[9.333333333333334], [-0.03209785247842471, 0.6141351740896417]], [[9.333333333333334], [-0.03209785247842471, 0.6141351740896417]], [[9.333333333333334], [-0.03209785247842471, 0.6141351740896417]], [[9.333333333333334], [-0.03209785247842471, 0.6141351740896417]], [[9.333333333333334], [-0.03209785247842471, 0.6141351740896417]], [[9.333333333333334], [-0.03209785247842471, 0.6141351740896417]], [[9.333333333333334], [-0.03209785247842471, 0.6141351740896417]], [[9.333333333333334], [-0.03209785247842471, 0.6141351740896417]], [[9.333333333333334], [-0.03209785247842471, 0.6141351740896417]], [[9.333333333333334], [-0.03209785247842471, 0.6141351740896417]], [[9.333333333333334], [-0.03209785247842471, 0.6141351740896417]], [[9.333333333333334], [-0.03209785247842471, 0.6141351740896417]], [[9.333333333333334], [-0.03209785247842471, 0.6141351740896417]], [[9.333333333333334], [-0.03209785247842471, 0.6141351740896417]], [[9.333333333333334], [-0.03209785247842471, 0.6141351740896417]], [[9.666666666666666], [0.0339663897951444, -0.5452829328450289]], [[9.333333333333334], [-0.03209785247842471, 0.6141351740896417]], [[9.333333333333334], [-0.03209785247842471, 0.6141351740896417]]], "103": [[[104.66666666666667], [-0.057216634353001915, -0.5058395235162032]], [[104.66666666666667], [-0.057216634353001915, -0.5058395235162032]], [[104.66666666666667], [-0.057216634353001915, -0.5058395235162032]], [[104.66666666666667], [-0.057216634353001915, -0.5058395235162032]], [[104.66666666666667], [-0.057216634353001915, -0.5058395235162032]], [[104.66666666666667], [-0.057216634353001915, -0.5058395235162032]], [[104.66666666666667], [-0.057216634353001915, -0.5058395235162032]], [[104.66666666666667], [-0.057216634353001915, -0.5058395235162032]], [[104.66666666666667], [-0.057216634353001915, -0.5058395235162032]], [[104.66666666666667], [-0.057216634353001915, -0.5058395235162032]], [[104.66666666666667], [-0.057216634353001915, -0.5058395235162032]], [[104.66666666666667], [-0.057216634353001915, -0.5058395235162032]], [[104.66666666666667], [-0.057216634353001915, -0.5058395235162032]], [[104.66666666666667], [-0.057216634353001915, -0.5058395235162032]], [[104.66666666666667], [-0.057216634353001915, -0.5058395235162032]], [[104.66666666666667], [-0.057216634353001915, -0.5058395235162032]], [[104.66666666666667], [-0.057216634353001915, -0.5058395235162032]], [[104.66666666666667], [-0.057216634353001915, -0.5058395235162032]], [[104.66666666666667], [-0.057216634353001915, -0.5058395235162032]], [[104.66666666666667], [-0.057216634353001915, -0.5058395235162032]], [[104.66666666666667], [-0.057216634353001915, -0.5058395235162032]], [[104.66666666666667], [-0.057216634353001915, -0.5058395235162032]], [[104.66666666666667], [-0.057216634353001915, -0.5058395235162032]], [[104.66666666666667], [-0.057216634353001915, -0.5058395235162032]], [[104.66666666666667], [-0.057216634353001915, -0.5058395235162032]], [[104.66666666666667], [-0.057216634353001915, -0.5058395235162032]], [[104.66666666666667], [-0.057216634353001915, -0.5058395235162032]], [[104.66666666666667], [-0.057216634353001915, -0.5058395235162032]], [[104.66666666666667], [-0.057216634353001915, -0.5058395235162032]], [[104.66666666666667], [-0.057216634353001915, -0.5058395235162032]]]}