{"101": [[[177.83333333333334], [0.23248809079329175, -0.5129447394010553]], [[177.83333333333334], [0.23248809079329175, -0.5129447394010553]], [[177.83333333333334], [0.23248809079329175, -0.5129447394010553]], [[177.83333333333334], [0.23248809079329175, -0.5129447394010553]], [[177.83333333333334], [0.23248809079329175, -0.5129447394010553]], [[177.83333333333334], [0.23248809079329175, -0.5129447394010553]], [[177.83333333333334], [0.23248809079329175, -0.5129447394010553]], [[13.666666666666666], [-0.025784879301985107, 0.5357713933196364]], [[11.166666666666666], [0.03143195994198322, -0.5135312676429749]], [[177.83333333333334], [0.23248809079329175, -0.5129447394010553]], [[177.83333333333334], [0.23248809079329175, -0.5129447394010553]], [[177.83333333333334], [0.23248809079329175, -0.5129447394010553]], [[177.83333333333334], [0.23248809079329175, -0.5129447394010553]], [[177.83333333333334], [0.23248809079329175, -0.5129447394010553]], [[177.83333333333334], [0.23248809079329175, -0.5129447394010553]], [[177.83333333333334], [0.23248809079329175, -0.5129447394010553]], [[9.166666666666666], [0.0339663897951444, -0.5452829328450289]], [[177.83333333333334], [0.23248809079329175, -0.5129447394010553]], [[177.83333333333334], [0.23248809079329175, -0.5129447394010553]], [[177.83333333333334], [0.23248809079329175, -0.5129447394010553]], [[54.166666666666664], [0.018367338925600052, 0.5052871467394122]], [[177.83333333333334], [0.23248809079329175, -0.5129447394010553]], [[177.83333333333334], [0.23248809079329175, -0.5129447394010553]], [[177.83333333333334], [0.23248809079329175, -0.5129447394010553]], [[13.666666666666666], [-0.025784879301985107, 0.5357713933196364]], [[177.83333333333334], [0.23248809079329175, -0.5129447394010553]], [[177.83333333333334], [0.23248809079329175, -0.5129447394010553]], [[177.83333333333334], [0.23248809079329175, -0.5129447394010553]], [[177.83333333333334], [0.23248809079329175, -0.5129447394010553]], [[177.83333333333334], [0.23248809079329175, -0.5129447394010553]]], "102": [[[9.333333333333334], [-0.03209785247842471, 0.6141351740896417]], [[9.833333333333334], [0.0339663897951444, -0.5452829328450289]], [[10.0], [0.0339663897951444, -0.5452829328450289]], [[9.833333333333334], [0.0339663897951444, -0.5452829328450289]], [[9.833333333333334], [0.0339663897951444, -0.5452829328450289]], [[9.833333333333334], [0.0339663897951444, -0.5452829328450289]], [[9.833333333333334], [0.0339663897951444, -0.5452829328450289]], [[9.833333333333334], [0.0339663897951444, -0.5452829328450289]], [[9.333333333333334], [-0.03209785247842471, 0.6141351740896417]], [[10.0], [0.0339663897951444, -0.5452829328450289]], [[9.833333333333334], [0.0339663897951444, -0.5452829328450289]], [[9.833333333333334], [0.0339663897951444, -0.5452829328450289]], [[9.833333333333334], [0.0339663897951444, -0.5452829328450289]], [[9.833333333333334], [0.0339663897951444, -0.5452829328450289]], [[9.833333333333334], [0.0339663897951444, -0.5452829328450289]], [[9.166666666666666], [0.0339663897951444, -0.5452829328450289]], [[9.833333333333334], [0.0339663897951444, -0.5452829328450289]], [[9.833333333333334], [0.0339663897951444, -0.5452829328450289]], [[10.0], [0.0339663897951444, -0.5452829328450289]], [[42.166666666666664], [0.014564994101723036, -0.5078947786509135]], [[9.833333333333334], [0.0339663897951444, -0.5452829328450289]], [[9.333333333333334], [-0.03209785247842471, 0.6141351740896417]], [[9.833333333333334], [0.0339663897951444, -0.5452829328450289]], [[9.333333333333334], [-0.03209785247842471, 0.6141351740896417]], [[9.833333333333334], [0.0339663897951444, -0.5452829328450289]], [[9.833333333333334], [0.0339663897951444, -0.5452829328450289]], [[10.0], [0.0339663897951444, -0.5452829328450289]], [[10.0], [0.0339663897951444, -0.5452829328450289]], [[10.0], [0.0339663897951444, -0.5452829328450289]], [[9.333333333333334], [-0.03209785247842471, 0.6141351740896417]]], "103": [[[152.0], [0.5061412851015727, 0.43057978295823607]], [[9.333333333333334], [-0.03209785247842471, 0.6141351740896417]], [[152.0], [0.5061412851015727, 0.43057978295823607]], [[152.0], [0.5061412851015727, 0.43057978295823607]], [[152.0], [0.5061412851015727, 0.43057978295823607]], [[152.0], [0.5061412851015727, 0.43057978295823607]], [[152.0], [0.5061412851015727, 0.43057978295823607]], [[152.0], [0.5061412851015727, 0.43057978295823607]], [[9.333333333333334], [-0.03209785247842471, 0.6141351740896417]], [[152.0], [0.5061412851015727, 0.43057978295823607]], [[152.0], [0.5061412851015727, 0.43057978295823607]], [[152.0], [0.5061412851015727, 0.43057978295823607]], [[9.333333333333334], [-0.03209785247842471, 0.6141351740896417]], [[152.0], [0.5061412851015727, 0.43057978295823607]], [[9.333333333333334], [-0.03209785247842471, 0.6141351740896417]], [[152.0], [0.5061412851015727, 0.43057978295823607]], [[152.0], [0.5061412851015727, 0.43057978295823607]], [[152.0], [0.5061412851015727, 0.43057978295823607]], [[152.0], [0.5061412851015727, 0.43057978295823607]], [[152.0], [0.5061412851015727, 0.43057978295823607]], [[152.0], [0.5061412851015727, 0.43057978295823607]], [[152.0], [0.5061412851015727, 0.43057978295823607]], [[152.0], [0.5061412851015727, 0.43057978295823607]], [[152.0], [0.5061412851015727, 0.43057978295823607]], [[152.0], [0.5061412851015727, 0.43057978295823607]], [[152.0], [0.5061412851015727, 0.43057978295823607]], [[152.0], [0.5061412851015727, 0.43057978295823607]], [[152.0], [0.5061412851015727, 0.43057978295823607]], [[152.0], [0.5061412851015727, 0.43057978295823607]], [[152.0], [0.5061412851015727, 0.43057978295823607]]]}