{"fitness": {"101": [[[155.83333333333334], [0.4186674455801646, -0.5520850633890435]], [[27.0], [-0.027854194243748985, 0.5987732176575364]], [[9.333333333333334], [-0.03209785247842471, 0.6141351740896417]], [[66.83333333333333], [-0.007387129589915276, -0.5082677354652916]], [[9.333333333333334], [-0.03209785247842471, 0.6141351740896417]], [[22.5], [0.02636594076951345, -0.5348211769281962]], [[9.166666666666666], [0.0339663897951444, -0.5452829328450289]], [[9.0], [0.0339663897951444, -0.5452829328450289]], [[43.5], [-0.008758933593829473, -0.5103162173449137]], [[9.166666666666666], [-0.03209785247842471, 0.6141351740896417]], [[47.5], [0.014564994101723036, -0.5078947786509135]], [[9.333333333333334], [-0.03209785247842471, 0.6141351740896417]], [[9.166666666666666], [0.0339663897951444, -0.5452829328450289]], [[53.333333333333336], [-0.010726950907458862, -0.5337592018278022]], [[9.666666666666666], [0.0339663897951444, -0.5452829328450289]], [[9.0], [0.0339663897951444, -0.5452829328450289]], [[11.833333333333334], [0.0339663897951444, -0.5452829328450289]], [[70.16666666666667], [-0.08279249692956607, 0.5858992560628499]], [[9.5], [0.0339663897951444, -0.5452829328450289]], [[9.0], [0.0339663897951444, -0.5452829328450289]]], "102": [[[9.0], [0.0339663897951444, -0.5452829328450289]], [[12.166666666666666], [0.02731943503022194, -0.5503490068125383]], [[223.83333333333334], [0.30894083281358087, 0.5169042417307219]], [[106.83333333333333], [-0.06844631085793178, -0.5067888130411577]], [[462.0], [-0.05303196609020233, -0.008201483931196364]], [[35.0], [0.032658937076727554, -0.5794705457664563]], [[9.333333333333334], [-0.03209785247842471, 0.6141351740896417]], [[9.166666666666666], [0.0339663897951444, -0.5452829328450289]], [[99.66666666666667], [-0.0403525276730458, -0.5091360667675876]], [[9.166666666666666], [-0.03209785247842471, 0.6141351740896417]], [[9.166666666666666], [-0.03209785247842471, 0.6141351740896417]], [[76.66666666666667], [0.09529949476321539, 0.5027955513821835]], [[9.333333333333334], [0.0339663897951444, -0.5452829328450289]], [[9.166666666666666], [0.0339663897951444, -0.5452829328450289]], [[9.166666666666666], [-0.03209785247842471, 0.6141351740896417]], [[9.666666666666666], [0.0339663897951444, -0.5452829328450289]], [[9.333333333333334], [-0.03209785247842471, 0.6141351740896417]], [[9.333333333333334], [-0.03209785247842471, 0.6141351740896417]], [[9.0], [0.0339663897951444, -0.5452829328450289]], [[9.333333333333334], [-0.03209785247842471, 0.6141351740896417]]], "103": [[[84.33333333333333], [0.06770736848314604, -0.5123864092895289]], [[214.83333333333334], [-0.1425030330816905, 0.006816645139498574]], [[128.5], [0.05449362099170685, -0.5984777611408507]], [[269.1666666666667], [-0.009168689139187336, 0.013297056093027717]], [[500.0], [-0.04699979287882646, -0.0006882557378074769]], [[109.33333333333333], [-0.08059864863753319, -0.522739115799443]], [[9.166666666666666], [0.0339663897951444, -0.5452829328450289]], [[162.33333333333334], [-0.09207366655270259, -0.5037318647763376]], [[9.833333333333334], [-0.03209785247842471, 0.6141351740896417]], [[10.0], [-0.03209785247842471, 0.6141351740896417]], [[54.333333333333336], [-0.02058883042385181, -0.5253392614816365]], [[57.0], [-0.008647110468397539, -0.5375639887517719]], [[224.16666666666666], [0.17608356972535452, 0.5110302966747557]], [[38.0], [0.014564994101723036, -0.5078947786509135]], [[9.833333333333334], [-0.03209785247842471, 0.6141351740896417]], [[169.16666666666666], [-0.13892217228809994, 0.5129367540897936]], [[9.5], [-0.03209785247842471, 0.6141351740896417]], [[44.333333333333336], [0.014564994101723036, -0.5078947786509135]], [[108.33333333333333], [0.12089923024177551, -0.5203737881765411]], [[9.666666666666666], [0.0339663897951444, -0.5452829328450289]]]}, "environment": "cartpole", "algorithm": "diff", "container": "add_novelty", "arguments": {"l": 20, "mr": 0.8, "cr": 0.7000000000000002, "fitness_weight": 1.0, "decay": 2.5, "ng": 20}}