{"fitness": {"102": [[[9.0], [0.0339663897951444, -0.5452829328450289]], [[44.0], [0.018643659229079883, -0.5475992434903195]], [[226.5], [0.09342124685645103, -0.5358003044242494]], [[143.33333333333334], [-0.24074703454971313, 0.5120568369564258]], [[136.33333333333334], [0.19516600916783017, 0.5048630696734744]], [[31.0], [0.026404674475391708, -0.5449586008724414]], [[9.0], [0.0339663897951444, -0.5452829328450289]], [[9.166666666666666], [0.0339663897951444, -0.5452829328450289]], [[26.833333333333332], [0.029278596242268883, -0.524350508833616]], [[9.666666666666666], [-0.03209785247842471, 0.6141351740896417]], [[9.666666666666666], [-0.03209785247842471, 0.6141351740896417]], [[16.0], [-0.02968270021180312, 0.5689295071163817]], [[15.166666666666666], [0.01618772279471159, -0.5355453804919594]], [[9.166666666666666], [0.0339663897951444, -0.5452829328450289]], [[9.333333333333334], [-0.03209785247842471, 0.6141351740896417]], [[55.166666666666664], [-0.03921606267491977, -0.501695931242984]], [[9.333333333333334], [-0.03209785247842471, 0.6141351740896417]], [[9.833333333333334], [-0.03209785247842471, 0.6141351740896417]], [[9.0], [0.0339663897951444, -0.5452829328450289]], [[9.166666666666666], [-0.03209785247842471, 0.6141351740896417]]], "103": [[[96.0], [0.13288980970780057, -0.5155549736684589]], [[39.833333333333336], [0.014564994101723036, -0.5078947786509135]], [[289.0], [0.5032610893249512, 0.45709315526998784]], [[123.83333333333333], [0.08333622788389525, -0.5158270446307351]], [[9.333333333333334], [-0.03209785247842471, 0.6141351740896417]], [[112.16666666666667], [-0.08525154242912929, -0.510014237114117]], [[9.166666666666666], [0.0339663897951444, -0.5452829328450289]], [[17.166666666666668], [-0.03209785247842471, 0.6141351740896417]], [[9.833333333333334], [-0.03209785247842471, 0.6141351740896417]], [[9.833333333333334], [-0.03209785247842471, 0.6141351740896417]], [[63.666666666666664], [-0.04025396580497424, -0.5143080174067374]], [[37.833333333333336], [0.014564994101723036, -0.5078947786509135]], [[127.5], [0.25531421105066937, 0.5058249431934083]], [[37.666666666666664], [0.014564994101723036, -0.5078947786509135]], [[9.166666666666666], [-0.03209785247842471, 0.6141351740896417]], [[34.0], [0.012980573034534853, -0.5049019624171646]], [[9.166666666666666], [-0.03209785247842471, 0.6141351740896417]], [[36.666666666666664], [0.014564994101723036, -0.5078947786509135]], [[497.8333333333333], [-0.04237288298706214, -0.02109055055314274]], [[9.833333333333334], [0.0339663897951444, -0.5452829328450289]]], "101": [[[89.0], [0.025440971367061138, 0.5018356385413539]], [[14.166666666666666], [-0.03114059257010619, 0.5682687582581808]], [[9.333333333333334], [-0.03209785247842471, 0.6141351740896417]], [[56.833333333333336], [-0.010726950907458862, -0.5337592018278022]], [[9.166666666666666], [-0.03209785247842471, 0.6141351740896417]], [[9.333333333333334], [-0.03209785247842471, 0.6141351740896417]], [[9.666666666666666], [0.0339663897951444, -0.5452829328450289]], [[9.166666666666666], [0.0339663897951444, -0.5452829328450289]], [[111.16666666666667], [0.08107896273334822, -0.5081938356874092]], [[9.166666666666666], [-0.03209785247842471, 0.6141351740896417]], [[63.5], [0.003890347434207797, -0.5056713685464631]], [[9.666666666666666], [-0.03209785247842471, 0.6141351740896417]], [[9.666666666666666], [0.0339663897951444, -0.5452829328450289]], [[63.166666666666664], [-0.018238555639982224, -0.5140680659330633]], [[9.666666666666666], [0.0339663897951444, -0.5452829328450289]], [[9.0], [0.0339663897951444, -0.5452829328450289]], [[9.0], [0.0339663897951444, -0.5452829328450289]], [[388.1666666666667], [0.5003389716148376, 0.1088952708044691]], [[9.333333333333334], [-0.03209785247842471, 0.6141351740896417]], [[9.166666666666666], [0.0339663897951444, -0.5452829328450289]]]}, "environment": "cartpole", "algorithm": "diff", "container": "add_novelty", "arguments": {"l": 20, "mr": 1.0, "cr": 0.7000000000000002, "fitness_weight": 1.0, "decay": 2.5, "ng": 20}}