{"fitness": {"103": [[[39.666666666666664], [-0.001313249037290613, 0.5297089378799548]], [[120.33333333333333], [-0.0721321813762188, -0.5011909316030986]], [[500.0], [-2.9666052796528675e-05, 0.0013877678346156219]], [[58.666666666666664], [-0.02065498537073533, -0.5324365277039378]], [[500.0], [-5.670091923093423e-05, 0.008398831296159606]], [[94.66666666666667], [-0.045961644500494, -0.5176819896583922]], [[67.66666666666667], [-0.03097789672513803, -0.5101852439807363]], [[197.0], [0.016611306928098202, 0.008934404718818848]], [[9.0], [0.0339663897951444, -0.5452829328450289]], [[9.666666666666666], [-0.03209785247842471, 0.6141351740896417]], [[150.5], [0.0907535788913568, 0.5150391368204327]], [[170.0], [0.12889865785837173, -0.513186295066724]], [[11.5], [0.0339663897951444, -0.5452829328450289]], [[15.666666666666666], [0.032529380793372795, -0.5809675777357731]], [[9.0], [0.0339663897951444, -0.5452829328450289]], [[300.1666666666667], [-0.5077789227167766, -0.40721183901198177]], [[53.833333333333336], [-0.01941851495454709, 0.5088019670481887]], [[31.833333333333332], [0.010506986485173305, -0.5085949906321804]], [[43.0], [0.010506986485173305, -0.5085949906321804]], [[9.0], [0.0339663897951444, -0.5452829328450289]]], "102": [[[76.33333333333333], [-0.03355013517042001, -0.5030251290809595]], [[28.5], [0.014564994101723036, -0.5078947786509135]], [[9.166666666666666], [0.0339663897951444, -0.5452829328450289]], [[9.833333333333334], [0.0339663897951444, -0.5452829328450289]], [[9.0], [-0.03209785247842471, 0.6141351740896417]], [[36.5], [-0.00027132892379692447, 0.5058982012944929]], [[9.0], [0.0339663897951444, -0.5452829328450289]], [[355.8333333333333], [0.08087009812394778, -0.5072837953932547]], [[9.333333333333334], [-0.03209785247842471, 0.6141351740896417]], [[9.333333333333334], [-0.03209785247842471, 0.6141351740896417]], [[54.333333333333336], [-0.01185103397195538, -0.5092613719867177]], [[18.333333333333332], [0.0339663897951444, -0.5452829328450289]], [[67.83333333333333], [-0.04133296509583791, -0.5147643565561213]], [[32.166666666666664], [-0.008268752911438545, 0.5094293843616139]], [[31.833333333333332], [0.014564994101723036, -0.5078947786509135]], [[9.5], [0.0339663897951444, -0.5452829328450289]], [[9.833333333333334], [-0.03209785247842471, 0.6141351740896417]], [[37.333333333333336], [0.014564994101723036, -0.5078947786509135]], [[24.333333333333332], [0.026967829714218777, -0.5645916293682665]], [[36.333333333333336], [0.014465601804355781, -0.5171421968765807]]], "101": [[[33.333333333333336], [0.010426049120724201, -0.5172212657175567]], [[9.333333333333334], [-0.03209785247842471, 0.6141351740896417]], [[37.0], [0.0033293986537804208, -0.5454942227550671]], [[165.83333333333334], [-0.10364773372809093, -0.507824907177373]], [[359.6666666666667], [-0.0844872867067655, 0.5110606693765193]], [[9.666666666666666], [-0.03209785247842471, 0.6141351740896417]], [[83.5], [-0.04360678295294444, -0.5130577101661828]], [[500.0], [-0.00439050568578144, -0.04536637136240325]], [[216.33333333333334], [-0.35047203302383423, -0.5064808438269145]], [[18.5], [-0.027227215468883514, 0.530935610025123]], [[24.833333333333332], [0.018675466999411583, -0.5207110249825072]], [[9.833333333333334], [-0.03209785247842471, 0.6141351740896417]], [[500.0], [-0.0030774927775685987, 0.005860355098923428]], [[112.0], [-0.11730344345172247, -0.5081611814681423]], [[154.5], [-0.08545832087596258, -0.5143393169749867]], [[18.333333333333332], [0.024650304888685547, -0.518217611541018]], [[9.166666666666666], [0.0339663897951444, -0.5452829328450289]], [[47.833333333333336], [0.0704623634616534, -0.5361365430663078]], [[9.0], [-0.03209785247842471, 0.6141351740896417]], [[9.166666666666666], [-0.03209785247842471, 0.6141351740896417]]]}, "environment": "cartpole", "algorithm": "diff", "container": "add_novelty", "arguments": {"l": 20, "mr": 0.8, "cr": 0.8000000000000002, "fitness_weight": 1.0, "decay": 2.5, "ng": 20}}