{"fitness": {"103": [[[9.166666666666666], [0.0339663897951444, -0.5452829328450289]], [[13.0], [-0.03209785247842471, 0.6141351740896417]], [[350.0], [-0.5003813405831655, -0.40615057688580747]], [[9.166666666666666], [-0.03209785247842471, 0.6141351740896417]], [[500.0], [-0.053182902435461685, 0.030029651989634528]], [[152.5], [-0.1727297032872836, -0.5057135766202754]], [[9.166666666666666], [0.0339663897951444, -0.5452829328450289]], [[58.166666666666664], [0.04145700174073379, -0.5121486323872252]], [[10.666666666666666], [-0.03209785247842471, 0.6141351740896417]], [[49.666666666666664], [-0.004603274865075946, -0.5278503566837768]], [[210.16666666666666], [-0.18086222310860953, -0.5173853923829549]], [[9.833333333333334], [0.0339663897951444, -0.5452829328450289]], [[9.666666666666666], [0.0339663897951444, -0.5452829328450289]], [[23.666666666666668], [0.022083489845196407, -0.5127371213082492]], [[9.0], [0.0339663897951444, -0.5452829328450289]], [[65.66666666666667], [-0.02600485303749641, -0.5446771542991747]], [[52.333333333333336], [0.024383687414228916, 0.5170526116658626]], [[75.0], [-0.0975721205274264, 0.5124340716161226]], [[9.666666666666666], [0.0339663897951444, -0.5452829328450289]], [[45.833333333333336], [0.02075682394206524, -0.5265640798938331]]], "101": [[[146.0], [-0.03532037759820621, -0.5332328486100338]], [[36.666666666666664], [0.021172667232652508, -0.543481389586435]], [[9.0], [0.0339663897951444, -0.5452829328450289]], [[32.5], [0.023782880355914436, -0.5250981336004996]], [[247.0], [-0.19761137664318085, 0.5287418239995053]], [[91.5], [-0.039893764381607376, -0.5193296374316421]], [[358.5], [0.5066763858000438, 0.28420601521382494]], [[110.5], [0.07869585727651915, -0.514470718123696]], [[193.33333333333334], [0.39304301142692566, 0.5082082734153601]], [[9.166666666666666], [-0.03209785247842471, 0.6141351740896417]], [[33.333333333333336], [0.01255743360767762, -0.521127901008825]], [[11.166666666666666], [-0.03209785247842471, 0.6141351740896417]], [[9.5], [0.0339663897951444, -0.5452829328450289]], [[40.0], [0.010506986485173305, -0.5085949906321804]], [[113.66666666666667], [0.05758003021279971, 0.5165772004560991]], [[9.0], [0.0339663897951444, -0.5452829328450289]], [[9.333333333333334], [0.0339663897951444, -0.5452829328450289]], [[9.166666666666666], [0.0339663897951444, -0.5452829328450289]], [[219.83333333333334], [-0.19653345147768658, -0.5104036636329724]], [[9.0], [0.0339663897951444, -0.5452829328450289]]], "102": [[[9.666666666666666], [0.0339663897951444, -0.5452829328450289]], [[35.0], [0.021206570478777092, -0.5170367123407611]], [[9.0], [0.0339663897951444, -0.5452829328450289]], [[9.0], [0.0339663897951444, -0.5452829328450289]], [[9.666666666666666], [0.0339663897951444, -0.5452829328450289]], [[67.83333333333333], [-0.04839103979369005, -0.52493179671502]], [[9.166666666666666], [0.0339663897951444, -0.5452829328450289]], [[34.166666666666664], [0.017016208730638027, -0.5186622222644861]], [[343.6666666666667], [-0.01812374374518792, -0.021586089916349027]], [[45.5], [-0.0051710133751233425, -0.512181500498758]], [[9.166666666666666], [-0.03209785247842471, 0.6141351740896417]], [[9.5], [0.0339663897951444, -0.5452829328450289]], [[9.666666666666666], [-0.03209785247842471, 0.6141351740896417]], [[109.0], [0.145831232269605, -0.5269474817805313]], [[9.333333333333334], [0.0339663897951444, -0.5452829328450289]], [[60.5], [0.0311566765109698, 0.519609943246157]], [[133.33333333333334], [-0.01791391211251418, -0.5238163485481409]], [[10.0], [-0.03209785247842471, 0.6141351740896417]], [[58.0], [0.05855205158392589, -0.5013788003100162]], [[9.5], [-0.03209785247842471, 0.6141351740896417]]]}, "environment": "cartpole", "algorithm": "diff", "container": "add_novelty", "arguments": {"l": 20, "mr": 0.8, "cr": 0.9000000000000001, "fitness_weight": 1.0, "decay": 2.5, "ng": 20}}