{"fitness": {"103": [[[383.3333333333333], [-0.11968232691287994, -0.015686679426491545]], [[342.3333333333333], [-0.006102813640609384, 0.004441511893029989]], [[431.3333333333333], [-0.03482000591854255, 0.5212581257500717]], [[431.3333333333333], [-0.03482000591854255, 0.5212581257500717]], [[383.3333333333333], [-0.11968232691287994, -0.015686679426491545]], [[383.3333333333333], [-0.11968232691287994, -0.015686679426491545]], [[383.3333333333333], [-0.11968232691287994, -0.015686679426491545]], [[383.3333333333333], [-0.11968232691287994, -0.015686679426491545]], [[383.3333333333333], [-0.11968232691287994, -0.015686679426491545]], [[383.3333333333333], [-0.11968232691287994, -0.015686679426491545]], [[383.3333333333333], [-0.11968232691287994, -0.015686679426491545]], [[403.1666666666667], [0.10455265641212463, -0.5131763490763578]], [[383.3333333333333], [-0.11968232691287994, -0.015686679426491545]], [[431.3333333333333], [-0.03482000591854255, 0.5212581257500717]], [[383.3333333333333], [-0.11968232691287994, -0.015686679426491545]], [[431.3333333333333], [-0.03482000591854255, 0.5212581257500717]], [[342.3333333333333], [-0.006102813640609384, 0.004441511893029989]], [[383.3333333333333], [-0.11968232691287994, -0.015686679426491545]], [[383.3333333333333], [-0.11968232691287994, -0.015686679426491545]], [[383.3333333333333], [-0.11968232691287994, -0.015686679426491545]], [[383.3333333333333], [-0.11968232691287994, -0.015686679426491545]], [[431.3333333333333], [-0.03482000591854255, 0.5212581257500717]], [[383.3333333333333], [-0.11968232691287994, -0.015686679426491545]], [[383.3333333333333], [-0.11968232691287994, -0.015686679426491545]], [[383.3333333333333], [-0.11968232691287994, -0.015686679426491545]]], "101": [[[475.5], [-0.024241868716975055, -0.007233170805828708]], [[475.5], [-0.024241868716975055, -0.007233170805828708]], [[475.5], [-0.024241868716975055, -0.007233170805828708]], [[475.5], [-0.024241868716975055, -0.007233170805828708]], [[96.16666666666667], [-0.10952642808357875, 0.5413405418966376]], [[475.5], [-0.024241868716975055, -0.007233170805828708]], [[475.5], [-0.024241868716975055, -0.007233170805828708]], [[475.5], [-0.024241868716975055, -0.007233170805828708]], [[475.5], [-0.024241868716975055, -0.007233170805828708]], [[475.5], [-0.024241868716975055, -0.007233170805828708]], [[475.5], [-0.024241868716975055, -0.007233170805828708]], [[9.333333333333334], [0.0339663897951444, -0.5452829328450289]], [[100.5], [-0.1488470161954562, 0.534459663350046]], [[475.5], [-0.024241868716975055, -0.007233170805828708]], [[475.5], [-0.024241868716975055, -0.007233170805828708]], [[475.5], [-0.024241868716975055, -0.007233170805828708]], [[475.5], [-0.024241868716975055, -0.007233170805828708]], [[475.5], [-0.024241868716975055, -0.007233170805828708]], [[475.5], [-0.024241868716975055, -0.007233170805828708]], [[475.5], [-0.024241868716975055, -0.007233170805828708]], [[475.5], [-0.024241868716975055, -0.007233170805828708]], [[9.833333333333334], [-0.03209785247842471, 0.6141351740896417]], [[475.5], [-0.024241868716975055, -0.007233170805828708]], [[475.5], [-0.024241868716975055, -0.007233170805828708]], [[475.5], [-0.024241868716975055, -0.007233170805828708]]], "102": [[[500.0], [-0.04092018430431684, -0.005197657258851391]], [[500.0], [-0.04092018430431684, -0.005197657258851391]], [[500.0], [-0.04092018430431684, -0.005197657258851391]], [[500.0], [-0.04092018430431684, -0.005197657258851391]], [[500.0], [-0.04092018430431684, -0.005197657258851391]], [[491.8333333333333], [-0.023510356744130455, 0.19144345270959956]], [[491.8333333333333], [-0.023510356744130455, 0.19144345270959956]], [[9.333333333333334], [-0.03209785247842471, 0.6141351740896417]], [[500.0], [-0.04092018430431684, -0.005197657258851391]], [[491.8333333333333], [-0.023510356744130455, 0.19144345270959956]], [[491.8333333333333], [-0.023510356744130455, 0.19144345270959956]], [[500.0], [-0.04092018430431684, -0.005197657258851391]], [[500.0], [-0.04092018430431684, -0.005197657258851391]], [[491.8333333333333], [-0.023510356744130455, 0.19144345270959956]], [[500.0], [-0.04092018430431684, -0.005197657258851391]], [[197.83333333333334], [-0.2368734528621038, -0.5206535949091021]], [[41.666666666666664], [0.014564994101723036, -0.5078947786509135]], [[500.0], [-0.04092018430431684, -0.005197657258851391]], [[491.8333333333333], [-0.023510356744130455, 0.19144345270959956]], [[92.33333333333333], [-0.04804117915531, -0.5272473587373797]], [[500.0], [-0.04092018430431684, -0.005197657258851391]], [[500.0], [-0.04092018430431684, -0.005197657258851391]], [[491.8333333333333], [-0.023510356744130455, 0.19144345270959956]], [[248.0], [0.3376394013563792, 0.5101005782921348]], [[500.0], [-0.04092018430431684, -0.005197657258851391]]]}, "environment": "cartpole", "algorithm": "lambda", "container": "add_novelty", "arguments": {"cross_method": "mean", "l": 25, "m": 25, "mr": 0.05, "cr": 0.9, "mutation_sigma": 1.0, "fitness_weight": 0.30000000000000004, "decay": 0.5, "ng": 20}}