{"fitness": {"102": [[[500.0], [-0.03332831586400668, -0.008895107028052282]], [[500.0], [-0.03332831586400668, -0.008895107028052282]], [[500.0], [-0.03332831586400668, -0.008895107028052282]], [[500.0], [-0.03332831586400668, -0.008895107028052282]], [[500.0], [0.13179723173379898, 0.00594658765977507]], [[500.0], [0.13179723173379898, 0.00594658765977507]], [[500.0], [0.13179723173379898, 0.00594658765977507]], [[500.0], [0.13179723173379898, 0.00594658765977507]], [[500.0], [0.13179723173379898, 0.00594658765977507]], [[500.0], [0.13179723173379898, 0.00594658765977507]], [[500.0], [-0.03332831586400668, -0.008895107028052282]], [[500.0], [-0.03332831586400668, -0.008895107028052282]], [[500.0], [-0.03332831586400668, -0.008895107028052282]], [[500.0], [-0.03332831586400668, -0.008895107028052282]], [[500.0], [0.13179723173379898, 0.00594658765977507]], [[500.0], [0.13179723173379898, 0.00594658765977507]], [[500.0], [-0.010624187998473644, -0.0019121591200044995]], [[500.0], [0.13179723173379898, 0.00594658765977507]], [[500.0], [0.13179723173379898, 0.00594658765977507]], [[47.166666666666664], [0.002328460104763508, -0.5287349794469952]], [[500.0], [-0.03332831586400668, -0.008895107028052282]], [[500.0], [0.13179723173379898, 0.00594658765977507]], [[500.0], [-0.03332831586400668, -0.008895107028052282]], [[500.0], [-0.03332831586400668, -0.008895107028052282]], [[500.0], [-0.03332831586400668, -0.008895107028052282]]], "103": [[[368.3333333333333], [-0.0697563961148262, 0.005575363706957781]], [[500.0], [-0.009039198824514946, -0.0195401480073849]], [[500.0], [-0.009039198824514946, -0.0195401480073849]], [[500.0], [-0.009039198824514946, -0.0195401480073849]], [[47.666666666666664], [0.004791793568680684, -0.5076665199544441]], [[368.3333333333333], [-0.0697563961148262, 0.005575363706957781]], [[500.0], [-0.009039198824514946, -0.0195401480073849]], [[500.0], [-0.009039198824514946, -0.0195401480073849]], [[372.5], [-0.1258001228173574, -0.0015185195083716556]], [[500.0], [-0.009039198824514946, -0.0195401480073849]], [[372.5], [-0.1258001228173574, -0.0015185195083716556]], [[500.0], [-0.009039198824514946, -0.0195401480073849]], [[500.0], [-0.009039198824514946, -0.0195401480073849]], [[368.3333333333333], [-0.0697563961148262, 0.005575363706957781]], [[500.0], [-0.009039198824514946, -0.0195401480073849]], [[368.3333333333333], [-0.0697563961148262, 0.005575363706957781]], [[500.0], [-0.009039198824514946, -0.0195401480073849]], [[368.3333333333333], [-0.0697563961148262, 0.005575363706957781]], [[372.5], [-0.1258001228173574, -0.0015185195083716556]], [[372.5], [-0.1258001228173574, -0.0015185195083716556]], [[500.0], [-0.009039198824514946, -0.0195401480073849]], [[368.3333333333333], [-0.0697563961148262, 0.005575363706957781]], [[368.3333333333333], [-0.0697563961148262, 0.005575363706957781]], [[500.0], [-0.009039198824514946, -0.0195401480073849]], [[368.3333333333333], [-0.0697563961148262, 0.005575363706957781]]], "101": [[[475.5], [-0.024241868716975055, -0.007233170805828708]], [[475.5], [-0.024241868716975055, -0.007233170805828708]], [[475.5], [-0.024241868716975055, -0.007233170805828708]], [[475.5], [-0.024241868716975055, -0.007233170805828708]], [[475.5], [-0.024241868716975055, -0.007233170805828708]], [[475.5], [-0.024241868716975055, -0.007233170805828708]], [[475.5], [-0.024241868716975055, -0.007233170805828708]], [[475.5], [-0.024241868716975055, -0.007233170805828708]], [[475.5], [-0.024241868716975055, -0.007233170805828708]], [[475.5], [-0.024241868716975055, -0.007233170805828708]], [[475.5], [-0.024241868716975055, -0.007233170805828708]], [[475.5], [-0.024241868716975055, -0.007233170805828708]], [[475.5], [-0.024241868716975055, -0.007233170805828708]], [[475.5], [-0.024241868716975055, -0.007233170805828708]], [[475.5], [-0.024241868716975055, -0.007233170805828708]], [[475.5], [-0.024241868716975055, -0.007233170805828708]], [[475.5], [-0.024241868716975055, -0.007233170805828708]], [[475.5], [-0.024241868716975055, -0.007233170805828708]], [[475.5], [-0.024241868716975055, -0.007233170805828708]], [[475.5], [-0.024241868716975055, -0.007233170805828708]], [[475.5], [-0.024241868716975055, -0.007233170805828708]], [[475.5], [-0.024241868716975055, -0.007233170805828708]], [[475.5], [-0.024241868716975055, -0.007233170805828708]], [[29.5], [0.025126643789311252, -0.5011172100687712]], [[475.5], [-0.024241868716975055, -0.007233170805828708]]]}, "environment": "cartpole", "algorithm": "lambda", "container": "add_novelty", "arguments": {"cross_method": "mean", "l": 25, "m": 15, "mr": 0.15000000000000002, "cr": 0.9, "mutation_sigma": 1.0, "fitness_weight": 0.30000000000000004, "decay": 0.5, "ng": 20}}