{"fitness": {"102": [[[9.833333333333334], [0.0339663897951444, -0.5452829328450289]], [[500.0], [0.07725927978754044, 0.0013170625154445901]], [[8.833333333333334], [0.0339663897951444, -0.5452829328450289]], [[23.5], [0.023732500461240612, -0.5322730070666263]], [[19.0], [0.02636594076951345, -0.5348211769281962]], [[28.666666666666668], [0.024180475932856403, -0.5226909543908954]], [[9.833333333333334], [0.0339663897951444, -0.5452829328450289]], [[349.6666666666667], [0.5015610655148824, 0.21256247989869004]], [[9.166666666666666], [0.0339663897951444, -0.5452829328450289]], [[23.5], [0.023732500461240612, -0.5322730070666263]], [[500.0], [0.07725927978754044, 0.0013170625154445901]], [[8.833333333333334], [0.0339663897951444, -0.5452829328450289]], [[9.833333333333334], [0.0339663897951444, -0.5452829328450289]], [[500.0], [0.07725927978754044, 0.0013170625154445901]], [[52.0], [-0.05101446993649006, 0.5308771461390993]], [[500.0], [0.07725927978754044, 0.0013170625154445901]], [[500.0], [0.07725927978754044, 0.0013170625154445901]], [[9.833333333333334], [0.0339663897951444, -0.5452829328450289]], [[23.5], [0.023732500461240612, -0.5322730070666263]], [[9.666666666666666], [0.0339663897951444, -0.5452829328450289]], [[110.5], [0.02341597496221463, 0.5174649603058847]], [[19.0], [0.02636594076951345, -0.5348211769281962]], [[110.5], [0.02341597496221463, 0.5174649603058847]], [[9.666666666666666], [0.0339663897951444, -0.5452829328450289]], [[500.0], [0.07725927978754044, 0.0013170625154445901]], [[9.666666666666666], [0.0339663897951444, -0.5452829328450289]], [[349.6666666666667], [0.5015610655148824, 0.21256247989869004]], [[9.0], [0.0339663897951444, -0.5452829328450289]], [[9.833333333333334], [0.0339663897951444, -0.5452829328450289]], [[9.333333333333334], [-0.03209785247842471, 0.6141351740896417]]], "103": [[[326.1666666666667], [-0.3034189840157827, -0.5031527871150149]], [[446.0], [-0.04812022050221761, 0.2838474248299758]], [[500.0], [-0.018294087300697964, 0.021578639335752103]], [[405.3333333333333], [0.027242607126633327, 0.0030634056946093387]], [[326.1666666666667], [-0.3034189840157827, -0.5031527871150149]], [[326.1666666666667], [-0.3034189840157827, -0.5031527871150149]], [[446.0], [-0.04812022050221761, 0.2838474248299758]], [[451.8333333333333], [-0.03486334656675657, -0.0039462390596394625]], [[326.1666666666667], [-0.3034189840157827, -0.5031527871150149]], [[326.1666666666667], [-0.3034189840157827, -0.5031527871150149]], [[326.1666666666667], [-0.3034189840157827, -0.5031527871150149]], [[446.0], [-0.04812022050221761, 0.2838474248299758]], [[500.0], [-0.018294087300697964, 0.021578639335752103]], [[326.1666666666667], [-0.3034189840157827, -0.5031527871150149]], [[326.1666666666667], [-0.3034189840157827, -0.5031527871150149]], [[446.0], [-0.04812022050221761, 0.2838474248299758]], [[446.0], [-0.04812022050221761, 0.2838474248299758]], [[405.3333333333333], [0.027242607126633327, 0.0030634056946093387]], [[326.1666666666667], [-0.3034189840157827, -0.5031527871150149]], [[446.0], [-0.04812022050221761, 0.2838474248299758]], [[405.3333333333333], [0.027242607126633327, 0.0030634056946093387]], [[405.3333333333333], [0.027242607126633327, 0.0030634056946093387]], [[446.0], [-0.04812022050221761, 0.2838474248299758]], [[446.0], [-0.04812022050221761, 0.2838474248299758]], [[500.0], [-0.018294087300697964, 0.021578639335752103]], [[326.1666666666667], [-0.3034189840157827, -0.5031527871150149]], [[326.1666666666667], [-0.3034189840157827, -0.5031527871150149]], [[326.1666666666667], [-0.3034189840157827, -0.5031527871150149]], [[94.0], [-0.17208442091941833, 0.5043562163006176]], [[94.0], [-0.17208442091941833, 0.5043562163006176]]], "101": [[[475.5], [-0.024241868716975055, -0.007233170805828708]], [[500.0], [-0.03031615788737933, -0.004149301358583299]], [[475.5], [-0.024241868716975055, -0.007233170805828708]], [[475.5], [-0.024241868716975055, -0.007233170805828708]], [[500.0], [-0.03031615788737933, -0.004149301358583299]], [[500.0], [-0.03031615788737933, -0.004149301358583299]], [[475.5], [-0.024241868716975055, -0.007233170805828708]], [[475.5], [-0.024241868716975055, -0.007233170805828708]], [[500.0], [-0.03031615788737933, -0.004149301358583299]], [[500.0], [-0.03031615788737933, -0.004149301358583299]], [[475.5], [-0.024241868716975055, -0.007233170805828708]], [[475.5], [-0.024241868716975055, -0.007233170805828708]], [[475.5], [-0.024241868716975055, -0.007233170805828708]], [[475.5], [-0.024241868716975055, -0.007233170805828708]], [[500.0], [-0.03031615788737933, -0.004149301358583299]], [[475.5], [-0.024241868716975055, -0.007233170805828708]], [[475.5], [-0.024241868716975055, -0.007233170805828708]], [[475.5], [-0.024241868716975055, -0.007233170805828708]], [[475.5], [-0.024241868716975055, -0.007233170805828708]], [[475.5], [-0.024241868716975055, -0.007233170805828708]], [[475.5], [-0.024241868716975055, -0.007233170805828708]], [[500.0], [-0.03031615788737933, -0.004149301358583299]], [[475.5], [-0.024241868716975055, -0.007233170805828708]], [[475.5], [-0.024241868716975055, -0.007233170805828708]], [[475.5], [-0.024241868716975055, -0.007233170805828708]], [[500.0], [-0.03031615788737933, -0.004149301358583299]], [[500.0], [-0.03031615788737933, -0.004149301358583299]], [[351.3333333333333], [-0.36576688289642334, -0.5085867914286527]], [[475.5], [-0.024241868716975055, -0.007233170805828708]], [[475.5], [-0.024241868716975055, -0.007233170805828708]]]}, "environment": "cartpole", "algorithm": "lambda", "container": "add_novelty", "arguments": {"cross_method": "mean", "l": 30, "m": 20, "mr": 0.1, "cr": 0.9, "mutation_sigma": 1.0, "fitness_weight": 0.30000000000000004, "decay": 0.5, "ng": 20}}