{"fitness": {"103": [[[297.1666666666667], [-0.21267272531986237, -0.5080141661840193]], [[297.1666666666667], [-0.21267272531986237, -0.5080141661840193]], [[488.6666666666667], [0.1378223051627477, -0.3705549468264055]], [[488.6666666666667], [0.1378223051627477, -0.3705549468264055]], [[488.6666666666667], [0.1378223051627477, -0.3705549468264055]], [[488.6666666666667], [0.1378223051627477, -0.3705549468264055]], [[488.6666666666667], [0.1378223051627477, -0.3705549468264055]], [[206.0], [-0.11947092910607657, -0.5036542575325121]], [[55.333333333333336], [-0.016643508958319824, -0.5103176789420644]], [[297.1666666666667], [-0.21267272531986237, -0.5080141661840193]], [[488.6666666666667], [0.1378223051627477, -0.3705549468264055]], [[488.6666666666667], [0.1378223051627477, -0.3705549468264055]], [[488.6666666666667], [0.1378223051627477, -0.3705549468264055]], [[488.6666666666667], [0.1378223051627477, -0.3705549468264055]], [[297.1666666666667], [-0.21267272531986237, -0.5080141661840193]], [[488.6666666666667], [0.1378223051627477, -0.3705549468264055]], [[297.1666666666667], [-0.21267272531986237, -0.5080141661840193]], [[43.166666666666664], [0.012938219588249922, -0.5142876619927621]], [[488.6666666666667], [0.1378223051627477, -0.3705549468264055]], [[488.6666666666667], [0.1378223051627477, -0.3705549468264055]], [[297.1666666666667], [-0.21267272531986237, -0.5080141661840193]], [[88.0], [-0.039893764381607376, -0.5193296374316421]], [[488.6666666666667], [0.1378223051627477, -0.3705549468264055]], [[297.1666666666667], [-0.21267272531986237, -0.5080141661840193]], [[297.1666666666667], [-0.21267272531986237, -0.5080141661840193]]], "102": [[[500.0], [-0.05003571199874084, 0.0005873535931306451]], [[500.0], [-0.05003571199874084, 0.0005873535931306451]], [[500.0], [-0.05003571199874084, 0.0005873535931306451]], [[500.0], [-0.05003571199874084, 0.0005873535931306451]], [[500.0], [-0.05003571199874084, 0.0005873535931306451]], [[500.0], [-0.05003571199874084, 0.0005873535931306451]], [[500.0], [-0.05003571199874084, 0.0005873535931306451]], [[500.0], [-0.05003571199874084, 0.0005873535931306451]], [[500.0], [-0.05003571199874084, 0.0005873535931306451]], [[500.0], [-0.05003571199874084, 0.0005873535931306451]], [[500.0], [-0.05003571199874084, 0.0005873535931306451]], [[500.0], [-0.05003571199874084, 0.0005873535931306451]], [[500.0], [-0.05003571199874084, 0.0005873535931306451]], [[500.0], [-0.05003571199874084, 0.0005873535931306451]], [[500.0], [-0.05003571199874084, 0.0005873535931306451]], [[500.0], [-0.05003571199874084, 0.0005873535931306451]], [[488.5], [-0.016729403287172318, 0.009105451690238058]], [[500.0], [-0.05003571199874084, 0.0005873535931306451]], [[280.0], [0.4966786007086436, 0.5105060110822249]], [[500.0], [-0.05003571199874084, 0.0005873535931306451]], [[500.0], [-0.05003571199874084, 0.0005873535931306451]], [[500.0], [-0.05003571199874084, 0.0005873535931306451]], [[500.0], [-0.05003571199874084, 0.0005873535931306451]], [[500.0], [-0.05003571199874084, 0.0005873535931306451]], [[500.0], [-0.05003571199874084, 0.0005873535931306451]]], "101": [[[475.5], [-0.024241868716975055, -0.007233170805828708]], [[475.5], [-0.024241868716975055, -0.007233170805828708]], [[475.5], [-0.024241868716975055, -0.007233170805828708]], [[475.5], [-0.024241868716975055, -0.007233170805828708]], [[475.5], [-0.024241868716975055, -0.007233170805828708]], [[475.5], [-0.024241868716975055, -0.007233170805828708]], [[475.5], [-0.024241868716975055, -0.007233170805828708]], [[475.5], [-0.024241868716975055, -0.007233170805828708]], [[475.5], [-0.024241868716975055, -0.007233170805828708]], [[9.5], [-0.03209785247842471, 0.6141351740896417]], [[475.5], [-0.024241868716975055, -0.007233170805828708]], [[475.5], [-0.024241868716975055, -0.007233170805828708]], [[475.5], [-0.024241868716975055, -0.007233170805828708]], [[475.5], [-0.024241868716975055, -0.007233170805828708]], [[475.5], [-0.024241868716975055, -0.007233170805828708]], [[475.5], [-0.024241868716975055, -0.007233170805828708]], [[475.5], [-0.024241868716975055, -0.007233170805828708]], [[475.5], [-0.024241868716975055, -0.007233170805828708]], [[475.5], [-0.024241868716975055, -0.007233170805828708]], [[475.5], [-0.024241868716975055, -0.007233170805828708]], [[475.5], [-0.024241868716975055, -0.007233170805828708]], [[475.5], [-0.024241868716975055, -0.007233170805828708]], [[475.5], [-0.024241868716975055, -0.007233170805828708]], [[475.5], [-0.024241868716975055, -0.007233170805828708]], [[475.5], [-0.024241868716975055, -0.007233170805828708]]]}, "environment": "cartpole", "algorithm": "lambda", "container": "add_novelty", "arguments": {"cross_method": "mean", "l": 25, "m": 20, "mr": 0.15000000000000002, "cr": 0.9, "mutation_sigma": 1.0, "fitness_weight": 0.30000000000000004, "decay": 0.5, "ng": 20}}