{"fitness": {"103": [[[289.0], [-0.25796512762705487, 0.5411059733783229]], [[411.1666666666667], [-0.02284081807980935, 0.021657971085971624]], [[145.16666666666666], [-0.08550841982165973, -0.5083983879910702]], [[411.1666666666667], [-0.02284081807980935, 0.021657971085971624]], [[411.1666666666667], [-0.02284081807980935, 0.021657971085971624]], [[411.1666666666667], [-0.02284081807980935, 0.021657971085971624]], [[313.0], [-0.505908727645874, -0.3744269672193025]], [[411.1666666666667], [-0.02284081807980935, 0.021657971085971624]], [[289.0], [-0.25796512762705487, 0.5411059733783229]], [[411.1666666666667], [-0.02284081807980935, 0.021657971085971624]], [[9.0], [0.0339663897951444, -0.5452829328450289]], [[289.0], [-0.25796512762705487, 0.5411059733783229]], [[105.83333333333333], [-0.0710472029944261, -0.5062812110453702]], [[289.0], [-0.25796512762705487, 0.5411059733783229]], [[411.1666666666667], [-0.02284081807980935, 0.021657971085971624]], [[411.1666666666667], [-0.02284081807980935, 0.021657971085971624]], [[411.1666666666667], [-0.02284081807980935, 0.021657971085971624]], [[411.1666666666667], [-0.02284081807980935, 0.021657971085971624]], [[411.1666666666667], [-0.02284081807980935, 0.021657971085971624]], [[289.0], [-0.25796512762705487, 0.5411059733783229]], [[289.0], [-0.25796512762705487, 0.5411059733783229]], [[289.0], [-0.25796512762705487, 0.5411059733783229]], [[289.0], [-0.25796512762705487, 0.5411059733783229]], [[289.0], [-0.25796512762705487, 0.5411059733783229]], [[411.1666666666667], [-0.02284081807980935, 0.021657971085971624]]], "102": [[[500.0], [-0.03332831586400668, -0.008895107028052282]], [[500.0], [-0.003310442746927341, 0.06445952241072815]], [[500.0], [-0.003310442746927341, 0.06445952241072815]], [[500.0], [-0.003310442746927341, 0.06445952241072815]], [[42.666666666666664], [0.05295914908250173, -0.5631668216874155]], [[500.0], [-0.003085759623597066, 0.007952535057075001]], [[500.0], [-0.003310442746927341, 0.06445952241072815]], [[500.0], [-0.003310442746927341, 0.06445952241072815]], [[500.0], [-0.003310442746927341, 0.06445952241072815]], [[500.0], [-0.03332831586400668, -0.008895107028052282]], [[500.0], [-0.003310442746927341, 0.06445952241072815]], [[500.0], [-0.03332831586400668, -0.008895107028052282]], [[500.0], [-0.003310442746927341, 0.06445952241072815]], [[500.0], [-0.003310442746927341, 0.06445952241072815]], [[9.666666666666666], [0.0339663897951444, -0.5452829328450289]], [[500.0], [-0.03332831586400668, -0.008895107028052282]], [[500.0], [-0.03332831586400668, -0.008895107028052282]], [[162.16666666666666], [0.1685249557097753, -0.528107847323258]], [[500.0], [-0.003310442746927341, 0.06445952241072815]], [[500.0], [-0.003310442746927341, 0.06445952241072815]], [[500.0], [-0.03332831586400668, -0.008895107028052282]], [[500.0], [-0.003310442746927341, 0.06445952241072815]], [[500.0], [-0.03332831586400668, -0.008895107028052282]], [[500.0], [-0.003310442746927341, 0.06445952241072815]], [[500.0], [-0.003310442746927341, 0.06445952241072815]]], "101": [[[377.0], [-0.08328925197323164, -0.02132717778451705]], [[256.8333333333333], [-0.39980627596378326, -0.5024622002857154]], [[9.666666666666666], [0.0339663897951444, -0.5452829328450289]], [[377.0], [-0.08328925197323164, -0.02132717778451705]], [[475.5], [-0.024241868716975055, -0.007233170805828708]], [[475.5], [-0.024241868716975055, -0.007233170805828708]], [[96.16666666666667], [-0.10952642808357875, 0.5413405418966376]], [[475.5], [-0.024241868716975055, -0.007233170805828708]], [[475.5], [-0.024241868716975055, -0.007233170805828708]], [[475.5], [-0.024241868716975055, -0.007233170805828708]], [[475.5], [-0.024241868716975055, -0.007233170805828708]], [[9.666666666666666], [0.0339663897951444, -0.5452829328450289]], [[475.5], [-0.024241868716975055, -0.007233170805828708]], [[256.8333333333333], [-0.39980627596378326, -0.5024622002857154]], [[9.666666666666666], [0.0339663897951444, -0.5452829328450289]], [[475.5], [-0.024241868716975055, -0.007233170805828708]], [[37.666666666666664], [0.021141838903228443, -0.5352502448136727]], [[475.5], [-0.024241868716975055, -0.007233170805828708]], [[377.0], [-0.08328925197323164, -0.02132717778451705]], [[475.5], [-0.024241868716975055, -0.007233170805828708]], [[475.5], [-0.024241868716975055, -0.007233170805828708]], [[9.666666666666666], [0.0339663897951444, -0.5452829328450289]], [[475.5], [-0.024241868716975055, -0.007233170805828708]], [[475.5], [-0.024241868716975055, -0.007233170805828708]], [[475.5], [-0.024241868716975055, -0.007233170805828708]]]}, "environment": "cartpole", "algorithm": "lambda", "container": "add_novelty", "arguments": {"cross_method": "mean", "l": 25, "m": 25, "mr": 0.15000000000000002, "cr": 0.9, "mutation_sigma": 1.0, "fitness_weight": 0.30000000000000004, "decay": 0.5, "ng": 20}}