{"fitness": {"103": [[[455.3333333333333], [0.0633406142393748, -0.3125578806731119]], [[455.3333333333333], [0.0633406142393748, -0.3125578806731119]], [[455.3333333333333], [0.0633406142393748, -0.3125578806731119]], [[455.3333333333333], [0.0633406142393748, -0.3125578806731119]], [[455.3333333333333], [0.0633406142393748, -0.3125578806731119]], [[455.3333333333333], [0.0633406142393748, -0.3125578806731119]], [[455.3333333333333], [0.0633406142393748, -0.3125578806731119]], [[455.3333333333333], [0.0633406142393748, -0.3125578806731119]], [[455.3333333333333], [0.0633406142393748, -0.3125578806731119]], [[480.5], [-0.03186655851701896, 0.00470813862872466]], [[455.3333333333333], [0.0633406142393748, -0.3125578806731119]], [[455.3333333333333], [0.0633406142393748, -0.3125578806731119]], [[9.666666666666666], [0.0339663897951444, -0.5452829328450289]], [[455.3333333333333], [0.0633406142393748, -0.3125578806731119]], [[455.3333333333333], [0.0633406142393748, -0.3125578806731119]], [[70.5], [-0.14789756387472153, 0.5034691337763407]], [[455.3333333333333], [0.0633406142393748, -0.3125578806731119]], [[455.3333333333333], [0.0633406142393748, -0.3125578806731119]], [[455.3333333333333], [0.0633406142393748, -0.3125578806731119]], [[455.3333333333333], [0.0633406142393748, -0.3125578806731119]], [[480.5], [-0.03186655851701896, 0.00470813862872466]], [[455.3333333333333], [0.0633406142393748, -0.3125578806731119]], [[455.3333333333333], [0.0633406142393748, -0.3125578806731119]], [[285.8333333333333], [-0.08645617092649142, 0.013115571847443946]], [[455.3333333333333], [0.0633406142393748, -0.3125578806731119]]], "102": [[[500.0], [-0.013716820006569227, 0.013759671643590243]], [[500.0], [-0.013716820006569227, 0.013759671643590243]], [[87.16666666666667], [-0.0792697568734487, -0.5017752496249368]], [[500.0], [-0.013716820006569227, 0.013759671643590243]], [[86.0], [-0.05478280285994212, -0.5137901485821847]], [[500.0], [-0.013716820006569227, 0.013759671643590243]], [[500.0], [-0.013716820006569227, 0.013759671643590243]], [[500.0], [-0.013716820006569227, 0.013759671643590243]], [[500.0], [-0.013716820006569227, 0.013759671643590243]], [[500.0], [-0.013716820006569227, 0.013759671643590243]], [[500.0], [-0.013716820006569227, 0.013759671643590243]], [[500.0], [-0.013716820006569227, 0.013759671643590243]], [[500.0], [-0.013716820006569227, 0.013759671643590243]], [[500.0], [-0.013716820006569227, 0.013759671643590243]], [[500.0], [-0.013716820006569227, 0.013759671643590243]], [[500.0], [-0.013716820006569227, 0.013759671643590243]], [[500.0], [-0.013716820006569227, 0.013759671643590243]], [[500.0], [-0.031851911917328835, 0.0009863463600286457]], [[500.0], [-0.013716820006569227, 0.013759671643590243]], [[500.0], [-0.013716820006569227, 0.013759671643590243]], [[500.0], [-0.013716820006569227, 0.013759671643590243]], [[500.0], [-0.013716820006569227, 0.013759671643590243]], [[500.0], [-0.013716820006569227, 0.013759671643590243]], [[500.0], [-0.013716820006569227, 0.013759671643590243]], [[500.0], [-0.013716820006569227, 0.013759671643590243]]], "101": [[[475.5], [-0.024241868716975055, -0.007233170805828708]], [[475.5], [-0.024241868716975055, -0.007233170805828708]], [[475.5], [-0.024241868716975055, -0.007233170805828708]], [[475.5], [-0.024241868716975055, -0.007233170805828708]], [[479.0], [-0.09852459654211998, -0.0008361439975914345]], [[475.5], [-0.024241868716975055, -0.007233170805828708]], [[475.5], [-0.024241868716975055, -0.007233170805828708]], [[475.5], [-0.024241868716975055, -0.007233170805828708]], [[475.5], [-0.024241868716975055, -0.007233170805828708]], [[475.5], [-0.024241868716975055, -0.007233170805828708]], [[475.5], [-0.024241868716975055, -0.007233170805828708]], [[475.5], [-0.024241868716975055, -0.007233170805828708]], [[475.5], [-0.024241868716975055, -0.007233170805828708]], [[475.5], [-0.024241868716975055, -0.007233170805828708]], [[475.5], [-0.024241868716975055, -0.007233170805828708]], [[475.5], [-0.024241868716975055, -0.007233170805828708]], [[475.5], [-0.024241868716975055, -0.007233170805828708]], [[475.5], [-0.024241868716975055, -0.007233170805828708]], [[475.5], [-0.024241868716975055, -0.007233170805828708]], [[475.5], [-0.024241868716975055, -0.007233170805828708]], [[475.5], [-0.024241868716975055, -0.007233170805828708]], [[475.5], [-0.024241868716975055, -0.007233170805828708]], [[475.5], [-0.024241868716975055, -0.007233170805828708]], [[475.5], [-0.024241868716975055, -0.007233170805828708]], [[475.5], [-0.024241868716975055, -0.007233170805828708]]]}, "environment": "cartpole", "algorithm": "lambda", "container": "add_novelty", "arguments": {"cross_method": "mean", "l": 25, "m": 15, "mr": 0.05, "cr": 0.9, "mutation_sigma": 1.0, "fitness_weight": 0.30000000000000004, "decay": 0.5, "ng": 20}}