{"fitness": {"103": [[[500.0], [-0.042412082354227706, -0.011172144491065062]], [[84.83333333333333], [-0.027808497349421184, -0.506956504577655]], [[500.0], [-0.042412082354227706, -0.011172144491065062]], [[500.0], [-0.042412082354227706, -0.011172144491065062]], [[500.0], [-0.042412082354227706, -0.011172144491065062]], [[500.0], [-0.042412082354227706, -0.011172144491065062]], [[500.0], [-0.042412082354227706, -0.011172144491065062]], [[415.5], [0.5034665763378143, 0.22235088513798693]], [[500.0], [-0.042412082354227706, -0.011172144491065062]], [[500.0], [-0.042412082354227706, -0.011172144491065062]], [[500.0], [-0.042412082354227706, -0.011172144491065062]], [[415.5], [0.5034665763378143, 0.22235088513798693]], [[500.0], [-0.042412082354227706, -0.011172144491065062]], [[415.5], [0.5034665763378143, 0.22235088513798693]], [[500.0], [-0.042412082354227706, -0.011172144491065062]], [[415.5], [0.5034665763378143, 0.22235088513798693]], [[415.5], [0.5034665763378143, 0.22235088513798693]], [[331.0], [-0.5041701594988506, -0.4007165012747477]], [[500.0], [-0.042412082354227706, -0.011172144491065062]], [[102.16666666666667], [0.0651988076666991, -0.5357389886413465]], [[500.0], [-0.042412082354227706, -0.011172144491065062]], [[331.0], [-0.5041701594988506, -0.4007165012747477]], [[500.0], [-0.042412082354227706, -0.011172144491065062]], [[415.5], [0.5034665763378143, 0.22235088513798693]], [[500.0], [-0.042412082354227706, -0.011172144491065062]]], "101": [[[475.5], [-0.024241868716975055, -0.007233170805828708]], [[475.5], [-0.024241868716975055, -0.007233170805828708]], [[475.5], [-0.024241868716975055, -0.007233170805828708]], [[179.83333333333334], [0.2417776236931483, 0.51613255408392]], [[475.5], [-0.024241868716975055, -0.007233170805828708]], [[475.5], [-0.024241868716975055, -0.007233170805828708]], [[475.5], [-0.024241868716975055, -0.007233170805828708]], [[475.5], [-0.024241868716975055, -0.007233170805828708]], [[475.5], [-0.024241868716975055, -0.007233170805828708]], [[475.5], [-0.024241868716975055, -0.007233170805828708]], [[475.5], [-0.024241868716975055, -0.007233170805828708]], [[475.5], [-0.024241868716975055, -0.007233170805828708]], [[475.5], [-0.024241868716975055, -0.007233170805828708]], [[151.0], [-0.381723220149676, 0.5387380433995188]], [[475.5], [-0.024241868716975055, -0.007233170805828708]], [[475.5], [-0.024241868716975055, -0.007233170805828708]], [[475.5], [-0.024241868716975055, -0.007233170805828708]], [[475.5], [-0.024241868716975055, -0.007233170805828708]], [[475.5], [-0.024241868716975055, -0.007233170805828708]], [[475.5], [-0.024241868716975055, -0.007233170805828708]], [[475.5], [-0.024241868716975055, -0.007233170805828708]], [[475.5], [-0.024241868716975055, -0.007233170805828708]], [[475.5], [-0.024241868716975055, -0.007233170805828708]], [[475.5], [-0.024241868716975055, -0.007233170805828708]], [[475.5], [-0.024241868716975055, -0.007233170805828708]]], "102": [[[500.0], [-0.03332831586400668, -0.008895107028052282]], [[500.0], [-0.03332831586400668, -0.008895107028052282]], [[500.0], [-0.03332831586400668, -0.008895107028052282]], [[500.0], [-0.03332831586400668, -0.008895107028052282]], [[500.0], [-0.03332831586400668, -0.008895107028052282]], [[500.0], [-0.03332831586400668, -0.008895107028052282]], [[500.0], [-0.03332831586400668, -0.008895107028052282]], [[500.0], [-0.03483617678284645, -0.01082675192843784]], [[500.0], [-0.03332831586400668, -0.008895107028052282]], [[500.0], [-0.03332831586400668, -0.008895107028052282]], [[500.0], [-0.03332831586400668, -0.008895107028052282]], [[500.0], [-0.03332831586400668, -0.008895107028052282]], [[500.0], [-0.03332831586400668, -0.008895107028052282]], [[500.0], [-0.03483617678284645, -0.01082675192843784]], [[500.0], [-0.03332831586400668, -0.008895107028052282]], [[500.0], [-0.03332831586400668, -0.008895107028052282]], [[500.0], [-0.03483617678284645, -0.01082675192843784]], [[500.0], [-0.03332831586400668, -0.008895107028052282]], [[500.0], [-0.03332831586400668, -0.008895107028052282]], [[500.0], [-0.03332831586400668, -0.008895107028052282]], [[500.0], [-0.03332831586400668, -0.008895107028052282]], [[500.0], [-0.03332831586400668, -0.008895107028052282]], [[500.0], [-0.03332831586400668, -0.008895107028052282]], [[500.0], [-0.03332831586400668, -0.008895107028052282]], [[500.0], [-0.03483617678284645, -0.01082675192843784]]]}, "environment": "cartpole", "algorithm": "lambda", "container": "add_novelty", "arguments": {"cross_method": "mean", "l": 25, "m": 20, "mr": 0.1, "cr": 0.8, "mutation_sigma": 1.0, "fitness_weight": 0.30000000000000004, "decay": 0.5, "ng": 20}}