{"fitness": {"102": [[[9.666666666666666], [0.0339663897951444, -0.5452829328450289]], [[185.5], [0.14350619167089462, -0.5053332405227223]], [[498.8333333333333], [-0.012141616704563301, -0.0013885654745240247]], [[9.666666666666666], [0.0339663897951444, -0.5452829328450289]], [[498.8333333333333], [-0.012141616704563301, -0.0013885654745240247]], [[185.5], [0.14350619167089462, -0.5053332405227223]], [[9.666666666666666], [0.0339663897951444, -0.5452829328450289]], [[498.8333333333333], [-0.012141616704563301, -0.0013885654745240247]], [[9.833333333333334], [-0.03209785247842471, 0.6141351740896417]], [[185.5], [0.14350619167089462, -0.5053332405227223]], [[9.5], [0.0339663897951444, -0.5452829328450289]], [[498.8333333333333], [-0.012141616704563301, -0.0013885654745240247]], [[122.5], [-0.09366354594628017, 0.5050238810087505]], [[9.333333333333334], [-0.03209785247842471, 0.6141351740896417]], [[498.8333333333333], [-0.012141616704563301, -0.0013885654745240247]], [[9.666666666666666], [0.0339663897951444, -0.5452829328450289]], [[498.8333333333333], [-0.012141616704563301, -0.0013885654745240247]], [[498.8333333333333], [-0.012141616704563301, -0.0013885654745240247]], [[22.833333333333332], [0.0335670014222463, -0.5830973030277417]], [[185.5], [0.14350619167089462, -0.5053332405227223]], [[9.666666666666666], [0.0339663897951444, -0.5452829328450289]], [[498.8333333333333], [-0.012141616704563301, -0.0013885654745240247]], [[9.333333333333334], [-0.03209785247842471, 0.6141351740896417]], [[498.8333333333333], [-0.012141616704563301, -0.0013885654745240247]], [[9.333333333333334], [-0.03209785247842471, 0.6141351740896417]]], "103": [[[471.1666666666667], [0.4622068007787069, -0.004829855025278039]], [[9.0], [0.0339663897951444, -0.5452829328450289]], [[471.1666666666667], [0.4622068007787069, -0.004829855025278039]], [[471.1666666666667], [0.4622068007787069, -0.004829855025278039]], [[471.1666666666667], [0.4622068007787069, -0.004829855025278039]], [[471.1666666666667], [0.4622068007787069, -0.004829855025278039]], [[471.1666666666667], [0.4622068007787069, -0.004829855025278039]], [[471.1666666666667], [0.4622068007787069, -0.004829855025278039]], [[471.1666666666667], [0.4622068007787069, -0.004829855025278039]], [[471.1666666666667], [0.4622068007787069, -0.004829855025278039]], [[471.1666666666667], [0.4622068007787069, -0.004829855025278039]], [[471.1666666666667], [0.4622068007787069, -0.004829855025278039]], [[471.1666666666667], [0.4622068007787069, -0.004829855025278039]], [[471.1666666666667], [0.4622068007787069, -0.004829855025278039]], [[471.1666666666667], [0.4622068007787069, -0.004829855025278039]], [[471.1666666666667], [0.4622068007787069, -0.004829855025278039]], [[471.1666666666667], [0.4622068007787069, -0.004829855025278039]], [[471.1666666666667], [0.4622068007787069, -0.004829855025278039]], [[471.1666666666667], [0.4622068007787069, -0.004829855025278039]], [[471.1666666666667], [0.4622068007787069, -0.004829855025278039]], [[471.1666666666667], [0.4622068007787069, -0.004829855025278039]], [[471.1666666666667], [0.4622068007787069, -0.004829855025278039]], [[471.1666666666667], [0.4622068007787069, -0.004829855025278039]], [[471.1666666666667], [0.4622068007787069, -0.004829855025278039]], [[471.1666666666667], [0.4622068007787069, -0.004829855025278039]]], "101": [[[435.0], [-0.0724737842877706, -0.07380152112274078]], [[435.0], [-0.0724737842877706, -0.07380152112274078]], [[435.0], [-0.0724737842877706, -0.07380152112274078]], [[435.0], [-0.0724737842877706, -0.07380152112274078]], [[435.0], [-0.0724737842877706, -0.07380152112274078]], [[435.0], [-0.0724737842877706, -0.07380152112274078]], [[435.0], [-0.0724737842877706, -0.07380152112274078]], [[435.0], [-0.0724737842877706, -0.07380152112274078]], [[435.0], [-0.0724737842877706, -0.07380152112274078]], [[435.0], [-0.0724737842877706, -0.07380152112274078]], [[435.0], [-0.0724737842877706, -0.07380152112274078]], [[435.0], [-0.0724737842877706, -0.07380152112274078]], [[435.0], [-0.0724737842877706, -0.07380152112274078]], [[435.0], [-0.0724737842877706, -0.07380152112274078]], [[435.0], [-0.0724737842877706, -0.07380152112274078]], [[435.0], [-0.0724737842877706, -0.07380152112274078]], [[435.0], [-0.0724737842877706, -0.07380152112274078]], [[435.0], [-0.0724737842877706, -0.07380152112274078]], [[435.0], [-0.0724737842877706, -0.07380152112274078]], [[256.8333333333333], [-0.39980627596378326, -0.5024622002857154]], [[435.0], [-0.0724737842877706, -0.07380152112274078]], [[435.0], [-0.0724737842877706, -0.07380152112274078]], [[435.0], [-0.0724737842877706, -0.07380152112274078]], [[435.0], [-0.0724737842877706, -0.07380152112274078]], [[9.666666666666666], [0.0339663897951444, -0.5452829328450289]]]}, "environment": "cartpole", "algorithm": "lambda", "container": "add_novelty", "arguments": {"cross_method": "mean", "l": 25, "m": 20, "mr": 0.05, "cr": 0.9, "mutation_sigma": 1.0, "fitness_weight": 0.30000000000000004, "decay": 0.5, "ng": 20}}