{"fitness": {"103": [[[256.6666666666667], [0.5075352887312572, 0.351049148580104]], [[256.6666666666667], [0.5075352887312572, 0.351049148580104]], [[256.6666666666667], [0.5075352887312572, 0.351049148580104]], [[256.6666666666667], [0.5075352887312572, 0.351049148580104]], [[256.6666666666667], [0.5075352887312572, 0.351049148580104]], [[256.6666666666667], [0.5075352887312572, 0.351049148580104]], [[256.6666666666667], [0.5075352887312572, 0.351049148580104]], [[256.6666666666667], [0.5075352887312572, 0.351049148580104]], [[169.5], [-0.1622002199292183, -0.5080736638826617]], [[256.6666666666667], [0.5075352887312572, 0.351049148580104]], [[256.6666666666667], [0.5075352887312572, 0.351049148580104]], [[256.6666666666667], [0.5075352887312572, 0.351049148580104]], [[256.6666666666667], [0.5075352887312572, 0.351049148580104]], [[256.6666666666667], [0.5075352887312572, 0.351049148580104]], [[256.6666666666667], [0.5075352887312572, 0.351049148580104]], [[256.6666666666667], [0.5075352887312572, 0.351049148580104]], [[256.6666666666667], [0.5075352887312572, 0.351049148580104]], [[256.6666666666667], [0.5075352887312572, 0.351049148580104]], [[256.6666666666667], [0.5075352887312572, 0.351049148580104]], [[256.6666666666667], [0.5075352887312572, 0.351049148580104]]], "101": [[[96.33333333333333], [-0.10740235447883606, 0.524199857380972]], [[96.33333333333333], [-0.10740235447883606, 0.524199857380972]], [[41.666666666666664], [-0.0015751989364313583, -0.5342152201387871]], [[96.33333333333333], [-0.10740235447883606, 0.524199857380972]], [[41.666666666666664], [-0.0015751989364313583, -0.5342152201387871]], [[96.33333333333333], [-0.10740235447883606, 0.524199857380972]], [[41.666666666666664], [-0.0015751989364313583, -0.5342152201387871]], [[96.33333333333333], [-0.10740235447883606, 0.524199857380972]], [[96.33333333333333], [-0.10740235447883606, 0.524199857380972]], [[41.666666666666664], [-0.0015751989364313583, -0.5342152201387871]], [[41.666666666666664], [-0.0015751989364313583, -0.5342152201387871]], [[96.33333333333333], [-0.10740235447883606, 0.524199857380972]], [[65.66666666666667], [-0.001687281959069272, -0.5052080066010143]], [[41.666666666666664], [-0.0015751989364313583, -0.5342152201387871]], [[41.666666666666664], [-0.0015751989364313583, -0.5342152201387871]], [[96.33333333333333], [-0.10740235447883606, 0.524199857380972]], [[41.666666666666664], [-0.0015751989364313583, -0.5342152201387871]], [[41.666666666666664], [-0.0015751989364313583, -0.5342152201387871]], [[96.33333333333333], [-0.10740235447883606, 0.524199857380972]], [[96.33333333333333], [-0.10740235447883606, 0.524199857380972]]], "102": [[[344.0], [-0.2974433203538259, -0.5175949711548655]], [[344.0], [-0.2974433203538259, -0.5175949711548655]], [[344.0], [-0.2974433203538259, -0.5175949711548655]], [[344.0], [-0.2974433203538259, -0.5175949711548655]], [[344.0], [-0.2974433203538259, -0.5175949711548655]], [[344.0], [-0.2974433203538259, -0.5175949711548655]], [[344.0], [-0.2974433203538259, -0.5175949711548655]], [[344.0], [-0.2974433203538259, -0.5175949711548655]], [[344.0], [-0.2974433203538259, -0.5175949711548655]], [[344.0], [-0.2974433203538259, -0.5175949711548655]], [[344.0], [-0.2974433203538259, -0.5175949711548655]], [[344.0], [-0.2974433203538259, -0.5175949711548655]], [[160.83333333333334], [-0.038981350759665176, -0.5014764421294181]], [[344.0], [-0.2974433203538259, -0.5175949711548655]], [[344.0], [-0.2974433203538259, -0.5175949711548655]], [[344.0], [-0.2974433203538259, -0.5175949711548655]], [[344.0], [-0.2974433203538259, -0.5175949711548655]], [[344.0], [-0.2974433203538259, -0.5175949711548655]], [[344.0], [-0.2974433203538259, -0.5175949711548655]], [[344.0], [-0.2974433203538259, -0.5175949711548655]]]}, "environment": "cartpole", "algorithm": "lambda", "container": "add_novelty", "arguments": {"cross_method": "mean", "l": 20, "m": 20, "mr": 0.06, "cr": 0.6, "mutation_sigma": 2.0, "fitness_weight": 0.5, "ng": 20}}