{"103": [[[109.83333333333333], [0.3420142581065496, 0.5065164925379047]], [[109.83333333333333], [0.3420142581065496, 0.5065164925379047]], [[109.83333333333333], [0.3420142581065496, 0.5065164925379047]], [[109.83333333333333], [0.3420142581065496, 0.5065164925379047]], [[109.83333333333333], [0.3420142581065496, 0.5065164925379047]], [[109.83333333333333], [0.3420142581065496, 0.5065164925379047]], [[109.83333333333333], [0.3420142581065496, 0.5065164925379047]], [[109.83333333333333], [0.3420142581065496, 0.5065164925379047]], [[109.83333333333333], [0.3420142581065496, 0.5065164925379047]], [[109.83333333333333], [0.3420142581065496, 0.5065164925379047]], [[109.83333333333333], [0.3420142581065496, 0.5065164925379047]], [[109.83333333333333], [0.3420142581065496, 0.5065164925379047]], [[109.83333333333333], [0.3420142581065496, 0.5065164925379047]], [[109.83333333333333], [0.3420142581065496, 0.5065164925379047]], [[109.83333333333333], [0.3420142581065496, 0.5065164925379047]], [[109.83333333333333], [0.3420142581065496, 0.5065164925379047]], [[109.83333333333333], [0.3420142581065496, 0.5065164925379047]], [[109.83333333333333], [0.3420142581065496, 0.5065164925379047]], [[109.83333333333333], [0.3420142581065496, 0.5065164925379047]], [[109.83333333333333], [0.3420142581065496, 0.5065164925379047]], [[109.83333333333333], [0.3420142581065496, 0.5065164925379047]], [[109.83333333333333], [0.3420142581065496, 0.5065164925379047]], [[109.83333333333333], [0.3420142581065496, 0.5065164925379047]], [[109.83333333333333], [0.3420142581065496, 0.5065164925379047]], [[109.83333333333333], [0.3420142581065496, 0.5065164925379047]], [[109.83333333333333], [0.3420142581065496, 0.5065164925379047]], [[109.83333333333333], [0.3420142581065496, 0.5065164925379047]], [[109.83333333333333], [0.3420142581065496, 0.5065164925379047]], [[109.83333333333333], [0.3420142581065496, 0.5065164925379047]], [[109.83333333333333], [0.3420142581065496, 0.5065164925379047]]], "101": [[[200.33333333333334], [0.09650487452745438, -0.5294549051654396]], [[200.33333333333334], [0.09650487452745438, -0.5294549051654396]], [[200.33333333333334], [0.09650487452745438, -0.5294549051654396]], [[200.33333333333334], [0.09650487452745438, -0.5294549051654396]], [[200.33333333333334], [0.09650487452745438, -0.5294549051654396]], [[200.33333333333334], [0.09650487452745438, -0.5294549051654396]], [[200.33333333333334], [0.09650487452745438, -0.5294549051654396]], [[200.33333333333334], [0.09650487452745438, -0.5294549051654396]], [[200.33333333333334], [0.09650487452745438, -0.5294549051654396]], [[200.33333333333334], [0.09650487452745438, -0.5294549051654396]], [[200.33333333333334], [0.09650487452745438, -0.5294549051654396]], [[200.33333333333334], [0.09650487452745438, -0.5294549051654396]], [[200.33333333333334], [0.09650487452745438, -0.5294549051654396]], [[200.33333333333334], [0.09650487452745438, -0.5294549051654396]], [[200.33333333333334], [0.09650487452745438, -0.5294549051654396]], [[200.33333333333334], [0.09650487452745438, -0.5294549051654396]], [[200.33333333333334], [0.09650487452745438, -0.5294549051654396]], [[200.33333333333334], [0.09650487452745438, -0.5294549051654396]], [[200.33333333333334], [0.09650487452745438, -0.5294549051654396]], [[200.33333333333334], [0.09650487452745438, -0.5294549051654396]], [[200.33333333333334], [0.09650487452745438, -0.5294549051654396]], [[200.33333333333334], [0.09650487452745438, -0.5294549051654396]], [[200.33333333333334], [0.09650487452745438, -0.5294549051654396]], [[200.33333333333334], [0.09650487452745438, -0.5294549051654396]], [[200.33333333333334], [0.09650487452745438, -0.5294549051654396]], [[200.33333333333334], [0.09650487452745438, -0.5294549051654396]], [[200.33333333333334], [0.09650487452745438, -0.5294549051654396]], [[200.33333333333334], [0.09650487452745438, -0.5294549051654396]], [[200.33333333333334], [0.09650487452745438, -0.5294549051654396]], [[200.33333333333334], [0.09650487452745438, -0.5294549051654396]]], "102": [[[9.666666666666666], [0.0339663897951444, -0.5452829328450289]], [[9.666666666666666], [0.0339663897951444, -0.5452829328450289]], [[9.666666666666666], [0.0339663897951444, -0.5452829328450289]], [[9.666666666666666], [0.0339663897951444, -0.5452829328450289]], [[9.666666666666666], [0.0339663897951444, -0.5452829328450289]], [[9.666666666666666], [0.0339663897951444, -0.5452829328450289]], [[9.666666666666666], [0.0339663897951444, -0.5452829328450289]], [[9.666666666666666], [0.0339663897951444, -0.5452829328450289]], [[9.666666666666666], [0.0339663897951444, -0.5452829328450289]], [[9.666666666666666], [0.0339663897951444, -0.5452829328450289]], [[9.666666666666666], [0.0339663897951444, -0.5452829328450289]], [[9.666666666666666], [0.0339663897951444, -0.5452829328450289]], [[9.666666666666666], [0.0339663897951444, -0.5452829328450289]], [[9.666666666666666], [0.0339663897951444, -0.5452829328450289]], [[9.666666666666666], [0.0339663897951444, -0.5452829328450289]], [[9.666666666666666], [0.0339663897951444, -0.5452829328450289]], [[9.666666666666666], [0.0339663897951444, -0.5452829328450289]], [[9.666666666666666], [0.0339663897951444, -0.5452829328450289]], [[9.666666666666666], [0.0339663897951444, -0.5452829328450289]], [[9.666666666666666], [0.0339663897951444, -0.5452829328450289]], [[9.666666666666666], [0.0339663897951444, -0.5452829328450289]], [[9.666666666666666], [0.0339663897951444, -0.5452829328450289]], [[9.666666666666666], [0.0339663897951444, -0.5452829328450289]], [[9.666666666666666], [0.0339663897951444, -0.5452829328450289]], [[9.666666666666666], [0.0339663897951444, -0.5452829328450289]], [[9.666666666666666], [0.0339663897951444, -0.5452829328450289]], [[9.666666666666666], [0.0339663897951444, -0.5452829328450289]], [[9.666666666666666], [0.0339663897951444, -0.5452829328450289]], [[9.666666666666666], [0.0339663897951444, -0.5452829328450289]], [[9.666666666666666], [0.0339663897951444, -0.5452829328450289]]]}