{"103": [[[321.0], [0.504354735215505, 0.4126330810870851]], [[321.0], [0.504354735215505, 0.4126330810870851]], [[321.0], [0.504354735215505, 0.4126330810870851]], [[321.0], [0.504354735215505, 0.4126330810870851]], [[321.0], [0.504354735215505, 0.4126330810870851]], [[321.0], [0.504354735215505, 0.4126330810870851]], [[321.0], [0.504354735215505, 0.4126330810870851]], [[321.0], [0.504354735215505, 0.4126330810870851]], [[321.0], [0.504354735215505, 0.4126330810870851]], [[321.0], [0.504354735215505, 0.4126330810870851]], [[321.0], [0.504354735215505, 0.4126330810870851]], [[321.0], [0.504354735215505, 0.4126330810870851]], [[321.0], [0.504354735215505, 0.4126330810870851]], [[321.0], [0.504354735215505, 0.4126330810870851]], [[321.0], [0.504354735215505, 0.4126330810870851]], [[321.0], [0.504354735215505, 0.4126330810870851]], [[321.0], [0.504354735215505, 0.4126330810870851]], [[321.0], [0.504354735215505, 0.4126330810870851]], [[321.0], [0.504354735215505, 0.4126330810870851]], [[321.0], [0.504354735215505, 0.4126330810870851]], [[321.0], [0.504354735215505, 0.4126330810870851]], [[321.0], [0.504354735215505, 0.4126330810870851]], [[321.0], [0.504354735215505, 0.4126330810870851]], [[321.0], [0.504354735215505, 0.4126330810870851]], [[321.0], [0.504354735215505, 0.4126330810870851]], [[321.0], [0.504354735215505, 0.4126330810870851]], [[321.0], [0.504354735215505, 0.4126330810870851]], [[321.0], [0.504354735215505, 0.4126330810870851]], [[321.0], [0.504354735215505, 0.4126330810870851]], [[321.0], [0.504354735215505, 0.4126330810870851]], [[321.0], [0.504354735215505, 0.4126330810870851]], [[321.0], [0.504354735215505, 0.4126330810870851]], [[321.0], [0.504354735215505, 0.4126330810870851]], [[321.0], [0.504354735215505, 0.4126330810870851]], [[321.0], [0.504354735215505, 0.4126330810870851]], [[321.0], [0.504354735215505, 0.4126330810870851]], [[321.0], [0.504354735215505, 0.4126330810870851]], [[321.0], [0.504354735215505, 0.4126330810870851]], [[321.0], [0.504354735215505, 0.4126330810870851]], [[321.0], [0.504354735215505, 0.4126330810870851]]], "102": [[[9.666666666666666], [-0.03209785247842471, 0.6141351740896417]], [[9.666666666666666], [-0.03209785247842471, 0.6141351740896417]], [[9.666666666666666], [-0.03209785247842471, 0.6141351740896417]], [[9.666666666666666], [-0.03209785247842471, 0.6141351740896417]], [[9.666666666666666], [-0.03209785247842471, 0.6141351740896417]], [[9.666666666666666], [-0.03209785247842471, 0.6141351740896417]], [[9.666666666666666], [-0.03209785247842471, 0.6141351740896417]], [[9.666666666666666], [-0.03209785247842471, 0.6141351740896417]], [[9.666666666666666], [-0.03209785247842471, 0.6141351740896417]], [[9.666666666666666], [-0.03209785247842471, 0.6141351740896417]], [[9.666666666666666], [-0.03209785247842471, 0.6141351740896417]], [[9.666666666666666], [-0.03209785247842471, 0.6141351740896417]], [[9.666666666666666], [-0.03209785247842471, 0.6141351740896417]], [[9.666666666666666], [-0.03209785247842471, 0.6141351740896417]], [[9.666666666666666], [-0.03209785247842471, 0.6141351740896417]], [[9.666666666666666], [-0.03209785247842471, 0.6141351740896417]], [[9.666666666666666], [-0.03209785247842471, 0.6141351740896417]], [[9.666666666666666], [-0.03209785247842471, 0.6141351740896417]], [[9.666666666666666], [-0.03209785247842471, 0.6141351740896417]], [[9.666666666666666], [-0.03209785247842471, 0.6141351740896417]], [[9.666666666666666], [-0.03209785247842471, 0.6141351740896417]], [[9.666666666666666], [-0.03209785247842471, 0.6141351740896417]], [[9.666666666666666], [-0.03209785247842471, 0.6141351740896417]], [[9.666666666666666], [-0.03209785247842471, 0.6141351740896417]], [[9.666666666666666], [-0.03209785247842471, 0.6141351740896417]], [[9.666666666666666], [-0.03209785247842471, 0.6141351740896417]], [[9.666666666666666], [-0.03209785247842471, 0.6141351740896417]], [[9.666666666666666], [-0.03209785247842471, 0.6141351740896417]], [[9.666666666666666], [-0.03209785247842471, 0.6141351740896417]], [[9.666666666666666], [-0.03209785247842471, 0.6141351740896417]], [[9.666666666666666], [-0.03209785247842471, 0.6141351740896417]], [[9.666666666666666], [-0.03209785247842471, 0.6141351740896417]], [[9.666666666666666], [-0.03209785247842471, 0.6141351740896417]], [[9.666666666666666], [-0.03209785247842471, 0.6141351740896417]], [[9.666666666666666], [-0.03209785247842471, 0.6141351740896417]], [[9.666666666666666], [-0.03209785247842471, 0.6141351740896417]], [[9.666666666666666], [-0.03209785247842471, 0.6141351740896417]], [[9.666666666666666], [-0.03209785247842471, 0.6141351740896417]], [[9.666666666666666], [-0.03209785247842471, 0.6141351740896417]], [[9.666666666666666], [-0.03209785247842471, 0.6141351740896417]]], "101": [[[112.5], [0.11995716641346614, -0.5079583759513198]], [[112.5], [0.11995716641346614, -0.5079583759513198]], [[112.5], [0.11995716641346614, -0.5079583759513198]], [[112.5], [0.11995716641346614, -0.5079583759513198]], [[112.5], [0.11995716641346614, -0.5079583759513198]], [[112.5], [0.11995716641346614, -0.5079583759513198]], [[112.5], [0.11995716641346614, -0.5079583759513198]], [[112.5], [0.11995716641346614, -0.5079583759513198]], [[112.5], [0.11995716641346614, -0.5079583759513198]], [[112.5], [0.11995716641346614, -0.5079583759513198]], [[112.5], [0.11995716641346614, -0.5079583759513198]], [[112.5], [0.11995716641346614, -0.5079583759513198]], [[112.5], [0.11995716641346614, -0.5079583759513198]], [[112.5], [0.11995716641346614, -0.5079583759513198]], [[112.5], [0.11995716641346614, -0.5079583759513198]], [[112.5], [0.11995716641346614, -0.5079583759513198]], [[112.5], [0.11995716641346614, -0.5079583759513198]], [[112.5], [0.11995716641346614, -0.5079583759513198]], [[112.5], [0.11995716641346614, -0.5079583759513198]], [[112.5], [0.11995716641346614, -0.5079583759513198]], [[112.5], [0.11995716641346614, -0.5079583759513198]], [[112.5], [0.11995716641346614, -0.5079583759513198]], [[112.5], [0.11995716641346614, -0.5079583759513198]], [[112.5], [0.11995716641346614, -0.5079583759513198]], [[112.5], [0.11995716641346614, -0.5079583759513198]], [[112.5], [0.11995716641346614, -0.5079583759513198]], [[112.5], [0.11995716641346614, -0.5079583759513198]], [[112.5], [0.11995716641346614, -0.5079583759513198]], [[112.5], [0.11995716641346614, -0.5079583759513198]], [[112.5], [0.11995716641346614, -0.5079583759513198]], [[112.5], [0.11995716641346614, -0.5079583759513198]], [[112.5], [0.11995716641346614, -0.5079583759513198]], [[112.5], [0.11995716641346614, -0.5079583759513198]], [[112.5], [0.11995716641346614, -0.5079583759513198]], [[112.5], [0.11995716641346614, -0.5079583759513198]], [[112.5], [0.11995716641346614, -0.5079583759513198]], [[112.5], [0.11995716641346614, -0.5079583759513198]], [[112.5], [0.11995716641346614, -0.5079583759513198]], [[112.5], [0.11995716641346614, -0.5079583759513198]], [[112.5], [0.11995716641346614, -0.5079583759513198]]]}