{"103": [[[88.83333333333333], [-0.04525243304669857, -0.5215576462198103]], [[88.83333333333333], [-0.04525243304669857, -0.5215576462198103]], [[88.83333333333333], [-0.04525243304669857, -0.5215576462198103]], [[88.83333333333333], [-0.04525243304669857, -0.5215576462198103]], [[88.83333333333333], [-0.04525243304669857, -0.5215576462198103]], [[88.83333333333333], [-0.04525243304669857, -0.5215576462198103]], [[88.83333333333333], [-0.04525243304669857, -0.5215576462198103]], [[88.83333333333333], [-0.04525243304669857, -0.5215576462198103]], [[88.83333333333333], [-0.04525243304669857, -0.5215576462198103]], [[88.83333333333333], [-0.04525243304669857, -0.5215576462198103]], [[88.83333333333333], [-0.04525243304669857, -0.5215576462198103]], [[88.83333333333333], [-0.04525243304669857, -0.5215576462198103]], [[88.83333333333333], [-0.04525243304669857, -0.5215576462198103]], [[88.83333333333333], [-0.04525243304669857, -0.5215576462198103]], [[88.83333333333333], [-0.04525243304669857, -0.5215576462198103]], [[88.83333333333333], [-0.04525243304669857, -0.5215576462198103]], [[88.83333333333333], [-0.04525243304669857, -0.5215576462198103]], [[88.83333333333333], [-0.04525243304669857, -0.5215576462198103]], [[88.83333333333333], [-0.04525243304669857, -0.5215576462198103]], [[88.83333333333333], [-0.04525243304669857, -0.5215576462198103]], [[88.83333333333333], [-0.04525243304669857, -0.5215576462198103]], [[88.83333333333333], [-0.04525243304669857, -0.5215576462198103]], [[88.83333333333333], [-0.04525243304669857, -0.5215576462198103]], [[88.83333333333333], [-0.04525243304669857, -0.5215576462198103]], [[88.83333333333333], [-0.04525243304669857, -0.5215576462198103]], [[88.83333333333333], [-0.04525243304669857, -0.5215576462198103]], [[88.83333333333333], [-0.04525243304669857, -0.5215576462198103]], [[88.83333333333333], [-0.04525243304669857, -0.5215576462198103]], [[88.83333333333333], [-0.04525243304669857, -0.5215576462198103]], [[88.83333333333333], [-0.04525243304669857, -0.5215576462198103]]], "102": [[[9.833333333333334], [-0.03209785247842471, 0.6141351740896417]], [[9.833333333333334], [-0.03209785247842471, 0.6141351740896417]], [[9.833333333333334], [-0.03209785247842471, 0.6141351740896417]], [[9.833333333333334], [-0.03209785247842471, 0.6141351740896417]], [[9.666666666666666], [-0.03209785247842471, 0.6141351740896417]], [[9.666666666666666], [-0.03209785247842471, 0.6141351740896417]], [[9.833333333333334], [-0.03209785247842471, 0.6141351740896417]], [[9.666666666666666], [-0.03209785247842471, 0.6141351740896417]], [[9.666666666666666], [-0.03209785247842471, 0.6141351740896417]], [[9.833333333333334], [-0.03209785247842471, 0.6141351740896417]], [[9.833333333333334], [-0.03209785247842471, 0.6141351740896417]], [[9.666666666666666], [-0.03209785247842471, 0.6141351740896417]], [[9.833333333333334], [-0.03209785247842471, 0.6141351740896417]], [[9.666666666666666], [-0.03209785247842471, 0.6141351740896417]], [[9.833333333333334], [-0.03209785247842471, 0.6141351740896417]], [[9.833333333333334], [-0.03209785247842471, 0.6141351740896417]], [[9.833333333333334], [-0.03209785247842471, 0.6141351740896417]], [[9.833333333333334], [-0.03209785247842471, 0.6141351740896417]], [[9.833333333333334], [-0.03209785247842471, 0.6141351740896417]], [[9.833333333333334], [-0.03209785247842471, 0.6141351740896417]], [[9.833333333333334], [-0.03209785247842471, 0.6141351740896417]], [[9.833333333333334], [-0.03209785247842471, 0.6141351740896417]], [[9.833333333333334], [-0.03209785247842471, 0.6141351740896417]], [[9.833333333333334], [-0.03209785247842471, 0.6141351740896417]], [[9.833333333333334], [-0.03209785247842471, 0.6141351740896417]], [[9.666666666666666], [-0.03209785247842471, 0.6141351740896417]], [[9.833333333333334], [-0.03209785247842471, 0.6141351740896417]], [[9.666666666666666], [-0.03209785247842471, 0.6141351740896417]], [[9.833333333333334], [-0.03209785247842471, 0.6141351740896417]], [[9.833333333333334], [-0.03209785247842471, 0.6141351740896417]]], "101": [[[110.16666666666667], [0.03399578544000785, 0.5099515310314854]], [[110.16666666666667], [0.03399578544000785, 0.5099515310314854]], [[110.16666666666667], [0.03399578544000785, 0.5099515310314854]], [[110.16666666666667], [0.03399578544000785, 0.5099515310314854]], [[110.16666666666667], [0.03399578544000785, 0.5099515310314854]], [[110.16666666666667], [0.03399578544000785, 0.5099515310314854]], [[110.16666666666667], [0.03399578544000785, 0.5099515310314854]], [[110.16666666666667], [0.03399578544000785, 0.5099515310314854]], [[110.16666666666667], [0.03399578544000785, 0.5099515310314854]], [[110.16666666666667], [0.03399578544000785, 0.5099515310314854]], [[110.16666666666667], [0.03399578544000785, 0.5099515310314854]], [[110.16666666666667], [0.03399578544000785, 0.5099515310314854]], [[110.16666666666667], [0.03399578544000785, 0.5099515310314854]], [[110.16666666666667], [0.03399578544000785, 0.5099515310314854]], [[110.16666666666667], [0.03399578544000785, 0.5099515310314854]], [[110.16666666666667], [0.03399578544000785, 0.5099515310314854]], [[110.16666666666667], [0.03399578544000785, 0.5099515310314854]], [[110.16666666666667], [0.03399578544000785, 0.5099515310314854]], [[110.16666666666667], [0.03399578544000785, 0.5099515310314854]], [[110.16666666666667], [0.03399578544000785, 0.5099515310314854]], [[110.16666666666667], [0.03399578544000785, 0.5099515310314854]], [[110.16666666666667], [0.03399578544000785, 0.5099515310314854]], [[110.16666666666667], [0.03399578544000785, 0.5099515310314854]], [[110.16666666666667], [0.03399578544000785, 0.5099515310314854]], [[110.16666666666667], [0.03399578544000785, 0.5099515310314854]], [[110.16666666666667], [0.03399578544000785, 0.5099515310314854]], [[110.16666666666667], [0.03399578544000785, 0.5099515310314854]], [[110.16666666666667], [0.03399578544000785, 0.5099515310314854]], [[110.16666666666667], [0.03399578544000785, 0.5099515310314854]], [[110.16666666666667], [0.03399578544000785, 0.5099515310314854]]]}