{"102": [[[10.0], [-0.03209785247842471, 0.6141351740896417]], [[10.0], [-0.03209785247842471, 0.6141351740896417]], [[10.0], [-0.03209785247842471, 0.6141351740896417]], [[10.0], [-0.03209785247842471, 0.6141351740896417]], [[10.0], [-0.03209785247842471, 0.6141351740896417]], [[10.0], [-0.03209785247842471, 0.6141351740896417]], [[10.0], [-0.03209785247842471, 0.6141351740896417]], [[10.0], [-0.03209785247842471, 0.6141351740896417]], [[10.0], [-0.03209785247842471, 0.6141351740896417]], [[10.0], [-0.03209785247842471, 0.6141351740896417]], [[10.0], [-0.03209785247842471, 0.6141351740896417]], [[10.0], [-0.03209785247842471, 0.6141351740896417]], [[10.0], [-0.03209785247842471, 0.6141351740896417]], [[10.0], [-0.03209785247842471, 0.6141351740896417]], [[10.0], [-0.03209785247842471, 0.6141351740896417]], [[10.0], [-0.03209785247842471, 0.6141351740896417]], [[10.0], [-0.03209785247842471, 0.6141351740896417]], [[10.0], [-0.03209785247842471, 0.6141351740896417]], [[10.0], [-0.03209785247842471, 0.6141351740896417]], [[10.0], [-0.03209785247842471, 0.6141351740896417]], [[10.0], [-0.03209785247842471, 0.6141351740896417]], [[10.0], [-0.03209785247842471, 0.6141351740896417]], [[10.0], [-0.03209785247842471, 0.6141351740896417]], [[10.0], [-0.03209785247842471, 0.6141351740896417]], [[10.0], [-0.03209785247842471, 0.6141351740896417]], [[10.0], [-0.03209785247842471, 0.6141351740896417]], [[10.0], [-0.03209785247842471, 0.6141351740896417]], [[10.0], [-0.03209785247842471, 0.6141351740896417]], [[10.0], [-0.03209785247842471, 0.6141351740896417]], [[10.0], [-0.03209785247842471, 0.6141351740896417]]], "101": [[[9.666666666666666], [0.0339663897951444, -0.5452829328450289]], [[9.666666666666666], [0.0339663897951444, -0.5452829328450289]], [[9.666666666666666], [0.0339663897951444, -0.5452829328450289]], [[9.666666666666666], [0.0339663897951444, -0.5452829328450289]], [[9.666666666666666], [0.0339663897951444, -0.5452829328450289]], [[9.666666666666666], [0.0339663897951444, -0.5452829328450289]], [[9.666666666666666], [0.0339663897951444, -0.5452829328450289]], [[9.666666666666666], [0.0339663897951444, -0.5452829328450289]], [[9.666666666666666], [0.0339663897951444, -0.5452829328450289]], [[9.666666666666666], [0.0339663897951444, -0.5452829328450289]], [[9.666666666666666], [0.0339663897951444, -0.5452829328450289]], [[9.666666666666666], [0.0339663897951444, -0.5452829328450289]], [[9.666666666666666], [0.0339663897951444, -0.5452829328450289]], [[9.666666666666666], [0.0339663897951444, -0.5452829328450289]], [[9.666666666666666], [0.0339663897951444, -0.5452829328450289]], [[9.666666666666666], [0.0339663897951444, -0.5452829328450289]], [[9.666666666666666], [0.0339663897951444, -0.5452829328450289]], [[9.666666666666666], [0.0339663897951444, -0.5452829328450289]], [[9.666666666666666], [0.0339663897951444, -0.5452829328450289]], [[9.666666666666666], [0.0339663897951444, -0.5452829328450289]], [[9.666666666666666], [0.0339663897951444, -0.5452829328450289]], [[9.666666666666666], [0.0339663897951444, -0.5452829328450289]], [[9.666666666666666], [0.0339663897951444, -0.5452829328450289]], [[9.666666666666666], [0.0339663897951444, -0.5452829328450289]], [[9.666666666666666], [0.0339663897951444, -0.5452829328450289]], [[9.666666666666666], [0.0339663897951444, -0.5452829328450289]], [[9.666666666666666], [0.0339663897951444, -0.5452829328450289]], [[9.666666666666666], [0.0339663897951444, -0.5452829328450289]], [[9.666666666666666], [0.0339663897951444, -0.5452829328450289]], [[9.666666666666666], [0.0339663897951444, -0.5452829328450289]]], "103": [[[282.3333333333333], [-0.23107791940371197, -0.5478147399482545]], [[282.3333333333333], [-0.23107791940371197, -0.5478147399482545]], [[282.3333333333333], [-0.23107791940371197, -0.5478147399482545]], [[282.3333333333333], [-0.23107791940371197, -0.5478147399482545]], [[282.3333333333333], [-0.23107791940371197, -0.5478147399482545]], [[282.3333333333333], [-0.23107791940371197, -0.5478147399482545]], [[282.3333333333333], [-0.23107791940371197, -0.5478147399482545]], [[282.3333333333333], [-0.23107791940371197, -0.5478147399482545]], [[339.5], [-0.16824091474215191, 0.0005374474169098233]], [[282.3333333333333], [-0.23107791940371197, -0.5478147399482545]], [[282.3333333333333], [-0.23107791940371197, -0.5478147399482545]], [[282.3333333333333], [-0.23107791940371197, -0.5478147399482545]], [[282.3333333333333], [-0.23107791940371197, -0.5478147399482545]], [[282.3333333333333], [-0.23107791940371197, -0.5478147399482545]], [[339.5], [-0.16824091474215191, 0.0005374474169098233]], [[339.5], [-0.16824091474215191, 0.0005374474169098233]], [[282.3333333333333], [-0.23107791940371197, -0.5478147399482545]], [[282.3333333333333], [-0.23107791940371197, -0.5478147399482545]], [[282.3333333333333], [-0.23107791940371197, -0.5478147399482545]], [[282.3333333333333], [-0.23107791940371197, -0.5478147399482545]], [[339.5], [-0.16824091474215191, 0.0005374474169098233]], [[282.3333333333333], [-0.23107791940371197, -0.5478147399482545]], [[282.3333333333333], [-0.23107791940371197, -0.5478147399482545]], [[282.3333333333333], [-0.23107791940371197, -0.5478147399482545]], [[282.3333333333333], [-0.23107791940371197, -0.5478147399482545]], [[339.5], [-0.16824091474215191, 0.0005374474169098233]], [[282.3333333333333], [-0.23107791940371197, -0.5478147399482545]], [[282.3333333333333], [-0.23107791940371197, -0.5478147399482545]], [[282.3333333333333], [-0.23107791940371197, -0.5478147399482545]], [[339.5], [-0.16824091474215191, 0.0005374474169098233]]]}