{"103": [[[41.666666666666664], [-0.012148904303709667, 0.530558945744802]], [[41.666666666666664], [-0.012148904303709667, 0.530558945744802]], [[41.666666666666664], [-0.012148904303709667, 0.530558945744802]], [[41.666666666666664], [-0.012148904303709667, 0.530558945744802]], [[41.666666666666664], [-0.012148904303709667, 0.530558945744802]], [[41.666666666666664], [-0.012148904303709667, 0.530558945744802]], [[41.666666666666664], [-0.012148904303709667, 0.530558945744802]], [[41.666666666666664], [-0.012148904303709667, 0.530558945744802]], [[41.666666666666664], [-0.012148904303709667, 0.530558945744802]], [[41.666666666666664], [-0.012148904303709667, 0.530558945744802]], [[41.666666666666664], [-0.012148904303709667, 0.530558945744802]], [[41.666666666666664], [-0.012148904303709667, 0.530558945744802]], [[41.666666666666664], [-0.012148904303709667, 0.530558945744802]], [[41.666666666666664], [-0.012148904303709667, 0.530558945744802]], [[41.666666666666664], [-0.012148904303709667, 0.530558945744802]], [[41.666666666666664], [-0.012148904303709667, 0.530558945744802]], [[41.666666666666664], [-0.012148904303709667, 0.530558945744802]], [[41.666666666666664], [-0.012148904303709667, 0.530558945744802]], [[41.666666666666664], [-0.012148904303709667, 0.530558945744802]], [[41.666666666666664], [-0.012148904303709667, 0.530558945744802]]], "101": [[[196.16666666666666], [0.28554024795691174, -0.6112121936807222]], [[196.16666666666666], [0.28554024795691174, -0.6112121936807222]], [[196.16666666666666], [0.28554024795691174, -0.6112121936807222]], [[196.16666666666666], [0.28554024795691174, -0.6112121936807222]], [[196.16666666666666], [0.28554024795691174, -0.6112121936807222]], [[196.16666666666666], [0.28554024795691174, -0.6112121936807222]], [[196.16666666666666], [0.28554024795691174, -0.6112121936807222]], [[196.16666666666666], [0.28554024795691174, -0.6112121936807222]], [[196.16666666666666], [0.28554024795691174, -0.6112121936807222]], [[196.16666666666666], [0.28554024795691174, -0.6112121936807222]], [[196.16666666666666], [0.28554024795691174, -0.6112121936807222]], [[196.16666666666666], [0.28554024795691174, -0.6112121936807222]], [[196.16666666666666], [0.28554024795691174, -0.6112121936807222]], [[196.16666666666666], [0.28554024795691174, -0.6112121936807222]], [[196.16666666666666], [0.28554024795691174, -0.6112121936807222]], [[196.16666666666666], [0.28554024795691174, -0.6112121936807222]], [[196.16666666666666], [0.28554024795691174, -0.6112121936807222]], [[196.16666666666666], [0.28554024795691174, -0.6112121936807222]], [[196.16666666666666], [0.28554024795691174, -0.6112121936807222]], [[196.16666666666666], [0.28554024795691174, -0.6112121936807222]]], "102": [[[291.5], [-0.015127571920553844, -0.012775581178553938]], [[9.666666666666666], [0.0339663897951444, -0.5452829328450289]], [[9.666666666666666], [0.0339663897951444, -0.5452829328450289]], [[9.666666666666666], [0.0339663897951444, -0.5452829328450289]], [[9.666666666666666], [0.0339663897951444, -0.5452829328450289]], [[9.666666666666666], [0.0339663897951444, -0.5452829328450289]], [[9.666666666666666], [0.0339663897951444, -0.5452829328450289]], [[9.666666666666666], [0.0339663897951444, -0.5452829328450289]], [[49.166666666666664], [-0.0015751989364313583, -0.5342152201387871]], [[9.666666666666666], [0.0339663897951444, -0.5452829328450289]], [[9.666666666666666], [0.0339663897951444, -0.5452829328450289]], [[9.166666666666666], [0.0339663897951444, -0.5452829328450289]], [[9.666666666666666], [0.0339663897951444, -0.5452829328450289]], [[9.666666666666666], [0.0339663897951444, -0.5452829328450289]], [[9.666666666666666], [0.0339663897951444, -0.5452829328450289]], [[9.666666666666666], [0.0339663897951444, -0.5452829328450289]], [[9.666666666666666], [0.0339663897951444, -0.5452829328450289]], [[9.666666666666666], [0.0339663897951444, -0.5452829328450289]], [[9.666666666666666], [0.0339663897951444, -0.5452829328450289]], [[9.666666666666666], [0.0339663897951444, -0.5452829328450289]]]}