{"101": [[[337.1666666666667], [-0.008891213995714983, -0.05700951219318016]], [[337.1666666666667], [-0.008891213995714983, -0.05700951219318016]], [[337.1666666666667], [-0.008891213995714983, -0.05700951219318016]], [[337.1666666666667], [-0.008891213995714983, -0.05700951219318016]], [[337.1666666666667], [-0.008891213995714983, -0.05700951219318016]], [[337.1666666666667], [-0.008891213995714983, -0.05700951219318016]], [[337.1666666666667], [-0.008891213995714983, -0.05700951219318016]], [[337.1666666666667], [-0.008891213995714983, -0.05700951219318016]], [[337.1666666666667], [-0.008891213995714983, -0.05700951219318016]], [[337.1666666666667], [-0.008891213995714983, -0.05700951219318016]], [[337.1666666666667], [-0.008891213995714983, -0.05700951219318016]], [[337.1666666666667], [-0.008891213995714983, -0.05700951219318016]], [[337.1666666666667], [-0.008891213995714983, -0.05700951219318016]], [[337.1666666666667], [-0.008891213995714983, -0.05700951219318016]], [[337.1666666666667], [-0.008891213995714983, -0.05700951219318016]], [[337.1666666666667], [-0.008891213995714983, -0.05700951219318016]], [[337.1666666666667], [-0.008891213995714983, -0.05700951219318016]], [[337.1666666666667], [-0.008891213995714983, -0.05700951219318016]], [[337.1666666666667], [-0.008891213995714983, -0.05700951219318016]], [[337.1666666666667], [-0.008891213995714983, -0.05700951219318016]]], "103": [[[109.83333333333333], [0.3420142581065496, 0.5065164925379047]], [[109.83333333333333], [0.3420142581065496, 0.5065164925379047]], [[109.83333333333333], [0.3420142581065496, 0.5065164925379047]], [[109.83333333333333], [0.3420142581065496, 0.5065164925379047]], [[109.83333333333333], [0.3420142581065496, 0.5065164925379047]], [[109.83333333333333], [0.3420142581065496, 0.5065164925379047]], [[109.83333333333333], [0.3420142581065496, 0.5065164925379047]], [[109.83333333333333], [0.3420142581065496, 0.5065164925379047]], [[109.83333333333333], [0.3420142581065496, 0.5065164925379047]], [[109.83333333333333], [0.3420142581065496, 0.5065164925379047]], [[109.83333333333333], [0.3420142581065496, 0.5065164925379047]], [[109.83333333333333], [0.3420142581065496, 0.5065164925379047]], [[109.83333333333333], [0.3420142581065496, 0.5065164925379047]], [[109.83333333333333], [0.3420142581065496, 0.5065164925379047]], [[109.83333333333333], [0.3420142581065496, 0.5065164925379047]], [[109.83333333333333], [0.3420142581065496, 0.5065164925379047]], [[109.83333333333333], [0.3420142581065496, 0.5065164925379047]], [[109.83333333333333], [0.3420142581065496, 0.5065164925379047]], [[109.83333333333333], [0.3420142581065496, 0.5065164925379047]], [[109.83333333333333], [0.3420142581065496, 0.5065164925379047]]], "102": [[[10.0], [-0.03209785247842471, 0.6141351740896417]], [[10.0], [-0.03209785247842471, 0.6141351740896417]], [[10.0], [-0.03209785247842471, 0.6141351740896417]], [[10.0], [-0.03209785247842471, 0.6141351740896417]], [[10.0], [-0.03209785247842471, 0.6141351740896417]], [[10.0], [-0.03209785247842471, 0.6141351740896417]], [[10.0], [-0.03209785247842471, 0.6141351740896417]], [[10.0], [-0.03209785247842471, 0.6141351740896417]], [[10.0], [-0.03209785247842471, 0.6141351740896417]], [[10.0], [-0.03209785247842471, 0.6141351740896417]], [[10.0], [-0.03209785247842471, 0.6141351740896417]], [[10.0], [-0.03209785247842471, 0.6141351740896417]], [[10.0], [-0.03209785247842471, 0.6141351740896417]], [[10.0], [-0.03209785247842471, 0.6141351740896417]], [[10.0], [-0.03209785247842471, 0.6141351740896417]], [[10.0], [-0.03209785247842471, 0.6141351740896417]], [[10.0], [-0.03209785247842471, 0.6141351740896417]], [[10.0], [-0.03209785247842471, 0.6141351740896417]], [[10.0], [-0.03209785247842471, 0.6141351740896417]], [[10.0], [-0.03209785247842471, 0.6141351740896417]]]}