{"fitness": {"102": [[[32.0], [-0.04380558306972186, 0.574210756703427]], [[9.666666666666666], [0.0339663897951444, -0.5452829328450289]], [[60.0], [0.002389956886569659, -0.5095685925780301]], [[114.16666666666667], [-0.07303848241766295, -0.5034760139775618]], [[9.166666666666666], [-0.03209785247842471, 0.6141351740896417]], [[500.0], [-0.015147894931336245, -0.007622619048117451]], [[60.0], [0.002389956886569659, -0.5095685925780301]], [[138.16666666666666], [0.09804420794049899, 0.509622885564868]], [[125.33333333333333], [0.03975465272863706, -0.5080641813255383]], [[500.0], [-0.062106388310591384, -0.012819833483137012]], [[126.83333333333333], [0.10117553795377414, -0.5239070388688996]], [[500.0], [-0.062106388310591384, -0.012819833483137012]], [[360.8333333333333], [-0.07876850043733916, -0.01485276918270086]], [[125.33333333333333], [0.03975465272863706, -0.5080641813255383]], [[360.8333333333333], [-0.07876850043733916, -0.01485276918270086]], [[9.333333333333334], [-0.03209785247842471, 0.6141351740896417]], [[500.0], [-0.062106388310591384, -0.012819833483137012]], [[125.33333333333333], [0.03975465272863706, -0.5080641813255383]], [[500.0], [-0.062106388310591384, -0.012819833483137012]], [[500.0], [-0.062106388310591384, -0.012819833483137012]]], "103": [[[209.83333333333334], [-0.06967566286524138, -0.01488283887042098]], [[480.0], [-0.04094523377716541, 0.0011599541900224949]], [[480.0], [-0.04094523377716541, 0.0011599541900224949]], [[480.0], [-0.04094523377716541, 0.0011599541900224949]], [[480.0], [-0.04094523377716541, 0.0011599541900224949]], [[480.0], [-0.04094523377716541, 0.0011599541900224949]], [[376.6666666666667], [-0.07275114456812541, -0.0035812876089230967]], [[500.0], [-0.016708707747360073, 0.0038507085908471685]], [[480.0], [-0.04094523377716541, 0.0011599541900224949]], [[480.0], [-0.04094523377716541, 0.0011599541900224949]], [[480.0], [-0.04094523377716541, 0.0011599541900224949]], [[480.0], [-0.04094523377716541, 0.0011599541900224949]], [[376.6666666666667], [-0.07275114456812541, -0.0035812876089230967]], [[480.0], [-0.04094523377716541, 0.0011599541900224949]], [[209.83333333333334], [-0.06967566286524138, -0.01488283887042098]], [[86.83333333333333], [-0.0425922932724158, -0.5022940453159752]], [[500.0], [0.05850569034616153, -0.23899689031559887]], [[127.16666666666667], [-0.07273780182003975, -0.5148884497190777]], [[500.0], [-0.016708707747360073, 0.0038507085908471685]], [[480.0], [-0.04094523377716541, 0.0011599541900224949]]], "101": [[[33.333333333333336], [-0.010377430201818546, 0.5019863969401309]], [[500.0], [-0.09548777714371681, -0.002334670009955978]], [[124.33333333333333], [-0.1489510883887609, 0.503163374782179]], [[500.0], [-0.018259485562642418, 0.012809096536995692]], [[500.0], [-0.09548777714371681, -0.002334670009955978]], [[500.0], [-0.018259485562642418, 0.012809096536995692]], [[206.83333333333334], [-0.15553752581278485, -0.5175048155647716]], [[124.33333333333333], [-0.1489510883887609, 0.503163374782179]], [[500.0], [-0.018259485562642418, 0.012809096536995692]], [[500.0], [-0.018259485562642418, 0.012809096536995692]], [[206.83333333333334], [-0.15553752581278485, -0.5175048155647716]], [[500.0], [-0.09548777714371681, -0.002334670009955978]], [[97.0], [0.04576235388716062, 0.5116773920766474]], [[500.0], [-0.018259485562642418, 0.012809096536995692]], [[206.83333333333334], [-0.15553752581278485, -0.5175048155647716]], [[500.0], [-0.018259485562642418, 0.012809096536995692]], [[124.33333333333333], [-0.1489510883887609, 0.503163374782179]], [[500.0], [-0.09548777714371681, -0.002334670009955978]], [[500.0], [-0.09548777714371681, -0.002334670009955978]], [[206.83333333333334], [-0.15553752581278485, -0.5175048155647716]]]}, "environment": "cartpole", "algorithm": "lambda", "container": "elite_archiving", "arguments": {"cross_method": "uniform", "l": 20, "m": 30, "mr": 0.08, "cr": 0.9, "mutation_sigma": 1.5, "archiving_period": 3, "archive_batch": 2, "cross_uni": 0.5, "ng": 20}}