{"fitness": {"102": [[[-477.0883452384599], [-0.4018711090087891, -0.032364973649619364]], [[-554.5691489461243], [0.35909857749938967, 0.0348883706406923]], [[-477.0883452384599], [-0.4018711090087891, -0.032364973649619364]], [[-477.0883452384599], [-0.4018711090087891, -0.032364973649619364]], [[-477.0883452384599], [-0.4018711090087891, -0.032364973649619364]], [[-477.0883452384599], [-0.4018711090087891, -0.032364973649619364]], [[-477.0883452384599], [-0.4018711090087891, -0.032364973649619364]], [[-477.0883452384599], [-0.4018711090087891, -0.032364973649619364]], [[-477.0883452384599], [-0.4018711090087891, -0.032364973649619364]], [[-599.4100255843985], [-0.10502631664276123, -0.09744531439447944]], [[-477.0883452384599], [-0.4018711090087891, -0.032364973649619364]], [[-477.0883452384599], [-0.4018711090087891, -0.032364973649619364]], [[-519.6609621734344], [0.4046370506286621, 0.11322596073150636]], [[-448.82436503299147], [0.40583505630493166, 0.09293672209366774]], [[-477.0883452384599], [-0.4018711090087891, -0.032364973649619364]], [[-477.0883452384599], [-0.4018711090087891, -0.032364973649619364]], [[-477.0883452384599], [-0.4018711090087891, -0.032364973649619364]], [[-579.7334651330691], [0.4043742179870605, 0.043737635035969065]], [[-597.9452058485648], [-0.40157155990600585, -0.013726850119921578]], [[-579.7334651330691], [0.4043742179870605, 0.043737635035969065]], [[-477.0883452384599], [-0.4018711090087891, -0.032364973649619364]], [[-641.8187675308308], [0.39778480529785154, -0.06360466773014353]], [[-477.0883452384599], [-0.4018711090087891, -0.032364973649619364]], [[-579.7334651330691], [0.4043742179870605, 0.043737635035969065]], [[-579.7334651330691], [0.4043742179870605, 0.043737635035969065]], [[-477.0883452384599], [-0.4018711090087891, -0.032364973649619364]], [[-579.7334651330691], [0.4043742179870605, 0.043737635035969065]], [[-579.7334651330691], [0.4043742179870605, 0.043737635035969065]], [[-519.6609621734344], [0.4046370506286621, 0.11322596073150636]], [[-477.0883452384599], [-0.4018711090087891, -0.032364973649619364]], [[-477.0883452384599], [-0.4018711090087891, -0.032364973649619364]], [[-477.0883452384599], [-0.4018711090087891, -0.032364973649619364]], [[-579.7334651330691], [0.4043742179870605, 0.043737635035969065]], [[-477.0883452384599], [-0.4018711090087891, -0.032364973649619364]], [[-579.7334651330691], [0.4043742179870605, 0.043737635035969065]]], "101": [[[-562.1104589479536], [0.40589151382446287, 0.0929188211361567]], [[-562.1104589479536], [0.40589151382446287, 0.0929188211361567]], [[-553.0893484556381], [0.40375709533691406, 0.0929840584993362]], [[-562.1104589479536], [0.40589151382446287, 0.0929188211361567]], [[-494.6965942924698], [-0.406101655960083, 0.05267812602718671]], [[-646.5289746516497], [0.4026358604431152, 0.12217375171184539]], [[-562.1104589479536], [0.40589151382446287, 0.0929188211361567]], [[-533.4562774466768], [-0.21285881996154785, -0.10791356588785465]], [[-482.9299766832164], [0.40422377586364744, 0.006606363449127803]], [[-587.2245879035019], [0.2874844312667847, 0.15709967985749243]], [[-562.1104589479536], [0.40589151382446287, 0.0929188211361567]], [[-603.2571354283117], [-0.22038044929504394, -0.10483837731574715]], [[-393.24299305377104], [-0.40512852668762206, 0.026098868011072144]], [[-603.2571354283117], [-0.22038044929504394, -0.10483837731574715]], [[-602.0036178134699], [-0.4036952018737793, 0.11570133152631444]], [[-496.05921632772373], [-0.08420203924179077, 0.12189826335757971]], [[-482.9299766832164], [0.40422377586364744, 0.006606363449127803]], [[-494.6965942924698], [-0.406101655960083, 0.05267812602718671]], [[-468.6729568139022], [0.4048595428466797, 0.007293396560652625]], [[-562.1104589479536], [0.40589151382446287, 0.0929188211361567]], [[-562.1104589479536], [0.40589151382446287, 0.0929188211361567]], [[-562.1104589479536], [0.40589151382446287, 0.0929188211361567]], [[-479.34716773135955], [0.40638113021850586, -0.02472389732945093]], [[-562.1104589479536], [0.40589151382446287, 0.0929188211361567]], [[-562.1104589479536], [0.40589151382446287, 0.0929188211361567]], [[-562.1104589479536], [0.40589151382446287, 0.0929188211361567]], [[-545.7973716699305], [0.40084471702575686, 0.05021072074675677]], [[-450.0857974583605], [-0.40001540184020995, 0.0239345092079546]], [[-562.1104589479536], [0.40589151382446287, 0.0929188211361567]], [[-161.56437074598477], [-0.21801304817199707, -0.02049168141946817]], [[-562.1104589479536], [0.40589151382446287, 0.0929188211361567]], [[-161.56437074598477], [-0.21801304817199707, -0.02049168141946817]], [[-450.0857974583605], [-0.40001540184020995, 0.0239345092079546]], [[-569.1079844801374], [0.06903995275497436, 0.10112864313249398]], [[-562.1104589479536], [0.40589151382446287, 0.0929188211361567]]], "103": [[[-545.7973716699305], [0.40084471702575686, 0.05021072074675677]], [[-542.3860750517171], [0.04131416380405426, -0.0677547265496848]], [[-545.7973716699305], [0.40084471702575686, 0.05021072074675677]], [[-391.84073749006035], [0.092184180021286, -0.09661613107338939]], [[-545.7973716699305], [0.40084471702575686, 0.05021072074675677]], [[-563.7477874438338], [0.4029940128326416, 0.010269802817390629]], [[-395.82589939400935], [0.003165283054113388, -0.09048383936957069]], [[-436.0177322693267], [-0.26482563018798827, -0.020218359090310212]], [[-545.7973716699305], [0.40084471702575686, 0.05021072074675677]], [[-402.08385768569275], [-0.40021615028381347, -0.008811335547594345]], [[-545.7973716699305], [0.40084471702575686, 0.05021072074675677]], [[-545.7973716699305], [0.40084471702575686, 0.05021072074675677]], [[-525.4037339062073], [-0.1217733383178711, -0.09713568918184559]], [[-545.7973716699305], [0.40084471702575686, 0.05021072074675677]], [[-545.7973716699305], [0.40084471702575686, 0.05021072074675677]], [[-545.7973716699305], [0.40084471702575686, 0.05021072074675677]], [[-545.7973716699305], [0.40084471702575686, 0.05021072074675677]], [[-545.7973716699305], [0.40084471702575686, 0.05021072074675677]], [[-545.7973716699305], [0.40084471702575686, 0.05021072074675677]], [[-563.7477874438338], [0.4029940128326416, 0.010269802817390629]], [[-545.7973716699305], [0.40084471702575686, 0.05021072074675677]], [[-545.7973716699305], [0.40084471702575686, 0.05021072074675677]], [[-545.7973716699305], [0.40084471702575686, 0.05021072074675677]], [[-545.7973716699305], [0.40084471702575686, 0.05021072074675677]], [[-391.84073749006035], [0.092184180021286, -0.09661613107338939]], [[-391.84073749006035], [0.092184180021286, -0.09661613107338939]], [[-545.7973716699305], [0.40084471702575686, 0.05021072074675677]], [[-436.0177322693267], [-0.26482563018798827, -0.020218359090310212]], [[-545.7973716699305], [0.40084471702575686, 0.05021072074675677]], [[-545.7973716699305], [0.40084471702575686, 0.05021072074675677]], [[-545.7973716699305], [0.40084471702575686, 0.05021072074675677]], [[-137.8657173379668], [0.028549423813819884, -0.0666150501242858]], [[-391.84073749006035], [0.092184180021286, -0.09661613107338939]], [[-545.7973716699305], [0.40084471702575686, 0.05021072074675677]], [[-525.4037339062073], [-0.1217733383178711, -0.09713568918184559]]]}, "environment": "lunarlander", "algorithm": "lambda", "container": "novelty_archiving", "arguments": {"cross_method": "mean", "l": 35, "m": 70, "mr": 0.1, "cr": 0.9, "mutation_sigma": 2.0, "archiving_period": 5, "archive_batch": 3, "ng": 20}}