{"fitness": {"101": [[[-84.7348623852189], [-0.3570739984512329, -0.07384997775204011]], [[-150.540390516766], [-0.12901318073272705, -0.08573365106501364]], [[-84.7348623852189], [-0.3570739984512329, -0.07384997775204011]], [[-164.726113462364], [0.2151735782623291, -0.0843557204929707]], [[-159.5022826460678], [0.13423690795898438, -0.10422427398070958]], [[-159.5022826460678], [0.13423690795898438, -0.10422427398070958]], [[-134.0678574583134], [-0.19388110637664796, -0.08861860211214259]], [[-114.1574532822314], [-0.1549898386001587, -0.06854763831375392]], [[-226.46792897069759], [-0.40383448600769045, -0.04624045159876475]], [[-159.5022826460678], [0.13423690795898438, -0.10422427398070958]], [[-191.5202779050269], [0.041817092895507814, -0.1060008189082146]], [[-140.42335553819078], [0.0476044088602066, -0.1056893709131797]], [[-140.42335553819078], [0.0476044088602066, -0.1056893709131797]], [[-191.5202779050269], [0.041817092895507814, -0.1060008189082146]], [[-114.1574532822314], [-0.1549898386001587, -0.06854763831375392]], [[-114.1574532822314], [-0.1549898386001587, -0.06854763831375392]], [[-226.46792897069759], [-0.40383448600769045, -0.04624045159876475]], [[-158.048101044179], [0.0020866775885224342, -0.06975654783577882]], [[-114.1574532822314], [-0.1549898386001587, -0.06854763831375392]], [[-164.72898591408187], [0.2151799440383911, -0.08435685963275426]], [[-84.7348623852189], [-0.3570739984512329, -0.07384997775204011]], [[-150.540390516766], [-0.12901318073272705, -0.08573365106501364]], [[-125.2222987119261], [0.11604923009872437, -0.12648893729695734]], [[-131.21430016369263], [0.0366281121969223, -0.1086054770896934]], [[-114.1574532822314], [-0.1549898386001587, -0.06854763831375392]], [[-134.0678574583134], [-0.19388110637664796, -0.08861860211214259]], [[-191.5202779050269], [0.041817092895507814, -0.1060008189082146]], [[-184.7149209990531], [0.13423690795898438, -0.10422427398070958]], [[-191.5202779050269], [0.041817092895507814, -0.1060008189082146]], [[-227.6652986274028], [0.11604923009872437, -0.12648893729695734]]], "102": [[[-211.44316502291258], [0.2020824909210205, -0.060141718990468794]], [[-198.9182072864701], [-0.11285699605941772, -0.045759776938260395]], [[-211.44316502291258], [0.2020824909210205, -0.060141718990468794]], [[-211.44316502291258], [0.2020824909210205, -0.060141718990468794]], [[-211.44316502291258], [0.2020824909210205, -0.060141718990468794]], [[-211.44316502291258], [0.2020824909210205, -0.060141718990468794]], [[-211.44316502291258], [0.2020824909210205, -0.060141718990468794]], [[-211.44316502291258], [0.2020824909210205, -0.060141718990468794]], [[-211.44316502291258], [0.2020824909210205, -0.060141718990468794]], [[-198.9182072864701], [-0.11285699605941772, -0.045759776938260395]], [[-211.44316502291258], [0.2020824909210205, -0.060141718990468794]], [[-211.44316502291258], [0.2020824909210205, -0.060141718990468794]], [[-211.44316502291258], [0.2020824909210205, -0.060141718990468794]], [[-211.44316502291258], [0.2020824909210205, -0.060141718990468794]], [[-211.44316502291258], [0.2020824909210205, -0.060141718990468794]], [[-211.44316502291258], [0.2020824909210205, -0.060141718990468794]], [[-211.44316502291258], [0.2020824909210205, -0.060141718990468794]], [[-211.44316502291258], [0.2020824909210205, -0.060141718990468794]], [[-211.44316502291258], [0.2020824909210205, -0.060141718990468794]], [[-211.44316502291258], [0.2020824909210205, -0.060141718990468794]], [[-211.44316502291258], [0.2020824909210205, -0.060141718990468794]], [[-211.44316502291258], [0.2020824909210205, -0.060141718990468794]], [[-211.44316502291258], [0.2020824909210205, -0.060141718990468794]], [[-211.44316502291258], [0.2020824909210205, -0.060141718990468794]], [[-211.44316502291258], [0.2020824909210205, -0.060141718990468794]], [[-211.44316502291258], [0.2020824909210205, -0.060141718990468794]], [[-128.29302902951434], [0.09012859463691711, -0.04538221689562006]], [[-211.44316502291258], [0.2020824909210205, -0.060141718990468794]], [[-211.44316502291258], [0.2020824909210205, -0.060141718990468794]], [[-211.44316502291258], [0.2020824909210205, -0.060141718990468794]]], "103": [[[-163.6562047532021], [-0.0869062066078186, -0.07577701269347659]], [[-163.6562047532021], [-0.0869062066078186, -0.07577701269347659]], [[-230.64080493471863], [0.40495834350585935, 0.08112963233143088]], [[-163.6562047532021], [-0.0869062066078186, -0.07577701269347659]], [[-163.6562047532021], [-0.0869062066078186, -0.07577701269347659]], [[-163.6562047532021], [-0.0869062066078186, -0.07577701269347659]], [[-115.57030220277328], [-0.1251149892807007, -0.10495431893505158]], [[-163.6562047532021], [-0.0869062066078186, -0.07577701269347659]], [[-115.57030220277328], [-0.1251149892807007, -0.10495431893505158]], [[-163.6562047532021], [-0.0869062066078186, -0.07577701269347659]], [[-163.6562047532021], [-0.0869062066078186, -0.07577701269347659]], [[-163.6562047532021], [-0.0869062066078186, -0.07577701269347659]], [[-230.64080493471863], [0.40495834350585935, 0.08112963233143088]], [[-163.6562047532021], [-0.0869062066078186, -0.07577701269347659]], [[-228.7865453429157], [-0.0548287570476532, -0.11188653451905892]], [[-230.64080493471863], [0.40495834350585935, 0.08112963233143088]], [[-230.64080493471863], [0.40495834350585935, 0.08112963233143088]], [[-228.7865453429157], [-0.0548287570476532, -0.11188653451905892]], [[-163.6562047532021], [-0.0869062066078186, -0.07577701269347659]], [[-228.7865453429157], [-0.0548287570476532, -0.11188653451905892]], [[-230.64080493471863], [0.40495834350585935, 0.08112963233143088]], [[-230.64080493471863], [0.40495834350585935, 0.08112963233143088]], [[-230.64080493471863], [0.40495834350585935, 0.08112963233143088]], [[-163.6562047532021], [-0.0869062066078186, -0.07577701269347659]], [[-163.6562047532021], [-0.0869062066078186, -0.07577701269347659]], [[-230.64080493471863], [0.40495834350585935, 0.08112963233143088]], [[-163.6562047532021], [-0.0869062066078186, -0.07577701269347659]], [[-230.64080493471863], [0.40495834350585935, 0.08112963233143088]], [[-230.64080493471863], [0.40495834350585935, 0.08112963233143088]], [[-163.6562047532021], [-0.0869062066078186, -0.07577701269347659]]]}, "environment": "lunarlander", "algorithm": "diff", "container": "elite_archiving", "arguments": {"l": 30, "mr": 0.30000000000000004, "cr": 0.4, "archiving_period": 5, "archive_batch": 4, "ng": 20}}