{"fitness": {"102": [[[-126.47071772984394], [0.2211695909500122, -0.09806145954699741]], [[-164.80407986570745], [-0.10262702703475952, -0.10568932640937066]], [[-86.18144782212092], [-0.2314807415008545, -0.06643356518688223]], [[-316.79706924593444], [-0.23679759502410888, -0.07765630281875645]], [[-316.79706924593444], [-0.23679759502410888, -0.07765630281875645]], [[-183.6833476632577], [-0.3506965160369873, -0.05444360077613966]], [[-87.84811448878759], [-0.2314807415008545, -0.06643356518688223]], [[-87.84811448878759], [-0.2314807415008545, -0.06643356518688223]], [[-316.79706924593444], [-0.23679759502410888, -0.07765630281875645]], [[-164.80407986570745], [-0.10262702703475952, -0.10568932640937066]], [[-316.79706924593444], [-0.23679759502410888, -0.07765630281875645]], [[-316.79706924593444], [-0.23679759502410888, -0.07765630281875645]], [[-316.79706924593444], [-0.23679759502410888, -0.07765630281875645]], [[-316.79706924593444], [-0.23679759502410888, -0.07765630281875645]], [[-92.40387211908212], [-0.19241899251937866, -0.0674524582740981]], [[-86.18144782212092], [-0.2314807415008545, -0.06643356518688223]], [[-316.79706924593444], [-0.23679759502410888, -0.07765630281875645]], [[-184.66694723904325], [0.3301888942718506, -0.05194067098154216]], [[-86.18144782212092], [-0.2314807415008545, -0.06643356518688223]], [[-92.77806196015483], [-0.27118539810180664, -0.06875817221540369]], [[-92.77806196015483], [-0.27118539810180664, -0.06875817221540369]], [[-86.18144782212092], [-0.2314807415008545, -0.06643356518688223]], [[-86.18144782212092], [-0.2314807415008545, -0.06643356518688223]], [[-316.79706924593444], [-0.23679759502410888, -0.07765630281875645]], [[-86.18144782212092], [-0.2314807415008545, -0.06643356518688223]], [[-124.85059625255529], [0.1248327612876892, -0.12585763169659508]], [[-87.84811448878759], [-0.2314807415008545, -0.06643356518688223]], [[-316.79706924593444], [-0.23679759502410888, -0.07765630281875645]], [[-316.79706924593444], [-0.23679759502410888, -0.07765630281875645]], [[-183.6833476632577], [-0.3506965160369873, -0.05444360077613966]]], "103": [[[-186.9549756641645], [0.40237627029418943, 0.0461889458860809]], [[-132.79958068910145], [-0.035318946838378905, -0.004059896685648711]], [[-132.79958068910145], [-0.035318946838378905, -0.004059896685648711]], [[-132.12502557193997], [-0.2118617057800293, -0.08310541719373608]], [[-205.7605038055341], [0.18607689142227174, -0.08438513244312307]], [[-132.79958068910145], [-0.035318946838378905, -0.004059896685648711]], [[-173.69520336451652], [0.1372312545776367, -0.07922008977333705]], [[-132.12502557193997], [-0.2118617057800293, -0.08310541719373608]], [[-173.69520336451652], [0.1372312545776367, -0.07922008977333705]], [[-132.79958068910145], [-0.035318946838378905, -0.004059896685648711]], [[-132.79958068910145], [-0.035318946838378905, -0.004059896685648711]], [[-132.79958068910145], [-0.035318946838378905, -0.004059896685648711]], [[-132.79958068910145], [-0.035318946838378905, -0.004059896685648711]], [[-132.79958068910145], [-0.035318946838378905, -0.004059896685648711]], [[-212.36343143730952], [0.40447492599487306, 0.1107285756011342]], [[-132.79958068910145], [-0.035318946838378905, -0.004059896685648711]], [[-132.79958068910145], [-0.035318946838378905, -0.004059896685648711]], [[-298.73852132992937], [-0.1921267867088318, -0.07085510051082415]], [[-132.79958068910145], [-0.035318946838378905, -0.004059896685648711]], [[-212.36343143730952], [0.40447492599487306, 0.1107285756011342]], [[-132.79958068910145], [-0.035318946838378905, -0.004059896685648711]], [[-132.79958068910145], [-0.035318946838378905, -0.004059896685648711]], [[-132.79958068910145], [-0.035318946838378905, -0.004059896685648711]], [[-186.9549756641645], [0.40237627029418943, 0.0461889458860809]], [[-205.7605038055341], [0.18607689142227174, -0.08438513244312307]], [[-132.79958068910145], [-0.035318946838378905, -0.004059896685648711]], [[-186.9549756641645], [0.40237627029418943, 0.0461889458860809]], [[-132.79958068910145], [-0.035318946838378905, -0.004059896685648711]], [[-132.79958068910145], [-0.035318946838378905, -0.004059896685648711]], [[-132.12502557193997], [-0.2118617057800293, -0.08310541719373608]]], "101": [[[-77.42543975078144], [0.19838119745254518, -0.038815325999166816]], [[-77.42543975078144], [0.19838119745254518, -0.038815325999166816]], [[-77.42543975078144], [0.19838119745254518, -0.038815325999166816]], [[-151.7633995246936], [-0.4031813621520996, -0.030698191405852036]], [[-77.42543975078144], [0.19838119745254518, -0.038815325999166816]], [[-77.42543975078144], [0.19838119745254518, -0.038815325999166816]], [[-151.7633995246936], [-0.4031813621520996, -0.030698191405852036]], [[-151.7633995246936], [-0.4031813621520996, -0.030698191405852036]], [[-77.42543975078144], [0.19838119745254518, -0.038815325999166816]], [[-77.42543975078144], [0.19838119745254518, -0.038815325999166816]], [[-28.81884433935021], [0.07580677270889283, -0.05308309358971503]], [[-390.696233654105], [0.4038191795349121, -0.006925516770493273]], [[-390.696233654105], [0.4038191795349121, -0.006925516770493273]], [[-28.81884433935021], [0.07580677270889283, -0.05308309358971503]], [[-151.7633995246936], [-0.4031813621520996, -0.030698191405852036]], [[-151.7633995246936], [-0.4031813621520996, -0.030698191405852036]], [[-77.42543975078144], [0.19838119745254518, -0.038815325999166816]], [[-25.617563509886015], [-0.15955082178115845, -0.06117342674664942]], [[-151.7633995246936], [-0.4031813621520996, -0.030698191405852036]], [[-151.7633995246936], [-0.4031813621520996, -0.030698191405852036]], [[-77.42543975078144], [0.19838119745254518, -0.038815325999166816]], [[-77.42543975078144], [0.19838119745254518, -0.038815325999166816]], [[-264.7995305449935], [0.2265801191329956, -0.08741268269031453]], [[-77.42543975078144], [0.19838119745254518, -0.038815325999166816]], [[-151.7633995246936], [-0.4031813621520996, -0.030698191405852036]], [[-151.7633995246936], [-0.4031813621520996, -0.030698191405852036]], [[-28.81884433935021], [0.07580677270889283, -0.05308309358971503]], [[-77.42543975078144], [0.19838119745254518, -0.038815325999166816]], [[-28.81884433935021], [0.07580677270889283, -0.05308309358971503]], [[-251.78415320090053], [0.10309051275253296, -0.11035042116097335]]]}, "environment": "lunarlander", "algorithm": "diff", "container": "elite_archiving", "arguments": {"l": 30, "mr": 0.4, "cr": 0.5, "archiving_period": 5, "archive_batch": 4, "ng": 20}}