{"fitness": {"102": [[[-165.51286530229734], [-0.21351876258850097, -0.03416708549872662]], [[-165.51286530229734], [-0.21351876258850097, -0.03416708549872662]], [[-165.51286530229734], [-0.21351876258850097, -0.03416708549872662]], [[-165.51286530229734], [-0.21351876258850097, -0.03416708549872662]], [[-165.51286530229734], [-0.21351876258850097, -0.03416708549872662]], [[-165.51286530229734], [-0.21351876258850097, -0.03416708549872662]], [[-165.51286530229734], [-0.21351876258850097, -0.03416708549872662]], [[-165.51286530229734], [-0.21351876258850097, -0.03416708549872662]], [[-165.51286530229734], [-0.21351876258850097, -0.03416708549872662]], [[-165.51286530229734], [-0.21351876258850097, -0.03416708549872662]], [[-165.51286530229734], [-0.21351876258850097, -0.03416708549872662]], [[-165.51286530229734], [-0.21351876258850097, -0.03416708549872662]], [[-165.51286530229734], [-0.21351876258850097, -0.03416708549872662]], [[-165.51286530229734], [-0.21351876258850097, -0.03416708549872662]], [[-165.51286530229734], [-0.21351876258850097, -0.03416708549872662]], [[-165.51286530229734], [-0.21351876258850097, -0.03416708549872662]], [[-165.51286530229734], [-0.21351876258850097, -0.03416708549872662]], [[-165.51286530229734], [-0.21351876258850097, -0.03416708549872662]], [[-165.51286530229734], [-0.21351876258850097, -0.03416708549872662]], [[-165.51286530229734], [-0.21351876258850097, -0.03416708549872662]]], "103": [[[-243.03100297644642], [0.12683547735214235, -0.08615758568048479]], [[-181.24365179726723], [0.12131801843643189, -0.07379423254169525]], [[-249.5251814179612], [0.40583138465881347, -0.07104749025388078]], [[-181.24365179726723], [0.12131801843643189, -0.07379423254169525]], [[-249.5251814179612], [0.40583138465881347, -0.07104749025388078]], [[-181.24365179726723], [0.12131801843643189, -0.07379423254169525]], [[-243.03100297644642], [0.12683547735214235, -0.08615758568048479]], [[-195.31996140735023], [-0.23126378059387206, -0.07913791448406783]], [[-195.31996140735023], [-0.23126378059387206, -0.07913791448406783]], [[-243.03100297644642], [0.12683547735214235, -0.08615758568048479]], [[-181.24365179726723], [0.12131801843643189, -0.07379423254169525]], [[-243.03100297644642], [0.12683547735214235, -0.08615758568048479]], [[-249.5251814179612], [0.40583138465881347, -0.07104749025388078]], [[-195.31996140735023], [-0.23126378059387206, -0.07913791448406783]], [[-195.31996140735023], [-0.23126378059387206, -0.07913791448406783]], [[-195.31996140735023], [-0.23126378059387206, -0.07913791448406783]], [[-181.24365179726723], [0.12131801843643189, -0.07379423254169525]], [[-181.24365179726723], [0.12131801843643189, -0.07379423254169525]], [[-195.31996140735023], [-0.23126378059387206, -0.07913791448406783]], [[-181.24365179726723], [0.12131801843643189, -0.07379423254169525]]], "101": [[[-143.35152480199187], [0.12050087451934814, -0.0789802261180692]], [[-140.06917597651312], [0.12368332147598267, -0.07834382253961687]], [[-193.48068072402756], [-0.06059585809707642, -0.07224472195140265]], [[-193.48068072402756], [-0.06059585809707642, -0.07224472195140265]], [[-193.48068072402756], [-0.06059585809707642, -0.07224472195140265]], [[-143.35152480199187], [0.12050087451934814, -0.0789802261180692]], [[-193.48068072402756], [-0.06059585809707642, -0.07224472195140265]], [[-140.06917597651312], [0.12368332147598267, -0.07834382253961687]], [[-140.06917597651312], [0.12368332147598267, -0.07834382253961687]], [[-193.48068072402756], [-0.06059585809707642, -0.07224472195140265]], [[-193.48068072402756], [-0.06059585809707642, -0.07224472195140265]], [[-143.35152480199187], [0.12050087451934814, -0.0789802261180692]], [[-140.06917597651312], [0.12368332147598267, -0.07834382253961687]], [[-140.06917597651312], [0.12368332147598267, -0.07834382253961687]], [[-140.06917597651312], [0.12368332147598267, -0.07834382253961687]], [[-143.35152480199187], [0.12050087451934814, -0.0789802261180692]], [[-127.59942121518418], [-0.13861175775527954, -0.06810107931366297]], [[-193.48068072402756], [-0.06059585809707642, -0.07224472195140265]], [[-193.48068072402756], [-0.06059585809707642, -0.07224472195140265]], [[-141.5441933041416], [0.1570145845413208, -0.07521128833671158]]]}, "environment": "lunarlander", "algorithm": "diff", "container": "elite_archiving", "arguments": {"l": 20, "mr": 0.20000000000000004, "cr": 0.6, "archiving_period": 5, "archive_batch": 4, "ng": 20}}