{"fitness": {"102": [[[-140.64717223297586], [-0.04230678677558899, -0.10334384094418239]], [[-143.7092232233414], [0.1176988959312439, -0.07983058100783978]], [[-16.569737986510408], [-0.270693302154541, -0.008752284136911235]], [[-132.85762077083544], [-0.03875934481620789, -0.06269273305836233]], [[-132.85762077083544], [-0.03875934481620789, -0.06269273305836233]], [[-136.30784592968632], [0.11604923009872437, -0.12648893729695734]], [[-69.9845005242378], [0.26011459827423095, -0.08580544754578215]], [[-140.64717223297586], [-0.04230678677558899, -0.10334384094418239]], [[-140.64717223297586], [-0.04230678677558899, -0.10334384094418239]], [[-143.7092232233414], [0.1176988959312439, -0.07983058100783978]], [[-140.64717223297586], [-0.04230678677558899, -0.10334384094418239]], [[-140.64717223297586], [-0.04230678677558899, -0.10334384094418239]], [[-140.64717223297586], [-0.04230678677558899, -0.10334384094418239]], [[-132.85762077083544], [-0.03875934481620789, -0.06269273305836233]], [[-140.64717223297586], [-0.04230678677558899, -0.10334384094418239]], [[-140.64717223297586], [-0.04230678677558899, -0.10334384094418239]], [[-140.64717223297586], [-0.04230678677558899, -0.10334384094418239]], [[-140.64717223297586], [-0.04230678677558899, -0.10334384094418239]], [[-161.27980761139705], [-0.401964807510376, -0.048635552068325594]], [[-132.85762077083544], [-0.03875934481620789, -0.06269273305836233]], [[-132.85762077083544], [-0.03875934481620789, -0.06269273305836233]], [[-140.64717223297586], [-0.04230678677558899, -0.10334384094418239]], [[-196.31348963380933], [-0.4063754081726074, -0.049669108638031936]], [[-79.96333104684304], [-0.024828147888183594, -0.0772704806667185]], [[-161.27980761139705], [-0.401964807510376, -0.048635552068325594]], [[-114.95112319083951], [-0.401326847076416, -0.06580435475628389]], [[-8.412420263546553], [0.2552680253982544, -0.08576199335843361]], [[-132.85762077083544], [-0.03875934481620789, -0.06269273305836233]], [[-140.64717223297586], [-0.04230678677558899, -0.10334384094418239]], [[-136.30784592968632], [0.11604923009872437, -0.12648893729695734]]], "101": [[[-181.58902009079807], [-0.16041053533554078, -0.09649809742883098]], [[-282.8004888521189], [0.13810116052627563, -0.07340242134372668]], [[-181.588515409393], [-0.16041053533554078, -0.09649809742883098]], [[3.442143416331606], [0.11720759868621826, -0.050429650109047826]], [[-29.50141659677513], [0.07554790377616882, -0.052604289076601446]], [[-29.50141659677513], [0.07554790377616882, -0.052604289076601446]], [[3.442143416331606], [0.11720759868621826, -0.050429650109047826]], [[3.442143416331606], [0.11720759868621826, -0.050429650109047826]], [[-282.8004888521189], [0.13810116052627563, -0.07340242134372668]], [[5.22064135794268], [-0.28475584983825686, -0.041904539377816644]], [[-69.31340984107717], [-0.4038258075714111, -0.045399975775413805]], [[-286.7550841794751], [0.10368896722793579, -0.08277324427167575]], [[-286.7550841794751], [0.10368896722793579, -0.08277324427167575]], [[-69.31340984107717], [-0.4038258075714111, -0.045399975775413805]], [[3.442143416331606], [0.11720759868621826, -0.050429650109047826]], [[-17.59956557001602], [-0.22588624954223632, -0.04239841256911556]], [[-282.8004888521189], [0.13810116052627563, -0.07340242134372668]], [[-69.31340984107717], [-0.4038258075714111, -0.045399975775413805]], [[3.442143416331606], [0.11720759868621826, -0.050429650109047826]], [[3.442143416331606], [0.11720759868621826, -0.050429650109047826]], [[-181.58902009079807], [-0.16041053533554078, -0.09649809742883098]], [[-282.8004888521189], [0.13810116052627563, -0.07340242134372668]], [[-159.6166151980534], [-0.1729954957962036, -0.07561165736427151]], [[-282.8004888521189], [0.13810116052627563, -0.07340242134372668]], [[-17.59956557001602], [-0.22588624954223632, -0.04239841256911556]], [[3.442143416331606], [0.11720759868621826, -0.050429650109047826]], [[-69.31340984107717], [-0.4038258075714111, -0.045399975775413805]], [[-29.50141659677513], [0.07554790377616882, -0.052604289076601446]], [[-69.31340984107717], [-0.4038258075714111, -0.045399975775413805]], [[-159.6166151980534], [-0.1729954957962036, -0.07561165736427151]]], "103": [[[-64.23091429188723], [0.26856460571289065, -0.02572377075935946]], [[-92.46246706302408], [-0.03138934969902039, -0.0946573411278865]], [[-140.11641504231372], [-0.18467791080474855, -0.0671179035998354]], [[-97.98026165413789], [0.3758866786956787, -0.06299433446269523]], [[-97.98026165413789], [0.3758866786956787, -0.06299433446269523]], [[-92.46246706302408], [-0.03138934969902039, -0.0946573411278865]], [[-204.48734057240281], [0.14389365911483765, -0.08860370809569547]], [[-97.98026165413789], [0.3758866786956787, -0.06299433446269523]], [[-204.48734057240281], [0.14389365911483765, -0.08860370809569547]], [[-82.31399842858299], [-0.33095479011535645, -0.06590428712497493]], [[-92.46246706302408], [-0.03138934969902039, -0.0946573411278865]], [[-114.21526407183548], [0.189062237739563, -0.03470893292053612]], [[-55.73190245620998], [0.011403121799230576, -0.054094193966574014]], [[-114.21526407183548], [0.189062237739563, -0.03470893292053612]], [[-145.35684190556196], [0.11956164836883545, -0.08011101358509683]], [[-140.11641504231372], [-0.18467791080474855, -0.0671179035998354]], [[-55.73190245620998], [0.011403121799230576, -0.054094193966574014]], [[-114.44965433992597], [0.12667434215545653, -0.07059975845598845]], [[-92.46246706302408], [-0.03138934969902039, -0.0946573411278865]], [[-145.35684190556196], [0.11956164836883545, -0.08011101358509683]], [[-140.11641504231372], [-0.18467791080474855, -0.0671179035998354]], [[-55.73190245620998], [0.011403121799230576, -0.054094193966574014]], [[-140.11641504231372], [-0.18467791080474855, -0.0671179035998354]], [[-70.8961121092993], [-0.25756030082702636, -0.09094119585222668]], [[-97.98026165413789], [0.3758866786956787, -0.06299433446269523]], [[-140.11641504231372], [-0.18467791080474855, -0.0671179035998354]], [[-64.23091429188723], [0.26856460571289065, -0.02572377075935946]], [[-55.73190245620998], [0.011403121799230576, -0.054094193966574014]], [[-140.11641504231372], [-0.18467791080474855, -0.0671179035998354]], [[-97.98026165413789], [0.3758866786956787, -0.06299433446269523]]]}, "environment": "lunarlander", "algorithm": "diff", "container": "elite_archiving", "arguments": {"l": 30, "mr": 0.20000000000000004, "cr": 0.5, "archiving_period": 5, "archive_batch": 4, "ng": 20}}