{"fitness": {"101": [[[58.833333333333336], [-0.049348482862114906, 0.5677919923973996]], [[106.33333333333333], [0.3692841281493505, -0.5515086950297561]], [[9.666666666666666], [0.0339663897951444, -0.5452829328450289]], [[9.666666666666666], [0.0339663897951444, -0.5452829328450289]], [[9.666666666666666], [0.0339663897951444, -0.5452829328450289]], [[9.666666666666666], [0.0339663897951444, -0.5452829328450289]], [[9.666666666666666], [0.0339663897951444, -0.5452829328450289]], [[9.666666666666666], [0.0339663897951444, -0.5452829328450289]], [[9.666666666666666], [0.0339663897951444, -0.5452829328450289]], [[123.66666666666667], [-0.03649497404694557, 0.5457629783872212]], [[9.666666666666666], [0.0339663897951444, -0.5452829328450289]], [[9.666666666666666], [0.0339663897951444, -0.5452829328450289]], [[9.666666666666666], [0.0339663897951444, -0.5452829328450289]], [[58.833333333333336], [-0.049348482862114906, 0.5677919923973996]], [[58.833333333333336], [-0.049348482862114906, 0.5677919923973996]], [[27.833333333333332], [0.014564994101723036, -0.5078947786509135]], [[9.666666666666666], [0.0339663897951444, -0.5452829328450289]], [[19.166666666666668], [0.03358723285297553, -0.5883804419964694]], [[58.833333333333336], [-0.049348482862114906, 0.5677919923973996]], [[66.5], [-0.017901333048939705, -0.5122940078306426]]], "102": [[[69.16666666666667], [0.04588836493591468, 0.508711241078719]], [[9.166666666666666], [-0.03209785247842471, 0.6141351740896417]], [[9.666666666666666], [0.0339663897951444, -0.5452829328450289]], [[9.666666666666666], [0.0339663897951444, -0.5452829328450289]], [[9.833333333333334], [-0.03209785247842471, 0.6141351740896417]], [[9.833333333333334], [-0.03209785247842471, 0.6141351740896417]], [[70.83333333333333], [-0.030553098767995834, -0.5162529041322225]], [[9.666666666666666], [0.0339663897951444, -0.5452829328450289]], [[9.666666666666666], [0.0339663897951444, -0.5452829328450289]], [[9.166666666666666], [-0.03209785247842471, 0.6141351740896417]], [[21.0], [0.014564994101723036, -0.5078947786509135]], [[9.166666666666666], [-0.03209785247842471, 0.6141351740896417]], [[81.33333333333333], [-0.017714255178968113, -0.507663418516588]], [[9.666666666666666], [0.0339663897951444, -0.5452829328450289]], [[9.666666666666666], [0.0339663897951444, -0.5452829328450289]], [[9.166666666666666], [-0.03209785247842471, 0.6141351740896417]], [[9.666666666666666], [0.0339663897951444, -0.5452829328450289]], [[9.666666666666666], [0.0339663897951444, -0.5452829328450289]], [[9.666666666666666], [0.0339663897951444, -0.5452829328450289]], [[9.666666666666666], [0.0339663897951444, -0.5452829328450289]]], "103": [[[45.333333333333336], [0.006442895391955972, -0.5076387852572939]], [[45.333333333333336], [0.006442895391955972, -0.5076387852572939]], [[45.333333333333336], [0.006442895391955972, -0.5076387852572939]], [[82.83333333333333], [-0.03877086875339349, -0.5137443756372735]], [[41.833333333333336], [0.05542966847618421, -0.5532384774331272]], [[36.166666666666664], [0.017016208730638027, -0.5186622222644861]], [[45.333333333333336], [0.006442895391955972, -0.5076387852572939]], [[45.333333333333336], [0.006442895391955972, -0.5076387852572939]], [[82.83333333333333], [-0.03877086875339349, -0.5137443756372735]], [[284.3333333333333], [-0.1894821599125862, -0.5095127310479087]], [[45.333333333333336], [0.006442895391955972, -0.5076387852572939]], [[45.333333333333336], [0.006442895391955972, -0.5076387852572939]], [[45.333333333333336], [0.006442895391955972, -0.5076387852572939]], [[45.333333333333336], [0.006442895391955972, -0.5076387852572939]], [[45.333333333333336], [0.006442895391955972, -0.5076387852572939]], [[85.0], [-0.057834417869647346, -0.5217179584731326]], [[193.33333333333334], [-0.2459263304869334, -0.5160774411767294]], [[82.83333333333333], [-0.03877086875339349, -0.5137443756372735]], [[9.833333333333334], [0.0339663897951444, -0.5452829328450289]], [[45.333333333333336], [0.006442895391955972, -0.5076387852572939]]]}, "environment": "cartpole", "algorithm": "lambda", "container": "novelty", "arguments": {"cross_method": "uniform", "l": 20, "m": 25, "mr": 0.009999999999999995, "cr": 1.0, "mutation_sigma": 0.5, "cross_uni": 0.30000000000000004, "ng": 20}}