{"fitness": {"102": [[[500.0], [-0.05301025385657947, -0.013705189272975237]], [[500.0], [-0.05301025385657947, -0.013705189272975237]], [[500.0], [-0.05301025385657947, -0.013705189272975237]], [[500.0], [-0.05301025385657947, -0.013705189272975237]], [[33.666666666666664], [0.017255530692636967, -0.5454824943291514]], [[500.0], [-0.05301025385657947, -0.013705189272975237]], [[500.0], [-0.05301025385657947, -0.013705189272975237]], [[500.0], [-0.05301025385657947, -0.013705189272975237]], [[500.0], [-0.05301025385657947, -0.013705189272975237]], [[500.0], [-0.05301025385657947, -0.013705189272975237]], [[500.0], [-0.05301025385657947, -0.013705189272975237]], [[500.0], [-0.05301025385657947, -0.013705189272975237]], [[500.0], [-0.05301025385657947, -0.013705189272975237]], [[500.0], [-0.05301025385657947, -0.013705189272975237]], [[500.0], [-0.05301025385657947, -0.013705189272975237]], [[500.0], [-0.05301025385657947, -0.013705189272975237]], [[500.0], [-0.05301025385657947, -0.013705189272975237]], [[500.0], [-0.05301025385657947, -0.013705189272975237]], [[102.0], [-0.07182253524661064, -0.5056730440358796]], [[500.0], [-0.05301025385657947, -0.013705189272975237]], [[500.0], [-0.05301025385657947, -0.013705189272975237]], [[500.0], [-0.05301025385657947, -0.013705189272975237]], [[500.0], [-0.05301025385657947, -0.013705189272975237]], [[500.0], [-0.05301025385657947, -0.013705189272975237]], [[500.0], [-0.05301025385657947, -0.013705189272975237]]], "103": [[[423.3333333333333], [-0.004574398432547848, 0.0011576277634984498]], [[423.3333333333333], [-0.004574398432547848, 0.0011576277634984498]], [[423.3333333333333], [-0.004574398432547848, 0.0011576277634984498]], [[500.0], [-0.0651565690835317, -0.007954752518300806]], [[500.0], [-0.0651565690835317, -0.007954752518300806]], [[423.3333333333333], [-0.004574398432547848, 0.0011576277634984498]], [[42.0], [0.00880659402658542, 0.515493943075244]], [[423.3333333333333], [-0.004574398432547848, 0.0011576277634984498]], [[96.16666666666667], [-0.045759013543526336, -0.5404260811623204]], [[423.3333333333333], [-0.004574398432547848, 0.0011576277634984498]], [[423.3333333333333], [-0.004574398432547848, 0.0011576277634984498]], [[423.3333333333333], [-0.004574398432547848, 0.0011576277634984498]], [[500.0], [-0.0651565690835317, -0.007954752518300806]], [[423.3333333333333], [-0.004574398432547848, 0.0011576277634984498]], [[423.3333333333333], [-0.004574398432547848, 0.0011576277634984498]], [[423.3333333333333], [-0.004574398432547848, 0.0011576277634984498]], [[423.3333333333333], [-0.004574398432547848, 0.0011576277634984498]], [[423.3333333333333], [-0.004574398432547848, 0.0011576277634984498]], [[423.3333333333333], [-0.004574398432547848, 0.0011576277634984498]], [[423.3333333333333], [-0.004574398432547848, 0.0011576277634984498]], [[423.3333333333333], [-0.004574398432547848, 0.0011576277634984498]], [[430.3333333333333], [-0.037546067809065185, 0.5707640967300635]], [[423.3333333333333], [-0.004574398432547848, 0.0011576277634984498]], [[500.0], [-0.0651565690835317, -0.007954752518300806]], [[49.0], [0.0053010263945907354, 0.5125524609853206]]], "101": [[[500.0], [-0.06667491669456165, -0.007218910207410463]], [[500.0], [-0.06667491669456165, -0.007218910207410463]], [[500.0], [-0.05002208985388279, -0.002874743803872161]], [[500.0], [-0.05002208985388279, -0.002874743803872161]], [[500.0], [-0.05002208985388279, -0.002874743803872161]], [[500.0], [-0.06667491669456165, -0.007218910207410463]], [[500.0], [-0.06667491669456165, -0.007218910207410463]], [[500.0], [-0.05002208985388279, -0.002874743803872161]], [[500.0], [-0.05002208985388279, -0.002874743803872161]], [[500.0], [-0.06667491669456165, -0.007218910207410463]], [[145.5], [-0.19292708486318588, 0.5163418120174317]], [[151.0], [-0.12589562684297562, -0.512784070660623]], [[500.0], [-0.05002208985388279, -0.002874743803872161]], [[500.0], [-0.05002208985388279, -0.002874743803872161]], [[500.0], [-0.06667491669456165, -0.007218910207410463]], [[33.833333333333336], [-0.0011498015373945236, 0.5170993471259706]], [[500.0], [-0.05002208985388279, -0.002874743803872161]], [[151.0], [-0.12589562684297562, -0.512784070660623]], [[500.0], [-0.05002208985388279, -0.002874743803872161]], [[500.0], [-0.05002208985388279, -0.002874743803872161]], [[145.5], [-0.19292708486318588, 0.5163418120174317]], [[500.0], [-0.05002208985388279, -0.002874743803872161]], [[500.0], [-0.05002208985388279, -0.002874743803872161]], [[500.0], [-0.06667491669456165, -0.007218910207410463]], [[500.0], [-0.06667491669456165, -0.007218910207410463]]]}, "environment": "cartpole", "algorithm": "lambda", "container": "fit_archiving", "arguments": {"cross_method": "mean", "l": 25, "m": 25, "mr": 0.09, "cr": 0.8, "mutation_sigma": 2.0, "archiving_period": 5, "archive_batch": 1, "ng": 20}}