{"fitness": {"102": [[[500.0], [-0.03332831586400668, -0.008895107028052282]], [[500.0], [-0.03332831586400668, -0.008895107028052282]], [[500.0], [-0.03332831586400668, -0.008895107028052282]], [[500.0], [-0.03332831586400668, -0.008895107028052282]], [[500.0], [-0.03332831586400668, -0.008895107028052282]], [[500.0], [-0.03332831586400668, -0.008895107028052282]], [[500.0], [-0.03332831586400668, -0.008895107028052282]], [[500.0], [-0.03332831586400668, -0.008895107028052282]], [[41.166666666666664], [0.014564994101723036, -0.5078947786509135]], [[500.0], [-0.03332831586400668, -0.008895107028052282]], [[500.0], [-0.03332831586400668, -0.008895107028052282]], [[500.0], [-0.03332831586400668, -0.008895107028052282]], [[500.0], [-0.03332831586400668, -0.008895107028052282]], [[500.0], [-0.03332831586400668, -0.008895107028052282]], [[500.0], [-0.03332831586400668, -0.008895107028052282]], [[500.0], [-0.03332831586400668, -0.008895107028052282]], [[500.0], [-0.03332831586400668, -0.008895107028052282]], [[500.0], [-0.03332831586400668, -0.008895107028052282]], [[500.0], [-0.03332831586400668, -0.008895107028052282]], [[31.166666666666668], [0.029325007150570553, -0.5364719974367242]], [[500.0], [-0.03332831586400668, -0.008895107028052282]], [[500.0], [-0.03332831586400668, -0.008895107028052282]], [[500.0], [-0.03332831586400668, -0.008895107028052282]], [[154.16666666666666], [-0.10591045022010803, 0.5072741702412875]], [[500.0], [-0.03332831586400668, -0.008895107028052282]]], "103": [[[95.33333333333333], [0.13288980970780057, -0.5155549736684589]], [[500.0], [-0.03642803989350796, 0.008531987029863032]], [[500.0], [0.03996756548682849, -0.14947057126811816]], [[466.8333333333333], [-0.05454719066619873, -0.00825194579562502]], [[500.0], [0.03996756548682849, -0.14947057126811816]], [[466.8333333333333], [-0.05454719066619873, -0.00825194579562502]], [[500.0], [-0.007705564300219218, 0.02654268669240783]], [[500.0], [0.03996756548682849, -0.14947057126811816]], [[500.0], [-0.03642803989350796, 0.008531987029863032]], [[500.0], [-0.007705564300219218, 0.02654268669240783]], [[500.0], [0.03996756548682849, -0.14947057126811816]], [[500.0], [-0.007705564300219218, 0.02654268669240783]], [[500.0], [-0.007705564300219218, 0.02654268669240783]], [[500.0], [-0.03642803989350796, 0.008531987029863032]], [[500.0], [-0.007705564300219218, 0.02654268669240783]], [[500.0], [-0.007705564300219218, 0.02654268669240783]], [[466.8333333333333], [-0.05454719066619873, -0.00825194579562502]], [[500.0], [-0.03642803989350796, 0.008531987029863032]], [[9.166666666666666], [0.0339663897951444, -0.5452829328450289]], [[500.0], [-0.03642803989350796, 0.008531987029863032]], [[500.0], [-0.03642803989350796, 0.008531987029863032]], [[500.0], [0.03996756548682849, -0.14947057126811816]], [[466.8333333333333], [-0.05454719066619873, -0.00825194579562502]], [[500.0], [-0.007705564300219218, 0.02654268669240783]], [[500.0], [-0.03642803989350796, 0.008531987029863032]]], "101": [[[500.0], [-0.01664846825102965, -0.011396279077281793]], [[500.0], [-0.01664846825102965, -0.011396279077281793]], [[500.0], [-0.01664846825102965, -0.011396279077281793]], [[500.0], [-0.01664846825102965, -0.011396279077281793]], [[500.0], [-0.01664846825102965, -0.011396279077281793]], [[500.0], [-0.01664846825102965, -0.011396279077281793]], [[500.0], [-0.01664846825102965, -0.011396279077281793]], [[500.0], [-0.01664846825102965, -0.011396279077281793]], [[500.0], [-0.01664846825102965, -0.011396279077281793]], [[500.0], [-0.01664846825102965, -0.011396279077281793]], [[500.0], [-0.01664846825102965, -0.011396279077281793]], [[500.0], [-0.01664846825102965, -0.011396279077281793]], [[500.0], [-0.01664846825102965, -0.011396279077281793]], [[500.0], [-0.01664846825102965, -0.011396279077281793]], [[500.0], [-0.01664846825102965, -0.011396279077281793]], [[223.16666666666666], [0.2922789007425308, 0.5225430835377086]], [[223.16666666666666], [0.2922789007425308, 0.5225430835377086]], [[500.0], [-0.01664846825102965, -0.011396279077281793]], [[9.833333333333334], [0.033058884243170425, -0.542207375953072]], [[500.0], [-0.01664846825102965, -0.011396279077281793]], [[500.0], [-0.01664846825102965, -0.011396279077281793]], [[500.0], [-0.01664846825102965, -0.011396279077281793]], [[500.0], [-0.01664846825102965, -0.011396279077281793]], [[500.0], [-0.01664846825102965, -0.011396279077281793]], [[500.0], [-0.01664846825102965, -0.011396279077281793]]]}, "environment": "cartpole", "algorithm": "lambda", "container": "fit_archiving", "arguments": {"cross_method": "mean", "l": 25, "m": 20, "mr": 0.09, "cr": 1.0, "mutation_sigma": 2.0, "archiving_period": 5, "archive_batch": 1, "ng": 20}}