{"fitness": {"103": [[[435.6666666666667], [0.2738598734140396, 0.10458400481910797]], [[500.0], [-0.02887946553528309, 0.01580213891725506]], [[500.0], [-0.02887946553528309, 0.01580213891725506]], [[435.6666666666667], [0.2738598734140396, 0.10458400481910797]], [[154.0], [0.21923807760079703, 0.5258646878329191]], [[435.6666666666667], [0.2738598734140396, 0.10458400481910797]], [[500.0], [-0.012149373845507702, 0.0005832131206766484]], [[500.0], [-0.02887946553528309, 0.01580213891725506]], [[500.0], [-0.02887946553528309, 0.01580213891725506]], [[56.5], [0.017330083064734936, 0.5221729786202098]], [[399.8333333333333], [-0.009144086701174578, 0.0070643446377019565]], [[118.66666666666667], [-0.0774219756325086, -0.5159127797806663]], [[500.0], [-0.02887946553528309, 0.01580213891725506]], [[167.33333333333334], [0.17546438922484717, 0.5112168107306558]], [[67.83333333333333], [-0.03071257844567299, -0.517862229541158]], [[118.66666666666667], [-0.0774219756325086, -0.5159127797806663]], [[500.0], [-0.02887946553528309, 0.01580213891725506]], [[167.5], [-0.23515909910202026, 0.525426921661961]], [[107.83333333333333], [-0.05889824281136195, -0.5276675500938197]], [[435.6666666666667], [0.2738598734140396, 0.10458400481910797]]], "101": [[[500.0], [0.021231803111732006, -0.009911254039435297]], [[44.333333333333336], [-0.11818582812945048, 0.526553991308623]], [[346.8333333333333], [-0.5083233614762624, -0.35676905555588206]], [[114.16666666666667], [0.054883224268754326, -0.5021518782565468]], [[500.0], [0.021231803111732006, -0.009911254039435297]], [[500.0], [0.021231803111732006, -0.009911254039435297]], [[81.5], [0.10291630402207375, -0.5078754926982679]], [[9.166666666666666], [-0.03209785247842471, 0.6141351740896417]], [[346.8333333333333], [-0.5083233614762624, -0.35676905555588206]], [[500.0], [0.021231803111732006, -0.009911254039435297]], [[346.8333333333333], [-0.5083233614762624, -0.35676905555588206]], [[37.5], [0.014564994101723036, -0.5078947786509135]], [[500.0], [0.021231803111732006, -0.009911254039435297]], [[44.333333333333336], [-0.11818582812945048, 0.526553991308623]], [[500.0], [0.021231803111732006, -0.009911254039435297]], [[500.0], [0.021231803111732006, -0.009911254039435297]], [[133.0], [0.16613706946372986, -0.5011123618440765]], [[500.0], [0.021231803111732006, -0.009911254039435297]], [[346.8333333333333], [-0.5083233614762624, -0.35676905555588206]], [[115.16666666666667], [-0.07061049963037173, -0.5083753232750596]]], "102": [[[173.5], [0.18284512062867483, 0.5081170483639366]], [[228.33333333333334], [-0.04449938734372457, 0.5095202885746386]], [[75.5], [-0.04571215249598026, -0.5135155109127173]], [[173.5], [0.18284512062867483, 0.5081170483639366]], [[491.6666666666667], [0.030623640244205795, -0.08606376866119331]], [[59.5], [-0.021818784686426323, -0.5327112723195382]], [[500.0], [0.025724821413556736, 0.003305864553791627]], [[116.83333333333333], [-0.07259188840786616, -0.5065392364155162]], [[500.0], [0.025724821413556736, 0.003305864553791627]], [[228.33333333333334], [-0.04449938734372457, 0.5095202885746386]], [[500.0], [0.025724821413556736, 0.003305864553791627]], [[228.33333333333334], [-0.04449938734372457, 0.5095202885746386]], [[500.0], [0.025724821413556736, 0.003305864553791627]], [[500.0], [0.025724821413556736, 0.003305864553791627]], [[228.33333333333334], [-0.04449938734372457, 0.5095202885746386]], [[116.83333333333333], [-0.07259188840786616, -0.5065392364155162]], [[118.66666666666667], [-0.05993292356530826, -0.5262676252132398]], [[173.5], [0.18284512062867483, 0.5081170483639366]], [[491.6666666666667], [0.030623640244205795, -0.08606376866119331]], [[127.16666666666667], [-0.0747246357301871, -0.5038427679162276]]]}, "environment": "cartpole", "algorithm": "lambda", "container": "fit_archiving", "arguments": {"cross_method": "mean", "l": 20, "m": 30, "mr": 0.09, "cr": 1.0, "mutation_sigma": 2.0, "archiving_period": 5, "archive_batch": 1, "ng": 20}}