{"fitness": {"102": [[[90.5], [-0.12747816741466522, 0.5562634488041892]], [[500.0], [-0.03332831586400668, -0.008895107028052282]], [[94.33333333333333], [0.0669714684287707, 0.5150923246972299]], [[500.0], [0.0015511141585496566, -0.01520019817794339]], [[500.0], [0.0015511141585496566, -0.01520019817794339]], [[500.0], [-0.03332831586400668, -0.008895107028052282]], [[500.0], [-0.03332831586400668, -0.008895107028052282]], [[500.0], [-0.03332831586400668, -0.008895107028052282]], [[500.0], [-0.03332831586400668, -0.008895107028052282]], [[500.0], [-0.03332831586400668, -0.008895107028052282]], [[500.0], [-0.03332831586400668, -0.008895107028052282]], [[27.666666666666668], [0.022095711901783943, -0.5158935651254426]], [[500.0], [-0.03332831586400668, -0.008895107028052282]], [[500.0], [-0.03332831586400668, -0.008895107028052282]], [[500.0], [-0.03332831586400668, -0.008895107028052282]], [[90.5], [-0.12747816741466522, 0.5562634488041892]], [[500.0], [-0.03332831586400668, -0.008895107028052282]], [[500.0], [-0.03483617678284645, -0.01082675192843784]], [[500.0], [-0.03332831586400668, -0.008895107028052282]], [[500.0], [0.0015511141585496566, -0.01520019817794339]], [[500.0], [-0.03332831586400668, -0.008895107028052282]], [[500.0], [-0.03332831586400668, -0.008895107028052282]], [[500.0], [-0.03332831586400668, -0.008895107028052282]], [[500.0], [-0.03332831586400668, -0.008895107028052282]], [[500.0], [-0.03332831586400668, -0.008895107028052282]]], "101": [[[179.83333333333334], [-0.10140936200817427, 0.5055516245262475]], [[500.0], [-0.07281852886080742, 0.013499825961139213]], [[500.0], [-0.07281852886080742, 0.013499825961139213]], [[500.0], [-0.07281852886080742, 0.013499825961139213]], [[478.0], [-0.04095543796817462, 0.0037246642179751513]], [[500.0], [-0.07281852886080742, 0.013499825961139213]], [[500.0], [-0.07281852886080742, 0.013499825961139213]], [[478.0], [-0.04095543796817462, 0.0037246642179751513]], [[500.0], [-0.07281852886080742, 0.013499825961139213]], [[500.0], [-0.07281852886080742, 0.013499825961139213]], [[500.0], [-0.07281852886080742, 0.013499825961139213]], [[478.0], [-0.04095543796817462, 0.0037246642179751513]], [[478.0], [-0.04095543796817462, 0.0037246642179751513]], [[478.0], [-0.04095543796817462, 0.0037246642179751513]], [[478.0], [-0.04095543796817462, 0.0037246642179751513]], [[478.0], [-0.04095543796817462, 0.0037246642179751513]], [[478.0], [-0.04095543796817462, 0.0037246642179751513]], [[478.0], [-0.04095543796817462, 0.0037246642179751513]], [[478.0], [-0.04095543796817462, 0.0037246642179751513]], [[500.0], [-0.07281852886080742, 0.013499825961139213]], [[500.0], [-0.07281852886080742, 0.013499825961139213]], [[478.0], [-0.04095543796817462, 0.0037246642179751513]], [[478.0], [-0.04095543796817462, 0.0037246642179751513]], [[500.0], [-0.07281852886080742, 0.013499825961139213]], [[478.0], [-0.04095543796817462, 0.0037246642179751513]]], "103": [[[500.0], [-0.007630894736697277, 0.0076432852742917235]], [[500.0], [-0.007630894736697277, 0.0076432852742917235]], [[500.0], [-0.016659552541871868, -0.00859453492133954]], [[500.0], [-0.007630894736697277, 0.0076432852742917235]], [[406.0], [-0.012139384634792805, -0.0019561767836578157]], [[500.0], [-0.007630894736697277, 0.0076432852742917235]], [[406.0], [-0.012139384634792805, -0.0019561767836578157]], [[500.0], [-0.007630894736697277, 0.0076432852742917235]], [[9.166666666666666], [0.0339663897951444, -0.5452829328450289]], [[500.0], [-0.007630894736697277, 0.0076432852742917235]], [[500.0], [-0.007630894736697277, 0.0076432852742917235]], [[468.3333333333333], [0.034783401836951576, 0.012287891215898775]], [[468.3333333333333], [0.034783401836951576, 0.012287891215898775]], [[500.0], [-0.007630894736697277, 0.0076432852742917235]], [[373.1666666666667], [-0.004608816622445981, 0.009876172365754415]], [[500.0], [-0.016659552541871868, -0.00859453492133954]], [[500.0], [-0.016659552541871868, -0.00859453492133954]], [[500.0], [-0.007630894736697277, 0.0076432852742917235]], [[500.0], [-0.007630894736697277, 0.0076432852742917235]], [[201.33333333333334], [-0.11709226916233699, -0.519950744923222]], [[500.0], [-0.007630894736697277, 0.0076432852742917235]], [[125.0], [-0.0027691235300153494, -0.5266812215581466]], [[468.3333333333333], [0.034783401836951576, 0.012287891215898775]], [[500.0], [-0.007630894736697277, 0.0076432852742917235]], [[500.0], [-0.007630894736697277, 0.0076432852742917235]]]}, "environment": "cartpole", "algorithm": "lambda", "container": "fit_archiving", "arguments": {"cross_method": "mean", "l": 25, "m": 30, "mr": 0.09, "cr": 0.9, "mutation_sigma": 2.0, "archiving_period": 5, "archive_batch": 1, "ng": 20}}