{"fitness": {"103": [[[9.333333333333334], [-0.03209785247842471, 0.6141351740896417]], [[9.333333333333334], [-0.03209785247842471, 0.6141351740896417]], [[9.333333333333334], [-0.03209785247842471, 0.6141351740896417]], [[9.333333333333334], [-0.03209785247842471, 0.6141351740896417]], [[9.333333333333334], [-0.03209785247842471, 0.6141351740896417]], [[9.333333333333334], [-0.03209785247842471, 0.6141351740896417]], [[9.333333333333334], [-0.03209785247842471, 0.6141351740896417]], [[9.333333333333334], [-0.03209785247842471, 0.6141351740896417]], [[9.333333333333334], [-0.03209785247842471, 0.6141351740896417]], [[9.333333333333334], [-0.03209785247842471, 0.6141351740896417]], [[9.333333333333334], [-0.03209785247842471, 0.6141351740896417]], [[9.333333333333334], [-0.03209785247842471, 0.6141351740896417]], [[9.333333333333334], [-0.03209785247842471, 0.6141351740896417]], [[9.333333333333334], [-0.03209785247842471, 0.6141351740896417]], [[9.333333333333334], [-0.03209785247842471, 0.6141351740896417]], [[9.333333333333334], [-0.03209785247842471, 0.6141351740896417]], [[9.333333333333334], [-0.03209785247842471, 0.6141351740896417]], [[9.333333333333334], [-0.03209785247842471, 0.6141351740896417]], [[9.333333333333334], [-0.03209785247842471, 0.6141351740896417]], [[9.333333333333334], [-0.03209785247842471, 0.6141351740896417]]], "101": [[[336.1666666666667], [0.3819400320450465, -0.506996145944276]], [[336.1666666666667], [0.3819400320450465, -0.506996145944276]], [[336.1666666666667], [0.3819400320450465, -0.506996145944276]], [[336.1666666666667], [0.3819400320450465, -0.506996145944276]], [[336.1666666666667], [0.3819400320450465, -0.506996145944276]], [[336.1666666666667], [0.3819400320450465, -0.506996145944276]], [[336.1666666666667], [0.3819400320450465, -0.506996145944276]], [[336.1666666666667], [0.3819400320450465, -0.506996145944276]], [[336.1666666666667], [0.3819400320450465, -0.506996145944276]], [[336.1666666666667], [0.3819400320450465, -0.506996145944276]], [[336.1666666666667], [0.3819400320450465, -0.506996145944276]], [[336.1666666666667], [0.3819400320450465, -0.506996145944276]], [[336.1666666666667], [0.3819400320450465, -0.506996145944276]], [[336.1666666666667], [0.3819400320450465, -0.506996145944276]], [[336.1666666666667], [0.3819400320450465, -0.506996145944276]], [[336.1666666666667], [0.3819400320450465, -0.506996145944276]], [[336.1666666666667], [0.3819400320450465, -0.506996145944276]], [[336.1666666666667], [0.3819400320450465, -0.506996145944276]], [[336.1666666666667], [0.3819400320450465, -0.506996145944276]], [[336.1666666666667], [0.3819400320450465, -0.506996145944276]]], "102": [[[9.666666666666666], [0.0339663897951444, -0.5452829328450289]], [[9.666666666666666], [0.0339663897951444, -0.5452829328450289]], [[9.666666666666666], [0.0339663897951444, -0.5452829328450289]], [[9.666666666666666], [0.0339663897951444, -0.5452829328450289]], [[9.666666666666666], [0.0339663897951444, -0.5452829328450289]], [[9.666666666666666], [0.0339663897951444, -0.5452829328450289]], [[9.666666666666666], [0.0339663897951444, -0.5452829328450289]], [[9.666666666666666], [0.0339663897951444, -0.5452829328450289]], [[9.666666666666666], [0.0339663897951444, -0.5452829328450289]], [[9.666666666666666], [0.0339663897951444, -0.5452829328450289]], [[9.666666666666666], [0.0339663897951444, -0.5452829328450289]], [[9.666666666666666], [0.0339663897951444, -0.5452829328450289]], [[9.666666666666666], [0.0339663897951444, -0.5452829328450289]], [[9.666666666666666], [0.0339663897951444, -0.5452829328450289]], [[9.666666666666666], [0.0339663897951444, -0.5452829328450289]], [[9.666666666666666], [0.0339663897951444, -0.5452829328450289]], [[9.666666666666666], [0.0339663897951444, -0.5452829328450289]], [[9.666666666666666], [0.0339663897951444, -0.5452829328450289]], [[9.666666666666666], [0.0339663897951444, -0.5452829328450289]], [[9.666666666666666], [0.0339663897951444, -0.5452829328450289]]]}, "environment": "cartpole", "algorithm": "lambda", "container": "novelty", "arguments": {"cross_method": "uniform", "l": 20, "m": 20, "mr": 0.08, "cr": 0.3, "mutation_sigma": 0.5, "cross_uni": 0.30000000000000004, "ng": 20}}