{"fitness": {"103": [[[-145.35684190556196], [0.11956164836883545, -0.08011101358509683]], [[-145.35684190556196], [0.11956164836883545, -0.08011101358509683]], [[-565.8706884254415], [-0.40365872383117674, 0.02340190605833553]], [[-514.5197476332213], [0.09653247594833374, -0.07903450965524733]], [[-609.7726090913573], [-0.40105247497558594, 0.041841001521485545]], [[-545.7973716699305], [0.40084471702575686, 0.05021072074675677]], [[-232.4884146587261], [-0.058063280582427976, -0.11188852356800189]], [[-447.1933881724503], [0.26549477577209474, 0.12871978082383678]], [[-532.9281013446513], [-0.400068473815918, -0.07440255494032216]], [[-413.5290042064964], [0.09640796780586243, -0.10483053807289369]], [[-492.82130583152065], [0.12220001220703125, -0.09721919947769493]], [[-586.7588725179934], [-0.3321807861328125, 0.13905986165006956]], [[-523.2890085280029], [-0.2441880702972412, -0.06701073116798063]], [[-593.7888838659147], [-0.40803098678588867, 0.011440473729744553]], [[-545.7973716699305], [0.40084471702575686, 0.05021072074675677]], [[-347.78357848378596], [-0.033546409010887145, -0.11202119147138936]], [[-548.0457631578375], [0.400278377532959, 0.06678912040128025]], [[-181.21440715870003], [0.04769630432128906, -0.07804683235899351]], [[-123.92965045632899], [0.1160818099975586, -0.1265009198548659]], [[-563.7979908391047], [-0.05449779629707337, -0.09247426834220225]]], "101": [[[-313.04929770896024], [-0.401746940612793, 0.09897249484062193]], [[-141.33147144733246], [0.12600033283233641, -0.0773597292219981]], [[-600.1405094212073], [0.10199428796768188, -0.09200787673059561]], [[-563.7979908391047], [-0.05449779629707337, -0.09247426834220225]], [[-569.232089543891], [0.05243709683418274, -0.08474071082100272]], [[-477.5392996955843], [0.1014319658279419, -0.08429850759865667]], [[-583.4846706935775], [-0.14773252010345458, 0.12838006118933362]], [[-508.9389227781905], [0.07823944091796875, -0.1261607785858214]], [[-378.1636983357445], [-0.23599493503570557, -0.08705500805873373]], [[-258.76502629237376], [-0.12969748973846434, -0.11877828499056255]], [[-418.7657837510745], [0.2924558162689209, -0.06507353594516525]], [[-551.4761507164559], [-0.0009365081787109375, -0.10966800648641584]], [[-349.0742167077571], [-0.1045103669166565, -0.08941483892219725]], [[-129.4674292563653], [0.11604923009872437, -0.12648893729695734]], [[-451.73712473510454], [0.20360350608825684, -0.0703205666018893]], [[-361.7394680751945], [0.1935213804244995, -0.10690965486069519]], [[-425.71937740438403], [0.08418906927108764, -0.10666097645032206]], [[-563.7979908391047], [-0.05449779629707337, -0.09247426834220225]], [[-545.7973716699305], [0.40084471702575686, 0.05021072074675677]], [[-242.77684072783498], [0.1679294228553772, -0.10004769735611402]]], "102": [[[-371.3034713127115], [-0.12760555744171143, -0.07367842547097352]], [[-165.4971936272192], [-0.13421099185943602, -0.11048631392143393]], [[-621.2571586922501], [-0.1925697922706604, 0.16504673123359678]], [[-571.3889273823838], [0.08631969690322876, -0.10956844067887256]], [[-669.5742873910817], [-0.1779115915298462, -0.08010931000928392]], [[-182.6456698138088], [0.15213375091552733, -0.07931455365093103]], [[-545.7973716699305], [0.40084471702575686, 0.05021072074675677]], [[-533.4562774466768], [-0.21285881996154785, -0.10791356588785465]], [[-528.4870505738377], [-0.06958457827568054, -0.08883148047246671]], [[-323.32586187400346], [-0.3232439041137695, -0.061697998761322065]], [[-145.35684190556196], [0.11956164836883545, -0.08011101358509683]], [[-145.35684190556196], [0.11956164836883545, -0.08011101358509683]], [[-545.7973716699305], [0.40084471702575686, 0.05021072074675677]], [[-533.4562774466768], [-0.21285881996154785, -0.10791356588785465]], [[-489.41203369991695], [0.03642677366733551, -0.10413922282760261]], [[-475.0714557200884], [0.40454492568969724, 0.0852552696214884]], [[-595.5619769955415], [-0.40346875190734866, 0.04344210349732922]], [[-603.5834170922165], [-0.4036952018737793, 0.11570133152631444]], [[-525.576696436704], [0.40113229751586915, -0.07748930701636711]], [[-455.9118019207203], [0.12902065515518188, -0.09670458582014993]]]}, "environment": "lunarlander", "algorithm": "diff", "container": "novelty", "arguments": {"l": 20, "mr": 0.04999999999999999, "cr": 0.5, "ng": 20}}