{"fitness": {"102": [[[-367.3759576074333], [0.31885764598846433, -0.08448787421370163]], [[-434.88593028347196], [-0.19586467742919922, -0.06756781087886982]], [[-144.36277804012366], [0.11985183954238891, -0.08001859457074821]], [[-545.7973716699305], [0.40084471702575686, 0.05021072074675677]], [[-514.4524061552889], [-0.4045857429504395, 0.07287853540351183]], [[-204.63984828850155], [0.012357406318187714, -0.04208148280391468]], [[-163.98075211587147], [0.032319068908691406, -0.07849525384064272]], [[-188.5658922420512], [-0.12274723052978516, -0.10568783837752263]], [[-242.72513476498588], [-0.1502709746360779, -0.11843628150931858]], [[-562.5794562469697], [0.19831974506378175, -0.08078782232847383]], [[-126.44907824893592], [-0.06855030059814453, -0.08111220041815288]], [[-595.0763330070105], [0.10174739360809326, -0.09210655460420707]], [[-107.71757108657384], [-0.061399996280670166, -0.0786307283490896]], [[-261.75744851566714], [-0.21420304775238036, -0.07447797116204508]], [[-576.1560692071844], [0.286750864982605, -0.08966787755072339]], [[-546.2500960961897], [-0.03294429779052734, -0.08643425703048706]], [[-392.14153801414636], [-0.4102191925048828, 0.1062393919676542]], [[-623.2786469761904], [-0.4006228446960449, -0.0019454915764863094]], [[-561.2152887962116], [0.1935213804244995, -0.10690965486069519]], [[-145.35684190556196], [0.11956164836883545, -0.08011101358509683]], [[-579.5156621206968], [0.3094536542892456, -0.07646512159031546]], [[-562.3382309462252], [-0.05449779629707337, -0.09247426834220225]], [[-543.7835513864005], [0.2266016721725464, -0.07122471349677818]], [[-567.0192389445712], [-0.05649433135986328, -0.09272713730015847]], [[-367.7741617637044], [-0.25904393196105957, -0.07822878142886358]], [[-545.7973716699305], [0.40084471702575686, 0.05021072074675677]], [[-384.48919329993714], [-0.18591718673706054, -0.08954799530046009]], [[-545.7973716699305], [0.40084471702575686, 0.05021072074675677]], [[-389.7562077707212], [0.4084779262542725, 0.06004900456122729]], [[-522.1062561120199], [0.1748005270957947, -0.11315545970100473]]], "101": [[[-214.44358242423667], [0.05778194665908813, -0.07543355766046302]], [[-574.494500505477], [-0.4055302619934082, 0.05306241753939036]], [[-402.45400932941055], [-0.3010145902633667, -0.07642209408181652]], [[-582.2961450576065], [0.22981135845184325, -0.07853142272680998]], [[-648.0606536118725], [-0.4081589698791504, 0.09807279764654789]], [[-222.08820661806735], [0.1662008285522461, -0.07965684284766518]], [[-616.2822550158749], [-0.25434350967407227, -0.0721486984967039]], [[-200.6700573914491], [0.015591201186180115, 0.012253041503718122]], [[-146.63733699754383], [0.11897884607315064, -0.07943652498644667]], [[-545.7973716699305], [0.40084471702575686, 0.05021072074675677]], [[-421.9693216701891], [-0.2825003623962402, -0.015522486091746637]], [[-592.4968316746496], [0.10199428796768188, -0.09200787673059561]], [[-563.7979908391047], [-0.05449779629707337, -0.09247426834220225]], [[-350.6209497209929], [-0.134307861328125, -0.07367353246446294]], [[-530.8794220932942], [-0.26906628608703614, 0.09005862808999768]], [[-563.7979908391047], [-0.05449779629707337, -0.09247426834220225]], [[-516.4098642643274], [-0.11110436916351318, -0.09296246249307419]], [[-439.1341535796541], [-0.07328479886054992, -0.10412982006920345]], [[-494.3604398870222], [0.2642880201339722, -0.06517902468581512]], [[-450.8403850803372], [-0.04325817227363586, -0.09156798908716421]], [[-533.4562774466768], [-0.21285881996154785, -0.10791356588785465]], [[-188.3153500415008], [-0.20465457439422607, -0.06926890418043032]], [[-520.6398764405512], [-0.2788829803466797, -0.08483765794859306]], [[-651.4528955648768], [-0.0005834960844367743, -0.08034008416948439]], [[-215.90762884916418], [0.16098315715789796, -0.11358641713325468]], [[-613.7476600821427], [-0.05000240206718445, -0.07649485247478967]], [[-573.9298169917176], [0.1486764907836914, -0.09079087135861773]], [[-464.8700066358926], [-0.15343904495239258, -0.09472688284721735]], [[-549.675982447471], [0.4041003227233887, 0.08573483490549468]], [[-563.7979908391047], [-0.05449779629707337, -0.09247426834220225]]], "103": [[[-145.4463590561106], [0.11957412958145142, -0.0801065859663022]], [[-521.9269261899976], [0.08330520391464233, -0.11647464742905868]], [[-383.1551755188318], [-0.10873157978057861, -0.1224590171058223]], [[-140.99994738296672], [-0.1325209379196167, -0.029710214646765973]], [[-505.7044795147426], [-0.3792738914489746, 0.07117958672480504]], [[-289.2616955619142], [-0.05483348965644837, -0.11678835926232513]], [[-345.36650330404564], [0.4046389102935791, 0.0062414897655029425]], [[-600.1405094212073], [0.10199428796768188, -0.09200787673059561]], [[-576.7316686453886], [0.10418685674667358, -0.08944368566552252]], [[-575.3391708711731], [-0.011974640190601349, -0.11238702951094838]], [[-545.7973716699305], [0.40084471702575686, 0.05021072074675677]], [[-538.897459828199], [0.21988048553466796, -0.08164279107146372]], [[-325.7967895075173], [0.20915255546569825, -0.08966263018157936]], [[-309.07277407231203], [-0.21555018424987793, -0.09352268288892347]], [[-533.4562774466768], [-0.212858247756958, -0.10791281956319626]], [[-270.4187390630162], [0.19032580852508546, -0.08951643889009116]], [[-483.9623797417521], [-0.211983060836792, -0.06371074071686182]], [[-557.1545579440228], [0.08634998202323914, -0.10962636742675516]], [[-608.2455563245505], [0.13635051250457764, 0.07323368634943715]], [[-598.9801781314737], [0.10199428796768188, -0.09200787673059561]], [[-421.1605141298726], [-0.026036947965621948, -0.09831413752399384]], [[-369.55691286062233], [0.1308346152305603, -0.07645159253334424]], [[-254.23121278121016], [0.2035977840423584, -0.09329140280683834]], [[-140.36468775616336], [0.05858821868896484, -0.11200797674911366]], [[-392.14153801414636], [-0.4102191925048828, 0.1062393919676542]], [[-499.899801826378], [-0.26940035820007324, -0.07912379339427116]], [[-240.7306560511411], [-0.046549224853515626, -0.12070468416753805]], [[-594.6960092893173], [0.22086913585662843, -0.0821736183935119]], [[-136.7701834813661], [0.1241723656654358, -0.07825328808946488]], [[-598.4183303189676], [0.10038044452667236, -0.09369363189166915]]]}, "environment": "lunarlander", "algorithm": "diff", "container": "novelty", "arguments": {"l": 30, "mr": 0.04999999999999999, "cr": 0.4, "ng": 20}}