{"fitness": {"103": [[[-593.2063762483061], [-0.40540566444396975, -0.004968924977774656]], [[-280.1767190914759], [0.1330278754234314, -0.09016187622037251]], [[-174.42256026868984], [-0.05459545254707336, -0.09304117721815902]], [[-230.15137954117014], [0.10535598993301391, -0.07571023399997058]], [[-740.0897768192073], [0.40571985244750974, 0.06266520680483738]], [[-143.22925202391116], [-0.12082074880599976, -0.09084978132706249]], [[-543.233412380249], [-0.011974640190601349, -0.11238702951094838]], [[-291.04771405469984], [0.11531169414520263, -0.08969019907324212]], [[-146.06495722509837], [0.11089832782745361, -0.08046623566784919]], [[-528.1821248114418], [0.019522209465503693, -0.11772781970365995]], [[-280.74215813838936], [0.1094818115234375, -0.11192789560761945]], [[-490.9781059880285], [0.09758472442626953, -0.05512706718172681]], [[-163.81394930034244], [0.06799865961074829, -0.07921670354786327]], [[-605.1395203260857], [0.16028110980987548, -0.12935890454166343]], [[-312.0063053395481], [-0.08179763555526734, -0.08322456117266004]], [[-239.2635502970421], [-0.10827264785766602, -0.1050770032356997]], [[-244.35220957985356], [0.18197520971298217, -0.07480439519171009]], [[-464.4396608877086], [-0.07895885705947876, -0.08000122884029076]], [[-394.65058174013], [-0.3246308326721191, -0.07730317553198947]], [[-587.4432991109794], [-0.14773252010345458, 0.12838006118933362]], [[-422.53511268536823], [0.02529289126396179, -0.08966573997859381]], [[-253.79422584658585], [-0.12933702468872071, -0.0970777004417302]], [[-545.7973716699305], [0.40084471702575686, 0.05021072074675677]], [[-428.1937478904295], [0.2597139835357666, -0.08707932311325117]], [[-668.6813725801438], [0.4047642707824707, 0.010414564153955632]], [[-306.3697615251745], [-0.04230106472969055, -0.08011070884979116]], [[-245.02884308744626], [-0.27700629234313967, -0.07584876809879659]], [[-358.1185139317351], [-0.4000654697418213, 0.08790985282877803]], [[-115.2504492834711], [-0.1759621024131775, -0.11628838731297131]], [[-136.05661760428364], [-0.23536911010742187, -0.08498012472746744]]], "101": [[[-158.55934885907746], [-0.09520931243896484, -0.09481619730480571]], [[-129.48214060576808], [-0.2177417516708374, -0.07718001863194836]], [[-245.02376451987837], [0.14450676441192628, -0.07616156770839423]], [[-382.3322474082076], [0.40795049667358396, -0.0541577522347613]], [[-522.1268809980015], [-0.10993297100067138, -0.08148214051465469]], [[-533.4562774466768], [-0.21285881996154785, -0.10791356588785465]], [[-572.5482500442811], [0.4043742179870605, 0.043737635035969065]], [[-425.15331666898993], [0.11918529272079467, -0.09323965982019679]], [[-320.86456843482637], [0.15297924280166625, -0.07756384745748204]], [[-310.59718894523616], [0.006490669399499893, -0.10608436631954324]], [[-507.48291555745436], [0.011968231201171875, -0.08683699786197392]], [[-582.4213733798573], [-0.0869791030883789, -0.10595166207901362]], [[-153.10824897084194], [0.12212272882461547, -0.07817477063815062]], [[-173.13279860643047], [-0.0601806640625, -0.09184044266416544]], [[-308.72790465314597], [-0.21141366958618163, -0.09349883823006444]], [[-357.6712027359651], [-0.09443734884262085, -0.08952264806755103]], [[-545.7973716699305], [0.40084471702575686, 0.05021072074675677]], [[-212.94219405279978], [0.06235828399658203, -0.08443070655688643]], [[-362.8831301006032], [0.16677337884902954, -0.10794228964437874]], [[-599.5162202986667], [0.10199428796768188, -0.09200787673059561]], [[-446.376486240525], [-0.22018589973449706, -0.0974088925802917]], [[-155.74894619515473], [0.1297937035560608, -0.07540350891200895]], [[-189.98400078577598], [-0.40218963623046877, -0.00032508891796683846]], [[-531.829459385891], [-0.4035783767700195, -0.010604146385396068]], [[-442.5393249476734], [-0.2579269647598267, -0.09491048298203028]], [[-265.53174245438305], [-0.13519794940948487, -0.10997517245083023]], [[-474.146713263319], [-0.17960197925567628, -0.07008549071025919]], [[-474.7584007100642], [-0.06149715185165405, -0.10741435313808922]], [[-120.36659055892248], [-0.02835426330566406, -0.08610719417726312]], [[-343.32529673070366], [-0.1289222478866577, -0.08413817415406045]]], "102": [[[-377.31689735852905], [0.4064138889312744, 0.13653358865757376]], [[-455.0139980012901], [0.2690908908843994, -0.08681377669621723]], [[-363.3217772623018], [-0.4049230098724365, -0.04739330680478208]], [[-336.7385138040189], [-0.1086501121520996, -0.12245353041392451]], [[-438.6381738144252], [0.08286064267158508, -0.060334324261528384]], [[-142.39509074786494], [-0.08979066610336303, -0.10987423488806033]], [[-496.1092823232425], [-0.4051309108734131, 0.09630733038849976]], [[-545.7973716699305], [0.40084471702575686, 0.05021072074675677]], [[-431.8657086834762], [-0.2787459373474121, 0.05520265755689859]], [[-104.61348618050727], [0.03663978576660156, -0.050152625891932985]], [[-266.75763382632994], [0.053079909086227416, -0.10037343487853094]], [[-186.35725099981565], [-0.1047133207321167, -0.10674990801537623]], [[-169.6378789800049], [0.03600414395332337, -0.07473657715459724]], [[-651.7670385558722], [0.4028489112854004, 0.15038555345752022]], [[-113.86171114882775], [-0.09297359585762024, -0.09565717654697825]], [[-540.3589510309329], [0.40776686668395995, -0.028945080974621572]], [[-641.8755102218796], [0.4026358604431152, 0.12217375171184539]], [[-600.1405094212073], [0.10199428796768188, -0.09200787673059561]], [[-578.2074463431146], [0.4048604011535645, 0.008389989144156321]], [[-126.05214836646515], [0.11749576330184937, -0.08684583752377266]], [[-406.47008270943365], [-0.17181333303451538, -0.06324596803169698]], [[-143.07290506065465], [0.18622089624404908, -0.09506005906108499]], [[-512.649723791431], [-0.09279136657714844, -0.09053047588297529]], [[-167.57638485584437], [-0.009588547050952911, -0.017421169935259974]], [[-660.9848475913572], [-0.403595495223999, 0.0703283590497449]], [[-87.11083946407507], [-0.404053783416748, -0.021147462276955298]], [[-355.8904152843247], [-0.24261722564697266, -0.0372368806047598]], [[-552.0689311555408], [-0.12150923013687134, -0.09341111119655482]], [[-570.7648178872038], [-0.028882139921188356, -0.07571004561392501]], [[-145.94747451173126], [0.11934188604354859, -0.07939736276090918]]]}, "environment": "lunarlander", "algorithm": "diff", "container": "novelty", "arguments": {"l": 30, "mr": 0.15, "cr": 0.6, "ng": 20}}