{"fitness": {"101": [[[-197.72315756744084], [0.12176952362060547, 0.1504001096636057]], [[-181.73603653737996], [-0.08808408975601197, -0.08323546028450916]], [[-509.4894372625083], [-0.18227628469467164, -0.1141725328225981]], [[-409.6624049251504], [-0.05296424627304077, -0.07836549899875536]], [[-598.9801781314737], [0.10199428796768188, -0.09200787673059561]], [[-494.40394914851066], [-0.034778937697410583, -0.09266521745542093]], [[-448.6006025594061], [-0.06465080380439758, -0.1120076951489114]], [[-466.686707940838], [0.23953602313995362, -0.07077300873895485]], [[-542.8134100296298], [0.08634998202323914, -0.10962636742675516]], [[-189.92247921653166], [-0.09028574228286743, -0.12079167595276465]], [[-674.8315743003772], [0.4021930694580078, -0.028264890392185063]], [[-345.41491942792527], [-0.12087981700897217, -0.11485642455518245]], [[-563.7979908391047], [-0.05449779629707337, -0.09247426834220225]], [[-423.09520895946065], [-0.30147178173065187, -0.07863255336685757]], [[-278.4103069763183], [0.14917476177215577, -0.09379912603533627]], [[-411.3322668400936], [0.4013071537017822, 0.05331019367490495]], [[-196.57734435664352], [0.05338413119316101, -0.0830950365498565]], [[-408.4532775664281], [-0.40991888046264646, -0.08932170252068132]], [[-571.4874663479525], [0.40404229164123534, 0.08730811047844769]], [[-393.26899131100294], [-0.06820350885391235, -0.10274614641656642]], [[-363.7360218587544], [-0.22959542274475098, -0.09633844139715356]], [[-415.2643913877175], [-0.4058572769165039, 0.06852372576391734]], [[-522.2395905018294], [0.4061892509460449, -0.05354778444230118]], [[-205.87067422433938], [-0.14667985439300538, -0.07794488655348474]], [[-631.9975513551816], [0.29245331287384035, -0.08056371777007976]], [[-367.53984374404223], [-0.17960197925567628, -0.07008549071025919]], [[-338.26717207043697], [0.18188602924346925, -0.019260737276539056]], [[-136.49178965213875], [0.11867072582244872, -0.07819099398571756]], [[-545.7973716699305], [0.40084471702575686, 0.05021072074675677]], [[-238.68947185769238], [-0.040533599257469174, -0.08771964624001963]]], "103": [[[-350.0757393989457], [0.18490676879882811, -0.0928912981441527]], [[-351.3871911025936], [0.03307785093784332, -0.08124007524487067]], [[-549.3417202240621], [-0.06183322668075562, -0.09140701021499716]], [[-159.1348076128374], [-0.05677837133407593, -0.0928870424574268]], [[-158.3443987228907], [0.16640083789825438, -0.09309046117193773]], [[-525.0894411224406], [-0.40319156646728516, 0.10169008122277011]], [[-343.2070844601542], [0.15080020427703858, -0.0761511648438467]], [[-61.04169405867904], [0.18895171880722045, -0.07988429277164222]], [[-136.84025523923825], [0.18947032690048218, -0.10095228131801363]], [[-220.14396356892732], [0.05973888635635376, -0.0868154835848448]], [[-545.7973716699305], [0.40084471702575686, 0.05021072074675677]], [[-396.42788067465113], [-0.244284987449646, 0.06903117261982211]], [[-561.7858079939238], [-0.4029952049255371, 0.03263051274928961]], [[-563.7979908391047], [-0.05449779629707337, -0.09247426834220225]], [[-314.7630144574677], [0.03782619535923004, -0.07433265613200253]], [[-295.61128860082226], [-0.2679221391677856, -0.06753523535605703]], [[-653.8339009263781], [-0.3684171199798584, -0.056547504843280576]], [[-120.35632971791601], [-0.12979990243911743, -0.07356884830329695]], [[-176.24155235517506], [-0.10413968563079834, -0.09722916505327732]], [[-302.8208899845397], [0.11919883489608765, -0.07783451925086625]], [[-548.7588396686697], [-0.40243945121765134, 0.14412196582677414]], [[-578.0074395477892], [0.08634998202323914, -0.10962636742675516]], [[-339.18117705682977], [-0.039137229323387146, -0.07963589838104723]], [[-347.03328984014735], [0.07585659027099609, -0.07347376149624497]], [[-481.205308356314], [0.0059033967554569244, -0.08439448708916704]], [[-548.3000814158769], [0.07961147427558898, -0.09613151534488709]], [[-154.9435332588017], [-0.12188564538955689, -0.0967585315867778]], [[-494.7214694567661], [-0.3760671138763428, 0.16672273988525063]], [[-133.10406241732485], [0.18490676879882811, -0.0928912981441527]], [[-546.2074414244598], [-0.4024010181427002, 0.13497591937004125]]], "102": [[[-561.1847526627263], [-0.1454618215560913, -0.08274856280155579]], [[-175.3151212744251], [0.01878349334001541, -0.09679663882125168]], [[-365.77850105175645], [-0.2423844575881958, 0.004860731056057068]], [[-573.997452191445], [0.41047096252441406, -0.03854943434840685]], [[-483.26812820518086], [-0.10483977794647217, -0.11929362537684261]], [[-535.056119686884], [-0.10148566961288452, -0.12275594868339025]], [[-318.7452186025702], [0.1455828070640564, -0.09000526911446029]], [[-545.7973716699305], [0.40084471702575686, 0.05021072074675677]], [[-692.4570395926374], [0.05513866543769837, 0.04582773960816363]], [[-482.01721850297287], [-0.0985202968120575, -0.1230077474163129]], [[-146.90300669072937], [0.11901957988739013, -0.07925131266767328]], [[-666.3967245953808], [-0.13790886402130126, -0.07850035025989024]], [[-634.7003676717715], [-0.4003570556640625, -0.0752965166985118]], [[-538.8058663518435], [-0.4061687469482422, 0.08817239390178161]], [[-472.1340849950052], [0.29218971729278564, 0.0246326978415406]], [[-384.6005188284191], [-0.0627890408039093, -0.07351036923006178]], [[-538.0060115532938], [-0.1621556282043457, 0.08555951518452883]], [[-416.1081672330426], [0.2874844312667847, 0.15709967985749243]], [[-123.93620859307346], [0.1510756254196167, -0.10307678150073174]], [[-289.4678151036877], [-0.20458333492279052, -0.09356450101555283]], [[-533.3225568388724], [0.08632751703262329, -0.10960221915391456]], [[-398.5850269832792], [0.1836991548538208, 0.041622996337440175]], [[-217.95809578439514], [0.40522398948669436, 0.0604813734535128]], [[-447.6207295521588], [0.18161075115203856, -0.08557798823749183]], [[-391.0668809168565], [0.16882545948028566, -0.10168432133239612]], [[-545.7973716699305], [0.40084471702575686, 0.05021072074675677]], [[-233.71262814692986], [0.14877574443817138, -0.0741857328734477]], [[-223.3010755969409], [0.2150883197784424, -0.07265026505655522]], [[-147.01458364845075], [0.11858726739883423, -0.0718749319724295]], [[-559.7470539491784], [-0.07092914581298829, -0.08885267659772556]]]}, "environment": "lunarlander", "algorithm": "diff", "container": "novelty", "arguments": {"l": 30, "mr": 0.25, "cr": 0.5, "ng": 20}}