{"fitness": {"103": [[[-143.65168842403648], [0.11764991283416748, -0.07983771746421789]], [[-494.59073289907104], [0.08173969388008118, -0.11354549479271685]], [[-491.9431620137463], [0.16677337884902954, -0.10794228964437874]], [[-42.504874464458275], [-0.06442634463310241, -0.05235865122347604]], [[-545.1564875870287], [0.40084471702575686, 0.05021072074675677]], [[-408.1845965203045], [-0.04422653317451477, -0.08552503736337293]], [[-207.30068277518535], [0.19733054637908937, 0.037773060950373014]], [[-600.1405094212073], [0.10199428796768188, -0.09200787673059561]], [[-638.2165182299516], [-0.02056419402360916, -0.040802060442122944]], [[-590.0775721868935], [0.10023326873779297, -0.09361767380949898]], [[-539.1116318457658], [0.4084779262542725, 0.06004900456122729]], [[-558.4231948111438], [0.23320860862731935, -0.05027168047721109]], [[-505.278911373104], [-0.11793047189712524, -0.11733702767979014]], [[-114.23598086093882], [0.07478317022323608, -0.10502672615598461]], [[-360.3537780814872], [0.13455040454864503, -0.12130874878168108]], [[-275.28738208647263], [0.2612447261810303, -0.06646679414917232]], [[-474.9536942849373], [-0.40865578651428225, -0.008237980108618016]], [[-710.718841910421], [-0.2607124328613281, -0.052808049647913635]], [[-509.0742257992486], [0.03325996398925781, -0.08515654271342664]], [[-595.9513405224731], [0.10174739360809326, -0.09210655460420707]], [[-469.95775589463227], [-0.41407132148742676, -0.06136079781417605]], [[-481.88492885395993], [0.31904594898223876, -0.0960297556699564]], [[-483.48291705632454], [0.3510734558105469, -0.07583284737318284]], [[-238.6677278371241], [0.14753032922744752, -0.06884572209697216]], [[-390.46421315036423], [0.09845420718193054, -0.08264232180515928]], [[-592.2665925192706], [-0.28136184215545657, -0.06570366525974794]], [[-517.1976244376798], [-0.06404655575752258, -0.07622110375042945]], [[-582.2961450576065], [0.22981135845184325, -0.07853142272680998]], [[-144.7921634218258], [0.11985183954238891, -0.08001859457074821]], [[-563.9186406981918], [-0.012599334120750427, -0.11217427777224465]]], "101": [[[-232.71916872628708], [0.17340519428253173, -0.11415204012169028]], [[-545.7973716699305], [0.40084471702575686, 0.05021072074675677]], [[-526.1664919611364], [-0.3193596601486206, -0.11051651782566502]], [[-561.9413510716018], [0.40679144859313965, 0.11249612233218025]], [[-544.0774527791879], [0.40084471702575686, 0.05021072074675677]], [[-459.57043805257234], [0.402984094619751, 0.013393371708124225]], [[-547.7452986253024], [-0.07921485900878907, -0.09035325924784916]], [[-267.13943826524286], [-0.40198116302490233, 0.048483432638703985]], [[-145.66534091409835], [0.11971232891082764, -0.08007522842713764]], [[-545.7973716699305], [0.40084471702575686, 0.05021072074675677]], [[-509.3469904966764], [-0.4099773406982422, -0.015530161145798046]], [[-647.0160060166494], [-0.24261012077331542, -0.07809779367683566]], [[-396.68888910707733], [-0.11751102209091187, -0.12216423011198638]], [[-165.37576786605533], [0.051003456115722656, -0.08899022162203794]], [[-346.60428028083174], [0.1954869508743286, -0.0787290734845432]], [[-477.98715826683406], [-0.1306602716445923, -0.12043685537797431]], [[-491.0689622870056], [-0.024936676025390625, -0.07195370510283312]], [[-593.7474184983259], [-0.3254420280456543, -0.10684717747828235]], [[-545.7973716699305], [0.40084471702575686, 0.05021072074675677]], [[-286.26148513255066], [0.01248043030500412, -0.06938429488820087]], [[-612.1785428327842], [0.054936790466308595, -0.09913516394444742]], [[-231.41600866961718], [-0.08835868835449219, -0.11266312917211538]], [[-687.5261719957425], [-0.05890728235244751, -0.06086220558910143]], [[-569.11314779674], [0.015512390434741974, -0.08789920804779719]], [[-219.79718433517164], [-0.4019594192504883, -0.0071462598528612125]], [[-395.37577030614176], [-0.18291181325912476, -0.08983572472163753]], [[-523.2529681114514], [0.21885523796081544, -0.08740004745592907]], [[-469.29339729341433], [-0.01794513761997223, -0.12211455112466443]], [[-278.0490713231944], [-0.21420304775238036, -0.07447797116204508]], [[-409.63012754056626], [0.012206421047449113, -0.08103533957830883]]], "102": [[[-351.6032896011972], [0.08895614743232727, -0.08976499012846881]], [[-508.45644632686907], [-0.06205902099609375, -0.12298769311106299]], [[-158.73737578022974], [0.0686474621295929, -0.11208953218800681]], [[-784.2340616384198], [0.30425612926483153, -0.05977967652014679]], [[-501.42833266384383], [0.07004882693290711, -0.01884459889396869]], [[-281.8996308599498], [0.4078324317932129, -0.037198635066548975]], [[-224.60161094509422], [-0.4000349998474121, -0.04988966548999587]], [[-157.1592009404545], [-0.056359213590621945, -0.09291667581360409]], [[-441.3277581106916], [0.06043819189071655, -0.11649174869060515]], [[-557.3227099759323], [0.40830316543579104, 0.11135717602663257]], [[-95.07326952542184], [-0.3706399440765381, -0.04264082940916224]], [[-599.7042519855181], [0.10174739360809326, -0.09210655460420707]], [[-150.89134784538118], [-0.07079898715019226, -0.07216388997407738]], [[-252.10249819247713], [-0.21420304775238036, -0.07447797116204508]], [[-401.4393494273673], [-0.270048189163208, -0.05021993384017782]], [[-383.40545005354994], [0.06393020749092101, -0.06843320146182796]], [[-361.8622987183603], [0.015688475966453553, -0.09633559232246348]], [[-594.4718099695334], [-0.30617547035217285, -0.11323043434392838]], [[-563.7979908391047], [-0.05449779629707337, -0.09247426834220225]], [[-145.35684190556196], [0.11972877979278565, -0.08007436926875795]], [[-602.9631676382792], [0.1821645736694336, -0.11398841935699269]], [[-533.4562774466768], [-0.21285881996154785, -0.10791356588785465]], [[-542.9784439510848], [0.18359153270721434, -0.07553780428133904]], [[-439.5879457668468], [-0.07571678161621094, -0.10675418404219998]], [[-598.9801781314737], [0.10199428796768188, -0.09200787673059561]], [[-348.1699318452977], [-0.244284987449646, 0.06903117261982211]], [[-563.7979908391047], [-0.05449779629707337, -0.09247426834220225]], [[-545.7973716699305], [0.40084471702575686, 0.05021072074675677]], [[-521.6581482393806], [0.4043742179870605, 0.043737635035969065]], [[-542.1892234709985], [0.10277744531631469, -0.11485896142465726]]]}, "environment": "lunarlander", "algorithm": "diff", "container": "novelty", "arguments": {"l": 30, "mr": 0.15, "cr": 0.4, "ng": 20}}