{"fitness": {"103": [[[-680.0483251601269], [-0.40318684577941893, 0.0818980500102043]], [[-543.1515302589668], [-0.29124495983123777, 0.10047937622914713]], [[-117.57331606885744], [0.009216346591711045, -0.09786336843192714]], [[-145.35684190556196], [0.11956164836883545, -0.08011101358509683]], [[-196.44122329242427], [-0.16792014837265015, -0.09961430137119597]], [[-545.7973716699305], [0.40084471702575686, 0.05021072074675677]], [[-186.63592494789756], [-0.02031925171613693, -0.11686089993626983]], [[-658.6313891917866], [-0.341914963722229, -0.07470918394031067]], [[-496.4015660785137], [0.3699952602386475, 0.06363840873663626]], [[-563.7979908391047], [-0.05449779629707337, -0.09247426834220225]], [[-428.5768594594097], [0.19292656183242798, -0.08412183299781635]], [[-537.2024012529159], [0.1591273069381714, -0.10539633297714696]], [[-563.7979908391047], [-0.05449779629707337, -0.09247426834220225]], [[-658.5738354410843], [0.013275909423828124, -0.07016108581178893]], [[-542.1551863832043], [0.4053227424621582, 0.04867941915225028]], [[-198.7746599765627], [-0.19911861419677734, -0.07272873718785576]], [[-180.6420335107919], [-0.09009771347045899, -0.07447387344029968]], [[-353.1846651698097], [-0.33198325634002684, -0.06904958641596347]], [[-463.06637377838666], [0.14643768072128296, -0.1119618634543111]], [[-586.6031654800056], [-0.015284423530101777, 0.03156413131277077]], [[-134.80076015838839], [-0.08898240923881531, -0.034373243413865565]], [[-544.6206678678636], [-0.014188270270824432, -0.0749077853159092]], [[-416.7115778231694], [0.2282257556915283, -0.08735526483015793]], [[-602.4178636419947], [0.4029684543609619, -0.0711396386427149]], [[-552.33203844433], [-0.40730738639831543, 0.06725702091398372]], [[-563.7979908391047], [-0.05449779629707337, -0.09247426834220225]], [[-237.529063379289], [-0.18628619909286498, -0.10004959169154365]], [[-533.4562774466768], [-0.21285881996154785, -0.10791356588785465]], [[-600.2947602932487], [0.10199428796768188, -0.09200787673059561]], [[-129.79275171746673], [-0.03513832092285156, -0.08738185508991594]]], "102": [[[-348.11125844968205], [0.035528793931007385, -0.1034578595554731]], [[-380.49771998053467], [-0.08619710803031921, -0.08415338094920327]], [[-563.7979908391047], [-0.05449779629707337, -0.09247426834220225]], [[-480.4555370418122], [-0.24604923725128175, -0.09092327899184743]], [[-240.3843191171408], [0.40433416366577146, 0.12248865473214711]], [[-503.905827172069], [-0.16052119731903075, -0.10996018986580736]], [[-522.0569260055394], [-0.04323173463344574, -0.07585985757388088]], [[-237.85204160533735], [0.0850442886352539, -0.10988931427044524]], [[-501.81241206694966], [-0.11802682876586915, -0.09156916659558194]], [[-568.6697790502471], [-0.09992544054985046, -0.07359256108784179]], [[-145.35684190556196], [0.11956164836883545, -0.08011101358509683]], [[-482.26081563448315], [0.22007966041564941, -0.081833714137894]], [[-175.21028025659393], [0.11545101404190064, -0.06424645148586516]], [[-514.3570599202773], [-0.2521548271179199, 0.08420956067876735]], [[-316.85067904239946], [0.0686474621295929, -0.11208953218800681]], [[-422.1159482471608], [-0.19135141372680664, -0.0656427637106276]], [[-522.7531567661904], [-0.40027647018432616, 0.06666226528192822]], [[-497.3980784869673], [-0.19036306142807008, -0.11164076924324036]], [[-486.1221873298659], [0.16563819646835326, -0.12348985585073631]], [[-288.7273214489151], [-0.05147628784179688, -0.0858645692340111]], [[-310.3566044627135], [0.4044752597808838, -0.014284326501943376]], [[-512.2629237804623], [-0.40286717414855955, 0.06411677262163723]], [[-532.343262261842], [-0.0915550410747528, -0.09703080541075904]], [[-591.0357719080306], [-0.20804252624511718, -0.11004773161628031]], [[-224.70173847788723], [0.28094680309295655, -0.0805095650091931]], [[-533.4562774466768], [-0.2126924991607666, -0.10791252538561821]], [[-303.4888562351116], [-0.09733207821846009, -0.07282301756518561]], [[-300.75677277700777], [-0.2032973051071167, -0.09398875947096455]], [[-356.55758663915793], [-0.15627247095108032, -0.1027008867439102]], [[-550.3080021479745], [-0.00914764404296875, -0.09132462455569286]]], "101": [[[-275.90822500191007], [0.15543887615203858, -0.11531798912720248]], [[-600.2947602932487], [0.10199428796768188, -0.09200787673059561]], [[-178.584314313448], [0.1183740258216858, -0.07994569257752578]], [[-151.89825099935504], [0.11042190790176391, -0.06903618952980445]], [[-545.7973716699305], [0.40084471702575686, 0.05021072074675677]], [[-334.0712246393173], [-0.14773185253143312, -0.11144509007365018]], [[-610.8033538285737], [-0.40197048187255857, 0.07761563059077205]], [[-580.2540099382576], [-0.16508140563964843, -0.08475661996519193]], [[-133.72424522483922], [0.15253311395645142, -0.07085878444068573]], [[-124.24791607430528], [-0.17488012313842774, -0.024750221092253912]], [[-575.8272150441984], [-0.4114424228668213, 0.0013754878518825724]], [[-231.92415583065124], [0.01392795592546463, -0.01753874830591182]], [[-250.85494746443268], [0.0838837444782257, -0.08037210199146125]], [[-445.4865594550434], [0.16691906452178956, -0.07486802221043036]], [[-464.08761267232256], [0.40997934341430664, -0.008804347939523205]], [[-377.69940557609374], [-0.03287540376186371, -0.08415986915156061]], [[-294.59485367095857], [-0.08664478063583374, -0.11917182500832357]], [[-563.7979908391047], [-0.05449779629707337, -0.09247426834220225]], [[-545.7973716699305], [0.40084471702575686, 0.05021072074675677]], [[-425.6828108744832], [0.4045860290527344, 0.026830859621124414]], [[-512.2978508274274], [0.030684012174606323, -0.11447921625243634]], [[-116.49949965264166], [0.06716960668563843, -0.10474712987740833]], [[-302.12379114521326], [0.29446594715118407, -0.0852383478806997]], [[-651.6127876838308], [0.4028489112854004, 0.15038555345752022]], [[-397.24453504742786], [-0.12616729736328125, -0.08527518040367536]], [[-513.0442454181244], [0.16884162425994872, -0.10747844079059773]], [[-539.303049456615], [-0.4016073226928711, 0.003426146136560269]], [[-538.3446583388837], [-0.11081043481826783, -0.09226396464362323]], [[-569.0083315958798], [0.40404229164123534, 0.08730811047844769]], [[-489.62903230171406], [0.11652927398681641, -0.11809935805698234]]]}, "environment": "lunarlander", "algorithm": "diff", "container": "novelty", "arguments": {"l": 30, "mr": 0.15, "cr": 0.30000000000000004, "ng": 20}}