{"fitness": {"102": [[[-359.2276202074333], [0.030755576491355897, -0.07359728542817105]], [[-221.60014465762313], [-0.04267616271972656, -0.09540657959878443]], [[-510.23511383724394], [0.22771530151367186, -0.08205632790606932]], [[-397.5290661867137], [-0.10838693380355835, -0.0676439720723364]], [[-249.18623337880044], [0.40628900527954104, -0.015373382498180925]], [[-533.4562774466768], [-0.212858247756958, -0.10791281956319626]], [[-558.0457403654478], [0.400710391998291, 0.09890519829001279]], [[-499.94372428916694], [0.08981059789657593, -0.08120605812216991]], [[-500.4787066622827], [-0.03128128051757813, -0.12223457895657593]], [[-589.8465342772321], [-0.1857835054397583, -0.09559653435022598]], [[-415.823542287387], [0.22661736011505126, -0.08740801760730772]], [[-431.4954127198915], [-0.2221142292022705, -0.10732437812469224]], [[-154.4757042306151], [-0.06155227422714234, -0.07556188711217454]], [[-351.16412879187754], [0.21648743152618408, 0.13183957977841296]], [[-302.6778785307385], [0.0686474621295929, -0.11208953218800681]], [[-333.9190928850551], [-0.40114798545837405, -0.021480422917589108]], [[-550.2681971408406], [-0.4025007724761963, 0.06630959240018676]], [[-453.51581950146465], [-0.07245838046073913, -0.09563774957152252]], [[-563.7979908391047], [-0.05449779629707337, -0.09247426834220225]], [[-144.62095608184276], [0.11118042469024658, -0.114140496726306]], [[-358.95965688678376], [0.40969481468200686, 0.002221233538333696]], [[-578.1777975091514], [0.03424263000488281, -0.07777788569481343]], [[-589.9504281123982], [-0.4007357120513916, 0.1011804923415184]], [[-242.23234813448502], [-0.18104158639907836, -0.10662924281116262]], [[-466.3742981130297], [0.27132401466369627, -0.09658267446128385]], [[-533.4562774466768], [-0.21285881996154785, -0.10791356588785465]], [[-355.8477762025264], [0.23012256622314453, -0.08304199956713572]], [[-458.33528262645444], [-0.09713824987411498, -0.10666944483915962]], [[-430.85398503018064], [-0.05648563504219055, -0.11425330567139166]], [[-529.2591943056522], [-0.05849716067314148, -0.09275047012248679]]], "103": [[[-585.7587009007135], [0.1429473876953125, -0.116042793701802]], [[-582.2961450576065], [0.22981135845184325, -0.07853142272680998]], [[-145.35684190556196], [0.11956164836883545, -0.08011101358509683]], [[-232.14331908436677], [0.2883532762527466, -0.08014252547393828]], [[-306.507693002584], [-0.17800579071044922, -0.11787198489172418]], [[-545.7973716699305], [0.40084471702575686, 0.05021072074675677]], [[-205.4939850919793], [0.08200374841690064, -0.11347897074052268]], [[-575.8658730259084], [0.03578563630580902, 0.004031439812388274]], [[-560.4619001629777], [-0.034940415620803834, -0.1145585449293759]], [[-563.7979908391047], [-0.05449779629707337, -0.09247426834220225]], [[-616.3215298945825], [-0.07604030370712281, 0.09622490324797885]], [[-350.3033022461985], [-0.12273896932601928, -0.09364769395259727]], [[-563.7979908391047], [-0.05449779629707337, -0.09247426834220225]], [[-581.9019964465514], [-0.01130954772233963, -0.11238071949858411]], [[-500.54040868867537], [-0.29081594944000244, 0.15291256427764896]], [[-204.51936990536583], [-0.19818605184555055, -0.07259045659263459]], [[-372.70215595518704], [0.18088080883026122, -0.08519230235833675]], [[-589.094034628069], [0.18268973827362062, -0.10959138062867249]], [[-545.7973716699305], [0.40084471702575686, 0.05021072074675677]], [[-644.4466256574616], [0.4087709903717041, 0.0234250898775236]], [[-279.3514646173794], [-0.17423782348632813, -0.07504785627062466]], [[-475.4761178700726], [-0.013843193650245667, -0.12064279411353318]], [[-235.53442146991821], [0.09565532803535462, -0.09466915357519279]], [[-625.251613767564], [-0.2528285026550293, -0.07321030519043023]], [[-541.6330542990341], [0.4007277488708496, 0.049039508692731854]], [[-563.7979908391047], [-0.05449779629707337, -0.09247426834220225]], [[-145.35684190556196], [0.11956164836883545, -0.08011101358509683]], [[-587.0303075679759], [-0.1718895196914673, -0.08750617347466641]], [[-600.2947602932487], [0.10199428796768188, -0.09200787673059561]], [[-112.38602701772292], [0.03619968295097351, -0.10880829924820777]]], "101": [[[-124.98658423902488], [0.16001522541046143, -0.08470630648904122]], [[-600.2947602932487], [0.10199428796768188, -0.09200787673059561]], [[-334.5774399247779], [-0.1425291419029236, -0.09102303023682906]], [[-255.90425149602825], [0.11801483631134033, -0.07354969332254556]], [[-545.7973716699305], [0.40084471702575686, 0.05021072074675677]], [[-489.8754991826333], [-0.01805248260498047, -0.08682591010489174]], [[-573.2287436426676], [-0.40105247497558594, 0.041841001521485545]], [[-420.38318838099894], [-0.07806075811386108, -0.1214134820536071]], [[-145.13605111002596], [0.11943728923797607, -0.08013245995555605]], [[-364.4008391055116], [-0.3661385774612427, -0.0604898346883088]], [[-496.6700045891521], [-0.04303298890590668, -0.08954876795411106]], [[-398.18322381011257], [-0.04452220797538757, -0.11916144805458877]], [[-300.5606651502133], [-0.14504015445709229, -0.09159981814445928]], [[-563.7979908391047], [-0.05449779629707337, -0.09247426834220225]], [[-551.5379238845986], [0.4076016902923584, 0.012976747495450183]], [[-258.39838917365006], [-0.13802833557128907, -0.05320036121174297]], [[-416.0046825756538], [-0.2146441698074341, -0.07591368625384516]], [[-563.7979908391047], [-0.05449779629707337, -0.09247426834220225]], [[-545.7973716699305], [0.40084471702575686, 0.05021072074675677]], [[-80.43123040063558], [0.12935539484024047, -0.06311317973255001]], [[-441.60418855792574], [-0.10284967422485351, -0.12271634094855366]], [[-108.18832468429251], [-0.0860360324382782, -0.07791080569107851]], [[-379.9103443135375], [-0.4051309108734131, 0.09630733038849976]], [[-565.9543494072295], [-0.1975192427635193, -0.10031542524196473]], [[-611.9775281067261], [-0.21688547134399414, -0.09830517856912181]], [[-408.6412656286656], [0.40818963050842283, 0.06634001119321657]], [[-568.363056089553], [-0.034940415620803834, -0.1145585449293759]], [[-456.95642877528957], [-0.012460899353027344, -0.09868594693399883]], [[-719.8994487559465], [-0.4081589698791504, 0.09807279764654789]], [[-225.94621132577205], [0.07383689880371094, -0.10724454226635272]]]}, "environment": "lunarlander", "algorithm": "diff", "container": "novelty", "arguments": {"l": 30, "mr": 0.25, "cr": 0.30000000000000004, "ng": 20}}