{"fitness": {"102": [[[-469.39723004345757], [-0.18844292163848878, -0.09048345737567505]], [[-186.10676448594856], [0.1206834077835083, -0.07585502293672454]], [[-114.17490212792184], [-0.001768188551068306, -0.08148210530487608]], [[-243.14405926414238], [-0.4014745235443115, -0.005108378634087357]], [[-178.87670455284498], [0.05689708590507507, -0.11185008425797731]], [[-599.4972151730531], [-0.02827506959438324, -0.07408285193616547]], [[-147.9765539711785], [-0.08416242599487304, -0.0934670109411373]], [[-563.7979908391047], [-0.05449779629707337, -0.09247426834220225]], [[-635.1063839984354], [-0.2337639808654785, -0.09004827187152574]], [[-204.7194305989411], [0.008545227348804474, -0.09786266615748528]], [[-459.8177247881367], [-0.4024516105651855, 0.1259219699236284]], [[-521.552639705596], [0.40463767051696775, 0.062230832972506304]], [[-494.2831901382197], [-0.40319156646728516, 0.10169008122277011]], [[-471.4450430051974], [-0.08420203924179077, 0.12189826335757971]], [[-169.33641533149975], [0.11664695739746093, -0.03785362645847878]], [[-467.9200625552373], [0.12902065515518188, -0.09670458582014993]], [[-568.073241120955], [0.1917008638381958, 0.040249132462001076]], [[-353.77727963819666], [0.4003941535949707, 0.13754520479476814]], [[-177.45026431996882], [0.06927601099014283, -0.10911517965382546]], [[-364.34877414528455], [-0.20016350746154785, -0.07401218234372209]], [[-338.3433940087958], [0.0670095443725586, -0.0755349385330365]], [[-579.2882618852627], [0.11980094909667968, 0.04954053459786033]], [[-544.0729011945501], [-0.40919785499572753, 0.022262838096724125]], [[-344.83193386294516], [-0.06828445196151733, -0.12339028359628193]], [[-488.7283841232957], [0.4016829490661621, 0.03204869933057731]], [[-192.4109209166962], [0.3334035396575928, -0.07624727626227668]], [[-472.4890459527958], [-0.4040833473205566, -0.0006523941485013095]], [[-193.34473496333962], [-0.09212278127670288, -0.095794326652487]], [[-563.2241223462746], [-0.05468780398368835, -0.09247435163049565]], [[-531.3957050076043], [-0.025711137056350707, 0.12048267327869927]]], "103": [[[-108.28720059357744], [-0.038061484694480896, -0.11638410129330375]], [[-252.05937092909633], [-0.2144228458404541, -0.08002681221098526]], [[-518.8489537241294], [-0.20852265357971192, -0.12594068088314747]], [[-130.55680821211456], [-0.03381851315498352, -0.08723774339369915]], [[-200.92236553024733], [0.15791351795196534, -0.09410232367614903]], [[-545.7973716699305], [0.40084471702575686, 0.05021072074675677]], [[-416.8730666091203], [-0.042672500014305115, -0.08868467615019258]], [[-145.35684190556196], [0.11956164836883545, -0.08011101358509683]], [[-160.14352694093134], [0.1300184965133667, -0.07815673137818904]], [[-222.25511905406753], [0.059722787141799925, -0.08723700563554507]], [[-596.2559207741405], [-0.4064621448516846, 0.13983156320812942]], [[-445.1834816269379], [-0.4007357120513916, 0.1011804923415184]], [[-606.0256272370947], [-0.4036952018737793, 0.11570133152631444]], [[-418.69812945735833], [-0.02644088864326477, -0.08840461237238013]], [[-532.9363350121821], [-0.05449779629707337, -0.09247426834220225]], [[-249.30303568537326], [0.02610401213169098, -0.08219532523132665]], [[-506.7202725160599], [0.01322273313999176, -0.10936197377741334]], [[-409.9344602293933], [0.22817115783691405, -0.08739274987754851]], [[-463.5312023524164], [0.1918954849243164, -0.07404162191002199]], [[-328.8714096337485], [-0.40167884826660155, -0.04712017294061318]], [[-594.6772849277922], [-0.36586828231811525, -0.09592067184192796]], [[-145.251570752934], [0.11948719024658203, -0.0801206937664515]], [[-410.5633019663715], [-0.07939128875732422, -0.07612605117511277]], [[-115.7597004615492], [-0.01832946836948395, -0.08749207218700264]], [[-312.7182191622456], [-0.13051217794418335, -0.0871240789323513]], [[-518.117740692816], [0.406749963760376, 0.04934858873341948]], [[-259.091616606875], [-0.04653694033622742, -0.10327963476054003]], [[-340.7874794290291], [-0.06738155484199523, -0.11621964391734865]], [[-145.30645523922212], [0.11956164836883545, -0.08011101358509683]], [[-193.9217435057874], [-0.09513548016548157, -0.07546780751474587]]], "101": [[[-239.1576874318953], [-0.03560813963413238, -0.07212912114654581]], [[-167.89944636109485], [0.014575576782226563, -0.09766756757162513]], [[-30.271871298413583], [-0.04289714694023132, -0.051070629908451]], [[-545.7973716699305], [0.40084471702575686, 0.05021072074675677]], [[-638.4097896375768], [-0.21956248283386232, -0.09557757442366453]], [[-315.7335551515271], [0.11378238201141358, -0.12493114235266198]], [[-545.7973716699305], [0.40084471702575686, 0.05021072074675677]], [[-475.6605884699666], [0.40462942123413087, -0.0329879415071299]], [[-223.08323725469054], [-0.06599693298339844, -0.11850514814809515]], [[-412.22107376474645], [-0.27158303260803224, -0.0688408184660942]], [[-600.2947602932487], [0.10199428796768188, -0.09200787673059561]], [[-258.2912947274395], [-0.05816627740859985, -0.11189128496691023]], [[-497.02039888960593], [-0.4001565933227539, 0.07639539280024016]], [[-618.2090592810135], [-0.007248687744140625, -0.09575480819665687]], [[-470.27595983139946], [-0.3312370777130127, -0.07838171579864589]], [[-498.08686331539775], [-0.2476348638534546, -0.07313610967969346]], [[-437.1815378549816], [0.06472976803779602, -0.10142790238643369]], [[-485.44446172745], [-0.23163433074951173, -0.11243397091184892]], [[-595.7540706780336], [-0.244284987449646, 0.06903117261982211]], [[-222.76901768663552], [0.21000962257385253, -0.09275282747470417]], [[-406.29854850298807], [-0.24475679397583008, -0.10995984766326966]], [[-609.1237880078974], [0.40442934036254885, 0.06907915869632207]], [[-397.28382655659266], [-0.21643643379211425, -0.0897806626997075]], [[-185.58764365622685], [0.16555538177490234, -0.07647410659835892]], [[-368.95045973665174], [0.04833908081054687, -0.06266719318833203]], [[-560.1505167785416], [-0.11545810699462891, -0.07836806594164343]], [[-614.705551350327], [-0.12155840396881104, -0.07634753520445277]], [[-145.35684190556196], [0.11956164836883545, -0.08011101358509683]], [[-545.7973716699305], [0.40084471702575686, 0.05021072074675677]], [[-142.8613551675257], [0.008545227348804474, -0.09786266615748528]]]}, "environment": "lunarlander", "algorithm": "diff", "container": "novelty", "arguments": {"l": 30, "mr": 0.04999999999999999, "cr": 0.5, "ng": 20}}