{"fitness": {"101": [[[475.5], [-0.024241868716975055, -0.007233170805828708]], [[500.0], [-0.004618485302974781, 0.01233304922054544]], [[475.5], [-0.024241868716975055, -0.007233170805828708]], [[475.5], [-0.024241868716975055, -0.007233170805828708]], [[475.5], [-0.024241868716975055, -0.007233170805828708]], [[475.5], [-0.024241868716975055, -0.007233170805828708]], [[500.0], [-6.435879792358416e-05, 0.010358218691850964]], [[475.5], [-0.024241868716975055, -0.007233170805828708]], [[500.0], [-6.435879792358416e-05, 0.010358218691850964]], [[500.0], [-0.004618485302974781, 0.01233304922054544]], [[500.0], [-0.004618485302974781, 0.01233304922054544]], [[500.0], [-0.004618485302974781, 0.01233304922054544]], [[475.5], [-0.024241868716975055, -0.007233170805828708]], [[475.5], [-0.024241868716975055, -0.007233170805828708]], [[500.0], [-0.004618485302974781, 0.01233304922054544]], [[475.5], [-0.024241868716975055, -0.007233170805828708]], [[475.5], [-0.024241868716975055, -0.007233170805828708]], [[475.5], [-0.024241868716975055, -0.007233170805828708]], [[475.5], [-0.024241868716975055, -0.007233170805828708]], [[500.0], [-0.004618485302974781, 0.01233304922054544]], [[475.5], [-0.024241868716975055, -0.007233170805828708]], [[500.0], [-0.004618485302974781, 0.01233304922054544]], [[500.0], [-0.004618485302974781, 0.01233304922054544]], [[500.0], [-0.004618485302974781, 0.01233304922054544]], [[500.0], [-0.004618485302974781, 0.01233304922054544]]], "103": [[[500.0], [-0.004511766601353884, -0.01475886824990859]], [[133.83333333333334], [-0.05512786408265432, -0.5120087824940112]], [[500.0], [-0.004511766601353884, -0.01475886824990859]], [[133.83333333333334], [-0.05512786408265432, -0.5120087824940112]], [[372.1666666666667], [-0.08633469541867575, -0.017651514947842183]], [[133.83333333333334], [-0.05512786408265432, -0.5120087824940112]], [[500.0], [-0.004511766601353884, -0.01475886824990859]], [[500.0], [-0.004511766601353884, -0.01475886824990859]], [[133.83333333333334], [-0.05512786408265432, -0.5120087824940112]], [[500.0], [-0.004511766601353884, -0.01475886824990859]], [[133.83333333333334], [-0.05512786408265432, -0.5120087824940112]], [[500.0], [-0.004511766601353884, -0.01475886824990859]], [[500.0], [-0.004511766601353884, -0.01475886824990859]], [[500.0], [-0.004511766601353884, -0.01475886824990859]], [[500.0], [-0.004511766601353884, -0.01475886824990859]], [[500.0], [-0.004511766601353884, -0.01475886824990859]], [[133.83333333333334], [-0.05512786408265432, -0.5120087824940112]], [[500.0], [-0.004511766601353884, -0.01475886824990859]], [[500.0], [-0.004511766601353884, -0.01475886824990859]], [[500.0], [-0.004511766601353884, -0.01475886824990859]], [[372.1666666666667], [-0.08633469541867575, -0.017651514947842183]], [[133.83333333333334], [-0.05512786408265432, -0.5120087824940112]], [[372.1666666666667], [-0.08633469541867575, -0.017651514947842183]], [[372.1666666666667], [-0.08633469541867575, -0.017651514947842183]], [[500.0], [-0.004511766601353884, -0.01475886824990859]]], "102": [[[500.0], [-0.011301752335081499, 0.16857168534726047]], [[500.0], [-0.011301752335081499, 0.16857168534726047]], [[500.0], [-0.011301752335081499, 0.16857168534726047]], [[500.0], [-0.011301752335081499, 0.16857168534726047]], [[500.0], [-0.011301752335081499, 0.16857168534726047]], [[500.0], [-0.011301752335081499, 0.16857168534726047]], [[500.0], [-0.011301752335081499, 0.16857168534726047]], [[500.0], [-0.011301752335081499, 0.16857168534726047]], [[500.0], [-0.011301752335081499, 0.16857168534726047]], [[500.0], [-0.011301752335081499, 0.16857168534726047]], [[500.0], [-0.011301752335081499, 0.16857168534726047]], [[194.33333333333334], [0.055782366544008255, -0.5038749943509627]], [[500.0], [-0.011301752335081499, 0.16857168534726047]], [[500.0], [-0.02430472057312727, 0.00862061473848432]], [[500.0], [-0.011301752335081499, 0.16857168534726047]], [[500.0], [-0.011301752335081499, 0.16857168534726047]], [[500.0], [-0.011301752335081499, 0.16857168534726047]], [[500.0], [-0.011301752335081499, 0.16857168534726047]], [[500.0], [-0.011301752335081499, 0.16857168534726047]], [[500.0], [-0.011301752335081499, 0.16857168534726047]], [[500.0], [-0.011301752335081499, 0.16857168534726047]], [[500.0], [-0.011301752335081499, 0.16857168534726047]], [[500.0], [-0.02430472057312727, 0.00862061473848432]], [[500.0], [-0.011301752335081499, 0.16857168534726047]], [[500.0], [-0.011301752335081499, 0.16857168534726047]]]}, "environment": "cartpole", "algorithm": "diff", "container": "elite_archiving", "arguments": {"l": 25, "mr": 0.8, "cr": 0.7, "archiving_period": 2, "archive_batch": 4, "ng": 20}}