{"fitness": {"102": [[[500.0], [-0.07123457888762157, -0.0038504938630645642]], [[500.0], [-0.07123457888762157, -0.0038504938630645642]], [[500.0], [-0.07123457888762157, -0.0038504938630645642]], [[217.5], [0.06547052413225174, 0.5368899785730827]], [[217.5], [0.06547052413225174, 0.5368899785730827]], [[500.0], [-0.07123457888762157, -0.0038504938630645642]], [[500.0], [-0.03643060723940532, 0.0091876726570811]], [[500.0], [-0.03643060723940532, 0.0091876726570811]], [[217.5], [0.06547052413225174, 0.5368899785730827]], [[500.0], [-0.07123457888762157, -0.0038504938630645642]], [[500.0], [-0.07123457888762157, -0.0038504938630645642]], [[66.0], [-0.03461515220503013, 0.5055593602965324]], [[500.0], [-0.03643060723940532, 0.0091876726570811]], [[500.0], [-0.07123457888762157, -0.0038504938630645642]], [[500.0], [-0.07123457888762157, -0.0038504938630645642]], [[500.0], [-0.03643060723940532, 0.0091876726570811]], [[217.5], [0.06547052413225174, 0.5368899785730827]], [[500.0], [-0.07123457888762157, -0.0038504938630645642]], [[500.0], [-0.03643060723940532, 0.0091876726570811]], [[500.0], [-0.03643060723940532, 0.0091876726570811]], [[217.5], [0.06547052413225174, 0.5368899785730827]], [[500.0], [-0.03643060723940532, 0.0091876726570811]], [[500.0], [-0.07123457888762157, -0.0038504938630645642]], [[217.5], [0.06547052413225174, 0.5368899785730827]], [[500.0], [-0.07123457888762157, -0.0038504938630645642]]], "103": [[[375.8333333333333], [-0.06523600469032924, 0.012156842098210418]], [[254.66666666666666], [-0.1261318475008011, -0.513448099200235]], [[375.8333333333333], [-0.06523600469032924, 0.012156842098210418]], [[254.66666666666666], [-0.1261318475008011, -0.513448099200235]], [[254.66666666666666], [-0.1261318475008011, -0.513448099200235]], [[254.66666666666666], [-0.1261318475008011, -0.513448099200235]], [[375.8333333333333], [-0.06523600469032924, 0.012156842098210418]], [[444.0], [0.5006816983222961, 0.19434732540942837]], [[480.5], [-0.09832884495457014, -0.05040885479541487]], [[444.0], [0.5006816983222961, 0.19434732540942837]], [[254.66666666666666], [-0.1261318475008011, -0.513448099200235]], [[375.8333333333333], [-0.06523600469032924, 0.012156842098210418]], [[444.0], [0.5006816983222961, 0.19434732540942837]], [[442.6666666666667], [-0.028787339106202126, -0.007541312693515748]], [[444.0], [0.5006816983222961, 0.19434732540942837]], [[375.8333333333333], [-0.06523600469032924, 0.012156842098210418]], [[254.66666666666666], [-0.1261318475008011, -0.513448099200235]], [[452.3333333333333], [-0.04853799628714721, 0.005064734912802729]], [[444.0], [0.5006816983222961, 0.19434732540942837]], [[375.8333333333333], [-0.06523600469032924, 0.012156842098210418]], [[254.66666666666666], [-0.1261318475008011, -0.513448099200235]], [[254.66666666666666], [-0.1261318475008011, -0.513448099200235]], [[254.66666666666666], [-0.1261318475008011, -0.513448099200235]], [[254.66666666666666], [-0.1261318475008011, -0.513448099200235]], [[444.0], [0.5006816983222961, 0.19434732540942837]]], "101": [[[500.0], [-0.009068339907874664, -0.012129221031326427]], [[475.5], [-0.024241868716975055, -0.007233170805828708]], [[475.5], [-0.024241868716975055, -0.007233170805828708]], [[500.0], [-0.06368337199091911, 0.002754685629390929]], [[475.5], [-0.024241868716975055, -0.007233170805828708]], [[475.5], [-0.024241868716975055, -0.007233170805828708]], [[475.5], [-0.024241868716975055, -0.007233170805828708]], [[475.5], [-0.024241868716975055, -0.007233170805828708]], [[475.5], [-0.024241868716975055, -0.007233170805828708]], [[475.5], [-0.024241868716975055, -0.007233170805828708]], [[475.5], [-0.024241868716975055, -0.007233170805828708]], [[475.5], [-0.024241868716975055, -0.007233170805828708]], [[475.5], [-0.024241868716975055, -0.007233170805828708]], [[475.5], [-0.024241868716975055, -0.007233170805828708]], [[500.0], [-0.009089952800422907, -0.006645190435947414]], [[475.5], [-0.024241868716975055, -0.007233170805828708]], [[475.5], [-0.024241868716975055, -0.007233170805828708]], [[475.5], [-0.024241868716975055, -0.007233170805828708]], [[475.5], [-0.024241868716975055, -0.007233170805828708]], [[500.0], [-0.009089952800422907, -0.006645190435947414]], [[475.5], [-0.024241868716975055, -0.007233170805828708]], [[475.5], [-0.024241868716975055, -0.007233170805828708]], [[475.5], [-0.024241868716975055, -0.007233170805828708]], [[475.5], [-0.024241868716975055, -0.007233170805828708]], [[475.5], [-0.024241868716975055, -0.007233170805828708]]]}, "environment": "cartpole", "algorithm": "diff", "container": "elite_archiving", "arguments": {"l": 25, "mr": 0.8, "cr": 0.4, "archiving_period": 2, "archive_batch": 4, "ng": 20}}