{"fitness": {"103": [[[378.3333333333333], [-0.04848451043168704, -0.008477639455936457]], [[179.0], [-0.31867675483226776, 0.5750748458091152]], [[378.3333333333333], [-0.04848451043168704, -0.008477639455936457]], [[311.6666666666667], [0.5006412665049236, 0.4928148391714507]], [[148.5], [-0.07824378708998363, -0.5032553841052444]], [[179.0], [-0.31867675483226776, 0.5750748458091152]], [[378.3333333333333], [-0.04848451043168704, -0.008477639455936457]], [[500.0], [-0.04086847106615703, -0.018301549140346107]], [[179.0], [-0.31867675483226776, 0.5750748458091152]], [[500.0], [-0.04086847106615703, -0.018301549140346107]], [[179.0], [-0.31867675483226776, 0.5750748458091152]], [[378.3333333333333], [-0.04848451043168704, -0.008477639455936457]], [[500.0], [-0.04086847106615703, -0.018301549140346107]], [[447.0], [-0.04853428341448307, 0.004121356111233742]], [[500.0], [-0.04086847106615703, -0.018301549140346107]], [[378.3333333333333], [-0.04848451043168704, -0.008477639455936457]], [[179.0], [-0.31867675483226776, 0.5750748458091152]], [[500.0], [-0.04086847106615703, -0.018301549140346107]], [[500.0], [-0.04086847106615703, -0.018301549140346107]], [[378.3333333333333], [-0.04848451043168704, -0.008477639455936457]], [[148.5], [-0.07824378708998363, -0.5032553841052444]], [[179.0], [-0.31867675483226776, 0.5750748458091152]], [[148.5], [-0.07824378708998363, -0.5032553841052444]], [[148.5], [-0.07824378708998363, -0.5032553841052444]], [[500.0], [-0.004660467384383082, 0.022941502925168954]]], "101": [[[475.5], [-0.024241868716975055, -0.007233170805828708]], [[500.0], [-0.010674858931452036, 0.010951654985547066]], [[475.5], [-0.024241868716975055, -0.007233170805828708]], [[500.0], [-0.06368337199091911, 0.002754685629390929]], [[475.5], [-0.024241868716975055, -0.007233170805828708]], [[475.5], [-0.024241868716975055, -0.007233170805828708]], [[500.0], [-0.01365345281859239, -0.0023032233907738656]], [[475.5], [-0.024241868716975055, -0.007233170805828708]], [[500.0], [-0.01365345281859239, -0.0023032233907738656]], [[500.0], [-0.010674858931452036, 0.010951654985547066]], [[500.0], [-0.010674858931452036, 0.010951654985547066]], [[500.0], [-0.010674858931452036, 0.010951654985547066]], [[475.5], [-0.024241868716975055, -0.007233170805828708]], [[500.0], [-0.01365345281859239, -0.0023032233907738656]], [[500.0], [-0.010674858931452036, 0.010951654985547066]], [[500.0], [-0.01365345281859239, -0.0023032233907738656]], [[475.5], [-0.024241868716975055, -0.007233170805828708]], [[500.0], [-0.01365345281859239, -0.0023032233907738656]], [[475.5], [-0.024241868716975055, -0.007233170805828708]], [[500.0], [-0.010674858931452036, 0.010951654985547066]], [[500.0], [-0.01365345281859239, -0.0023032233907738656]], [[500.0], [-0.010674858931452036, 0.010951654985547066]], [[500.0], [-0.010674858931452036, 0.010951654985547066]], [[500.0], [-0.010674858931452036, 0.010951654985547066]], [[500.0], [-0.010674858931452036, 0.010951654985547066]]], "102": [[[500.0], [-0.003092079229342441, 0.009550133711128145]], [[500.0], [-0.004528569212804238, -0.010521143327275531]], [[500.0], [-0.003092079229342441, 0.009550133711128145]], [[500.0], [-0.006101383672406277, 0.004085100258134627]], [[500.0], [-0.006101383672406277, 0.004085100258134627]], [[500.0], [-0.006101383672406277, 0.004085100258134627]], [[500.0], [-0.006101383672406277, 0.004085100258134627]], [[500.0], [-0.006101383672406277, 0.004085100258134627]], [[500.0], [-0.006101383672406277, 0.004085100258134627]], [[500.0], [-0.004528569212804238, -0.010521143327275531]], [[500.0], [-0.004528569212804238, -0.010521143327275531]], [[500.0], [-0.006101383672406277, 0.004085100258134627]], [[500.0], [-0.009063106651107471, -0.013486532334006575]], [[500.0], [-0.006101383672406277, 0.004085100258134627]], [[500.0], [-0.006101383672406277, 0.004085100258134627]], [[500.0], [-0.0030430289916694164, -0.003009382579653885]], [[500.0], [-0.006101383672406277, 0.004085100258134627]], [[500.0], [-0.003092079229342441, 0.009550133711128145]], [[500.0], [-0.006101383672406277, 0.004085100258134627]], [[500.0], [-0.006101383672406277, 0.004085100258134627]], [[500.0], [-0.006101383672406277, 0.004085100258134627]], [[500.0], [-0.006101383672406277, 0.004085100258134627]], [[500.0], [-0.006101383672406277, 0.004085100258134627]], [[500.0], [-0.006101383672406277, 0.004085100258134627]], [[500.0], [-0.003092079229342441, 0.009550133711128145]]]}, "environment": "cartpole", "algorithm": "diff", "container": "elite_archiving", "arguments": {"l": 25, "mr": 0.9, "cr": 0.5, "archiving_period": 2, "archive_batch": 4, "ng": 20}}