{"fitness": {"101": [[[475.5], [-0.024241868716975055, -0.007233170805828708]], [[475.5], [-0.024241868716975055, -0.007233170805828708]], [[475.5], [-0.024241868716975055, -0.007233170805828708]], [[475.5], [-0.024241868716975055, -0.007233170805828708]], [[500.0], [-0.030272544051210087, -0.015194562339540304]], [[475.5], [-0.024241868716975055, -0.007233170805828708]], [[475.5], [-0.024241868716975055, -0.007233170805828708]], [[475.5], [-0.024241868716975055, -0.007233170805828708]], [[500.0], [-0.0455744502445062, 0.02214887166066033]], [[475.5], [-0.024241868716975055, -0.007233170805828708]], [[475.5], [-0.024241868716975055, -0.007233170805828708]], [[475.5], [-0.024241868716975055, -0.007233170805828708]], [[475.5], [-0.024241868716975055, -0.007233170805828708]], [[475.5], [-0.024241868716975055, -0.007233170805828708]], [[500.0], [-0.030272544051210087, -0.015194562339540304]], [[500.0], [-0.030272544051210087, -0.015194562339540304]], [[500.0], [0.007738640997558832, -0.04691060222507094]], [[475.5], [-0.024241868716975055, -0.007233170805828708]], [[475.5], [-0.024241868716975055, -0.007233170805828708]], [[475.5], [-0.024241868716975055, -0.007233170805828708]], [[475.5], [-0.024241868716975055, -0.007233170805828708]], [[475.5], [-0.024241868716975055, -0.007233170805828708]], [[500.0], [-0.030272544051210087, -0.015194562339540304]], [[500.0], [-0.0455744502445062, 0.02214887166066033]], [[475.5], [-0.024241868716975055, -0.007233170805828708]], [[500.0], [-0.006008801283314824, -0.019362080467945082]], [[475.5], [-0.024241868716975055, -0.007233170805828708]], [[475.5], [-0.024241868716975055, -0.007233170805828708]], [[475.5], [-0.024241868716975055, -0.007233170805828708]], [[500.0], [-0.0455744502445062, 0.02214887166066033]]], "102": [[[500.0], [-0.04394102841615677, -0.007756525075784996]], [[500.0], [-0.0030516640981659293, -0.0006858168646657582]], [[500.0], [-0.04394102841615677, -0.007756525075784996]], [[500.0], [-0.0030516640981659293, -0.0006858168646657582]], [[500.0], [-0.03638815445204576, -0.001572074873248142]], [[199.66666666666666], [-0.24300523102283478, -0.5025169210570851]], [[500.0], [-0.0030516640981659293, -0.0006858168646657582]], [[500.0], [-0.04394102841615677, -0.007756525075784996]], [[500.0], [-0.0030516640981659293, -0.0006858168646657582]], [[199.66666666666666], [-0.24300523102283478, -0.5025169210570851]], [[500.0], [-0.04394102841615677, -0.007756525075784996]], [[500.0], [-0.04394102841615677, -0.007756525075784996]], [[500.0], [-0.03638815445204576, -0.001572074873248142]], [[500.0], [0.11913626144329707, -0.2423017753653549]], [[500.0], [-0.0030516640981659293, -0.0006858168646657582]], [[500.0], [-0.03638815445204576, -0.001572074873248142]], [[500.0], [-0.0030516640981659293, -0.0006858168646657582]], [[500.0], [-0.0030516640981659293, -0.0006858168646657582]], [[500.0], [-0.03638815445204576, -0.001572074873248142]], [[500.0], [-0.0030516640981659293, -0.0006858168646657582]], [[199.66666666666666], [-0.24300523102283478, -0.5025169210570851]], [[500.0], [-0.0030516640981659293, -0.0006858168646657582]], [[199.66666666666666], [-0.24300523102283478, -0.5025169210570851]], [[500.0], [-0.04394102841615677, -0.007756525075784996]], [[500.0], [0.11913626144329707, -0.2423017753653549]], [[500.0], [-0.0030516640981659293, -0.0006858168646657582]], [[500.0], [-0.04394102841615677, -0.007756525075784996]], [[500.0], [-0.0030516640981659293, -0.0006858168646657582]], [[500.0], [-0.04394102841615677, -0.007756525075784996]], [[199.66666666666666], [-0.24300523102283478, -0.5025169210570851]]], "103": [[[363.8333333333333], [0.04261229808131854, -0.05147988021231154]], [[363.8333333333333], [0.04261229808131854, -0.05147988021231154]], [[500.0], [-0.03393316641449928, 0.14441138641400772]], [[500.0], [-0.03393316641449928, 0.14441138641400772]], [[500.0], [-0.03393316641449928, 0.14441138641400772]], [[500.0], [-0.03393316641449928, 0.14441138641400772]], [[362.8333333333333], [-0.08938449745376906, -0.012867492467664075]], [[500.0], [-0.03393316641449928, 0.14441138641400772]], [[266.6666666666667], [-0.17777245491743088, -0.2725435394134248]], [[500.0], [-0.03393316641449928, 0.14441138641400772]], [[363.8333333333333], [0.04261229808131854, -0.05147988021231154]], [[500.0], [-0.03393316641449928, 0.14441138641400772]], [[500.0], [-0.03393316641449928, 0.14441138641400772]], [[363.8333333333333], [0.04261229808131854, -0.05147988021231154]], [[500.0], [-0.03393316641449928, 0.14441138641400772]], [[500.0], [-0.03393316641449928, 0.14441138641400772]], [[500.0], [-0.03393316641449928, 0.14441138641400772]], [[500.0], [-0.03393316641449928, 0.14441138641400772]], [[500.0], [-0.03393316641449928, 0.14441138641400772]], [[500.0], [-0.03393316641449928, 0.14441138641400772]], [[500.0], [-0.03393316641449928, 0.14441138641400772]], [[500.0], [-0.03393316641449928, 0.14441138641400772]], [[500.0], [-0.03393316641449928, 0.14441138641400772]], [[500.0], [-0.03393316641449928, 0.14441138641400772]], [[500.0], [-0.03393316641449928, 0.14441138641400772]], [[500.0], [-0.03393316641449928, 0.14441138641400772]], [[500.0], [-0.03393316641449928, 0.14441138641400772]], [[500.0], [-0.03393316641449928, 0.14441138641400772]], [[500.0], [-0.03393316641449928, 0.14441138641400772]], [[363.8333333333333], [0.04261229808131854, -0.05147988021231154]]]}, "environment": "cartpole", "algorithm": "diff", "container": "elite_archiving", "arguments": {"l": 30, "mr": 0.8, "cr": 0.6, "archiving_period": 2, "archive_batch": 4, "ng": 20}}