{"fitness": {"102": [[[500.0], [-7.382078062316093e-05, 0.012532765553756195]], [[500.0], [0.01285036172096928, -0.18836909004946076]], [[500.0], [-7.382078062316093e-05, 0.012532765553756195]], [[500.0], [0.01285036172096928, -0.18836909004946076]], [[500.0], [0.01285036172096928, -0.18836909004946076]], [[500.0], [-0.01975421328097582, 0.007564269349371132]], [[500.0], [-7.382078062316093e-05, 0.012532765553756195]], [[500.0], [-7.382078062316093e-05, 0.012532765553756195]], [[500.0], [0.01285036172096928, -0.18836909004946076]], [[500.0], [0.01285036172096928, -0.18836909004946076]], [[500.0], [0.01285036172096928, -0.18836909004946076]], [[147.0], [-0.08659424260258675, 0.5060221518626054]], [[500.0], [-7.382078062316093e-05, 0.012532765553756195]], [[500.0], [-0.01975421328097582, 0.007564269349371132]], [[500.0], [-0.01975421328097582, 0.007564269349371132]], [[500.0], [0.01285036172096928, -0.18836909004946076]], [[500.0], [0.01285036172096928, -0.18836909004946076]], [[500.0], [-7.382078062316093e-05, 0.012532765553756195]], [[500.0], [-7.382078062316093e-05, 0.012532765553756195]], [[500.0], [-7.382078062316093e-05, 0.012532765553756195]], [[500.0], [0.01285036172096928, -0.18836909004946076]], [[500.0], [-0.03342254087328911, 0.014978311688563471]], [[500.0], [-0.01975421328097582, 0.007564269349371132]], [[500.0], [0.01285036172096928, -0.18836909004946076]], [[500.0], [-7.382078062316093e-05, 0.012532765553756195]]], "101": [[[475.5], [-0.024241868716975055, -0.007233170805828708]], [[500.0], [-0.004618485302974781, 0.01233304922054544]], [[475.5], [-0.024241868716975055, -0.007233170805828708]], [[500.0], [-0.06368337199091911, 0.002754685629390929]], [[475.5], [-0.024241868716975055, -0.007233170805828708]], [[475.5], [-0.024241868716975055, -0.007233170805828708]], [[475.5], [-0.024241868716975055, -0.007233170805828708]], [[475.5], [-0.024241868716975055, -0.007233170805828708]], [[475.5], [-0.024241868716975055, -0.007233170805828708]], [[500.0], [-0.004618485302974781, 0.01233304922054544]], [[500.0], [-0.004618485302974781, 0.01233304922054544]], [[500.0], [-0.004618485302974781, 0.01233304922054544]], [[475.5], [-0.024241868716975055, -0.007233170805828708]], [[475.5], [-0.024241868716975055, -0.007233170805828708]], [[500.0], [-0.004618485302974781, 0.01233304922054544]], [[475.5], [-0.024241868716975055, -0.007233170805828708]], [[475.5], [-0.024241868716975055, -0.007233170805828708]], [[475.5], [-0.024241868716975055, -0.007233170805828708]], [[475.5], [-0.024241868716975055, -0.007233170805828708]], [[500.0], [-0.004618485302974781, 0.01233304922054544]], [[475.5], [-0.024241868716975055, -0.007233170805828708]], [[500.0], [-0.004618485302974781, 0.01233304922054544]], [[500.0], [-0.04551307919124763, 0.0065798106999916325]], [[500.0], [-0.004618485302974781, 0.01233304922054544]], [[500.0], [-0.004618485302974781, 0.01233304922054544]]], "103": [[[500.0], [-0.019751678531368576, 0.006925336388273958]], [[284.3333333333333], [-0.08637899532914162, -0.006438239085439005]], [[500.0], [-0.019751678531368576, 0.006925336388273958]], [[500.0], [-0.013600178062915802, -0.01587189564650709]], [[313.8333333333333], [-0.5065642793973287, -0.4853132452691001]], [[84.0], [-0.04458217260738214, -0.5028585783032139]], [[500.0], [-0.019751678531368576, 0.006925336388273958]], [[500.0], [-0.019751678531368576, 0.006925336388273958]], [[284.3333333333333], [-0.08637899532914162, -0.006438239085439005]], [[500.0], [-0.019751678531368576, 0.006925336388273958]], [[284.3333333333333], [-0.08637899532914162, -0.006438239085439005]], [[500.0], [-0.019751678531368576, 0.006925336388273958]], [[500.0], [-0.019751678531368576, 0.006925336388273958]], [[500.0], [-0.019751678531368576, 0.006925336388273958]], [[500.0], [-0.019751678531368576, 0.006925336388273958]], [[500.0], [-0.019751678531368576, 0.006925336388273958]], [[84.0], [-0.04458217260738214, -0.5028585783032139]], [[500.0], [-0.019751678531368576, 0.006925336388273958]], [[500.0], [-0.019751678531368576, 0.006925336388273958]], [[500.0], [-0.019751678531368576, 0.006925336388273958]], [[313.8333333333333], [-0.5065642793973287, -0.4853132452691001]], [[84.0], [-0.04458217260738214, -0.5028585783032139]], [[313.8333333333333], [-0.5065642793973287, -0.4853132452691001]], [[313.8333333333333], [-0.5065642793973287, -0.4853132452691001]], [[500.0], [-0.019751678531368576, 0.006925336388273958]]]}, "environment": "cartpole", "algorithm": "diff", "container": "elite_archiving", "arguments": {"l": 25, "mr": 0.9, "cr": 0.7, "archiving_period": 2, "archive_batch": 4, "ng": 20}}