{"101": [[[500.0], [-0.012693849857896566, 0.07763785715593675]], [[500.0], [-0.012693849857896566, 0.07763785715593675]], [[500.0], [-0.012693849857896566, 0.07763785715593675]], [[500.0], [-0.012693849857896566, 0.07763785715593675]], [[500.0], [-0.012693849857896566, 0.07763785715593675]], [[500.0], [-0.012693849857896566, 0.07763785715593675]], [[500.0], [-0.012693849857896566, 0.07763785715593675]], [[500.0], [-0.012693849857896566, 0.07763785715593675]], [[500.0], [-0.012693849857896566, 0.07763785715593675]], [[500.0], [-0.012693849857896566, 0.07763785715593675]], [[500.0], [-0.012693849857896566, 0.07763785715593675]], [[500.0], [-0.012693849857896566, 0.07763785715593675]], [[500.0], [-0.012693849857896566, 0.07763785715593675]], [[500.0], [-0.012693849857896566, 0.07763785715593675]], [[500.0], [-0.012693849857896566, 0.07763785715593675]], [[500.0], [-0.012693849857896566, 0.07763785715593675]], [[500.0], [-0.012693849857896566, 0.07763785715593675]], [[500.0], [-0.012693849857896566, 0.07763785715593675]], [[500.0], [-0.012693849857896566, 0.07763785715593675]], [[500.0], [-0.012693849857896566, 0.07763785715593675]], [[500.0], [-0.012693849857896566, 0.07763785715593675]], [[500.0], [-0.012693849857896566, 0.07763785715593675]], [[500.0], [-0.012693849857896566, 0.07763785715593675]], [[500.0], [-0.012693849857896566, 0.07763785715593675]], [[500.0], [-0.012693849857896566, 0.07763785715593675]], [[500.0], [-0.012693849857896566, 0.07763785715593675]], [[500.0], [-0.012693849857896566, 0.07763785715593675]], [[500.0], [-0.012693849857896566, 0.07763785715593675]], [[500.0], [-0.012693849857896566, 0.07763785715593675]], [[500.0], [-0.012693849857896566, 0.07763785715593675]]], "102": [[[500.0], [0.01483570784330368, 0.013904702854142236]], [[500.0], [0.01483570784330368, 0.013904702854142236]], [[500.0], [0.01483570784330368, 0.013904702854142236]], [[494.0], [0.023323162458837032, -0.21752520825303914]], [[500.0], [0.01483570784330368, 0.013904702854142236]], [[494.0], [0.023323162458837032, -0.21752520825303914]], [[494.0], [0.023323162458837032, -0.21752520825303914]], [[500.0], [0.01483570784330368, 0.013904702854142236]], [[500.0], [0.01483570784330368, 0.013904702854142236]], [[494.0], [0.023323162458837032, -0.21752520825303914]], [[494.0], [0.023323162458837032, -0.21752520825303914]], [[500.0], [0.01483570784330368, 0.013904702854142236]], [[500.0], [0.01483570784330368, 0.013904702854142236]], [[494.0], [0.023323162458837032, -0.21752520825303914]], [[500.0], [0.01483570784330368, 0.013904702854142236]], [[494.0], [0.023323162458837032, -0.21752520825303914]], [[500.0], [0.01483570784330368, 0.013904702854142236]], [[500.0], [0.01483570784330368, 0.013904702854142236]], [[500.0], [0.01483570784330368, 0.013904702854142236]], [[494.0], [0.023323162458837032, -0.21752520825303914]], [[500.0], [0.01483570784330368, 0.013904702854142236]], [[500.0], [0.01483570784330368, 0.013904702854142236]], [[500.0], [0.01483570784330368, 0.013904702854142236]], [[500.0], [0.01483570784330368, 0.013904702854142236]], [[500.0], [0.01483570784330368, 0.013904702854142236]], [[494.0], [0.023323162458837032, -0.21752520825303914]], [[500.0], [0.01483570784330368, 0.013904702854142236]], [[500.0], [0.01483570784330368, 0.013904702854142236]], [[500.0], [0.01483570784330368, 0.013904702854142236]], [[494.0], [0.023323162458837032, -0.21752520825303914]]], "103": [[[500.0], [0.0543468880156676, -0.013809530821998725]], [[500.0], [0.034439393008748695, 0.03854267780432861]], [[500.0], [0.034439393008748695, 0.03854267780432861]], [[500.0], [0.034439393008748695, 0.03854267780432861]], [[500.0], [0.034439393008748695, 0.03854267780432861]], [[500.0], [0.034439393008748695, 0.03854267780432861]], [[457.2], [0.17242534706989926, 0.01825649251172132]], [[427.4], [0.07547135775287947, 0.009477243237375643]], [[500.0], [0.0543468880156676, -0.013809530821998725]], [[500.0], [0.034439393008748695, 0.03854267780432861]], [[500.0], [0.034439393008748695, 0.03854267780432861]], [[500.0], [0.034439393008748695, 0.03854267780432861]], [[500.0], [0.0543468880156676, -0.013809530821998725]], [[500.0], [0.034439393008748695, 0.03854267780432861]], [[24.2], [-0.018007356363038223, 0.5289553954270468]], [[500.0], [0.034439393008748695, 0.03854267780432861]], [[500.0], [0.034439393008748695, 0.03854267780432861]], [[500.0], [0.034439393008748695, 0.03854267780432861]], [[500.0], [0.034439393008748695, 0.03854267780432861]], [[500.0], [0.034439393008748695, 0.03854267780432861]], [[500.0], [0.034439393008748695, 0.03854267780432861]], [[500.0], [0.034439393008748695, 0.03854267780432861]], [[500.0], [0.034439393008748695, 0.03854267780432861]], [[500.0], [0.034439393008748695, 0.03854267780432861]], [[500.0], [0.034439393008748695, 0.03854267780432861]], [[500.0], [0.034439393008748695, 0.03854267780432861]], [[500.0], [0.034439393008748695, 0.03854267780432861]], [[500.0], [0.034439393008748695, 0.03854267780432861]], [[500.0], [0.034439393008748695, 0.03854267780432861]], [[500.0], [0.034439393008748695, 0.03854267780432861]]]}