{"103": [[[227.3], [0.030636293813586235, 0.5385585164909729]], [[418.7], [0.005787345192705592, 0.0015364484427024445]], [[48.5], [0.004793622065335512, 0.5046995490361629]], [[418.7], [0.005787345192705592, 0.0015364484427024445]], [[418.7], [0.005787345192705592, 0.0015364484427024445]], [[201.6], [0.1036482925216357, -0.5058249788421193]], [[78.1], [0.055012237280607224, 0.5053307094642421]], [[157.3], [0.5028789738814037, 0.0030846406291261245]], [[418.7], [0.005787345192705592, 0.0015364484427024445]], [[495.1], [0.2482227236032486, 0.01199159695450484]], [[418.7], [0.005787345192705592, 0.0015364484427024445]], [[78.1], [0.055012237280607224, 0.5053307094642421]], [[227.3], [0.030636293813586235, 0.5385585164909729]], [[48.5], [0.004793622065335512, 0.5046995490361629]], [[418.7], [0.005787345192705592, 0.0015364484427024445]], [[135.7], [0.08368196586767833, 0.5032763455473065]], [[495.1], [0.2482227236032486, 0.01199159695450484]], [[495.1], [0.2482227236032486, 0.01199159695450484]], [[71.7], [0.07572191456953685, 0.5102567909436934]], [[41.8], [0.0017291821617012224, 0.5133326330253383]], [[495.1], [0.2482227236032486, 0.01199159695450484]], [[418.7], [0.005787345192705592, 0.0015364484427024445]], [[418.7], [0.005787345192705592, 0.0015364484427024445]], [[495.1], [0.2482227236032486, 0.01199159695450484]], [[69.1], [0.027681989595294, 0.5323503291207637]], [[201.6], [0.1036482925216357, -0.5058249788421193]], [[77.3], [0.03384327826400598, 0.5279512781845896]], [[418.7], [0.005787345192705592, 0.0015364484427024445]], [[495.1], [0.2482227236032486, 0.01199159695450484]], [[348.3], [0.08628909165660541, -0.5087061789617584]]], "102": [[[65.8], [-0.05312267070015272, 0.5181331597446825]], [[500.0], [0.0027301218748713536, 0.00938702749008197]], [[65.8], [-0.05312267070015272, 0.5181331597446825]], [[147.5], [0.1695634424686432, -0.5300834988863274]], [[329.1], [0.5033152302106222, -0.44169366074521005]], [[147.5], [0.1695634424686432, -0.5300834988863274]], [[147.5], [0.1695634424686432, -0.5300834988863274]], [[329.1], [0.5033152302106222, -0.44169366074521005]], [[500.0], [0.0027301218748713536, 0.00938702749008197]], [[147.5], [0.1695634424686432, -0.5300834988863274]], [[500.0], [0.0027301218748713536, 0.00938702749008197]], [[147.5], [0.1695634424686432, -0.5300834988863274]], [[221.5], [0.45755311846733093, 0.5157732507258511]], [[29.0], [-0.009971804295976957, 0.5164516456959921]], [[147.5], [0.1695634424686432, -0.5300834988863274]], [[288.0], [-0.06855490927894911, 0.505499470462069]], [[234.9], [0.45876214901606244, 0.509812928843156]], [[329.1], [0.5033152302106222, -0.44169366074521005]], [[329.1], [0.5033152302106222, -0.44169366074521005]], [[147.5], [0.1695634424686432, -0.5300834988863274]], [[425.8], [0.501743753751119, 0.34945878828541516]], [[65.8], [-0.05312267070015272, 0.5181331597446825]], [[425.8], [0.501743753751119, 0.34945878828541516]], [[221.5], [0.45755311846733093, 0.5157732507258511]], [[329.1], [0.5033152302106222, -0.44169366074521005]], [[329.1], [0.5033152302106222, -0.44169366074521005]], [[147.5], [0.1695634424686432, -0.5300834988863274]], [[221.5], [0.45755311846733093, 0.5157732507258511]], [[147.5], [0.1695634424686432, -0.5300834988863274]], [[425.8], [0.501743753751119, 0.34945878828541516]]], "101": [[[163.1], [0.08632342020670573, 0.5264363149136447]], [[129.8], [0.12291391690572104, -0.5291970580388484]], [[378.7], [0.07239386439323425, 0.02128334546631033]], [[163.1], [0.08632342020670573, 0.5264363149136447]], [[378.7], [0.07239386439323425, 0.02128334546631033]], [[163.1], [0.08632342020670573, 0.5264363149136447]], [[378.7], [0.07239386439323425, 0.02128334546631033]], [[163.1], [0.08632342020670573, 0.5264363149136447]], [[163.1], [0.08632342020670573, 0.5264363149136447]], [[163.1], [0.08632342020670573, 0.5264363149136447]], [[86.3], [0.04652532748878002, 0.5232959486651079]], [[160.5], [0.09377729147672653, 0.5092539927035428]], [[378.7], [0.07239386439323425, 0.02128334546631033]], [[378.7], [0.07239386439323425, 0.02128334546631033]], [[163.1], [0.08632342020670573, 0.5264363149136447]], [[378.7], [0.07239386439323425, 0.02128334546631033]], [[163.1], [0.08632342020670573, 0.5264363149136447]], [[160.5], [0.09377729147672653, 0.5092539927035428]], [[86.3], [0.04652532748878002, 0.5232959486651079]], [[136.9], [0.1498081162571907, 0.5203275517983871]], [[48.2], [0.011955833372970423, 0.5209384637586237]], [[142.1], [0.14288251598676047, 0.505176671384054]], [[163.1], [0.08632342020670573, 0.5264363149136447]], [[398.5], [0.011832970194518566, 0.006776803248878301]], [[163.1], [0.08632342020670573, 0.5264363149136447]], [[163.1], [0.08632342020670573, 0.5264363149136447]], [[378.7], [0.07239386439323425, 0.02128334546631033]], [[111.0], [0.09361994763215384, 0.5036448819215218]], [[163.1], [0.08632342020670573, 0.5264363149136447]], [[64.2], [0.1009227087100347, -0.5055901607828277]]]}