{"103": [[[405.8], [0.08473670110106468, -0.03424900222979664]], [[405.8], [0.08473670110106468, -0.03424900222979664]], [[405.8], [0.08473670110106468, -0.03424900222979664]], [[405.8], [0.08473670110106468, -0.03424900222979664]], [[405.8], [0.08473670110106468, -0.03424900222979664]], [[405.8], [0.08473670110106468, -0.03424900222979664]], [[405.8], [0.08473670110106468, -0.03424900222979664]], [[405.8], [0.08473670110106468, -0.03424900222979664]], [[405.8], [0.08473670110106468, -0.03424900222979664]], [[405.8], [0.08473670110106468, -0.03424900222979664]], [[405.8], [0.08473670110106468, -0.03424900222979664]], [[500.0], [0.1149421309431394, -0.008010952711176644]], [[405.8], [0.08473670110106468, -0.03424900222979664]], [[405.8], [0.08473670110106468, -0.03424900222979664]], [[405.8], [0.08473670110106468, -0.03424900222979664]], [[405.8], [0.08473670110106468, -0.03424900222979664]], [[405.8], [0.08473670110106468, -0.03424900222979664]], [[405.8], [0.08473670110106468, -0.03424900222979664]], [[405.8], [0.08473670110106468, -0.03424900222979664]], [[405.8], [0.08473670110106468, -0.03424900222979664]], [[405.8], [0.08473670110106468, -0.03424900222979664]], [[405.8], [0.08473670110106468, -0.03424900222979664]], [[405.8], [0.08473670110106468, -0.03424900222979664]], [[500.0], [0.05725915854175886, 0.016250799111487194]], [[500.0], [0.1149421309431394, -0.008010952711176644]], [[405.8], [0.08473670110106468, -0.03424900222979664]], [[405.8], [0.08473670110106468, -0.03424900222979664]], [[405.8], [0.08473670110106468, -0.03424900222979664]], [[405.8], [0.08473670110106468, -0.03424900222979664]], [[405.8], [0.08473670110106468, -0.03424900222979664]]], "102": [[[500.0], [0.0043309542040030164, -0.01229798871328671]], [[500.0], [0.0043309542040030164, -0.01229798871328671]], [[500.0], [0.0043309542040030164, -0.01229798871328671]], [[500.0], [0.0043309542040030164, -0.01229798871328671]], [[500.0], [0.0482809233168761, -0.012748109390647218]], [[500.0], [0.0043309542040030164, -0.01229798871328671]], [[500.0], [0.0043309542040030164, -0.01229798871328671]], [[500.0], [0.0043309542040030164, -0.01229798871328671]], [[500.0], [0.0482809233168761, -0.012748109390647218]], [[500.0], [0.0043309542040030164, -0.01229798871328671]], [[500.0], [0.0043309542040030164, -0.01229798871328671]], [[500.0], [0.0043309542040030164, -0.01229798871328671]], [[500.0], [0.0043309542040030164, -0.01229798871328671]], [[500.0], [0.0043309542040030164, -0.01229798871328671]], [[500.0], [0.0043309542040030164, -0.01229798871328671]], [[500.0], [0.0043309542040030164, -0.01229798871328671]], [[500.0], [0.0043309542040030164, -0.01229798871328671]], [[500.0], [0.0043309542040030164, -0.01229798871328671]], [[500.0], [0.0043309542040030164, -0.01229798871328671]], [[500.0], [0.0043309542040030164, -0.01229798871328671]], [[500.0], [0.0043309542040030164, -0.01229798871328671]], [[500.0], [0.0043309542040030164, -0.01229798871328671]], [[500.0], [0.0043309542040030164, -0.01229798871328671]], [[500.0], [0.0043309542040030164, -0.01229798871328671]], [[500.0], [0.0043309542040030164, -0.01229798871328671]], [[500.0], [0.0482809233168761, -0.012748109390647218]], [[500.0], [0.0043309542040030164, -0.01229798871328671]], [[500.0], [0.0043309542040030164, -0.01229798871328671]], [[500.0], [0.0043309542040030164, -0.01229798871328671]], [[500.0], [0.0043309542040030164, -0.01229798871328671]]], "101": [[[500.0], [0.004351020324975252, -0.017341646325716564]], [[500.0], [0.004351020324975252, -0.017341646325716564]], [[500.0], [0.004351020324975252, -0.017341646325716564]], [[500.0], [0.004351020324975252, -0.017341646325716564]], [[500.0], [0.004351020324975252, -0.017341646325716564]], [[498.0], [0.010432785687347254, -0.022427194515626397]], [[500.0], [0.004351020324975252, -0.017341646325716564]], [[500.0], [0.004351020324975252, -0.017341646325716564]], [[198.5], [0.2233552187681198, -0.5020103885226272]], [[498.0], [0.010432785687347254, -0.022427194515626397]], [[500.0], [0.004351020324975252, -0.017341646325716564]], [[500.0], [0.004351020324975252, -0.017341646325716564]], [[500.0], [0.004351020324975252, -0.017341646325716564]], [[500.0], [0.004351020324975252, -0.017341646325716564]], [[498.0], [0.010432785687347254, -0.022427194515626397]], [[500.0], [0.004351020324975252, -0.017341646325716564]], [[500.0], [0.004351020324975252, -0.017341646325716564]], [[500.0], [0.004351020324975252, -0.017341646325716564]], [[9.2], [0.03666744567453861, -0.5957981901305714]], [[500.0], [0.004351020324975252, -0.017341646325716564]], [[500.0], [0.004351020324975252, -0.017341646325716564]], [[500.0], [0.004351020324975252, -0.017341646325716564]], [[500.0], [0.004351020324975252, -0.017341646325716564]], [[500.0], [0.004351020324975252, -0.017341646325716564]], [[500.0], [0.004351020324975252, -0.017341646325716564]], [[498.0], [0.010432785687347254, -0.022427194515626397]], [[500.0], [0.004351020324975252, -0.017341646325716564]], [[500.0], [0.004351020324975252, -0.017341646325716564]], [[498.0], [0.010432785687347254, -0.022427194515626397]], [[498.0], [0.010432785687347254, -0.022427194515626397]]]}