{"103": [[[500.0], [0.01793043843160073, -0.00225659069921554]], [[500.0], [0.01793043843160073, -0.00225659069921554]], [[500.0], [0.01793043843160073, -0.00225659069921554]], [[500.0], [0.01793043843160073, -0.00225659069921554]], [[500.0], [0.01793043843160073, -0.00225659069921554]], [[500.0], [0.01793043843160073, -0.00225659069921554]], [[49.9], [0.01109771973763903, 0.5041796125863728]], [[500.0], [0.01793043843160073, -0.00225659069921554]], [[500.0], [0.01793043843160073, -0.00225659069921554]], [[500.0], [0.01793043843160073, -0.00225659069921554]], [[500.0], [0.01793043843160073, -0.00225659069921554]], [[487.5], [0.02090143660704295, 0.01291845564209103]], [[500.0], [0.007261123973876238, 0.013233356302577343]], [[500.0], [0.01793043843160073, -0.00225659069921554]], [[500.0], [0.01793043843160073, -0.00225659069921554]], [[500.0], [0.01793043843160073, -0.00225659069921554]], [[500.0], [0.007261123973876238, 0.013233356302577343]], [[500.0], [0.01793043843160073, -0.00225659069921554]], [[500.0], [0.01793043843160073, -0.00225659069921554]], [[500.0], [0.01793043843160073, -0.00225659069921554]], [[500.0], [0.01793043843160073, -0.00225659069921554]], [[500.0], [0.01793043843160073, -0.00225659069921554]], [[500.0], [0.007261123973876238, 0.013233356302577343]], [[500.0], [0.007261123973876238, 0.013233356302577343]], [[500.0], [0.01793043843160073, -0.00225659069921554]], [[500.0], [0.01793043843160073, -0.00225659069921554]], [[500.0], [0.01793043843160073, -0.00225659069921554]], [[500.0], [0.01793043843160073, -0.00225659069921554]], [[500.0], [0.01793043843160073, -0.00225659069921554]], [[500.0], [0.01793043843160073, -0.00225659069921554]]], "101": [[[500.0], [0.036095393200715385, 0.00292238440703262]], [[500.0], [0.036095393200715385, 0.00292238440703262]], [[500.0], [0.036095393200715385, 0.00292238440703262]], [[500.0], [0.036095393200715385, 0.00292238440703262]], [[500.0], [0.052784308791160583, -0.00186144367626837]], [[500.0], [0.036095393200715385, 0.00292238440703262]], [[500.0], [0.036095393200715385, 0.00292238440703262]], [[500.0], [0.036095393200715385, 0.00292238440703262]], [[500.0], [0.052784308791160583, -0.00186144367626837]], [[500.0], [0.036095393200715385, 0.00292238440703262]], [[500.0], [0.036095393200715385, 0.00292238440703262]], [[500.0], [0.036095393200715385, 0.00292238440703262]], [[500.0], [0.036095393200715385, 0.00292238440703262]], [[500.0], [0.036095393200715385, 0.00292238440703262]], [[500.0], [0.036095393200715385, 0.00292238440703262]], [[500.0], [0.036095393200715385, 0.00292238440703262]], [[500.0], [0.052784308791160583, -0.00186144367626837]], [[500.0], [0.036095393200715385, 0.00292238440703262]], [[500.0], [0.036095393200715385, 0.00292238440703262]], [[500.0], [0.036095393200715385, 0.00292238440703262]], [[500.0], [0.036095393200715385, 0.00292238440703262]], [[500.0], [0.036095393200715385, 0.00292238440703262]], [[500.0], [0.036095393200715385, 0.00292238440703262]], [[500.0], [0.036095393200715385, 0.00292238440703262]], [[500.0], [0.036095393200715385, 0.00292238440703262]], [[500.0], [0.036095393200715385, 0.00292238440703262]], [[500.0], [0.036095393200715385, 0.00292238440703262]], [[500.0], [0.036095393200715385, 0.00292238440703262]], [[500.0], [0.036095393200715385, 0.00292238440703262]], [[500.0], [0.036095393200715385, 0.00292238440703262]]], "102": [[[418.7], [0.005787345192705592, 0.0015364484427024445]], [[418.7], [0.005787345192705592, 0.0015364484427024445]], [[418.7], [0.005787345192705592, 0.0015364484427024445]], [[418.7], [0.005787345192705592, 0.0015364484427024445]], [[418.7], [0.005787345192705592, 0.0015364484427024445]], [[418.7], [0.005787345192705592, 0.0015364484427024445]], [[418.7], [0.005787345192705592, 0.0015364484427024445]], [[418.7], [0.005787345192705592, 0.0015364484427024445]], [[500.0], [0.0012350172619335353, 0.004173861927927681]], [[395.4], [0.5030702551205953, 0.13587000873385435]], [[418.7], [0.005787345192705592, 0.0015364484427024445]], [[418.7], [0.005787345192705592, 0.0015364484427024445]], [[418.7], [0.005787345192705592, 0.0015364484427024445]], [[418.7], [0.005787345192705592, 0.0015364484427024445]], [[500.0], [0.0012350172619335353, 0.004173861927927681]], [[418.7], [0.005787345192705592, 0.0015364484427024445]], [[418.7], [0.005787345192705592, 0.0015364484427024445]], [[418.7], [0.005787345192705592, 0.0015364484427024445]], [[418.7], [0.005787345192705592, 0.0015364484427024445]], [[418.7], [0.005787345192705592, 0.0015364484427024445]], [[418.7], [0.005787345192705592, 0.0015364484427024445]], [[418.7], [0.005787345192705592, 0.0015364484427024445]], [[418.7], [0.005787345192705592, 0.0015364484427024445]], [[500.0], [0.0012350172619335353, 0.004173861927927681]], [[395.4], [0.5030702551205953, 0.13587000873385435]], [[418.7], [0.005787345192705592, 0.0015364484427024445]], [[418.7], [0.005787345192705592, 0.0015364484427024445]], [[500.0], [0.0012350172619335353, 0.004173861927927681]], [[418.7], [0.005787345192705592, 0.0015364484427024445]], [[500.0], [0.0012350172619335353, 0.004173861927927681]]]}