{"103": [[[98.6], [-0.1628413423895836, 0.5665225061503324]], [[127.1], [0.1259825999538104, 0.510139542333247]], [[220.9], [-0.02121724964429935, -0.5063669461953013]], [[220.9], [-0.02121724964429935, -0.5063669461953013]], [[99.9], [0.030636293813586235, 0.5385585164909729]], [[99.9], [0.030636293813586235, 0.5385585164909729]], [[108.5], [-0.09703054403265318, 0.5044131829407797]], [[108.5], [-0.09703054403265318, 0.5044131829407797]], [[220.9], [-0.02121724964429935, -0.5063669461953013]], [[220.9], [-0.02121724964429935, -0.5063669461953013]], [[146.1], [0.09482298667232196, 0.5051898970558313]], [[146.1], [0.09482298667232196, 0.5051898970558313]], [[108.5], [-0.09703054403265318, 0.5044131829407797]], [[234.1], [0.3073327740033468, 0.5151618753323715]], [[390.1], [0.04676553731163343, -0.01275786822528075]], [[220.9], [-0.02121724964429935, -0.5063669461953013]], [[146.1], [0.09482298667232196, 0.5051898970558313]], [[220.9], [-0.02121724964429935, -0.5063669461953013]], [[146.1], [0.09482298667232196, 0.5051898970558313]], [[124.2], [0.11279158294200897, 0.5280331989224448]], [[146.1], [0.09482298667232196, 0.5051898970558313]], [[390.1], [0.04676553731163343, -0.01275786822528075]], [[127.1], [0.1259825999538104, 0.510139542333247]], [[220.9], [-0.02121724964429935, -0.5063669461953013]], [[57.8], [0.034098069493969284, 0.5260516653220619]], [[99.9], [0.030636293813586235, 0.5385585164909729]], [[98.6], [-0.1628413423895836, 0.5665225061503324]], [[234.1], [0.3073327740033468, 0.5151618753323715]], [[390.1], [0.04676553731163343, -0.01275786822528075]], [[146.1], [0.09482298667232196, 0.5051898970558313]]], "102": [[[157.3], [0.5028789738814037, 0.0030846406291261245]], [[157.3], [0.5028789738814037, 0.0030846406291261245]], [[114.4], [0.08953341593345007, 0.5031545695505645]], [[500.0], [-0.0048688193783164024, 0.015896821893644674]], [[112.6], [0.20453183601299924, 0.501659712152618]], [[426.4], [0.5063639581203461, 0.2572860693532314]], [[157.3], [0.5028789738814037, 0.0030846406291261245]], [[157.3], [0.5028789738814037, 0.0030846406291261245]], [[157.3], [0.5028789738814037, 0.0030846406291261245]], [[500.0], [-0.0048688193783164024, 0.015896821893644674]], [[137.7], [0.19056535015503567, 0.5169604240992423]], [[114.4], [0.08953341593345007, 0.5031545695505645]], [[157.3], [0.5028789738814037, 0.0030846406291261245]], [[114.4], [0.08953341593345007, 0.5031545695505645]], [[157.3], [0.5028789738814037, 0.0030846406291261245]], [[157.3], [0.5028789738814037, 0.0030846406291261245]], [[114.4], [0.08953341593345007, 0.5031545695505645]], [[96.0], [0.12902821103731793, -0.5497097897757754]], [[157.3], [0.5028789738814037, 0.0030846406291261245]], [[157.3], [0.5028789738814037, 0.0030846406291261245]], [[157.3], [0.5028789738814037, 0.0030846406291261245]], [[112.6], [0.20453183601299924, 0.501659712152618]], [[112.6], [0.20453183601299924, 0.501659712152618]], [[426.4], [0.5063639581203461, 0.2572860693532314]], [[112.6], [0.20453183601299924, 0.501659712152618]], [[157.3], [0.5028789738814037, 0.0030846406291261245]], [[96.0], [0.12902821103731793, -0.5497097897757754]], [[500.0], [-0.0048688193783164024, 0.015896821893644674]], [[426.4], [0.5063639581203461, 0.2572860693532314]], [[426.4], [0.5063639581203461, 0.2572860693532314]]], "101": [[[278.5], [0.09923305362462997, -0.5059743112924567]], [[52.7], [0.014540571719408035, 0.5102170782796503]], [[278.5], [0.09923305362462997, -0.5059743112924567]], [[278.5], [0.09923305362462997, -0.5059743112924567]], [[87.9], [0.037809383744994804, 0.5170256255916431]], [[396.3], [0.06942097097635269, 0.006588264457596261]], [[130.5], [0.06824256231387457, -0.5053083933711623]], [[500.0], [-0.006693293495724599, 0.09315828102057061]], [[87.5], [0.061825066804885864, -0.5222270577147817]], [[278.5], [0.09923305362462997, -0.5059743112924567]], [[57.4], [0.01959145379563173, 0.5194538731894425]], [[115.5], [0.13437913109858832, 0.5231948489207401]], [[278.5], [0.09923305362462997, -0.5059743112924567]], [[323.9], [-0.02029326433936755, 0.08322256639528502]], [[57.4], [0.01959145379563173, 0.5194538731894425]], [[278.5], [0.09923305362462997, -0.5059743112924567]], [[278.5], [0.09923305362462997, -0.5059743112924567]], [[396.3], [0.06942097097635269, 0.006588264457596261]], [[500.0], [-0.006693293495724599, 0.09315828102057061]], [[396.3], [0.06942097097635269, 0.006588264457596261]], [[396.3], [0.06942097097635269, 0.006588264457596261]], [[396.3], [0.06942097097635269, 0.006588264457596261]], [[115.5], [0.13437913109858832, 0.5231948489207401]], [[115.5], [0.13437913109858832, 0.5231948489207401]], [[278.5], [0.09923305362462997, -0.5059743112924567]], [[87.9], [0.037809383744994804, 0.5170256255916431]], [[57.4], [0.01959145379563173, 0.5194538731894425]], [[87.5], [0.061825066804885864, -0.5222270577147817]], [[278.5], [0.09923305362462997, -0.5059743112924567]], [[278.5], [0.09923305362462997, -0.5059743112924567]]]}