{"103": [[[493.5], [0.11086605489253998, -0.1272579663963409]], [[493.5], [0.11086605489253998, -0.1272579663963409]], [[493.5], [0.11086605489253998, -0.1272579663963409]], [[493.5], [0.11086605489253998, -0.1272579663963409]], [[493.5], [0.11086605489253998, -0.1272579663963409]], [[76.9], [0.047332451989253364, 0.5182221032786027]], [[493.5], [0.11086605489253998, -0.1272579663963409]], [[493.5], [0.11086605489253998, -0.1272579663963409]], [[493.5], [0.11086605489253998, -0.1272579663963409]], [[493.5], [0.11086605489253998, -0.1272579663963409]], [[493.5], [0.11086605489253998, -0.1272579663963409]], [[493.5], [0.11086605489253998, -0.1272579663963409]], [[493.5], [0.11086605489253998, -0.1272579663963409]], [[493.5], [0.11086605489253998, -0.1272579663963409]], [[493.5], [0.11086605489253998, -0.1272579663963409]], [[493.5], [0.11086605489253998, -0.1272579663963409]], [[493.5], [0.11086605489253998, -0.1272579663963409]], [[493.5], [0.11086605489253998, -0.1272579663963409]], [[493.5], [0.11086605489253998, -0.1272579663963409]], [[493.5], [0.11086605489253998, -0.1272579663963409]], [[493.5], [0.11086605489253998, -0.1272579663963409]], [[493.5], [0.11086605489253998, -0.1272579663963409]], [[493.5], [0.11086605489253998, -0.1272579663963409]], [[493.5], [0.11086605489253998, -0.1272579663963409]], [[493.5], [0.11086605489253998, -0.1272579663963409]], [[493.5], [0.11086605489253998, -0.1272579663963409]], [[493.5], [0.11086605489253998, -0.1272579663963409]], [[493.5], [0.11086605489253998, -0.1272579663963409]], [[493.5], [0.11086605489253998, -0.1272579663963409]], [[493.5], [0.11086605489253998, -0.1272579663963409]]], "101": [[[500.0], [0.0043309542040030164, -0.01229798871328671]], [[500.0], [0.0043309542040030164, -0.01229798871328671]], [[500.0], [0.0043309542040030164, -0.01229798871328671]], [[500.0], [0.06337877362966537, 0.0016000053598033042]], [[500.0], [0.0043309542040030164, -0.01229798871328671]], [[500.0], [0.0043309542040030164, -0.01229798871328671]], [[500.0], [0.0043309542040030164, -0.01229798871328671]], [[500.0], [0.0043309542040030164, -0.01229798871328671]], [[500.0], [0.0043309542040030164, -0.01229798871328671]], [[500.0], [0.0043309542040030164, -0.01229798871328671]], [[500.0], [0.06337877362966537, 0.0016000053598033042]], [[500.0], [0.0043309542040030164, -0.01229798871328671]], [[500.0], [0.0043309542040030164, -0.01229798871328671]], [[500.0], [0.0043309542040030164, -0.01229798871328671]], [[500.0], [0.0043309542040030164, -0.01229798871328671]], [[500.0], [0.0043309542040030164, -0.01229798871328671]], [[500.0], [0.0043309542040030164, -0.01229798871328671]], [[500.0], [0.0043309542040030164, -0.01229798871328671]], [[500.0], [0.0043309542040030164, -0.01229798871328671]], [[500.0], [0.0043309542040030164, -0.01229798871328671]], [[500.0], [0.0043309542040030164, -0.01229798871328671]], [[500.0], [0.0043309542040030164, -0.01229798871328671]], [[500.0], [0.0043309542040030164, -0.01229798871328671]], [[500.0], [0.06337877362966537, 0.0016000053598033042]], [[500.0], [0.0043309542040030164, -0.01229798871328671]], [[500.0], [0.0043309542040030164, -0.01229798871328671]], [[500.0], [0.0043309542040030164, -0.01229798871328671]], [[500.0], [0.0043309542040030164, -0.01229798871328671]], [[500.0], [0.0043309542040030164, -0.01229798871328671]], [[500.0], [0.0043309542040030164, -0.01229798871328671]]], "102": [[[476.8], [-0.05391709506511688, 0.1552377127859581]], [[476.8], [-0.05391709506511688, 0.1552377127859581]], [[476.8], [-0.05391709506511688, 0.1552377127859581]], [[476.8], [-0.05391709506511688, 0.1552377127859581]], [[476.8], [-0.05391709506511688, 0.1552377127859581]], [[476.8], [-0.05391709506511688, 0.1552377127859581]], [[500.0], [-0.014235386624932289, 0.08423632661406504]], [[476.8], [-0.05391709506511688, 0.1552377127859581]], [[476.8], [-0.05391709506511688, 0.1552377127859581]], [[476.8], [-0.05391709506511688, 0.1552377127859581]], [[476.8], [-0.05391709506511688, 0.1552377127859581]], [[476.8], [-0.05391709506511688, 0.1552377127859581]], [[476.8], [-0.05391709506511688, 0.1552377127859581]], [[476.8], [-0.05391709506511688, 0.1552377127859581]], [[500.0], [-0.014235386624932289, 0.08423632661406504]], [[476.8], [-0.05391709506511688, 0.1552377127859581]], [[476.8], [-0.05391709506511688, 0.1552377127859581]], [[476.8], [-0.05391709506511688, 0.1552377127859581]], [[476.8], [-0.05391709506511688, 0.1552377127859581]], [[476.8], [-0.05391709506511688, 0.1552377127859581]], [[476.8], [-0.05391709506511688, 0.1552377127859581]], [[476.8], [-0.05391709506511688, 0.1552377127859581]], [[476.8], [-0.05391709506511688, 0.1552377127859581]], [[476.8], [-0.05391709506511688, 0.1552377127859581]], [[476.8], [-0.05391709506511688, 0.1552377127859581]], [[476.8], [-0.05391709506511688, 0.1552377127859581]], [[476.8], [-0.05391709506511688, 0.1552377127859581]], [[476.8], [-0.05391709506511688, 0.1552377127859581]], [[476.8], [-0.05391709506511688, 0.1552377127859581]], [[476.8], [-0.05391709506511688, 0.1552377127859581]]]}