{"103": [[[396.3], [0.06942097097635269, 0.006588264457596261]], [[452.6], [-0.00030264808932164067, 0.009849037012557665]], [[396.3], [0.06942097097635269, 0.006588264457596261]], [[452.6], [-0.00030264808932164067, 0.009849037012557665]], [[396.3], [0.06942097097635269, 0.006588264457596261]], [[396.3], [0.06942097097635269, 0.006588264457596261]], [[396.3], [0.06942097097635269, 0.006588264457596261]], [[500.0], [-0.0016889154600600402, -0.022562759879388307]], [[396.3], [0.06942097097635269, 0.006588264457596261]], [[396.3], [0.06942097097635269, 0.006588264457596261]], [[500.0], [-0.0016889154600600402, -0.022562759879388307]], [[452.6], [-0.00030264808932164067, 0.009849037012557665]], [[396.3], [0.06942097097635269, 0.006588264457596261]], [[396.3], [0.06942097097635269, 0.006588264457596261]], [[396.3], [0.06942097097635269, 0.006588264457596261]], [[396.3], [0.06942097097635269, 0.006588264457596261]], [[500.0], [-0.0016889154600600402, -0.022562759879388307]], [[396.3], [0.06942097097635269, 0.006588264457596261]], [[396.3], [0.06942097097635269, 0.006588264457596261]], [[396.3], [0.06942097097635269, 0.006588264457596261]], [[500.0], [-0.0016889154600600402, -0.022562759879388307]], [[396.3], [0.06942097097635269, 0.006588264457596261]], [[396.3], [0.06942097097635269, 0.006588264457596261]], [[500.0], [0.019346467840174835, 0.022927657857038188]], [[500.0], [0.019346467840174835, 0.022927657857038188]], [[396.3], [0.06942097097635269, 0.006588264457596261]], [[396.3], [0.06942097097635269, 0.006588264457596261]], [[452.6], [-0.00030264808932164067, 0.009849037012557665]], [[500.0], [-0.0016889154600600402, -0.022562759879388307]], [[500.0], [0.019346467840174835, 0.022927657857038188]]], "102": [[[418.1], [0.020930754641691845, 0.005494613806454189]], [[418.1], [0.020930754641691845, 0.005494613806454189]], [[415.6], [0.0027914781821891665, -0.006213802599201077]], [[415.6], [0.0027914781821891665, -0.006213802599201077]], [[415.6], [0.0027914781821891665, -0.006213802599201077]], [[197.7], [0.34285294512907666, 0.5193447881338129]], [[418.1], [0.020930754641691845, 0.005494613806454189]], [[415.6], [0.0027914781821891665, -0.006213802599201077]], [[418.1], [0.020930754641691845, 0.005494613806454189]], [[418.1], [0.020930754641691845, 0.005494613806454189]], [[415.6], [0.0027914781821891665, -0.006213802599201077]], [[415.6], [0.0027914781821891665, -0.006213802599201077]], [[418.1], [0.020930754641691845, 0.005494613806454189]], [[67.6], [0.049375249072909355, 0.5215736524910448]], [[415.6], [0.0027914781821891665, -0.006213802599201077]], [[415.6], [0.0027914781821891665, -0.006213802599201077]], [[197.7], [0.34285294512907666, 0.5193447881338129]], [[418.1], [0.020930754641691845, 0.005494613806454189]], [[415.6], [0.0027914781821891665, -0.006213802599201077]], [[415.6], [0.0027914781821891665, -0.006213802599201077]], [[197.7], [0.34285294512907666, 0.5193447881338129]], [[415.6], [0.0027914781821891665, -0.006213802599201077]], [[418.1], [0.020930754641691845, 0.005494613806454189]], [[418.1], [0.020930754641691845, 0.005494613806454189]], [[415.6], [0.0027914781821891665, -0.006213802599201077]], [[197.7], [0.34285294512907666, 0.5193447881338129]], [[415.6], [0.0027914781821891665, -0.006213802599201077]], [[418.1], [0.020930754641691845, 0.005494613806454189]], [[415.6], [0.0027914781821891665, -0.006213802599201077]], [[415.6], [0.0027914781821891665, -0.006213802599201077]]], "101": [[[486.6], [0.030097858980298042, -0.013351150783910706]], [[486.6], [0.030097858980298042, -0.013351150783910706]], [[486.6], [0.030097858980298042, -0.013351150783910706]], [[486.6], [0.030097858980298042, -0.013351150783910706]], [[486.6], [0.030097858980298042, -0.013351150783910706]], [[486.6], [0.030097858980298042, -0.013351150783910706]], [[486.6], [0.030097858980298042, -0.013351150783910706]], [[500.0], [0.011832908106346926, 0.006785958283469438]], [[486.6], [0.030097858980298042, -0.013351150783910706]], [[486.6], [0.030097858980298042, -0.013351150783910706]], [[486.6], [0.030097858980298042, -0.013351150783910706]], [[486.6], [0.030097858980298042, -0.013351150783910706]], [[486.6], [0.030097858980298042, -0.013351150783910706]], [[486.6], [0.030097858980298042, -0.013351150783910706]], [[486.6], [0.030097858980298042, -0.013351150783910706]], [[486.6], [0.030097858980298042, -0.013351150783910706]], [[486.6], [0.030097858980298042, -0.013351150783910706]], [[500.0], [0.011832908106346926, 0.006785958283469438]], [[500.0], [0.011832908106346926, 0.006785958283469438]], [[486.6], [0.030097858980298042, -0.013351150783910706]], [[486.6], [0.030097858980298042, -0.013351150783910706]], [[486.6], [0.030097858980298042, -0.013351150783910706]], [[486.6], [0.030097858980298042, -0.013351150783910706]], [[486.6], [0.030097858980298042, -0.013351150783910706]], [[486.6], [0.030097858980298042, -0.013351150783910706]], [[486.6], [0.030097858980298042, -0.013351150783910706]], [[500.0], [0.011832908106346926, 0.006785958283469438]], [[500.0], [0.011832908106346926, 0.006785958283469438]], [[486.6], [0.030097858980298042, -0.013351150783910706]], [[486.6], [0.030097858980298042, -0.013351150783910706]]]}