{"103": [[[469.4], [0.4526977241039276, 0.040039032448136634]], [[469.4], [0.4526977241039276, 0.040039032448136634]], [[500.0], [0.026980610564351082, 0.008531737488886101]], [[480.0], [-0.2095521738131841, 0.039574699075313274]], [[500.0], [0.026980610564351082, 0.008531737488886101]], [[500.0], [0.026980610564351082, 0.008531737488886101]], [[500.0], [0.026980610564351082, 0.008531737488886101]], [[469.4], [0.4526977241039276, 0.040039032448136634]], [[480.0], [-0.2095521738131841, 0.039574699075313274]], [[469.4], [0.4526977241039276, 0.040039032448136634]], [[500.0], [0.026980610564351082, 0.008531737488886101]], [[500.0], [0.026980610564351082, 0.008531737488886101]], [[500.0], [0.026980610564351082, 0.008531737488886101]], [[500.0], [0.026980610564351082, 0.008531737488886101]], [[396.3], [0.06942097097635269, 0.006588264457596261]], [[500.0], [0.026980610564351082, 0.008531737488886101]], [[500.0], [0.026980610564351082, 0.008531737488886101]], [[500.0], [0.026980610564351082, 0.008531737488886101]], [[469.4], [0.4526977241039276, 0.040039032448136634]], [[469.4], [0.4526977241039276, 0.040039032448136634]], [[500.0], [0.026980610564351082, 0.008531737488886101]], [[500.0], [0.026980610564351082, 0.008531737488886101]], [[500.0], [0.026980610564351082, 0.008531737488886101]], [[396.3], [0.06942097097635269, 0.006588264457596261]], [[469.4], [0.4526977241039276, 0.040039032448136634]], [[480.0], [-0.2095521738131841, 0.039574699075313274]], [[469.4], [0.4526977241039276, 0.040039032448136634]], [[500.0], [0.026980610564351082, 0.008531737488886101]], [[469.4], [0.4526977241039276, 0.040039032448136634]], [[500.0], [0.026980610564351082, 0.008531737488886101]]], "101": [[[500.0], [0.008798586204648018, 0.0076473609245778845]], [[500.0], [0.008798586204648018, 0.0076473609245778845]], [[500.0], [0.008798586204648018, 0.0076473609245778845]], [[500.0], [0.008798586204648018, 0.0076473609245778845]], [[500.0], [0.008798586204648018, 0.0076473609245778845]], [[500.0], [0.008798586204648018, 0.0076473609245778845]], [[500.0], [0.008798586204648018, 0.0076473609245778845]], [[500.0], [0.008798586204648018, 0.0076473609245778845]], [[500.0], [0.008798586204648018, 0.0076473609245778845]], [[500.0], [0.008798586204648018, 0.0076473609245778845]], [[500.0], [0.008798586204648018, 0.0076473609245778845]], [[500.0], [0.008798586204648018, 0.0076473609245778845]], [[500.0], [0.008798586204648018, 0.0076473609245778845]], [[500.0], [0.008798586204648018, 0.0076473609245778845]], [[500.0], [0.008798586204648018, 0.0076473609245778845]], [[500.0], [0.008798586204648018, 0.0076473609245778845]], [[500.0], [0.008798586204648018, 0.0076473609245778845]], [[500.0], [0.008798586204648018, 0.0076473609245778845]], [[500.0], [0.008798586204648018, 0.0076473609245778845]], [[500.0], [0.008798586204648018, 0.0076473609245778845]], [[500.0], [0.008798586204648018, 0.0076473609245778845]], [[73.9], [0.037809383744994804, 0.5170256255916431]], [[500.0], [0.008798586204648018, 0.0076473609245778845]], [[500.0], [0.008798586204648018, 0.0076473609245778845]], [[500.0], [0.008798586204648018, 0.0076473609245778845]], [[500.0], [0.008798586204648018, 0.0076473609245778845]], [[500.0], [0.008798586204648018, 0.0076473609245778845]], [[500.0], [0.008798586204648018, 0.0076473609245778845]], [[500.0], [0.008798586204648018, 0.0076473609245778845]], [[500.0], [0.008798586204648018, 0.0076473609245778845]]], "102": [[[62.0], [0.025149181795616947, 0.5237394899272463]], [[500.0], [0.030053748438755672, -0.002184970628550392]], [[500.0], [0.030053748438755672, -0.002184970628550392]], [[500.0], [0.030053748438755672, -0.002184970628550392]], [[500.0], [0.030053748438755672, -0.002184970628550392]], [[500.0], [0.030053748438755672, -0.002184970628550392]], [[500.0], [0.030053748438755672, -0.002184970628550392]], [[500.0], [0.030053748438755672, -0.002184970628550392]], [[500.0], [0.030053748438755672, -0.002184970628550392]], [[500.0], [0.030053748438755672, -0.002184970628550392]], [[500.0], [0.030053748438755672, -0.002184970628550392]], [[500.0], [0.030053748438755672, -0.002184970628550392]], [[500.0], [0.030053748438755672, -0.002184970628550392]], [[500.0], [0.030053748438755672, -0.002184970628550392]], [[500.0], [0.030053748438755672, -0.002184970628550392]], [[500.0], [0.030053748438755672, -0.002184970628550392]], [[500.0], [0.030053748438755672, -0.002184970628550392]], [[500.0], [0.030053748438755672, -0.002184970628550392]], [[500.0], [0.030053748438755672, -0.002184970628550392]], [[500.0], [0.030053748438755672, -0.002184970628550392]], [[500.0], [0.030053748438755672, -0.002184970628550392]], [[500.0], [0.030053748438755672, -0.002184970628550392]], [[96.8], [0.0954217960437139, 0.5284040168141635]], [[500.0], [0.030053748438755672, -0.002184970628550392]], [[500.0], [0.030053748438755672, -0.002184970628550392]], [[500.0], [0.030053748438755672, -0.002184970628550392]], [[500.0], [0.030053748438755672, -0.002184970628550392]], [[500.0], [0.030053748438755672, -0.002184970628550392]], [[500.0], [0.030053748438755672, -0.002184970628550392]], [[500.0], [0.030053748438755672, -0.002184970628550392]]]}