{"103": [[[329.1], [0.5033152302106222, -0.44169366074521005]], [[329.1], [0.5033152302106222, -0.44169366074521005]], [[395.8], [0.39937627812226617, 0.5091358885240327]], [[475.3], [-0.16389861702919006, -0.008540249732657199]], [[329.1], [0.5033152302106222, -0.44169366074521005]], [[329.1], [0.5033152302106222, -0.44169366074521005]], [[329.1], [0.5033152302106222, -0.44169366074521005]], [[475.3], [-0.16389861702919006, -0.008540249732657199]], [[329.1], [0.5033152302106222, -0.44169366074521005]], [[395.8], [0.39937627812226617, 0.5091358885240327]], [[329.1], [0.5033152302106222, -0.44169366074521005]], [[395.8], [0.39937627812226617, 0.5091358885240327]], [[329.1], [0.5033152302106222, -0.44169366074521005]], [[329.1], [0.5033152302106222, -0.44169366074521005]], [[329.1], [0.5033152302106222, -0.44169366074521005]], [[329.1], [0.5033152302106222, -0.44169366074521005]], [[329.1], [0.5033152302106222, -0.44169366074521005]], [[184.6], [0.1551699886719386, 0.5113708844595549]], [[329.1], [0.5033152302106222, -0.44169366074521005]], [[329.1], [0.5033152302106222, -0.44169366074521005]], [[329.1], [0.5033152302106222, -0.44169366074521005]], [[395.8], [0.39937627812226617, 0.5091358885240327]], [[329.1], [0.5033152302106222, -0.44169366074521005]], [[329.1], [0.5033152302106222, -0.44169366074521005]], [[184.6], [0.1551699886719386, 0.5113708844595549]], [[475.3], [-0.16389861702919006, -0.008540249732657199]], [[329.1], [0.5033152302106222, -0.44169366074521005]], [[329.1], [0.5033152302106222, -0.44169366074521005]], [[329.1], [0.5033152302106222, -0.44169366074521005]], [[329.1], [0.5033152302106222, -0.44169366074521005]]], "101": [[[180.4], [-0.05480817208687465, 0.5056907614452417]], [[323.0], [0.5062662561734518, 0.38924766927244564]], [[9.5], [0.03341943956911564, -0.5401550083639519]], [[337.8], [0.3099970022837321, 0.5042561147201575]], [[332.5], [0.01781830874582132, 0.026149628461120233]], [[323.0], [0.5062662561734518, 0.38924766927244564]], [[192.8], [0.02507053160419067, 0.5363478686250568]], [[332.5], [0.01781830874582132, 0.026149628461120233]], [[323.0], [0.5062662561734518, 0.38924766927244564]], [[323.0], [0.5062662561734518, 0.38924766927244564]], [[337.8], [0.3099970022837321, 0.5042561147201575]], [[106.5], [0.14666823049386343, -0.5105894290659416]], [[180.4], [-0.05480817208687465, 0.5056907614452417]], [[323.0], [0.5062662561734518, 0.38924766927244564]], [[323.0], [0.5062662561734518, 0.38924766927244564]], [[337.8], [0.3099970022837321, 0.5042561147201575]], [[337.8], [0.3099970022837321, 0.5042561147201575]], [[112.7], [0.06015535444021225, 0.5222095898463965]], [[337.8], [0.3099970022837321, 0.5042561147201575]], [[337.8], [0.3099970022837321, 0.5042561147201575]], [[128.4], [0.3571647902329763, -0.5157328250875884]], [[337.8], [0.3099970022837321, 0.5042561147201575]], [[337.8], [0.3099970022837321, 0.5042561147201575]], [[192.8], [0.02507053160419067, 0.5363478686250568]], [[323.0], [0.5062662561734518, 0.38924766927244564]], [[323.0], [0.5062662561734518, 0.38924766927244564]], [[337.8], [0.3099970022837321, 0.5042561147201575]], [[323.0], [0.5062662561734518, 0.38924766927244564]], [[323.0], [0.5062662561734518, 0.38924766927244564]], [[337.8], [0.3099970022837321, 0.5042561147201575]]], "102": [[[409.6], [0.25190522273381555, -0.5823886423019702]], [[149.0], [0.14679186046123505, 0.5165706410932769]], [[313.5], [0.011896234937012196, -0.009256334302492404]], [[149.0], [0.14679186046123505, 0.5165706410932769]], [[131.3], [-0.02387092293550571, -0.5050986720044077]], [[248.6], [0.3363508482774099, 0.5252335987022619]], [[500.0], [0.003126888768747449, -0.09096642002534638]], [[313.5], [0.011896234937012196, -0.009256334302492404]], [[248.6], [0.3363508482774099, 0.5252335987022619]], [[248.6], [0.3363508482774099, 0.5252335987022619]], [[149.0], [0.14679186046123505, 0.5165706410932769]], [[500.0], [0.003126888768747449, -0.09096642002534638]], [[248.6], [0.3363508482774099, 0.5252335987022619]], [[149.0], [0.14679186046123505, 0.5165706410932769]], [[149.0], [0.14679186046123505, 0.5165706410932769]], [[372.1], [0.24932456513245901, 0.5150326844037435]], [[500.0], [0.003126888768747449, -0.09096642002534638]], [[149.0], [0.14679186046123505, 0.5165706410932769]], [[248.6], [0.3363508482774099, 0.5252335987022619]], [[248.6], [0.3363508482774099, 0.5252335987022619]], [[149.0], [0.14679186046123505, 0.5165706410932769]], [[149.0], [0.14679186046123505, 0.5165706410932769]], [[247.5], [0.004266311880201101, 0.004076978479151093]], [[99.0], [0.08325063933928809, 0.5057624866517537]], [[180.4], [-0.4843801259994507, 0.5118339612153159]], [[248.6], [0.3363508482774099, 0.5252335987022619]], [[149.0], [0.14679186046123505, 0.5165706410932769]], [[248.6], [0.3363508482774099, 0.5252335987022619]], [[149.0], [0.14679186046123505, 0.5165706410932769]], [[500.0], [0.003126888768747449, -0.09096642002534638]]]}