{"103": [[[72.9], [-0.08670011535286903, 0.5428810652933623]], [[384.9], [0.11034168303012848, 0.005713638372754937]], [[79.4], [0.04232716436187427, 0.5107939100721807]], [[9.1], [0.03666744567453861, -0.5957981901305714]], [[384.9], [0.11034168303012848, 0.005713638372754937]], [[384.9], [0.11034168303012848, 0.005713638372754937]], [[384.9], [0.11034168303012848, 0.005713638372754937]], [[384.9], [0.11034168303012848, 0.005713638372754937]], [[384.9], [0.11034168303012848, 0.005713638372754937]], [[384.9], [0.11034168303012848, 0.005713638372754937]], [[384.9], [0.11034168303012848, 0.005713638372754937]], [[384.9], [0.11034168303012848, 0.005713638372754937]], [[384.9], [0.11034168303012848, 0.005713638372754937]], [[384.9], [0.11034168303012848, 0.005713638372754937]], [[384.9], [0.11034168303012848, 0.005713638372754937]], [[384.9], [0.11034168303012848, 0.005713638372754937]], [[384.9], [0.11034168303012848, 0.005713638372754937]], [[384.9], [0.11034168303012848, 0.005713638372754937]], [[384.9], [0.11034168303012848, 0.005713638372754937]], [[384.9], [0.11034168303012848, 0.005713638372754937]], [[384.9], [0.11034168303012848, 0.005713638372754937]], [[384.9], [0.11034168303012848, 0.005713638372754937]], [[384.9], [0.11034168303012848, 0.005713638372754937]], [[500.0], [0.06034167483448982, 0.0031816909027299243]], [[384.9], [0.11034168303012848, 0.005713638372754937]], [[384.9], [0.11034168303012848, 0.005713638372754937]], [[500.0], [0.06034167483448982, 0.0031816909027299243]], [[384.9], [0.11034168303012848, 0.005713638372754937]], [[384.9], [0.11034168303012848, 0.005713638372754937]], [[324.9], [0.1613033562898636, 0.529536184226497]]], "102": [[[483.7], [0.16474537551403046, 0.04431331289584557]], [[499.2], [0.09824775780240695, -0.0018400359290549487]], [[483.7], [0.16474537551403046, 0.04431331289584557]], [[499.2], [0.09824775780240695, -0.0018400359290549487]], [[483.7], [0.16474537551403046, 0.04431331289584557]], [[483.7], [0.16474537551403046, 0.04431331289584557]], [[483.7], [0.16474537551403046, 0.04431331289584557]], [[483.7], [0.16474537551403046, 0.04431331289584557]], [[483.7], [0.16474537551403046, 0.04431331289584557]], [[499.2], [0.09824775780240695, -0.0018400359290549487]], [[499.2], [0.09824775780240695, -0.0018400359290549487]], [[499.2], [0.09824775780240695, -0.0018400359290549487]], [[483.7], [0.16474537551403046, 0.04431331289584557]], [[483.7], [0.16474537551403046, 0.04431331289584557]], [[483.7], [0.16474537551403046, 0.04431331289584557]], [[499.2], [0.09824775780240695, -0.0018400359290549487]], [[499.2], [0.09824775780240695, -0.0018400359290549487]], [[483.7], [0.16474537551403046, 0.04431331289584557]], [[499.2], [0.09824775780240695, -0.0018400359290549487]], [[483.7], [0.16474537551403046, 0.04431331289584557]], [[499.2], [0.09824775780240695, -0.0018400359290549487]], [[499.2], [0.09824775780240695, -0.0018400359290549487]], [[483.7], [0.16474537551403046, 0.04431331289584557]], [[499.2], [0.09824775780240695, -0.0018400359290549487]], [[499.2], [0.09824775780240695, -0.0018400359290549487]], [[483.7], [0.16474537551403046, 0.04431331289584557]], [[483.7], [0.16474537551403046, 0.04431331289584557]], [[499.2], [0.09824775780240695, -0.0018400359290549487]], [[499.2], [0.09824775780240695, -0.0018400359290549487]], [[499.2], [0.09824775780240695, -0.0018400359290549487]]], "101": [[[500.0], [0.0012988337160398564, -0.012028430985135325]], [[500.0], [0.0012988337160398564, -0.012028430985135325]], [[500.0], [0.0012988337160398564, -0.012028430985135325]], [[500.0], [0.0012988337160398564, -0.012028430985135325]], [[500.0], [0.0012988337160398564, -0.012028430985135325]], [[500.0], [0.0012988337160398564, -0.012028430985135325]], [[500.0], [0.0012988337160398564, -0.012028430985135325]], [[500.0], [0.0012988337160398564, -0.012028430985135325]], [[500.0], [0.0012988337160398564, -0.012028430985135325]], [[500.0], [0.0012988337160398564, -0.012028430985135325]], [[500.0], [0.0012988337160398564, -0.012028430985135325]], [[500.0], [0.0012988337160398564, -0.012028430985135325]], [[500.0], [0.0012988337160398564, -0.012028430985135325]], [[500.0], [0.0012988337160398564, -0.012028430985135325]], [[500.0], [0.0012988337160398564, -0.012028430985135325]], [[500.0], [0.0012988337160398564, -0.012028430985135325]], [[500.0], [0.0012988337160398564, -0.012028430985135325]], [[500.0], [0.0012988337160398564, -0.012028430985135325]], [[500.0], [0.0012988337160398564, -0.012028430985135325]], [[500.0], [0.0012988337160398564, -0.012028430985135325]], [[500.0], [0.0012988337160398564, -0.012028430985135325]], [[500.0], [0.0012988337160398564, -0.012028430985135325]], [[500.0], [0.0012988337160398564, -0.012028430985135325]], [[113.6], [-0.09099733705321948, 0.5119296780043242]], [[500.0], [0.0012988337160398564, -0.012028430985135325]], [[500.0], [0.0012988337160398564, -0.012028430985135325]], [[500.0], [0.0012988337160398564, -0.012028430985135325]], [[500.0], [0.0012988337160398564, -0.012028430985135325]], [[500.0], [0.0012988337160398564, -0.012028430985135325]], [[500.0], [0.0012988337160398564, -0.012028430985135325]]]}