{"103": [[[450.0], [0.2644960582256317, 0.11247548867355694]], [[450.0], [0.2644960582256317, 0.11247548867355694]], [[450.0], [0.2644960582256317, 0.11247548867355694]], [[450.0], [0.2644960582256317, 0.11247548867355694]], [[450.0], [0.2644960582256317, 0.11247548867355694]], [[450.0], [0.2644960582256317, 0.11247548867355694]], [[450.0], [0.2644960582256317, 0.11247548867355694]], [[450.0], [0.2644960582256317, 0.11247548867355694]], [[450.0], [0.2644960582256317, 0.11247548867355694]], [[450.0], [0.2644960582256317, 0.11247548867355694]], [[450.0], [0.2644960582256317, 0.11247548867355694]], [[450.0], [0.2644960582256317, 0.11247548867355694]], [[450.0], [0.2644960582256317, 0.11247548867355694]], [[450.0], [0.2644960582256317, 0.11247548867355694]], [[450.0], [0.2644960582256317, 0.11247548867355694]], [[450.0], [0.2644960582256317, 0.11247548867355694]], [[450.0], [0.2644960582256317, 0.11247548867355694]], [[450.0], [0.2644960582256317, 0.11247548867355694]], [[450.0], [0.2644960582256317, 0.11247548867355694]], [[450.0], [0.2644960582256317, 0.11247548867355694]], [[450.0], [0.2644960582256317, 0.11247548867355694]], [[450.0], [0.2644960582256317, 0.11247548867355694]], [[450.0], [0.2644960582256317, 0.11247548867355694]], [[450.0], [0.2644960582256317, 0.11247548867355694]], [[450.0], [0.2644960582256317, 0.11247548867355694]], [[450.0], [0.2644960582256317, 0.11247548867355694]], [[450.0], [0.2644960582256317, 0.11247548867355694]], [[450.0], [0.2644960582256317, 0.11247548867355694]], [[8.9], [-0.02940102480351925, 0.5648723273186023]], [[450.0], [0.2644960582256317, 0.11247548867355694]]], "102": [[[500.0], [0.022427025251090527, 0.01034355036130077]], [[500.0], [0.022427025251090527, 0.01034355036130077]], [[500.0], [0.022427025251090527, 0.01034355036130077]], [[500.0], [0.022427025251090527, 0.01034355036130077]], [[500.0], [0.022427025251090527, 0.01034355036130077]], [[500.0], [0.022427025251090527, 0.01034355036130077]], [[500.0], [0.022427025251090527, 0.01034355036130077]], [[500.0], [0.022427025251090527, 0.01034355036130077]], [[500.0], [0.022427025251090527, 0.01034355036130077]], [[500.0], [0.022427025251090527, 0.01034355036130077]], [[500.0], [0.022427025251090527, 0.01034355036130077]], [[500.0], [0.022427025251090527, 0.01034355036130077]], [[500.0], [0.022427025251090527, 0.01034355036130077]], [[500.0], [0.022427025251090527, 0.01034355036130077]], [[500.0], [0.022427025251090527, 0.01034355036130077]], [[500.0], [0.022427025251090527, 0.01034355036130077]], [[500.0], [0.022427025251090527, 0.01034355036130077]], [[500.0], [0.022427025251090527, 0.01034355036130077]], [[500.0], [0.022427025251090527, 0.01034355036130077]], [[500.0], [0.022427025251090527, 0.01034355036130077]], [[500.0], [0.022427025251090527, 0.01034355036130077]], [[500.0], [0.022427025251090527, 0.01034355036130077]], [[500.0], [0.022427025251090527, 0.01034355036130077]], [[500.0], [0.022427025251090527, 0.01034355036130077]], [[500.0], [0.022427025251090527, 0.01034355036130077]], [[500.0], [0.022427025251090527, 0.01034355036130077]], [[500.0], [0.022427025251090527, 0.01034355036130077]], [[500.0], [0.022427025251090527, 0.01034355036130077]], [[500.0], [0.022427025251090527, 0.01034355036130077]], [[500.0], [0.022427025251090527, 0.01034355036130077]]], "101": [[[500.0], [0.013486797300477823, -0.028268616806947446]], [[500.0], [0.013486797300477823, -0.028268616806947446]], [[500.0], [0.013486797300477823, -0.028268616806947446]], [[500.0], [0.013486797300477823, -0.028268616806947446]], [[500.0], [0.013486797300477823, -0.028268616806947446]], [[500.0], [0.013486797300477823, -0.028268616806947446]], [[500.0], [0.013486797300477823, -0.028268616806947446]], [[500.0], [0.013486797300477823, -0.028268616806947446]], [[500.0], [0.013486797300477823, -0.028268616806947446]], [[500.0], [0.013486797300477823, -0.028268616806947446]], [[500.0], [0.013486797300477823, -0.028268616806947446]], [[500.0], [0.013486797300477823, -0.028268616806947446]], [[500.0], [0.013486797300477823, -0.028268616806947446]], [[500.0], [0.04672604613006115, -0.0027641793267364706]], [[500.0], [0.013486797300477823, -0.028268616806947446]], [[500.0], [0.013486797300477823, -0.028268616806947446]], [[500.0], [0.013486797300477823, -0.028268616806947446]], [[500.0], [0.013486797300477823, -0.028268616806947446]], [[500.0], [0.013486797300477823, -0.028268616806947446]], [[500.0], [0.013486797300477823, -0.028268616806947446]], [[500.0], [0.013486797300477823, -0.028268616806947446]], [[500.0], [0.013486797300477823, -0.028268616806947446]], [[500.0], [0.013486797300477823, -0.028268616806947446]], [[500.0], [0.013486797300477823, -0.028268616806947446]], [[500.0], [0.04672604613006115, -0.0027641793267364706]], [[500.0], [0.013486797300477823, -0.028268616806947446]], [[500.0], [0.013486797300477823, -0.028268616806947446]], [[500.0], [0.013486797300477823, -0.028268616806947446]], [[500.0], [0.013486797300477823, -0.028268616806947446]], [[500.0], [0.013486797300477823, -0.028268616806947446]]]}