{"102": [[[500.0], [0.010334559871504705, 0.0024562900435874625]], [[500.0], [0.010334559871504705, 0.0024562900435874625]], [[500.0], [0.010334559871504705, 0.0024562900435874625]], [[500.0], [0.010334559871504705, 0.0024562900435874625]], [[500.0], [0.010334559871504705, 0.0024562900435874625]], [[500.0], [0.010334559871504705, 0.0024562900435874625]], [[500.0], [0.010334559871504705, 0.0024562900435874625]], [[500.0], [0.010334559871504705, 0.0024562900435874625]], [[500.0], [0.010334559871504705, 0.0024562900435874625]], [[500.0], [0.010334559871504705, 0.0024562900435874625]], [[500.0], [0.010334559871504705, 0.0024562900435874625]], [[500.0], [0.010334559871504705, 0.0024562900435874625]], [[500.0], [0.010334559871504705, 0.0024562900435874625]], [[500.0], [0.010334559871504705, 0.0024562900435874625]], [[500.0], [0.010334559871504705, 0.0024562900435874625]], [[500.0], [0.010334559871504705, 0.0024562900435874625]], [[500.0], [0.010334559871504705, 0.0024562900435874625]], [[500.0], [0.010334559871504705, 0.0024562900435874625]], [[500.0], [-0.008121852297335863, 0.07123624433598451]], [[500.0], [-0.008121852297335863, 0.07123624433598451]], [[500.0], [0.010334559871504705, 0.0024562900435874625]], [[500.0], [0.010334559871504705, 0.0024562900435874625]], [[500.0], [0.010334559871504705, 0.0024562900435874625]], [[500.0], [0.010334559871504705, 0.0024562900435874625]], [[500.0], [0.010334559871504705, 0.0024562900435874625]], [[500.0], [0.010334559871504705, 0.0024562900435874625]], [[500.0], [0.010334559871504705, 0.0024562900435874625]], [[500.0], [-0.008121852297335863, 0.07123624433598451]], [[500.0], [0.010334559871504705, 0.0024562900435874625]], [[500.0], [0.010334559871504705, 0.0024562900435874625]]], "103": [[[500.0], [-0.1820838823914528, -0.007835128812484764]], [[396.3], [0.06942097097635269, 0.006588264457596261]], [[407.1], [0.030128670235474907, -0.02115431941297066]], [[407.1], [0.030128670235474907, -0.02115431941297066]], [[396.3], [0.06942097097635269, 0.006588264457596261]], [[396.3], [0.06942097097635269, 0.006588264457596261]], [[407.1], [0.030128670235474907, -0.02115431941297066]], [[396.3], [0.06942097097635269, 0.006588264457596261]], [[500.0], [-0.1820838823914528, -0.007835128812484764]], [[396.3], [0.06942097097635269, 0.006588264457596261]], [[396.3], [0.06942097097635269, 0.006588264457596261]], [[407.1], [0.030128670235474907, -0.02115431941297066]], [[396.3], [0.06942097097635269, 0.006588264457596261]], [[396.3], [0.06942097097635269, 0.006588264457596261]], [[396.3], [0.06942097097635269, 0.006588264457596261]], [[407.1], [0.030128670235474907, -0.02115431941297066]], [[396.3], [0.06942097097635269, 0.006588264457596261]], [[407.1], [0.030128670235474907, -0.02115431941297066]], [[407.1], [0.030128670235474907, -0.02115431941297066]], [[396.3], [0.06942097097635269, 0.006588264457596261]], [[407.1], [0.030128670235474907, -0.02115431941297066]], [[407.1], [0.030128670235474907, -0.02115431941297066]], [[407.1], [0.030128670235474907, -0.02115431941297066]], [[396.3], [0.06942097097635269, 0.006588264457596261]], [[396.3], [0.06942097097635269, 0.006588264457596261]], [[396.3], [0.06942097097635269, 0.006588264457596261]], [[407.1], [0.030128670235474907, -0.02115431941297066]], [[407.1], [0.030128670235474907, -0.02115431941297066]], [[396.3], [0.06942097097635269, 0.006588264457596261]], [[396.3], [0.06942097097635269, 0.006588264457596261]]], "101": [[[500.0], [0.02549703698605299, 0.0004388322205946705]], [[500.0], [0.07241619750857353, 0.01562536587163307]], [[500.0], [0.06335193912188213, 0.008413846644630843]], [[500.0], [0.07241619750857353, 0.01562536587163307]], [[500.0], [0.07241619750857353, 0.01562536587163307]], [[500.0], [0.0012080577046920857, 0.011009031585885577]], [[500.0], [0.02549703698605299, 0.0004388322205946705]], [[500.0], [0.07241619750857353, 0.01562536587163307]], [[500.0], [0.07241619750857353, 0.01562536587163307]], [[500.0], [0.02549703698605299, 0.0004388322205946705]], [[500.0], [0.06335193912188213, 0.008413846644630843]], [[500.0], [0.07241619750857353, 0.01562536587163307]], [[500.0], [0.0012080577046920857, 0.011009031585885577]], [[500.0], [0.0012080577046920857, 0.011009031585885577]], [[500.0], [0.07241619750857353, 0.01562536587163307]], [[500.0], [0.07241619750857353, 0.01562536587163307]], [[500.0], [0.07241619750857353, 0.01562536587163307]], [[500.0], [0.07241619750857353, 0.01562536587163307]], [[500.0], [0.07241619750857353, 0.01562536587163307]], [[500.0], [0.07241619750857353, 0.01562536587163307]], [[500.0], [0.07241619750857353, 0.01562536587163307]], [[500.0], [0.07241619750857353, 0.01562536587163307]], [[500.0], [0.07241619750857353, 0.01562536587163307]], [[500.0], [0.07241619750857353, 0.01562536587163307]], [[500.0], [0.06335193912188213, 0.008413846644630843]], [[500.0], [0.07241619750857353, 0.01562536587163307]], [[500.0], [0.07241619750857353, 0.01562536587163307]], [[500.0], [0.07241619750857353, 0.01562536587163307]], [[500.0], [0.06335193912188213, 0.008413846644630843]], [[500.0], [0.07241619750857353, 0.01562536587163307]]]}