{"101": [[[500.0], [-0.006693293495724599, 0.09315828102057061]], [[500.0], [-0.006693293495724599, 0.09315828102057061]], [[500.0], [-0.006693293495724599, 0.09315828102057061]], [[500.0], [-0.006693293495724599, 0.09315828102057061]], [[500.0], [-0.006693293495724599, 0.09315828102057061]], [[500.0], [-0.006693293495724599, 0.09315828102057061]], [[500.0], [-0.006693293495724599, 0.09315828102057061]], [[500.0], [-0.006693293495724599, 0.09315828102057061]], [[500.0], [-0.006693293495724599, 0.09315828102057061]], [[72.6], [0.10601487010717392, -0.5193472835435822]], [[500.0], [-0.006693293495724599, 0.09315828102057061]], [[500.0], [-0.006693293495724599, 0.09315828102057061]], [[500.0], [-0.006693293495724599, 0.09315828102057061]], [[500.0], [-0.006693293495724599, 0.09315828102057061]], [[500.0], [-0.006693293495724599, 0.09315828102057061]], [[500.0], [-0.006693293495724599, 0.09315828102057061]], [[500.0], [-0.006693293495724599, 0.09315828102057061]], [[500.0], [-0.006693293495724599, 0.09315828102057061]], [[500.0], [-0.006693293495724599, 0.09315828102057061]], [[500.0], [-0.006693293495724599, 0.09315828102057061]], [[500.0], [-0.006693293495724599, 0.09315828102057061]], [[27.9], [-0.012422095363338789, 0.5271872906593615]], [[500.0], [-0.006693293495724599, 0.09315828102057061]], [[500.0], [-0.006693293495724599, 0.09315828102057061]], [[500.0], [-0.006693293495724599, 0.09315828102057061]], [[500.0], [-0.006693293495724599, 0.09315828102057061]], [[500.0], [-0.006693293495724599, 0.09315828102057061]], [[500.0], [-0.006693293495724599, 0.09315828102057061]], [[500.0], [-0.006693293495724599, 0.09315828102057061]], [[500.0], [-0.006693293495724599, 0.09315828102057061]]], "103": [[[500.0], [0.04361731310685476, 0.016943505925068447]], [[500.0], [0.04361731310685476, 0.016943505925068447]], [[500.0], [0.04361731310685476, 0.016943505925068447]], [[500.0], [0.04361731310685476, 0.016943505925068447]], [[500.0], [0.04361731310685476, 0.016943505925068447]], [[500.0], [0.04361731310685476, 0.016943505925068447]], [[500.0], [0.04361731310685476, 0.016943505925068447]], [[500.0], [0.04361731310685476, 0.016943505925068447]], [[500.0], [0.04361731310685476, 0.016943505925068447]], [[500.0], [0.04361731310685476, 0.016943505925068447]], [[500.0], [0.04361731310685476, 0.016943505925068447]], [[500.0], [0.04361731310685476, 0.016943505925068447]], [[500.0], [0.04361731310685476, 0.016943505925068447]], [[500.0], [0.04361731310685476, 0.016943505925068447]], [[500.0], [0.04361731310685476, 0.016943505925068447]], [[500.0], [0.04361731310685476, 0.016943505925068447]], [[500.0], [0.04361731310685476, 0.016943505925068447]], [[500.0], [0.04361731310685476, 0.016943505925068447]], [[500.0], [0.04361731310685476, 0.016943505925068447]], [[500.0], [0.04361731310685476, 0.016943505925068447]], [[500.0], [0.04361731310685476, 0.016943505925068447]], [[500.0], [0.04361731310685476, 0.016943505925068447]], [[500.0], [0.04361731310685476, 0.016943505925068447]], [[500.0], [0.04361731310685476, 0.016943505925068447]], [[500.0], [0.04361731310685476, 0.016943505925068447]], [[500.0], [0.04361731310685476, 0.016943505925068447]], [[500.0], [0.04361731310685476, 0.016943505925068447]], [[500.0], [0.04361731310685476, 0.016943505925068447]], [[500.0], [0.04361731310685476, 0.016943505925068447]], [[500.0], [0.04361731310685476, 0.016943505925068447]]], "102": [[[500.0], [0.02686723756293456, 0.037249839423518435]], [[500.0], [0.007289266213774681, 0.006055564655249484]], [[500.0], [0.007289266213774681, 0.006055564655249484]], [[500.0], [0.02686723756293456, 0.037249839423518435]], [[500.0], [0.02686723756293456, 0.037249839423518435]], [[500.0], [0.007289266213774681, 0.006055564655249484]], [[500.0], [0.007289266213774681, 0.006055564655249484]], [[500.0], [0.02686723756293456, 0.037249839423518435]], [[500.0], [0.02686723756293456, 0.037249839423518435]], [[500.0], [0.02686723756293456, 0.037249839423518435]], [[500.0], [0.02686723756293456, 0.037249839423518435]], [[500.0], [0.02686723756293456, 0.037249839423518435]], [[500.0], [0.02686723756293456, 0.037249839423518435]], [[500.0], [0.02686723756293456, 0.037249839423518435]], [[500.0], [0.02686723756293456, 0.037249839423518435]], [[500.0], [0.02686723756293456, 0.037249839423518435]], [[500.0], [0.02686723756293456, 0.037249839423518435]], [[500.0], [0.007289266213774681, 0.006055564655249484]], [[500.0], [0.007289266213774681, 0.006055564655249484]], [[500.0], [0.02686723756293456, 0.037249839423518435]], [[500.0], [0.007289266213774681, 0.006055564655249484]], [[500.0], [0.02686723756293456, 0.037249839423518435]], [[500.0], [0.02686723756293456, 0.037249839423518435]], [[500.0], [0.007289266213774681, 0.006055564655249484]], [[500.0], [0.02686723756293456, 0.037249839423518435]], [[500.0], [0.02686723756293456, 0.037249839423518435]], [[500.0], [0.02686723756293456, 0.037249839423518435]], [[500.0], [0.007289266213774681, 0.006055564655249484]], [[500.0], [0.02686723756293456, 0.037249839423518435]], [[500.0], [0.02686723756293456, 0.037249839423518435]]]}