{"101": [[[434.0], [0.09222036227583885, -0.010537162966776693]], [[476.0], [0.32670266926288605, 0.09393011126221652]], [[434.0], [0.09222036227583885, -0.010537162966776693]], [[434.0], [0.09222036227583885, -0.010537162966776693]], [[434.0], [0.09222036227583885, -0.010537162966776693]], [[434.0], [0.09222036227583885, -0.010537162966776693]], [[434.0], [0.09222036227583885, -0.010537162966776693]], [[434.0], [0.09222036227583885, -0.010537162966776693]], [[434.0], [0.09222036227583885, -0.010537162966776693]], [[434.0], [0.09222036227583885, -0.010537162966776693]], [[434.0], [0.09222036227583885, -0.010537162966776693]], [[476.0], [0.32670266926288605, 0.09393011126221652]], [[434.0], [0.09222036227583885, -0.010537162966776693]], [[434.0], [0.09222036227583885, -0.010537162966776693]], [[434.0], [0.09222036227583885, -0.010537162966776693]], [[434.0], [0.09222036227583885, -0.010537162966776693]], [[434.0], [0.09222036227583885, -0.010537162966776693]], [[500.0], [0.04069853263596694, -0.011451241591472946]], [[434.0], [0.09222036227583885, -0.010537162966776693]], [[434.0], [0.09222036227583885, -0.010537162966776693]], [[434.0], [0.09222036227583885, -0.010537162966776693]], [[434.0], [0.09222036227583885, -0.010537162966776693]], [[434.0], [0.09222036227583885, -0.010537162966776693]], [[434.0], [0.09222036227583885, -0.010537162966776693]], [[476.0], [0.32670266926288605, 0.09393011126221652]], [[434.0], [0.09222036227583885, -0.010537162966776693]], [[434.0], [0.09222036227583885, -0.010537162966776693]], [[434.0], [0.09222036227583885, -0.010537162966776693]], [[434.0], [0.09222036227583885, -0.010537162966776693]], [[434.0], [0.09222036227583885, -0.010537162966776693]]], "103": [[[337.8], [0.3099970022837321, 0.5042561147201575]], [[337.8], [0.3099970022837321, 0.5042561147201575]], [[337.8], [0.3099970022837321, 0.5042561147201575]], [[337.8], [0.3099970022837321, 0.5042561147201575]], [[500.0], [0.15123116473356885, 0.012676855415533605]], [[337.8], [0.3099970022837321, 0.5042561147201575]], [[337.8], [0.3099970022837321, 0.5042561147201575]], [[337.8], [0.3099970022837321, 0.5042561147201575]], [[337.8], [0.3099970022837321, 0.5042561147201575]], [[500.0], [0.15123116473356885, 0.012676855415533605]], [[337.8], [0.3099970022837321, 0.5042561147201575]], [[337.8], [0.3099970022837321, 0.5042561147201575]], [[337.8], [0.3099970022837321, 0.5042561147201575]], [[337.8], [0.3099970022837321, 0.5042561147201575]], [[337.8], [0.3099970022837321, 0.5042561147201575]], [[337.8], [0.3099970022837321, 0.5042561147201575]], [[337.8], [0.3099970022837321, 0.5042561147201575]], [[500.0], [0.15123116473356885, 0.012676855415533605]], [[500.0], [0.15123116473356885, 0.012676855415533605]], [[337.8], [0.3099970022837321, 0.5042561147201575]], [[337.8], [0.3099970022837321, 0.5042561147201575]], [[337.8], [0.3099970022837321, 0.5042561147201575]], [[337.8], [0.3099970022837321, 0.5042561147201575]], [[337.8], [0.3099970022837321, 0.5042561147201575]], [[337.8], [0.3099970022837321, 0.5042561147201575]], [[500.0], [0.15123116473356885, 0.012676855415533605]], [[337.8], [0.3099970022837321, 0.5042561147201575]], [[500.0], [0.15123116473356885, 0.012676855415533605]], [[500.0], [0.15123116473356885, 0.012676855415533605]], [[337.8], [0.3099970022837321, 0.5042561147201575]]], "102": [[[500.0], [0.01781014259904623, 0.02823057517623217]], [[440.3], [0.33288625379403436, 0.06303795876257728]], [[440.3], [0.33288625379403436, 0.06303795876257728]], [[500.0], [0.01781014259904623, 0.02823057517623217]], [[440.3], [0.33288625379403436, 0.06303795876257728]], [[500.0], [0.01781014259904623, 0.02823057517623217]], [[500.0], [0.01781014259904623, 0.02823057517623217]], [[500.0], [0.01781014259904623, 0.02823057517623217]], [[500.0], [0.01781014259904623, 0.02823057517623217]], [[500.0], [0.01781014259904623, 0.02823057517623217]], [[500.0], [0.01781014259904623, 0.02823057517623217]], [[500.0], [0.01781014259904623, 0.02823057517623217]], [[500.0], [0.01781014259904623, 0.02823057517623217]], [[500.0], [0.01781014259904623, 0.02823057517623217]], [[440.3], [0.33288625379403436, 0.06303795876257728]], [[500.0], [0.01781014259904623, 0.02823057517623217]], [[500.0], [0.01781014259904623, 0.02823057517623217]], [[500.0], [0.01781014259904623, 0.02823057517623217]], [[440.3], [0.33288625379403436, 0.06303795876257728]], [[440.3], [0.33288625379403436, 0.06303795876257728]], [[500.0], [0.01781014259904623, 0.02823057517623217]], [[500.0], [0.01781014259904623, 0.02823057517623217]], [[500.0], [0.01781014259904623, 0.02823057517623217]], [[500.0], [0.01781014259904623, 0.02823057517623217]], [[440.3], [0.33288625379403436, 0.06303795876257728]], [[500.0], [0.01781014259904623, 0.02823057517623217]], [[440.3], [0.33288625379403436, 0.06303795876257728]], [[500.0], [0.01781014259904623, 0.02823057517623217]], [[440.3], [0.33288625379403436, 0.06303795876257728]], [[500.0], [0.01781014259904623, 0.02823057517623217]]]}