{"102": [[[500.0], [0.002764865445593993, 0.0005299504651380569]], [[500.0], [0.002764865445593993, 0.0005299504651380569]], [[500.0], [0.002764865445593993, 0.0005299504651380569]], [[500.0], [0.002764865445593993, 0.0005299504651380569]], [[500.0], [0.002764865445593993, 0.0005299504651380569]], [[500.0], [0.002764865445593993, 0.0005299504651380569]], [[500.0], [0.002764865445593993, 0.0005299504651380569]], [[500.0], [0.002764865445593993, 0.0005299504651380569]], [[500.0], [0.002764865445593993, 0.0005299504651380569]], [[500.0], [0.002764865445593993, 0.0005299504651380569]], [[500.0], [0.002764865445593993, 0.0005299504651380569]], [[500.0], [0.002764865445593993, 0.0005299504651380569]], [[500.0], [0.002764865445593993, 0.0005299504651380569]], [[500.0], [0.002764865445593993, 0.0005299504651380569]], [[500.0], [0.002764865445593993, 0.0005299504651380569]], [[500.0], [0.002764865445593993, 0.0005299504651380569]], [[500.0], [0.002764865445593993, 0.0005299504651380569]], [[500.0], [0.002764865445593993, 0.0005299504651380569]], [[500.0], [0.002764865445593993, 0.0005299504651380569]], [[500.0], [0.002764865445593993, 0.0005299504651380569]], [[500.0], [0.002764865445593993, 0.0005299504651380569]], [[500.0], [0.002764865445593993, 0.0005299504651380569]], [[500.0], [0.002764865445593993, 0.0005299504651380569]], [[500.0], [0.002764865445593993, 0.0005299504651380569]], [[500.0], [0.002764865445593993, 0.0005299504651380569]], [[500.0], [0.002764865445593993, 0.0005299504651380569]], [[500.0], [0.002764865445593993, 0.0005299504651380569]], [[500.0], [0.002764865445593993, 0.0005299504651380569]], [[500.0], [0.002764865445593993, 0.0005299504651380569]], [[500.0], [0.002764865445593993, 0.0005299504651380569]]], "103": [[[347.1], [0.01640422114481529, 0.00046659034702472354]], [[347.1], [0.01640422114481529, 0.00046659034702472354]], [[347.1], [0.01640422114481529, 0.00046659034702472354]], [[347.1], [0.01640422114481529, 0.00046659034702472354]], [[492.5], [0.011576555358866852, 0.07161790389193302]], [[347.1], [0.01640422114481529, 0.00046659034702472354]], [[347.1], [0.01640422114481529, 0.00046659034702472354]], [[347.1], [0.01640422114481529, 0.00046659034702472354]], [[347.1], [0.01640422114481529, 0.00046659034702472354]], [[347.1], [0.01640422114481529, 0.00046659034702472354]], [[347.1], [0.01640422114481529, 0.00046659034702472354]], [[347.1], [0.01640422114481529, 0.00046659034702472354]], [[347.1], [0.01640422114481529, 0.00046659034702472354]], [[347.1], [0.01640422114481529, 0.00046659034702472354]], [[347.1], [0.01640422114481529, 0.00046659034702472354]], [[347.1], [0.01640422114481529, 0.00046659034702472354]], [[347.1], [0.01640422114481529, 0.00046659034702472354]], [[347.1], [0.01640422114481529, 0.00046659034702472354]], [[492.5], [0.011576555358866852, 0.07161790389193302]], [[347.1], [0.01640422114481529, 0.00046659034702472354]], [[347.1], [0.01640422114481529, 0.00046659034702472354]], [[347.1], [0.01640422114481529, 0.00046659034702472354]], [[347.1], [0.01640422114481529, 0.00046659034702472354]], [[347.1], [0.01640422114481529, 0.00046659034702472354]], [[347.1], [0.01640422114481529, 0.00046659034702472354]], [[347.1], [0.01640422114481529, 0.00046659034702472354]], [[347.1], [0.01640422114481529, 0.00046659034702472354]], [[347.1], [0.01640422114481529, 0.00046659034702472354]], [[347.1], [0.01640422114481529, 0.00046659034702472354]], [[347.1], [0.01640422114481529, 0.00046659034702472354]]], "101": [[[500.0], [0.005755012001221379, 0.010855460281007027]], [[500.0], [0.005755012001221379, 0.010855460281007027]], [[500.0], [0.005755012001221379, 0.010855460281007027]], [[500.0], [0.005755012001221379, 0.010855460281007027]], [[500.0], [0.005755012001221379, 0.010855460281007027]], [[500.0], [0.005755012001221379, 0.010855460281007027]], [[500.0], [0.005755012001221379, 0.010855460281007027]], [[500.0], [0.005755012001221379, 0.010855460281007027]], [[500.0], [0.005755012001221379, 0.010855460281007027]], [[500.0], [0.005755012001221379, 0.010855460281007027]], [[500.0], [0.005755012001221379, 0.010855460281007027]], [[500.0], [0.005755012001221379, 0.010855460281007027]], [[500.0], [0.005755012001221379, 0.010855460281007027]], [[500.0], [0.005755012001221379, 0.010855460281007027]], [[500.0], [0.005755012001221379, 0.010855460281007027]], [[500.0], [0.005755012001221379, 0.010855460281007027]], [[500.0], [0.005755012001221379, 0.010855460281007027]], [[500.0], [0.005755012001221379, 0.010855460281007027]], [[500.0], [0.005755012001221379, 0.010855460281007027]], [[500.0], [0.005755012001221379, 0.010855460281007027]], [[440.0], [0.5005776882171631, 0.18996681180296904]], [[500.0], [0.005755012001221379, 0.010855460281007027]], [[500.0], [0.005755012001221379, 0.010855460281007027]], [[500.0], [0.005755012001221379, 0.010855460281007027]], [[500.0], [0.005755012001221379, 0.010855460281007027]], [[500.0], [0.005755012001221379, 0.010855460281007027]], [[500.0], [0.005755012001221379, 0.010855460281007027]], [[500.0], [0.005755012001221379, 0.010855460281007027]], [[500.0], [0.005755012001221379, 0.010855460281007027]], [[500.0], [0.005755012001221379, 0.010855460281007027]]]}