{"103": [[[500.0], [-0.00029520260189504677, 0.007917827694859516]], [[500.0], [0.057371885826190315, -0.012301076782876225]], [[500.0], [-0.00029520260189504677, 0.007917827694859516]], [[500.0], [-0.00029520260189504677, 0.007917827694859516]], [[500.0], [0.057371885826190315, -0.012301076782876225]], [[500.0], [0.057371885826190315, -0.012301076782876225]], [[500.0], [-0.00029520260189504677, 0.007917827694859516]], [[500.0], [-0.00029520260189504677, 0.007917827694859516]], [[500.0], [0.057371885826190315, -0.012301076782876225]], [[500.0], [0.057371885826190315, -0.012301076782876225]], [[500.0], [-0.00029520260189504677, 0.007917827694859516]], [[500.0], [-0.00029520260189504677, 0.007917827694859516]], [[500.0], [0.057371885826190315, -0.012301076782876225]], [[500.0], [0.057371885826190315, -0.012301076782876225]], [[500.0], [0.057371885826190315, -0.012301076782876225]], [[500.0], [-0.00029520260189504677, 0.007917827694859516]], [[500.0], [0.057371885826190315, -0.012301076782876225]], [[500.0], [0.057371885826190315, -0.012301076782876225]], [[500.0], [-0.00029520260189504677, 0.007917827694859516]], [[500.0], [-0.00029520260189504677, 0.007917827694859516]], [[500.0], [-0.00029520260189504677, 0.007917827694859516]], [[124.0], [-0.03552743544181188, -0.5074667802267668]], [[500.0], [-0.00029520260189504677, 0.007917827694859516]], [[500.0], [0.057371885826190315, -0.012301076782876225]], [[500.0], [-0.00029520260189504677, 0.007917827694859516]], [[500.0], [-0.00029520260189504677, 0.007917827694859516]], [[500.0], [0.057371885826190315, -0.012301076782876225]], [[500.0], [0.057371885826190315, -0.012301076782876225]], [[500.0], [-0.00029520260189504677, 0.007917827694859516]], [[500.0], [0.057371885826190315, -0.012301076782876225]]], "101": [[[438.3], [0.25531282027562463, -0.25086334804028415]], [[246.8], [0.01486085510502259, 0.0075441244855950895]], [[385.6], [0.12465974936882655, -0.5078411629895845]], [[385.6], [0.12465974936882655, -0.5078411629895845]], [[385.6], [0.12465974936882655, -0.5078411629895845]], [[246.8], [0.01486085510502259, 0.0075441244855950895]], [[438.3], [0.25531282027562463, -0.25086334804028415]], [[438.3], [0.25531282027562463, -0.25086334804028415]], [[438.3], [0.25531282027562463, -0.25086334804028415]], [[385.6], [0.12465974936882655, -0.5078411629895845]], [[213.3], [0.11680123706658682, 0.5126280362526195]], [[246.8], [0.01486085510502259, 0.0075441244855950895]], [[385.6], [0.12465974936882655, -0.5078411629895845]], [[385.6], [0.12465974936882655, -0.5078411629895845]], [[213.3], [0.11680123706658682, 0.5126280362526195]], [[9.6], [0.03666744567453861, -0.5957981901305714]], [[215.3], [0.5095056692759197, 0.09353944595065414]], [[246.8], [0.01486085510502259, 0.0075441244855950895]], [[385.6], [0.12465974936882655, -0.5078411629895845]], [[108.9], [0.06720118224620819, 0.5156815978898956]], [[385.6], [0.12465974936882655, -0.5078411629895845]], [[385.6], [0.12465974936882655, -0.5078411629895845]], [[385.6], [0.12465974936882655, -0.5078411629895845]], [[385.6], [0.12465974936882655, -0.5078411629895845]], [[385.6], [0.12465974936882655, -0.5078411629895845]], [[385.6], [0.12465974936882655, -0.5078411629895845]], [[385.6], [0.12465974936882655, -0.5078411629895845]], [[246.8], [0.01486085510502259, 0.0075441244855950895]], [[385.6], [0.12465974936882655, -0.5078411629895845]], [[385.6], [0.12465974936882655, -0.5078411629895845]]], "102": [[[500.0], [0.06500643988450369, -0.026819354110357296]], [[500.0], [0.06500643988450369, -0.026819354110357296]], [[500.0], [0.06500643988450369, -0.026819354110357296]], [[500.0], [0.06500643988450369, -0.026819354110357296]], [[500.0], [0.06500643988450369, -0.026819354110357296]], [[500.0], [0.06500643988450369, -0.026819354110357296]], [[500.0], [0.06500643988450369, -0.026819354110357296]], [[500.0], [0.06500643988450369, -0.026819354110357296]], [[500.0], [0.06500643988450369, -0.026819354110357296]], [[500.0], [0.06500643988450369, -0.026819354110357296]], [[500.0], [0.06500643988450369, -0.026819354110357296]], [[500.0], [0.06500643988450369, -0.026819354110357296]], [[500.0], [0.06500643988450369, -0.026819354110357296]], [[500.0], [0.06500643988450369, -0.026819354110357296]], [[500.0], [0.06500643988450369, -0.026819354110357296]], [[500.0], [0.06500643988450369, -0.026819354110357296]], [[500.0], [0.06500643988450369, -0.026819354110357296]], [[500.0], [0.06500643988450369, -0.026819354110357296]], [[251.7], [0.3894306967655818, 0.5150292621274885]], [[500.0], [0.06500643988450369, -0.026819354110357296]], [[500.0], [0.06500643988450369, -0.026819354110357296]], [[500.0], [0.06500643988450369, -0.026819354110357296]], [[500.0], [0.06500643988450369, -0.026819354110357296]], [[500.0], [0.06500643988450369, -0.026819354110357296]], [[500.0], [0.06500643988450369, -0.026819354110357296]], [[500.0], [0.06500643988450369, -0.026819354110357296]], [[500.0], [0.06500643988450369, -0.026819354110357296]], [[500.0], [0.06500643988450369, -0.026819354110357296]], [[500.0], [0.06500643988450369, -0.026819354110357296]], [[500.0], [0.06500643988450369, -0.026819354110357296]]]}