{"102": [[[9.2], [0.03666744567453861, -0.5957981901305714]], [[500.0], [0.031607818479339286, -0.011959361607592072]], [[500.0], [0.031607818479339286, -0.011959361607592072]], [[500.0], [0.031607818479339286, -0.011959361607592072]], [[500.0], [0.031607818479339286, -0.011959361607592072]], [[135.1], [0.2692677328983943, -0.5292084656263653]], [[500.0], [0.031607818479339286, -0.011959361607592072]], [[81.6], [0.08760330577691397, 0.5089987835815649]], [[134.6], [-0.04994633607566357, 0.5047725932449816]], [[345.4], [0.15765131761630377, 0.5103820605141124]], [[500.0], [0.031607818479339286, -0.011959361607592072]], [[500.0], [0.031607818479339286, -0.011959361607592072]], [[500.0], [0.031607818479339286, -0.011959361607592072]], [[500.0], [0.031607818479339286, -0.011959361607592072]], [[500.0], [0.031607818479339286, -0.011959361607592072]], [[500.0], [0.031607818479339286, -0.011959361607592072]], [[500.0], [0.031607818479339286, -0.011959361607592072]], [[500.0], [0.031607818479339286, -0.011959361607592072]], [[500.0], [0.031607818479339286, -0.011959361607592072]], [[500.0], [0.031607818479339286, -0.011959361607592072]], [[500.0], [0.031607818479339286, -0.011959361607592072]], [[500.0], [0.031607818479339286, -0.011959361607592072]], [[500.0], [0.031607818479339286, -0.011959361607592072]], [[72.6], [0.01848808489739895, 0.5176355037392611]], [[500.0], [0.031607818479339286, -0.011959361607592072]], [[500.0], [0.031607818479339286, -0.011959361607592072]], [[500.0], [0.031607818479339286, -0.011959361607592072]], [[500.0], [0.031607818479339286, -0.011959361607592072]], [[500.0], [0.031607818479339286, -0.011959361607592072]], [[500.0], [0.031607818479339286, -0.011959361607592072]]], "101": [[[441.2], [0.04215754258135955, 0.002851668504650513]], [[441.2], [0.04215754258135955, 0.002851668504650513]], [[441.2], [0.04215754258135955, 0.002851668504650513]], [[441.2], [0.04215754258135955, 0.002851668504650513]], [[441.2], [0.04215754258135955, 0.002851668504650513]], [[441.2], [0.04215754258135955, 0.002851668504650513]], [[441.2], [0.04215754258135955, 0.002851668504650513]], [[441.2], [0.04215754258135955, 0.002851668504650513]], [[441.2], [0.04215754258135955, 0.002851668504650513]], [[441.2], [0.04215754258135955, 0.002851668504650513]], [[441.2], [0.04215754258135955, 0.002851668504650513]], [[441.2], [0.04215754258135955, 0.002851668504650513]], [[441.2], [0.04215754258135955, 0.002851668504650513]], [[441.2], [0.04215754258135955, 0.002851668504650513]], [[441.2], [0.04215754258135955, 0.002851668504650513]], [[441.2], [0.04215754258135955, 0.002851668504650513]], [[441.2], [0.04215754258135955, 0.002851668504650513]], [[441.2], [0.04215754258135955, 0.002851668504650513]], [[441.2], [0.04215754258135955, 0.002851668504650513]], [[441.2], [0.04215754258135955, 0.002851668504650513]], [[441.2], [0.04215754258135955, 0.002851668504650513]], [[441.2], [0.04215754258135955, 0.002851668504650513]], [[441.2], [0.04215754258135955, 0.002851668504650513]], [[441.2], [0.04215754258135955, 0.002851668504650513]], [[441.2], [0.04215754258135955, 0.002851668504650513]], [[441.2], [0.04215754258135955, 0.002851668504650513]], [[441.2], [0.04215754258135955, 0.002851668504650513]], [[441.2], [0.04215754258135955, 0.002851668504650513]], [[441.2], [0.04215754258135955, 0.002851668504650513]], [[441.2], [0.04215754258135955, 0.002851668504650513]]], "103": [[[500.0], [0.02401721508552631, -0.008586569662477696]], [[500.0], [0.05429582670331001, -0.0008669423254688035]], [[500.0], [0.05429582670331001, -0.0008669423254688035]], [[500.0], [0.05429582670331001, -0.0008669423254688035]], [[500.0], [-0.03004157915711403, 0.24987293772720265]], [[500.0], [0.02401721508552631, -0.008586569662477696]], [[500.0], [0.02401721508552631, -0.008586569662477696]], [[500.0], [0.05429582670331001, -0.0008669423254688035]], [[500.0], [0.05429582670331001, -0.0008669423254688035]], [[500.0], [0.05429582670331001, -0.0008669423254688035]], [[500.0], [0.05429582670331001, -0.0008669423254688035]], [[500.0], [0.02401721508552631, -0.008586569662477696]], [[500.0], [0.0755505698422591, -0.010584782960526111]], [[500.0], [0.05429582670331001, -0.0008669423254688035]], [[500.0], [0.05429582670331001, -0.0008669423254688035]], [[500.0], [0.05429582670331001, -0.0008669423254688035]], [[500.0], [0.05429582670331001, -0.0008669423254688035]], [[500.0], [-0.03004157915711403, 0.24987293772720265]], [[500.0], [0.05429582670331001, -0.0008669423254688035]], [[500.0], [0.0755505698422591, -0.010584782960526111]], [[500.0], [-0.03004157915711403, 0.24987293772720265]], [[500.0], [-0.03004157915711403, 0.24987293772720265]], [[500.0], [-0.03004157915711403, 0.24987293772720265]], [[500.0], [0.05429582670331001, -0.0008669423254688035]], [[500.0], [0.0755505698422591, -0.010584782960526111]], [[500.0], [-0.03004157915711403, 0.24987293772720265]], [[500.0], [0.05429582670331001, -0.0008669423254688035]], [[500.0], [0.05429582670331001, -0.0008669423254688035]], [[500.0], [0.05429582670331001, -0.0008669423254688035]], [[500.0], [0.05429582670331001, -0.0008669423254688035]]]}