{"102": [[[153.6], [0.2940759062767029, 0.5082311242391048]], [[117.0], [-0.03982727415859699, 0.5189588908373454]], [[153.6], [0.2940759062767029, 0.5082311242391048]], [[153.6], [0.2940759062767029, 0.5082311242391048]], [[302.2], [0.5087357759475708, 0.49297472364024114]], [[77.7], [0.02728298306465149, 0.5035226781402479]], [[153.6], [0.2940759062767029, 0.5082311242391048]], [[78.6], [0.0411139273395141, -0.507405001010621]], [[130.6], [-0.06746113300323486, 0.5065215546548651]], [[500.0], [0.11488596598307292, 0.00614280150713105]], [[77.7], [0.02728298306465149, 0.5035226781402479]], [[302.2], [0.5087357759475708, 0.49297472364024114]], [[500.0], [-0.010745572702338299, -0.03199057617897622]], [[77.7], [0.02728298306465149, 0.5035226781402479]], [[153.6], [0.2940759062767029, 0.5082311242391048]], [[500.0], [0.11488596598307292, 0.00614280150713105]], [[84.2], [0.2863168219725291, -0.5206483188998756]], [[302.2], [0.5087357759475708, 0.49297472364024114]], [[153.6], [0.2940759062767029, 0.5082311242391048]], [[500.0], [-0.010745572702338299, -0.03199057617897622]], [[302.2], [0.5087357759475708, 0.49297472364024114]], [[153.6], [0.2940759062767029, 0.5082311242391048]], [[153.6], [0.2940759062767029, 0.5082311242391048]], [[153.6], [0.2940759062767029, 0.5082311242391048]], [[153.6], [0.2940759062767029, 0.5082311242391048]], [[78.6], [0.0411139273395141, -0.507405001010621]], [[302.2], [0.5087357759475708, 0.49297472364024114]], [[302.2], [0.5087357759475708, 0.49297472364024114]], [[153.6], [0.2940759062767029, 0.5082311242391048]], [[302.2], [0.5087357759475708, 0.49297472364024114]]], "103": [[[69.4], [0.03278815187513828, 0.5214131976428785]], [[321.7], [0.5008367697397869, 0.3850949152805018]], [[321.7], [0.5008367697397869, 0.3850949152805018]], [[423.8], [0.011793971061706543, 0.016649284859023027]], [[69.4], [0.03278815187513828, 0.5214131976428785]], [[74.9], [0.026700493569175403, 0.5067433252859344]], [[418.1], [0.0043267019403477516, -0.0112176511846661]], [[75.1], [0.026700493569175403, 0.5067433252859344]], [[127.8], [0.06276190901796024, 0.505858381684317]], [[348.9], [0.011842476669698954, 0.0043625875964368645]], [[321.7], [0.5008367697397869, 0.3850949152805018]], [[348.9], [0.011842476669698954, 0.0043625875964368645]], [[348.9], [0.011842476669698954, 0.0043625875964368645]], [[418.1], [0.0043267019403477516, -0.0112176511846661]], [[127.8], [0.06276190901796024, 0.505858381684317]], [[224.5], [0.1172506312529246, 0.522502194466203]], [[127.8], [0.06276190901796024, 0.505858381684317]], [[321.7], [0.5008367697397869, 0.3850949152805018]], [[321.7], [0.5008367697397869, 0.3850949152805018]], [[321.7], [0.5008367697397869, 0.3850949152805018]], [[321.7], [0.5008367697397869, 0.3850949152805018]], [[127.8], [0.06276190901796024, 0.505858381684317]], [[321.7], [0.5008367697397869, 0.3850949152805018]], [[321.7], [0.5008367697397869, 0.3850949152805018]], [[348.9], [0.011842476669698954, 0.0043625875964368645]], [[418.1], [0.0043267019403477516, -0.0112176511846661]], [[321.7], [0.5008367697397869, 0.3850949152805018]], [[348.9], [0.011842476669698954, 0.0043625875964368645]], [[127.8], [0.06276190901796024, 0.505858381684317]], [[130.5], [0.13049727926651639, 0.5046802987322283]]], "101": [[[485.2], [-0.14071394999821982, 0.261012643005289]], [[169.7], [0.16867725799481076, 0.5105170265339208]], [[142.4], [0.11508356779813766, 0.5214682392526472]], [[500.0], [0.06793428212404251, -0.0007226516611865192]], [[169.7], [0.16867725799481076, 0.5105170265339208]], [[187.4], [-0.2974324425061544, 0.5174590426198603]], [[424.1], [0.4246075451374054, 0.24607141266028848]], [[485.2], [-0.14071394999821982, 0.261012643005289]], [[500.0], [0.06793428212404251, -0.0007226516611865192]], [[64.1], [0.02406806219369173, 0.5161636397599033]], [[169.7], [0.16867725799481076, 0.5105170265339208]], [[107.5], [0.1213685671488444, 0.5174166919512042]], [[485.2], [-0.14071394999821982, 0.261012643005289]], [[169.7], [0.16867725799481076, 0.5105170265339208]], [[485.2], [-0.14071394999821982, 0.261012643005289]], [[500.0], [0.06793428212404251, -0.0007226516611865192]], [[500.0], [0.06793428212404251, -0.0007226516611865192]], [[485.2], [-0.14071394999821982, 0.261012643005289]], [[500.0], [0.06793428212404251, -0.0007226516611865192]], [[187.4], [-0.2974324425061544, 0.5174590426198603]], [[485.2], [-0.14071394999821982, 0.261012643005289]], [[500.0], [0.06793428212404251, -0.0007226516611865192]], [[443.9], [-0.09447403252124786, 0.06667529032276008]], [[485.2], [-0.14071394999821982, 0.261012643005289]], [[424.1], [0.4246075451374054, 0.24607141266028848]], [[485.2], [-0.14071394999821982, 0.261012643005289]], [[500.0], [0.06793428212404251, -0.0007226516611865192]], [[485.2], [-0.14071394999821982, 0.261012643005289]], [[500.0], [0.06793428212404251, -0.0007226516611865192]], [[101.3], [-0.08770924682418506, 0.5169101594167463]]]}