{"103": [[[487.0], [0.25112656255563104, 0.04417965696616606]], [[418.7], [0.005787345192705592, 0.0015364484427024445]], [[487.0], [0.25112656255563104, 0.04417965696616606]], [[418.7], [0.005787345192705592, 0.0015364484427024445]], [[487.0], [0.25112656255563104, 0.04417965696616606]], [[487.0], [0.25112656255563104, 0.04417965696616606]], [[418.7], [0.005787345192705592, 0.0015364484427024445]], [[487.0], [0.25112656255563104, 0.04417965696616606]], [[487.0], [0.25112656255563104, 0.04417965696616606]], [[487.0], [0.25112656255563104, 0.04417965696616606]], [[487.0], [0.25112656255563104, 0.04417965696616606]], [[487.0], [0.25112656255563104, 0.04417965696616606]], [[418.7], [0.005787345192705592, 0.0015364484427024445]], [[418.7], [0.005787345192705592, 0.0015364484427024445]], [[418.7], [0.005787345192705592, 0.0015364484427024445]], [[418.7], [0.005787345192705592, 0.0015364484427024445]], [[418.7], [0.005787345192705592, 0.0015364484427024445]], [[418.7], [0.005787345192705592, 0.0015364484427024445]], [[487.0], [0.25112656255563104, 0.04417965696616606]], [[487.0], [0.25112656255563104, 0.04417965696616606]], [[418.7], [0.005787345192705592, 0.0015364484427024445]], [[487.0], [0.25112656255563104, 0.04417965696616606]], [[418.7], [0.005787345192705592, 0.0015364484427024445]], [[418.7], [0.005787345192705592, 0.0015364484427024445]], [[418.7], [0.005787345192705592, 0.0015364484427024445]], [[487.0], [0.25112656255563104, 0.04417965696616606]], [[418.7], [0.005787345192705592, 0.0015364484427024445]], [[487.0], [0.25112656255563104, 0.04417965696616606]], [[418.7], [0.005787345192705592, 0.0015364484427024445]], [[487.0], [0.25112656255563104, 0.04417965696616606]]], "102": [[[427.4], [0.07394475241502127, 0.012272885336616393]], [[427.4], [0.07394475241502127, 0.012272885336616393]], [[427.4], [0.07394475241502127, 0.012272885336616393]], [[427.4], [0.07394475241502127, 0.012272885336616393]], [[427.4], [0.07394475241502127, 0.012272885336616393]], [[427.4], [0.07394475241502127, 0.012272885336616393]], [[427.4], [0.07394475241502127, 0.012272885336616393]], [[427.4], [0.07394475241502127, 0.012272885336616393]], [[427.4], [0.07394475241502127, 0.012272885336616393]], [[427.4], [0.07394475241502127, 0.012272885336616393]], [[427.4], [0.07394475241502127, 0.012272885336616393]], [[427.4], [0.07394475241502127, 0.012272885336616393]], [[427.4], [0.07394475241502127, 0.012272885336616393]], [[427.4], [0.07394475241502127, 0.012272885336616393]], [[427.4], [0.07394475241502127, 0.012272885336616393]], [[427.4], [0.07394475241502127, 0.012272885336616393]], [[427.4], [0.07394475241502127, 0.012272885336616393]], [[427.4], [0.07394475241502127, 0.012272885336616393]], [[427.4], [0.07394475241502127, 0.012272885336616393]], [[427.4], [0.07394475241502127, 0.012272885336616393]], [[427.4], [0.07394475241502127, 0.012272885336616393]], [[427.4], [0.07394475241502127, 0.012272885336616393]], [[427.4], [0.07394475241502127, 0.012272885336616393]], [[427.4], [0.07394475241502127, 0.012272885336616393]], [[427.4], [0.07394475241502127, 0.012272885336616393]], [[427.4], [0.07394475241502127, 0.012272885336616393]], [[427.4], [0.07394475241502127, 0.012272885336616393]], [[427.4], [0.07394475241502127, 0.012272885336616393]], [[427.4], [0.07394475241502127, 0.012272885336616393]], [[427.4], [0.07394475241502127, 0.012272885336616393]]], "101": [[[500.0], [-0.01907313863436381, 0.1580293455192347]], [[500.0], [-0.01907313863436381, 0.1580293455192347]], [[500.0], [-0.01907313863436381, 0.1580293455192347]], [[500.0], [-0.01907313863436381, 0.1580293455192347]], [[500.0], [-0.01907313863436381, 0.1580293455192347]], [[500.0], [-0.01907313863436381, 0.1580293455192347]], [[500.0], [-0.01907313863436381, 0.1580293455192347]], [[500.0], [-0.01907313863436381, 0.1580293455192347]], [[500.0], [-0.01907313863436381, 0.1580293455192347]], [[500.0], [-0.01907313863436381, 0.1580293455192347]], [[500.0], [-0.01907313863436381, 0.1580293455192347]], [[500.0], [-0.01907313863436381, 0.1580293455192347]], [[500.0], [-0.01907313863436381, 0.1580293455192347]], [[500.0], [-0.01907313863436381, 0.1580293455192347]], [[500.0], [-0.01907313863436381, 0.1580293455192347]], [[500.0], [-0.01907313863436381, 0.1580293455192347]], [[500.0], [-0.01907313863436381, 0.1580293455192347]], [[292.8], [0.500691036383311, 0.4740357755473926]], [[500.0], [-0.01907313863436381, 0.1580293455192347]], [[500.0], [-0.01907313863436381, 0.1580293455192347]], [[500.0], [-0.01907313863436381, 0.1580293455192347]], [[500.0], [-0.01907313863436381, 0.1580293455192347]], [[500.0], [-0.01907313863436381, 0.1580293455192347]], [[500.0], [-0.01907313863436381, 0.1580293455192347]], [[500.0], [-0.01907313863436381, 0.1580293455192347]], [[500.0], [-0.01907313863436381, 0.1580293455192347]], [[11.3], [0.03131717133025329, -0.5152181289983138]], [[500.0], [-0.01907313863436381, 0.1580293455192347]], [[500.0], [-0.01907313863436381, 0.1580293455192347]], [[500.0], [-0.01907313863436381, 0.1580293455192347]]]}