{"103": [[[322.1], [0.12695033103227615, -0.5068491663088639]], [[322.1], [0.12695033103227615, -0.5068491663088639]], [[273.7], [0.4734501739343008, 0.5010666245478762]], [[273.7], [0.4734501739343008, 0.5010666245478762]], [[161.1], [0.09841450800498328, 0.5272093928601753]], [[322.1], [0.12695033103227615, -0.5068491663088639]], [[88.6], [-0.04365480815370878, 0.5034128088129765]], [[322.1], [0.12695033103227615, -0.5068491663088639]], [[322.1], [0.12695033103227615, -0.5068491663088639]], [[161.1], [0.09841450800498328, 0.5272093928601753]], [[322.1], [0.12695033103227615, -0.5068491663088639]], [[322.1], [0.12695033103227615, -0.5068491663088639]], [[273.7], [0.4734501739343008, 0.5010666245478762]], [[273.7], [0.4734501739343008, 0.5010666245478762]], [[322.1], [0.12695033103227615, -0.5068491663088639]], [[322.1], [0.12695033103227615, -0.5068491663088639]], [[322.1], [0.12695033103227615, -0.5068491663088639]], [[273.7], [0.4734501739343008, 0.5010666245478762]], [[273.7], [0.4734501739343008, 0.5010666245478762]], [[161.1], [0.09841450800498328, 0.5272093928601753]], [[9.2], [0.03666744567453861, -0.5957981901305714]], [[273.7], [0.4734501739343008, 0.5010666245478762]], [[322.1], [0.12695033103227615, -0.5068491663088639]], [[322.1], [0.12695033103227615, -0.5068491663088639]], [[322.1], [0.12695033103227615, -0.5068491663088639]], [[157.3], [0.5028789738814037, 0.0030846406291261245]], [[273.7], [0.4734501739343008, 0.5010666245478762]], [[273.7], [0.4734501739343008, 0.5010666245478762]], [[322.1], [0.12695033103227615, -0.5068491663088639]], [[322.1], [0.12695033103227615, -0.5068491663088639]]], "102": [[[134.5], [-0.059725635995467506, -0.5064941051474029]], [[134.5], [-0.059725635995467506, -0.5064941051474029]], [[136.2], [-0.5013944208621979, 0.4426769234917381]], [[355.3], [0.4242078463236491, 0.5072645094406092]], [[175.8], [0.22702505191167197, 0.508011777720383]], [[500.0], [0.136327197154363, 0.334670669154117]], [[355.3], [0.4242078463236491, 0.5072645094406092]], [[355.3], [0.4242078463236491, 0.5072645094406092]], [[134.5], [-0.059725635995467506, -0.5064941051474029]], [[134.5], [-0.059725635995467506, -0.5064941051474029]], [[355.3], [0.4242078463236491, 0.5072645094406092]], [[134.5], [-0.059725635995467506, -0.5064941051474029]], [[175.3], [-0.2938880523045858, 0.5107307049075953]], [[131.2], [0.05800290033221245, -0.5095662754118158]], [[38.9], [-0.009971804295976957, 0.5164516456959921]], [[175.8], [0.22702505191167197, 0.508011777720383]], [[175.8], [0.22702505191167197, 0.508011777720383]], [[355.3], [0.4242078463236491, 0.5072645094406092]], [[134.5], [-0.059725635995467506, -0.5064941051474029]], [[500.0], [0.136327197154363, 0.334670669154117]], [[175.8], [0.22702505191167197, 0.508011777720383]], [[134.5], [-0.059725635995467506, -0.5064941051474029]], [[134.5], [-0.059725635995467506, -0.5064941051474029]], [[134.5], [-0.059725635995467506, -0.5064941051474029]], [[175.8], [0.22702505191167197, 0.508011777720383]], [[134.5], [-0.059725635995467506, -0.5064941051474029]], [[134.5], [-0.059725635995467506, -0.5064941051474029]], [[134.5], [-0.059725635995467506, -0.5064941051474029]], [[175.8], [0.22702505191167197, 0.508011777720383]], [[500.0], [0.136327197154363, 0.334670669154117]]], "101": [[[426.4], [0.5063639581203461, 0.2572860693532314]], [[426.4], [0.5063639581203461, 0.2572860693532314]], [[426.4], [0.5063639581203461, 0.2572860693532314]], [[426.4], [0.5063639581203461, 0.2572860693532314]], [[426.4], [0.5063639581203461, 0.2572860693532314]], [[155.5], [0.16512461006641388, 0.5057106534259742]], [[72.1], [0.4282916088898977, -0.5449080510002574]], [[426.4], [0.5063639581203461, 0.2572860693532314]], [[121.0], [-0.06520561253031096, 0.5186376959513249]], [[155.5], [0.16512461006641388, 0.5057106534259742]], [[121.0], [-0.06520561253031096, 0.5186376959513249]], [[121.0], [-0.06520561253031096, 0.5186376959513249]], [[426.4], [0.5063639581203461, 0.2572860693532314]], [[426.4], [0.5063639581203461, 0.2572860693532314]], [[426.4], [0.5063639581203461, 0.2572860693532314]], [[426.4], [0.5063639581203461, 0.2572860693532314]], [[426.4], [0.5063639581203461, 0.2572860693532314]], [[426.4], [0.5063639581203461, 0.2572860693532314]], [[37.8], [-0.009971804295976957, 0.5164516456959921]], [[121.0], [-0.06520561253031096, 0.5186376959513249]], [[121.0], [-0.06520561253031096, 0.5186376959513249]], [[426.4], [0.5063639581203461, 0.2572860693532314]], [[121.0], [-0.06520561253031096, 0.5186376959513249]], [[426.4], [0.5063639581203461, 0.2572860693532314]], [[155.5], [0.16512461006641388, 0.5057106534259742]], [[444.6], [-0.11242634306351344, 0.39042735641652887]], [[426.4], [0.5063639581203461, 0.2572860693532314]], [[121.0], [-0.06520561253031096, 0.5186376959513249]], [[102.8], [0.0467339251190424, 0.5025325708412097]], [[121.0], [-0.06520561253031096, 0.5186376959513249]]]}