{"101": [[[10.0], [0.03666744567453861, -0.5957981901305714]], [[46.1], [0.045364974066615105, -0.5182464869969199]], [[9.8], [0.03666744567453861, -0.5957981901305714]], [[10.0], [0.03666744567453861, -0.5957981901305714]], [[46.1], [0.045364974066615105, -0.5182464869969199]], [[9.0], [-0.02940102480351925, 0.5648723273186023]], [[50.3], [0.06438283249735832, -0.6406328609685579]], [[9.0], [-0.02940102480351925, 0.5648723273186023]], [[153.6], [0.2940759062767029, 0.5082311242391048]], [[46.1], [0.045364974066615105, -0.5182464869969199]], [[46.1], [0.045364974066615105, -0.5182464869969199]], [[39.5], [-0.004295963638772568, 0.5252042241644062]], [[50.3], [0.06438283249735832, -0.6406328609685579]], [[50.3], [0.06438283249735832, -0.6406328609685579]], [[46.1], [0.045364974066615105, -0.5182464869969199]], [[50.3], [0.06438283249735832, -0.6406328609685579]], [[46.1], [0.045364974066615105, -0.5182464869969199]], [[10.0], [0.03666744567453861, -0.5957981901305714]], [[10.0], [0.03666744567453861, -0.5957981901305714]], [[9.3], [0.03666744567453861, -0.5957981901305714]], [[46.1], [0.045364974066615105, -0.5182464869969199]], [[9.0], [-0.02940102480351925, 0.5648723273186023]], [[50.3], [0.06438283249735832, -0.6406328609685579]], [[9.3], [0.03666744567453861, -0.5957981901305714]], [[50.3], [0.06438283249735832, -0.6406328609685579]], [[46.1], [0.045364974066615105, -0.5182464869969199]], [[39.5], [-0.004295963638772568, 0.5252042241644062]], [[50.3], [0.06438283249735832, -0.6406328609685579]], [[39.5], [-0.004295963638772568, 0.5252042241644062]], [[46.1], [0.045364974066615105, -0.5182464869969199]]], "103": [[[9.7], [0.03666744567453861, -0.5957981901305714]], [[64.2], [0.1009227087100347, -0.5055901607828277]], [[9.7], [0.03666744567453861, -0.5957981901305714]], [[9.7], [0.03666744567453861, -0.5957981901305714]], [[9.3], [0.03666744567453861, -0.5957981901305714]], [[9.7], [0.03666744567453861, -0.5957981901305714]], [[9.7], [0.03666744567453861, -0.5957981901305714]], [[9.7], [0.03666744567453861, -0.5957981901305714]], [[9.7], [0.03666744567453861, -0.5957981901305714]], [[64.2], [0.1009227087100347, -0.5055901607828277]], [[9.7], [0.03666744567453861, -0.5957981901305714]], [[79.7], [0.0642228809495767, 0.5019604090298192]], [[79.7], [0.0642228809495767, 0.5019604090298192]], [[9.7], [0.03666744567453861, -0.5957981901305714]], [[9.7], [0.03666744567453861, -0.5957981901305714]], [[9.7], [0.03666744567453861, -0.5957981901305714]], [[288.8], [0.5032077928384145, 0.4532593502952722]], [[9.7], [0.03666744567453861, -0.5957981901305714]], [[9.3], [0.03666744567453861, -0.5957981901305714]], [[9.7], [0.03666744567453861, -0.5957981901305714]], [[288.8], [0.5032077928384145, 0.4532593502952722]], [[64.2], [0.1009227087100347, -0.5055901607828277]], [[9.7], [0.03666744567453861, -0.5957981901305714]], [[9.7], [0.03666744567453861, -0.5957981901305714]], [[9.7], [0.03666744567453861, -0.5957981901305714]], [[9.7], [0.03666744567453861, -0.5957981901305714]], [[79.7], [0.0642228809495767, 0.5019604090298192]], [[288.8], [0.5032077928384145, 0.4532593502952722]], [[79.7], [0.0642228809495767, 0.5019604090298192]], [[9.7], [0.03666744567453861, -0.5957981901305714]]], "102": [[[10.0], [0.03666744567453861, -0.5957981901305714]], [[10.0], [0.03666744567453861, -0.5957981901305714]], [[9.6], [0.03666744567453861, -0.5957981901305714]], [[10.0], [0.03666744567453861, -0.5957981901305714]], [[9.6], [0.03666744567453861, -0.5957981901305714]], [[9.6], [0.03666744567453861, -0.5957981901305714]], [[9.6], [0.03666744567453861, -0.5957981901305714]], [[10.0], [0.03666744567453861, -0.5957981901305714]], [[10.0], [0.03666744567453861, -0.5957981901305714]], [[9.6], [0.03666744567453861, -0.5957981901305714]], [[10.0], [0.03666744567453861, -0.5957981901305714]], [[9.9], [0.03666744567453861, -0.5957981901305714]], [[9.6], [0.03666744567453861, -0.5957981901305714]], [[9.6], [0.03666744567453861, -0.5957981901305714]], [[9.6], [0.03666744567453861, -0.5957981901305714]], [[9.6], [0.03666744567453861, -0.5957981901305714]], [[10.0], [0.03666744567453861, -0.5957981901305714]], [[9.9], [0.03666744567453861, -0.5957981901305714]], [[9.9], [0.03666744567453861, -0.5957981901305714]], [[9.6], [0.03666744567453861, -0.5957981901305714]], [[9.6], [0.03666744567453861, -0.5957981901305714]], [[9.6], [0.03666744567453861, -0.5957981901305714]], [[10.0], [0.03666744567453861, -0.5957981901305714]], [[9.9], [0.03666744567453861, -0.5957981901305714]], [[9.6], [0.03666744567453861, -0.5957981901305714]], [[9.6], [0.03666744567453861, -0.5957981901305714]], [[9.9], [0.03666744567453861, -0.5957981901305714]], [[9.6], [0.03666744567453861, -0.5957981901305714]], [[9.6], [0.03666744567453861, -0.5957981901305714]], [[9.6], [0.03666744567453861, -0.5957981901305714]]]}