{"103": [[[14.7], [0.0298949982970953, -0.5045175980152696]], [[14.7], [0.0298949982970953, -0.5045175980152696]], [[14.7], [0.0298949982970953, -0.5045175980152696]], [[14.7], [0.0298949982970953, -0.5045175980152696]], [[14.7], [0.0298949982970953, -0.5045175980152696]], [[14.7], [0.0298949982970953, -0.5045175980152696]], [[9.2], [0.03666744567453861, -0.5957981901305714]], [[9.1], [-0.02940102480351925, 0.5648723273186023]], [[14.7], [0.0298949982970953, -0.5045175980152696]], [[14.7], [0.0298949982970953, -0.5045175980152696]], [[14.7], [0.0298949982970953, -0.5045175980152696]], [[14.7], [0.0298949982970953, -0.5045175980152696]], [[346.2], [0.013313256204128265, 0.015682910689326566]], [[14.7], [0.0298949982970953, -0.5045175980152696]], [[14.7], [0.0298949982970953, -0.5045175980152696]], [[14.7], [0.0298949982970953, -0.5045175980152696]], [[14.7], [0.0298949982970953, -0.5045175980152696]], [[14.7], [0.0298949982970953, -0.5045175980152696]], [[14.7], [0.0298949982970953, -0.5045175980152696]], [[14.7], [0.0298949982970953, -0.5045175980152696]], [[14.7], [0.0298949982970953, -0.5045175980152696]], [[14.7], [0.0298949982970953, -0.5045175980152696]], [[14.7], [0.0298949982970953, -0.5045175980152696]], [[14.7], [0.0298949982970953, -0.5045175980152696]], [[14.7], [0.0298949982970953, -0.5045175980152696]], [[9.4], [-0.02940102480351925, 0.5648723273186023]], [[14.7], [0.0298949982970953, -0.5045175980152696]], [[14.7], [0.0298949982970953, -0.5045175980152696]], [[14.7], [0.0298949982970953, -0.5045175980152696]], [[14.7], [0.0298949982970953, -0.5045175980152696]]], "101": [[[130.1], [0.047108217452963196, 0.5539288860188717]], [[130.1], [0.047108217452963196, 0.5539288860188717]], [[130.1], [0.047108217452963196, 0.5539288860188717]], [[130.1], [0.047108217452963196, 0.5539288860188717]], [[130.1], [0.047108217452963196, 0.5539288860188717]], [[130.1], [0.047108217452963196, 0.5539288860188717]], [[130.1], [0.047108217452963196, 0.5539288860188717]], [[130.1], [0.047108217452963196, 0.5539288860188717]], [[130.1], [0.047108217452963196, 0.5539288860188717]], [[9.3], [0.03666744567453861, -0.5957981901305714]], [[130.1], [0.047108217452963196, 0.5539288860188717]], [[130.1], [0.047108217452963196, 0.5539288860188717]], [[130.1], [0.047108217452963196, 0.5539288860188717]], [[130.1], [0.047108217452963196, 0.5539288860188717]], [[130.1], [0.047108217452963196, 0.5539288860188717]], [[130.1], [0.047108217452963196, 0.5539288860188717]], [[130.1], [0.047108217452963196, 0.5539288860188717]], [[130.1], [0.047108217452963196, 0.5539288860188717]], [[130.1], [0.047108217452963196, 0.5539288860188717]], [[130.1], [0.047108217452963196, 0.5539288860188717]], [[130.1], [0.047108217452963196, 0.5539288860188717]], [[41.6], [-0.0566623608271281, 0.5458146333694458]], [[130.1], [0.047108217452963196, 0.5539288860188717]], [[130.1], [0.047108217452963196, 0.5539288860188717]], [[130.1], [0.047108217452963196, 0.5539288860188717]], [[130.1], [0.047108217452963196, 0.5539288860188717]], [[130.1], [0.047108217452963196, 0.5539288860188717]], [[130.1], [0.047108217452963196, 0.5539288860188717]], [[130.1], [0.047108217452963196, 0.5539288860188717]], [[130.1], [0.047108217452963196, 0.5539288860188717]]], "102": [[[9.9], [0.03666744567453861, -0.5957981901305714]], [[9.9], [0.03666744567453861, -0.5957981901305714]], [[9.9], [0.03666744567453861, -0.5957981901305714]], [[9.9], [0.03666744567453861, -0.5957981901305714]], [[9.9], [0.03666744567453861, -0.5957981901305714]], [[9.9], [0.03666744567453861, -0.5957981901305714]], [[9.9], [0.03666744567453861, -0.5957981901305714]], [[9.9], [0.03666744567453861, -0.5957981901305714]], [[9.9], [0.03666744567453861, -0.5957981901305714]], [[9.9], [0.03666744567453861, -0.5957981901305714]], [[9.9], [0.03666744567453861, -0.5957981901305714]], [[9.9], [0.03666744567453861, -0.5957981901305714]], [[9.9], [0.03666744567453861, -0.5957981901305714]], [[9.9], [0.03666744567453861, -0.5957981901305714]], [[9.9], [0.03666744567453861, -0.5957981901305714]], [[9.9], [0.03666744567453861, -0.5957981901305714]], [[9.9], [0.03666744567453861, -0.5957981901305714]], [[9.9], [0.03666744567453861, -0.5957981901305714]], [[9.9], [0.03666744567453861, -0.5957981901305714]], [[9.9], [0.03666744567453861, -0.5957981901305714]], [[9.9], [0.03666744567453861, -0.5957981901305714]], [[9.9], [0.03666744567453861, -0.5957981901305714]], [[9.9], [0.03666744567453861, -0.5957981901305714]], [[9.9], [0.03666744567453861, -0.5957981901305714]], [[9.9], [0.03666744567453861, -0.5957981901305714]], [[9.9], [0.03666744567453861, -0.5957981901305714]], [[9.9], [0.03666744567453861, -0.5957981901305714]], [[9.9], [0.03666744567453861, -0.5957981901305714]], [[9.9], [0.03666744567453861, -0.5957981901305714]], [[9.9], [0.03666744567453861, -0.5957981901305714]]]}