{"103": [[[115.3], [0.3803426524003347, 0.502567649172824]], [[9.4], [0.03666744567453861, -0.5957981901305714]], [[146.1], [0.09482298667232196, 0.5051898970558313]], [[115.3], [0.3803426524003347, 0.502567649172824]], [[9.4], [0.03666744567453861, -0.5957981901305714]], [[9.4], [0.03666744567453861, -0.5957981901305714]], [[9.7], [0.03666744567453861, -0.5957981901305714]], [[115.3], [0.3803426524003347, 0.502567649172824]], [[10.0], [0.03666744567453861, -0.5957981901305714]], [[115.3], [0.3803426524003347, 0.502567649172824]], [[115.3], [0.3803426524003347, 0.502567649172824]], [[9.9], [0.03666744567453861, -0.5957981901305714]], [[115.3], [0.3803426524003347, 0.502567649172824]], [[9.4], [0.03666744567453861, -0.5957981901305714]], [[81.5], [0.030636293813586235, 0.5385585164909729]], [[115.3], [0.3803426524003347, 0.502567649172824]], [[9.3], [0.03666744567453861, -0.5957981901305714]], [[148.8], [0.14880551646153134, -0.522042860825096]], [[9.4], [0.03666744567453861, -0.5957981901305714]], [[9.4], [0.03666744567453861, -0.5957981901305714]], [[148.8], [0.14880551646153134, -0.522042860825096]], [[9.4], [0.03666744567453861, -0.5957981901305714]], [[115.3], [0.3803426524003347, 0.502567649172824]], [[148.8], [0.14880551646153134, -0.522042860825096]], [[115.3], [0.3803426524003347, 0.502567649172824]], [[9.9], [0.03666744567453861, -0.5957981901305714]], [[9.6], [0.03666744567453861, -0.5957981901305714]], [[9.4], [0.03666744567453861, -0.5957981901305714]], [[9.4], [0.03666744567453861, -0.5957981901305714]], [[115.3], [0.3803426524003347, 0.502567649172824]]], "101": [[[82.8], [0.09357084209720294, -0.501850147566727]], [[9.9], [0.03666744567453861, -0.5957981901305714]], [[176.7], [-0.11030214528242747, 0.5325299273267318]], [[9.9], [0.03666744567453861, -0.5957981901305714]], [[176.7], [-0.11030214528242747, 0.5325299273267318]], [[102.6], [0.1270263766249021, 0.5034342336882816]], [[9.3], [0.03666744567453861, -0.5957981901305714]], [[24.0], [0.024040482627848785, -0.5313715937605316]], [[82.8], [0.09357084209720294, -0.501850147566727]], [[9.2], [-0.02940102480351925, 0.5648723273186023]], [[9.3], [0.03666744567453861, -0.5957981901305714]], [[9.9], [0.03666744567453861, -0.5957981901305714]], [[9.9], [0.03666744567453861, -0.5957981901305714]], [[176.7], [-0.11030214528242747, 0.5325299273267318]], [[82.8], [0.09357084209720294, -0.501850147566727]], [[82.8], [0.09357084209720294, -0.501850147566727]], [[9.2], [-0.02940102480351925, 0.5648723273186023]], [[9.9], [0.03666744567453861, -0.5957981901305714]], [[82.8], [0.09357084209720294, -0.501850147566727]], [[9.9], [0.03666744567453861, -0.5957981901305714]], [[9.3], [0.03666744567453861, -0.5957981901305714]], [[9.3], [0.03666744567453861, -0.5957981901305714]], [[9.9], [0.03666744567453861, -0.5957981901305714]], [[24.0], [0.024040482627848785, -0.5313715937605316]], [[24.0], [0.024040482627848785, -0.5313715937605316]], [[82.8], [0.09357084209720294, -0.501850147566727]], [[9.9], [0.03666744567453861, -0.5957981901305714]], [[9.9], [0.03666744567453861, -0.5957981901305714]], [[9.3], [0.03666744567453861, -0.5957981901305714]], [[176.7], [-0.11030214528242747, 0.5325299273267318]]], "102": [[[145.9], [-0.3503318876028061, 0.5177197772920417]], [[9.4], [0.03666744567453861, -0.5957981901305714]], [[9.4], [0.03666744567453861, -0.5957981901305714]], [[9.8], [0.03666744567453861, -0.5957981901305714]], [[9.7], [0.03666744567453861, -0.5957981901305714]], [[9.7], [0.03666744567453861, -0.5957981901305714]], [[9.4], [0.03666744567453861, -0.5957981901305714]], [[10.5], [0.03358541987836361, -0.5485005854989924]], [[9.6], [0.03666744567453861, -0.5957981901305714]], [[9.8], [0.03666744567453861, -0.5957981901305714]], [[9.4], [0.03666744567453861, -0.5957981901305714]], [[9.4], [0.03666744567453861, -0.5957981901305714]], [[9.4], [0.03666744567453861, -0.5957981901305714]], [[9.8], [0.03666744567453861, -0.5957981901305714]], [[9.3], [0.03666744567453861, -0.5957981901305714]], [[9.6], [0.03666744567453861, -0.5957981901305714]], [[9.9], [0.03666744567453861, -0.5957981901305714]], [[9.9], [0.03666744567453861, -0.5957981901305714]], [[9.9], [0.03666744567453861, -0.5957981901305714]], [[9.4], [0.03666744567453861, -0.5957981901305714]], [[9.8], [0.03666744567453861, -0.5957981901305714]], [[9.6], [0.03666744567453861, -0.5957981901305714]], [[9.9], [0.03666744567453861, -0.5957981901305714]], [[9.9], [0.03666744567453861, -0.5957981901305714]], [[9.7], [0.03666744567453861, -0.5957981901305714]], [[9.4], [0.03666744567453861, -0.5957981901305714]], [[9.6], [0.03666744567453861, -0.5957981901305714]], [[9.9], [0.03666744567453861, -0.5957981901305714]], [[9.9], [0.03666744567453861, -0.5957981901305714]], [[104.9], [0.508368064959844, -0.2903351872161245]]]}