{"103": [[[32.4], [-0.016611156364281975, 0.525829146068062]], [[60.4], [0.03278815187513828, 0.5214131976428785]], [[32.4], [-0.016611156364281975, 0.525829146068062]], [[32.4], [-0.016611156364281975, 0.525829146068062]], [[60.4], [0.03278815187513828, 0.5214131976428785]], [[32.4], [-0.016611156364281975, 0.525829146068062]], [[32.4], [-0.016611156364281975, 0.525829146068062]], [[32.4], [-0.016611156364281975, 0.525829146068062]], [[32.4], [-0.016611156364281975, 0.525829146068062]], [[32.4], [-0.016611156364281975, 0.525829146068062]], [[32.4], [-0.016611156364281975, 0.525829146068062]], [[32.4], [-0.016611156364281975, 0.525829146068062]], [[32.4], [-0.016611156364281975, 0.525829146068062]], [[32.4], [-0.016611156364281975, 0.525829146068062]], [[32.4], [-0.016611156364281975, 0.525829146068062]], [[32.4], [-0.016611156364281975, 0.525829146068062]], [[32.4], [-0.016611156364281975, 0.525829146068062]], [[32.4], [-0.016611156364281975, 0.525829146068062]], [[32.4], [-0.016611156364281975, 0.525829146068062]], [[32.4], [-0.016611156364281975, 0.525829146068062]], [[132.1], [0.08890163774291675, 0.5038133577296608]], [[32.4], [-0.016611156364281975, 0.525829146068062]], [[32.4], [-0.016611156364281975, 0.525829146068062]], [[32.4], [-0.016611156364281975, 0.525829146068062]], [[32.4], [-0.016611156364281975, 0.525829146068062]], [[32.4], [-0.016611156364281975, 0.525829146068062]], [[32.4], [-0.016611156364281975, 0.525829146068062]], [[32.4], [-0.016611156364281975, 0.525829146068062]], [[32.4], [-0.016611156364281975, 0.525829146068062]], [[32.4], [-0.016611156364281975, 0.525829146068062]]], "102": [[[9.6], [0.03666744567453861, -0.5957981901305714]], [[9.6], [0.03666744567453861, -0.5957981901305714]], [[9.6], [0.03666744567453861, -0.5957981901305714]], [[9.6], [0.03666744567453861, -0.5957981901305714]], [[9.6], [0.03666744567453861, -0.5957981901305714]], [[9.6], [0.03666744567453861, -0.5957981901305714]], [[9.6], [0.03666744567453861, -0.5957981901305714]], [[10.0], [0.03666744567453861, -0.5957981901305714]], [[9.6], [0.03666744567453861, -0.5957981901305714]], [[9.6], [0.03666744567453861, -0.5957981901305714]], [[9.6], [0.03666744567453861, -0.5957981901305714]], [[9.6], [0.03666744567453861, -0.5957981901305714]], [[9.6], [0.03666744567453861, -0.5957981901305714]], [[9.6], [0.03666744567453861, -0.5957981901305714]], [[9.6], [0.03666744567453861, -0.5957981901305714]], [[9.6], [0.03666744567453861, -0.5957981901305714]], [[9.6], [0.03666744567453861, -0.5957981901305714]], [[9.6], [0.03666744567453861, -0.5957981901305714]], [[9.6], [0.03666744567453861, -0.5957981901305714]], [[9.6], [0.03666744567453861, -0.5957981901305714]], [[9.6], [0.03666744567453861, -0.5957981901305714]], [[9.6], [0.03666744567453861, -0.5957981901305714]], [[9.6], [0.03666744567453861, -0.5957981901305714]], [[9.6], [0.03666744567453861, -0.5957981901305714]], [[9.6], [0.03666744567453861, -0.5957981901305714]], [[9.6], [0.03666744567453861, -0.5957981901305714]], [[9.6], [0.03666744567453861, -0.5957981901305714]], [[9.6], [0.03666744567453861, -0.5957981901305714]], [[9.6], [0.03666744567453861, -0.5957981901305714]], [[9.6], [0.03666744567453861, -0.5957981901305714]]], "101": [[[10.0], [0.03666744567453861, -0.5957981901305714]], [[10.0], [0.03666744567453861, -0.5957981901305714]], [[10.0], [0.03666744567453861, -0.5957981901305714]], [[10.0], [0.03666744567453861, -0.5957981901305714]], [[10.0], [0.03666744567453861, -0.5957981901305714]], [[10.0], [0.03666744567453861, -0.5957981901305714]], [[10.0], [0.03666744567453861, -0.5957981901305714]], [[10.0], [0.03666744567453861, -0.5957981901305714]], [[10.0], [0.03666744567453861, -0.5957981901305714]], [[9.3], [0.03666744567453861, -0.5957981901305714]], [[10.0], [0.03666744567453861, -0.5957981901305714]], [[10.0], [0.03666744567453861, -0.5957981901305714]], [[10.0], [0.03666744567453861, -0.5957981901305714]], [[9.3], [0.03666744567453861, -0.5957981901305714]], [[10.0], [0.03666744567453861, -0.5957981901305714]], [[10.0], [0.03666744567453861, -0.5957981901305714]], [[10.0], [0.03666744567453861, -0.5957981901305714]], [[10.0], [0.03666744567453861, -0.5957981901305714]], [[10.0], [0.03666744567453861, -0.5957981901305714]], [[10.0], [0.03666744567453861, -0.5957981901305714]], [[10.0], [0.03666744567453861, -0.5957981901305714]], [[10.0], [0.03666744567453861, -0.5957981901305714]], [[9.7], [0.03666744567453861, -0.5957981901305714]], [[10.0], [0.03666744567453861, -0.5957981901305714]], [[10.0], [0.03666744567453861, -0.5957981901305714]], [[10.0], [0.03666744567453861, -0.5957981901305714]], [[9.3], [0.03666744567453861, -0.5957981901305714]], [[10.0], [0.03666744567453861, -0.5957981901305714]], [[10.0], [0.03666744567453861, -0.5957981901305714]], [[10.0], [0.03666744567453861, -0.5957981901305714]]]}