{"102": [[[9.6], [0.03666744567453861, -0.5957981901305714]], [[9.6], [0.03666744567453861, -0.5957981901305714]], [[9.6], [0.03666744567453861, -0.5957981901305714]], [[9.6], [0.03666744567453861, -0.5957981901305714]], [[9.6], [0.03666744567453861, -0.5957981901305714]], [[9.6], [0.03666744567453861, -0.5957981901305714]], [[9.6], [0.03666744567453861, -0.5957981901305714]], [[9.6], [0.03666744567453861, -0.5957981901305714]], [[9.8], [0.03666744567453861, -0.5957981901305714]], [[9.6], [0.03666744567453861, -0.5957981901305714]], [[131.9], [-0.5108181635538738, 0.1282919037855413]], [[9.6], [0.03666744567453861, -0.5957981901305714]], [[9.6], [0.03666744567453861, -0.5957981901305714]], [[131.9], [-0.5108181635538738, 0.1282919037855413]], [[131.9], [-0.5108181635538738, 0.1282919037855413]], [[9.6], [0.03666744567453861, -0.5957981901305714]], [[9.6], [0.03666744567453861, -0.5957981901305714]], [[9.6], [0.03666744567453861, -0.5957981901305714]], [[131.9], [-0.5108181635538738, 0.1282919037855413]], [[9.6], [0.03666744567453861, -0.5957981901305714]], [[9.6], [0.03666744567453861, -0.5957981901305714]], [[9.8], [0.03666744567453861, -0.5957981901305714]], [[131.9], [-0.5108181635538738, 0.1282919037855413]], [[131.9], [-0.5108181635538738, 0.1282919037855413]], [[9.6], [0.03666744567453861, -0.5957981901305714]], [[9.6], [0.03666744567453861, -0.5957981901305714]], [[9.6], [0.03666744567453861, -0.5957981901305714]], [[131.9], [-0.5108181635538738, 0.1282919037855413]], [[9.6], [0.03666744567453861, -0.5957981901305714]], [[9.6], [0.03666744567453861, -0.5957981901305714]]], "103": [[[22.9], [-0.025303435201446216, 0.5692792209711942]], [[132.9], [0.09204163526495299, 0.5122045652147685]], [[9.2], [-0.02940102480351925, 0.5648723273186023]], [[9.2], [-0.02940102480351925, 0.5648723273186023]], [[25.9], [-0.017488102118174236, 0.5217355332876507]], [[369.8], [-0.3291816016038259, 0.5044209543597755]], [[132.9], [0.09204163526495299, 0.5122045652147685]], [[288.2], [0.5026024580001831, 0.17338404743865346]], [[132.9], [0.09204163526495299, 0.5122045652147685]], [[22.9], [-0.025303435201446216, 0.5692792209711942]], [[22.9], [-0.025303435201446216, 0.5692792209711942]], [[132.9], [0.09204163526495299, 0.5122045652147685]], [[132.9], [0.09204163526495299, 0.5122045652147685]], [[132.9], [0.09204163526495299, 0.5122045652147685]], [[9.3], [0.03666744567453861, -0.5957981901305714]], [[132.9], [0.09204163526495299, 0.5122045652147685]], [[25.9], [-0.017488102118174236, 0.5217355332876507]], [[9.2], [-0.02940102480351925, 0.5648723273186023]], [[9.2], [-0.02940102480351925, 0.5648723273186023]], [[25.9], [-0.017488102118174236, 0.5217355332876507]], [[9.2], [-0.02940102480351925, 0.5648723273186023]], [[132.9], [0.09204163526495299, 0.5122045652147685]], [[22.9], [-0.025303435201446216, 0.5692792209711942]], [[132.9], [0.09204163526495299, 0.5122045652147685]], [[22.9], [-0.025303435201446216, 0.5692792209711942]], [[402.0], [0.004321773691723744, -0.009970853114099594]], [[25.9], [-0.017488102118174236, 0.5217355332876507]], [[9.2], [-0.02940102480351925, 0.5648723273186023]], [[132.9], [0.09204163526495299, 0.5122045652147685]], [[22.9], [-0.025303435201446216, 0.5692792209711942]]], "101": [[[66.6], [0.2041686202088992, -0.5148793236490642]], [[9.8], [0.03666744567453861, -0.5957981901305714]], [[9.8], [0.03666744567453861, -0.5957981901305714]], [[9.8], [0.03666744567453861, -0.5957981901305714]], [[66.6], [0.2041686202088992, -0.5148793236490642]], [[9.8], [0.03666744567453861, -0.5957981901305714]], [[9.8], [0.03666744567453861, -0.5957981901305714]], [[66.6], [0.2041686202088992, -0.5148793236490642]], [[9.8], [0.03666744567453861, -0.5957981901305714]], [[97.3], [0.2129818250735601, -0.5644106052138589]], [[9.8], [0.03666744567453861, -0.5957981901305714]], [[9.8], [0.03666744567453861, -0.5957981901305714]], [[9.8], [0.03666744567453861, -0.5957981901305714]], [[9.8], [0.03666744567453861, -0.5957981901305714]], [[9.8], [0.03666744567453861, -0.5957981901305714]], [[9.8], [0.03666744567453861, -0.5957981901305714]], [[9.5], [-0.02940102480351925, 0.5648723273186023]], [[9.8], [0.03666744567453861, -0.5957981901305714]], [[9.8], [0.03666744567453861, -0.5957981901305714]], [[9.8], [0.03666744567453861, -0.5957981901305714]], [[66.6], [0.2041686202088992, -0.5148793236490642]], [[97.3], [0.2129818250735601, -0.5644106052138589]], [[9.8], [0.03666744567453861, -0.5957981901305714]], [[66.6], [0.2041686202088992, -0.5148793236490642]], [[66.6], [0.2041686202088992, -0.5148793236490642]], [[97.3], [0.2129818250735601, -0.5644106052138589]], [[9.8], [0.03666744567453861, -0.5957981901305714]], [[9.8], [0.03666744567453861, -0.5957981901305714]], [[9.8], [0.03666744567453861, -0.5957981901305714]], [[9.8], [0.03666744567453861, -0.5957981901305714]]]}