{"101": [[[32.2], [-0.04991922217110793, 0.5578087847768975]], [[32.2], [-0.04991922217110793, 0.5578087847768975]], [[32.2], [-0.04991922217110793, 0.5578087847768975]], [[32.2], [-0.04991922217110793, 0.5578087847768975]], [[32.2], [-0.04991922217110793, 0.5578087847768975]], [[32.2], [-0.04991922217110793, 0.5578087847768975]], [[32.2], [-0.04991922217110793, 0.5578087847768975]], [[32.2], [-0.04991922217110793, 0.5578087847768975]], [[32.2], [-0.04991922217110793, 0.5578087847768975]], [[32.2], [-0.04991922217110793, 0.5578087847768975]], [[32.2], [-0.04991922217110793, 0.5578087847768975]], [[32.2], [-0.04991922217110793, 0.5578087847768975]], [[32.2], [-0.04991922217110793, 0.5578087847768975]], [[32.2], [-0.04991922217110793, 0.5578087847768975]], [[32.2], [-0.04991922217110793, 0.5578087847768975]], [[32.2], [-0.04991922217110793, 0.5578087847768975]], [[32.2], [-0.04991922217110793, 0.5578087847768975]], [[149.0], [-0.18050767481327057, 0.5145253319489329]], [[32.2], [-0.04991922217110793, 0.5578087847768975]], [[32.2], [-0.04991922217110793, 0.5578087847768975]], [[32.2], [-0.04991922217110793, 0.5578087847768975]], [[32.2], [-0.04991922217110793, 0.5578087847768975]], [[32.2], [-0.04991922217110793, 0.5578087847768975]], [[32.2], [-0.04991922217110793, 0.5578087847768975]], [[32.2], [-0.04991922217110793, 0.5578087847768975]], [[32.2], [-0.04991922217110793, 0.5578087847768975]], [[14.4], [0.0298949982970953, -0.5045175980152696]], [[32.2], [-0.04991922217110793, 0.5578087847768975]], [[32.2], [-0.04991922217110793, 0.5578087847768975]], [[32.2], [-0.04991922217110793, 0.5578087847768975]]], "103": [[[173.8], [0.4924188057581584, 0.5031485092696961]], [[173.8], [0.4924188057581584, 0.5031485092696961]], [[173.8], [0.4924188057581584, 0.5031485092696961]], [[173.8], [0.4924188057581584, 0.5031485092696961]], [[173.8], [0.4924188057581584, 0.5031485092696961]], [[173.8], [0.4924188057581584, 0.5031485092696961]], [[173.8], [0.4924188057581584, 0.5031485092696961]], [[173.8], [0.4924188057581584, 0.5031485092696961]], [[173.8], [0.4924188057581584, 0.5031485092696961]], [[384.3], [0.5041220784187317, 0.028808668041913704]], [[9.6], [0.03666744567453861, -0.5957981901305714]], [[173.8], [0.4924188057581584, 0.5031485092696961]], [[173.8], [0.4924188057581584, 0.5031485092696961]], [[173.8], [0.4924188057581584, 0.5031485092696961]], [[384.3], [0.5041220784187317, 0.028808668041913704]], [[173.8], [0.4924188057581584, 0.5031485092696961]], [[173.8], [0.4924188057581584, 0.5031485092696961]], [[173.8], [0.4924188057581584, 0.5031485092696961]], [[173.8], [0.4924188057581584, 0.5031485092696961]], [[173.8], [0.4924188057581584, 0.5031485092696961]], [[173.8], [0.4924188057581584, 0.5031485092696961]], [[173.8], [0.4924188057581584, 0.5031485092696961]], [[173.8], [0.4924188057581584, 0.5031485092696961]], [[173.8], [0.4924188057581584, 0.5031485092696961]], [[173.8], [0.4924188057581584, 0.5031485092696961]], [[173.8], [0.4924188057581584, 0.5031485092696961]], [[173.8], [0.4924188057581584, 0.5031485092696961]], [[173.8], [0.4924188057581584, 0.5031485092696961]], [[173.8], [0.4924188057581584, 0.5031485092696961]], [[173.8], [0.4924188057581584, 0.5031485092696961]]], "102": [[[10.0], [0.03666744567453861, -0.5957981901305714]], [[10.0], [0.03666744567453861, -0.5957981901305714]], [[10.0], [0.03666744567453861, -0.5957981901305714]], [[10.0], [0.03666744567453861, -0.5957981901305714]], [[10.0], [0.03666744567453861, -0.5957981901305714]], [[10.0], [0.03666744567453861, -0.5957981901305714]], [[10.0], [0.03666744567453861, -0.5957981901305714]], [[10.0], [0.03666744567453861, -0.5957981901305714]], [[10.0], [0.03666744567453861, -0.5957981901305714]], [[10.0], [0.03666744567453861, -0.5957981901305714]], [[10.0], [0.03666744567453861, -0.5957981901305714]], [[10.0], [0.03666744567453861, -0.5957981901305714]], [[10.0], [0.03666744567453861, -0.5957981901305714]], [[10.0], [0.03666744567453861, -0.5957981901305714]], [[10.0], [0.03666744567453861, -0.5957981901305714]], [[10.0], [0.03666744567453861, -0.5957981901305714]], [[10.0], [0.03666744567453861, -0.5957981901305714]], [[10.0], [0.03666744567453861, -0.5957981901305714]], [[10.0], [0.03666744567453861, -0.5957981901305714]], [[10.0], [0.03666744567453861, -0.5957981901305714]], [[10.0], [0.03666744567453861, -0.5957981901305714]], [[10.0], [0.03666744567453861, -0.5957981901305714]], [[10.0], [0.03666744567453861, -0.5957981901305714]], [[10.0], [0.03666744567453861, -0.5957981901305714]], [[10.0], [0.03666744567453861, -0.5957981901305714]], [[10.0], [0.03666744567453861, -0.5957981901305714]], [[10.0], [0.03666744567453861, -0.5957981901305714]], [[10.0], [0.03666744567453861, -0.5957981901305714]], [[10.0], [0.03666744567453861, -0.5957981901305714]], [[10.0], [0.03666744567453861, -0.5957981901305714]]]}