{"103": [[[157.3], [0.5028789738814037, 0.0030846406291261245]], [[157.3], [0.5028789738814037, 0.0030846406291261245]], [[157.3], [0.5028789738814037, 0.0030846406291261245]], [[157.3], [0.5028789738814037, 0.0030846406291261245]], [[157.3], [0.5028789738814037, 0.0030846406291261245]], [[157.3], [0.5028789738814037, 0.0030846406291261245]], [[157.3], [0.5028789738814037, 0.0030846406291261245]], [[157.3], [0.5028789738814037, 0.0030846406291261245]], [[157.3], [0.5028789738814037, 0.0030846406291261245]], [[157.3], [0.5028789738814037, 0.0030846406291261245]], [[157.3], [0.5028789738814037, 0.0030846406291261245]], [[9.6], [-0.02940102480351925, 0.5648723273186023]], [[157.3], [0.5028789738814037, 0.0030846406291261245]], [[157.3], [0.5028789738814037, 0.0030846406291261245]], [[157.3], [0.5028789738814037, 0.0030846406291261245]], [[157.3], [0.5028789738814037, 0.0030846406291261245]], [[157.3], [0.5028789738814037, 0.0030846406291261245]], [[157.3], [0.5028789738814037, 0.0030846406291261245]], [[157.3], [0.5028789738814037, 0.0030846406291261245]], [[157.3], [0.5028789738814037, 0.0030846406291261245]], [[157.3], [0.5028789738814037, 0.0030846406291261245]], [[157.3], [0.5028789738814037, 0.0030846406291261245]], [[157.3], [0.5028789738814037, 0.0030846406291261245]], [[157.3], [0.5028789738814037, 0.0030846406291261245]], [[157.3], [0.5028789738814037, 0.0030846406291261245]], [[157.3], [0.5028789738814037, 0.0030846406291261245]], [[157.3], [0.5028789738814037, 0.0030846406291261245]], [[157.3], [0.5028789738814037, 0.0030846406291261245]], [[157.3], [0.5028789738814037, 0.0030846406291261245]], [[157.3], [0.5028789738814037, 0.0030846406291261245]]], "102": [[[9.7], [0.03666744567453861, -0.5957981901305714]], [[9.7], [0.03666744567453861, -0.5957981901305714]], [[9.7], [0.03666744567453861, -0.5957981901305714]], [[9.7], [0.03666744567453861, -0.5957981901305714]], [[9.7], [0.03666744567453861, -0.5957981901305714]], [[9.7], [0.03666744567453861, -0.5957981901305714]], [[9.7], [0.03666744567453861, -0.5957981901305714]], [[9.7], [0.03666744567453861, -0.5957981901305714]], [[9.7], [0.03666744567453861, -0.5957981901305714]], [[9.7], [0.03666744567453861, -0.5957981901305714]], [[9.7], [0.03666744567453861, -0.5957981901305714]], [[9.7], [0.03666744567453861, -0.5957981901305714]], [[9.7], [0.03666744567453861, -0.5957981901305714]], [[9.7], [0.03666744567453861, -0.5957981901305714]], [[9.7], [0.03666744567453861, -0.5957981901305714]], [[9.7], [0.03666744567453861, -0.5957981901305714]], [[49.5], [0.2279854069153468, -0.5225043333888625]], [[9.7], [0.03666744567453861, -0.5957981901305714]], [[9.7], [0.03666744567453861, -0.5957981901305714]], [[9.7], [0.03666744567453861, -0.5957981901305714]], [[9.7], [0.03666744567453861, -0.5957981901305714]], [[9.7], [0.03666744567453861, -0.5957981901305714]], [[9.7], [0.03666744567453861, -0.5957981901305714]], [[9.7], [0.03666744567453861, -0.5957981901305714]], [[9.7], [0.03666744567453861, -0.5957981901305714]], [[9.7], [0.03666744567453861, -0.5957981901305714]], [[9.7], [0.03666744567453861, -0.5957981901305714]], [[9.7], [0.03666744567453861, -0.5957981901305714]], [[9.7], [0.03666744567453861, -0.5957981901305714]], [[9.7], [0.03666744567453861, -0.5957981901305714]]], "101": [[[113.2], [0.2675420045852661, -0.5156646647521754]], [[113.2], [0.2675420045852661, -0.5156646647521754]], [[113.2], [0.2675420045852661, -0.5156646647521754]], [[113.2], [0.2675420045852661, -0.5156646647521754]], [[113.2], [0.2675420045852661, -0.5156646647521754]], [[113.2], [0.2675420045852661, -0.5156646647521754]], [[113.2], [0.2675420045852661, -0.5156646647521754]], [[113.2], [0.2675420045852661, -0.5156646647521754]], [[113.2], [0.2675420045852661, -0.5156646647521754]], [[113.2], [0.2675420045852661, -0.5156646647521754]], [[113.2], [0.2675420045852661, -0.5156646647521754]], [[113.2], [0.2675420045852661, -0.5156646647521754]], [[113.2], [0.2675420045852661, -0.5156646647521754]], [[113.2], [0.2675420045852661, -0.5156646647521754]], [[113.2], [0.2675420045852661, -0.5156646647521754]], [[113.2], [0.2675420045852661, -0.5156646647521754]], [[113.2], [0.2675420045852661, -0.5156646647521754]], [[113.2], [0.2675420045852661, -0.5156646647521754]], [[113.2], [0.2675420045852661, -0.5156646647521754]], [[113.2], [0.2675420045852661, -0.5156646647521754]], [[113.2], [0.2675420045852661, -0.5156646647521754]], [[113.2], [0.2675420045852661, -0.5156646647521754]], [[113.2], [0.2675420045852661, -0.5156646647521754]], [[113.2], [0.2675420045852661, -0.5156646647521754]], [[113.2], [0.2675420045852661, -0.5156646647521754]], [[113.2], [0.2675420045852661, -0.5156646647521754]], [[113.2], [0.2675420045852661, -0.5156646647521754]], [[113.2], [0.2675420045852661, -0.5156646647521754]], [[113.2], [0.2675420045852661, -0.5156646647521754]], [[113.2], [0.2675420045852661, -0.5156646647521754]]]}