{"102": [[[9.6], [0.03666744567453861, -0.5957981901305714]], [[9.6], [-0.02940102480351925, 0.5648723273186023]], [[9.6], [0.03666744567453861, -0.5957981901305714]], [[9.6], [-0.02940102480351925, 0.5648723273186023]], [[9.6], [-0.02940102480351925, 0.5648723273186023]], [[9.6], [-0.02940102480351925, 0.5648723273186023]], [[9.6], [-0.02940102480351925, 0.5648723273186023]], [[9.6], [-0.02940102480351925, 0.5648723273186023]], [[9.6], [0.03666744567453861, -0.5957981901305714]], [[9.6], [-0.02940102480351925, 0.5648723273186023]], [[9.9], [0.03666744567453861, -0.5957981901305714]], [[9.6], [0.03666744567453861, -0.5957981901305714]], [[9.6], [-0.02940102480351925, 0.5648723273186023]], [[9.6], [-0.02940102480351925, 0.5648723273186023]], [[9.6], [0.03666744567453861, -0.5957981901305714]], [[9.3], [0.03666744567453861, -0.5957981901305714]], [[9.6], [-0.02940102480351925, 0.5648723273186023]], [[9.6], [-0.02940102480351925, 0.5648723273186023]], [[9.2], [-0.02940102480351925, 0.5648723273186023]], [[9.6], [-0.02940102480351925, 0.5648723273186023]], [[9.6], [-0.02940102480351925, 0.5648723273186023]], [[9.6], [-0.02940102480351925, 0.5648723273186023]], [[9.6], [-0.02940102480351925, 0.5648723273186023]], [[9.6], [-0.02940102480351925, 0.5648723273186023]], [[9.6], [-0.02940102480351925, 0.5648723273186023]], [[9.6], [0.03666744567453861, -0.5957981901305714]], [[9.6], [-0.02940102480351925, 0.5648723273186023]], [[9.6], [-0.02940102480351925, 0.5648723273186023]], [[9.6], [0.03666744567453861, -0.5957981901305714]], [[25.4], [-0.021129671173791092, 0.5048611446430809]]], "101": [[[9.5], [0.03666744567453861, -0.5957981901305714]], [[9.5], [0.03666744567453861, -0.5957981901305714]], [[9.5], [0.03666744567453861, -0.5957981901305714]], [[9.5], [0.03666744567453861, -0.5957981901305714]], [[9.5], [0.03666744567453861, -0.5957981901305714]], [[9.5], [0.03666744567453861, -0.5957981901305714]], [[9.5], [0.03666744567453861, -0.5957981901305714]], [[9.5], [0.03666744567453861, -0.5957981901305714]], [[9.5], [0.03666744567453861, -0.5957981901305714]], [[9.5], [0.03666744567453861, -0.5957981901305714]], [[9.5], [0.03666744567453861, -0.5957981901305714]], [[9.5], [0.03666744567453861, -0.5957981901305714]], [[9.5], [0.03666744567453861, -0.5957981901305714]], [[9.5], [0.03666744567453861, -0.5957981901305714]], [[9.5], [0.03666744567453861, -0.5957981901305714]], [[9.5], [0.03666744567453861, -0.5957981901305714]], [[9.5], [0.03666744567453861, -0.5957981901305714]], [[9.5], [0.03666744567453861, -0.5957981901305714]], [[9.5], [0.03666744567453861, -0.5957981901305714]], [[9.5], [0.03666744567453861, -0.5957981901305714]], [[9.5], [0.03666744567453861, -0.5957981901305714]], [[9.5], [0.03666744567453861, -0.5957981901305714]], [[9.5], [0.03666744567453861, -0.5957981901305714]], [[9.5], [0.03666744567453861, -0.5957981901305714]], [[9.5], [0.03666744567453861, -0.5957981901305714]], [[9.5], [0.03666744567453861, -0.5957981901305714]], [[9.5], [0.03666744567453861, -0.5957981901305714]], [[9.5], [0.03666744567453861, -0.5957981901305714]], [[9.5], [0.03666744567453861, -0.5957981901305714]], [[9.5], [0.03666744567453861, -0.5957981901305714]]], "103": [[[350.9], [0.5065196255842845, 0.3302814216134651]], [[350.9], [0.5065196255842845, 0.3302814216134651]], [[350.9], [0.5065196255842845, 0.3302814216134651]], [[55.1], [0.016931677237153053, 0.5146324206767471]], [[55.1], [0.016931677237153053, 0.5146324206767471]], [[55.1], [0.016931677237153053, 0.5146324206767471]], [[350.9], [0.5065196255842845, 0.3302814216134651]], [[55.1], [0.016931677237153053, 0.5146324206767471]], [[350.9], [0.5065196255842845, 0.3302814216134651]], [[350.9], [0.5065196255842845, 0.3302814216134651]], [[55.1], [0.016931677237153053, 0.5146324206767471]], [[350.9], [0.5065196255842845, 0.3302814216134651]], [[350.9], [0.5065196255842845, 0.3302814216134651]], [[350.9], [0.5065196255842845, 0.3302814216134651]], [[350.9], [0.5065196255842845, 0.3302814216134651]], [[55.1], [0.016931677237153053, 0.5146324206767471]], [[350.9], [0.5065196255842845, 0.3302814216134651]], [[350.9], [0.5065196255842845, 0.3302814216134651]], [[350.9], [0.5065196255842845, 0.3302814216134651]], [[55.1], [0.016931677237153053, 0.5146324206767471]], [[55.1], [0.016931677237153053, 0.5146324206767471]], [[350.9], [0.5065196255842845, 0.3302814216134651]], [[350.9], [0.5065196255842845, 0.3302814216134651]], [[350.9], [0.5065196255842845, 0.3302814216134651]], [[350.9], [0.5065196255842845, 0.3302814216134651]], [[350.9], [0.5065196255842845, 0.3302814216134651]], [[350.9], [0.5065196255842845, 0.3302814216134651]], [[350.9], [0.5065196255842845, 0.3302814216134651]], [[55.1], [0.016931677237153053, 0.5146324206767471]], [[55.1], [0.016931677237153053, 0.5146324206767471]]]}