{"102": [[[9.7], [0.03666744567453861, -0.5957981901305714]], [[9.7], [0.03666744567453861, -0.5957981901305714]], [[9.7], [0.03666744567453861, -0.5957981901305714]], [[9.7], [0.03666744567453861, -0.5957981901305714]], [[9.7], [0.03666744567453861, -0.5957981901305714]], [[9.7], [0.03666744567453861, -0.5957981901305714]], [[9.7], [0.03666744567453861, -0.5957981901305714]], [[9.7], [0.03666744567453861, -0.5957981901305714]], [[9.7], [0.03666744567453861, -0.5957981901305714]], [[9.7], [0.03666744567453861, -0.5957981901305714]], [[9.7], [0.03666744567453861, -0.5957981901305714]], [[9.7], [0.03666744567453861, -0.5957981901305714]], [[9.6], [-0.02940102480351925, 0.5648723273186023]], [[9.7], [0.03666744567453861, -0.5957981901305714]], [[9.7], [0.03666744567453861, -0.5957981901305714]], [[9.7], [0.03666744567453861, -0.5957981901305714]], [[9.7], [0.03666744567453861, -0.5957981901305714]], [[9.7], [0.03666744567453861, -0.5957981901305714]], [[9.7], [0.03666744567453861, -0.5957981901305714]], [[9.7], [0.03666744567453861, -0.5957981901305714]], [[9.7], [0.03666744567453861, -0.5957981901305714]], [[9.7], [0.03666744567453861, -0.5957981901305714]], [[9.7], [0.03666744567453861, -0.5957981901305714]], [[9.7], [0.03666744567453861, -0.5957981901305714]], [[9.7], [0.03666744567453861, -0.5957981901305714]], [[9.7], [0.03666744567453861, -0.5957981901305714]], [[9.7], [0.03666744567453861, -0.5957981901305714]], [[9.7], [0.03666744567453861, -0.5957981901305714]], [[9.7], [0.03666744567453861, -0.5957981901305714]], [[9.7], [0.03666744567453861, -0.5957981901305714]]], "103": [[[226.6], [0.2840839823087057, 0.5014209014376956]], [[226.6], [0.2840839823087057, 0.5014209014376956]], [[237.8], [0.5017374952634176, 0.39730976785769306]], [[226.6], [0.2840839823087057, 0.5014209014376956]], [[237.8], [0.5017374952634176, 0.39730976785769306]], [[237.8], [0.5017374952634176, 0.39730976785769306]], [[237.8], [0.5017374952634176, 0.39730976785769306]], [[237.8], [0.5017374952634176, 0.39730976785769306]], [[226.6], [0.2840839823087057, 0.5014209014376956]], [[226.6], [0.2840839823087057, 0.5014209014376956]], [[226.6], [0.2840839823087057, 0.5014209014376956]], [[226.6], [0.2840839823087057, 0.5014209014376956]], [[237.8], [0.5017374952634176, 0.39730976785769306]], [[237.8], [0.5017374952634176, 0.39730976785769306]], [[237.8], [0.5017374952634176, 0.39730976785769306]], [[226.6], [0.2840839823087057, 0.5014209014376956]], [[226.6], [0.2840839823087057, 0.5014209014376956]], [[226.6], [0.2840839823087057, 0.5014209014376956]], [[226.6], [0.2840839823087057, 0.5014209014376956]], [[226.6], [0.2840839823087057, 0.5014209014376956]], [[226.6], [0.2840839823087057, 0.5014209014376956]], [[237.8], [0.5017374952634176, 0.39730976785769306]], [[226.6], [0.2840839823087057, 0.5014209014376956]], [[226.6], [0.2840839823087057, 0.5014209014376956]], [[237.8], [0.5017374952634176, 0.39730976785769306]], [[226.6], [0.2840839823087057, 0.5014209014376956]], [[226.6], [0.2840839823087057, 0.5014209014376956]], [[226.6], [0.2840839823087057, 0.5014209014376956]], [[226.6], [0.2840839823087057, 0.5014209014376956]], [[226.6], [0.2840839823087057, 0.5014209014376956]]], "101": [[[9.6], [0.03666744567453861, -0.5957981901305714]], [[9.6], [0.03666744567453861, -0.5957981901305714]], [[9.6], [0.03666744567453861, -0.5957981901305714]], [[9.6], [0.03666744567453861, -0.5957981901305714]], [[9.6], [0.03666744567453861, -0.5957981901305714]], [[9.6], [0.03666744567453861, -0.5957981901305714]], [[9.6], [0.03666744567453861, -0.5957981901305714]], [[9.6], [0.03666744567453861, -0.5957981901305714]], [[9.6], [0.03666744567453861, -0.5957981901305714]], [[9.6], [0.03666744567453861, -0.5957981901305714]], [[9.6], [0.03666744567453861, -0.5957981901305714]], [[9.6], [0.03666744567453861, -0.5957981901305714]], [[9.6], [0.03666744567453861, -0.5957981901305714]], [[9.6], [0.03666744567453861, -0.5957981901305714]], [[9.6], [0.03666744567453861, -0.5957981901305714]], [[9.6], [0.03666744567453861, -0.5957981901305714]], [[9.6], [0.03666744567453861, -0.5957981901305714]], [[9.6], [0.03666744567453861, -0.5957981901305714]], [[9.6], [0.03666744567453861, -0.5957981901305714]], [[9.6], [0.03666744567453861, -0.5957981901305714]], [[9.6], [0.03666744567453861, -0.5957981901305714]], [[9.6], [0.03666744567453861, -0.5957981901305714]], [[9.6], [0.03666744567453861, -0.5957981901305714]], [[9.6], [0.03666744567453861, -0.5957981901305714]], [[9.6], [0.03666744567453861, -0.5957981901305714]], [[9.6], [0.03666744567453861, -0.5957981901305714]], [[9.6], [0.03666744567453861, -0.5957981901305714]], [[9.6], [0.03666744567453861, -0.5957981901305714]], [[9.6], [0.03666744567453861, -0.5957981901305714]], [[9.6], [0.03666744567453861, -0.5957981901305714]]]}