{"102": [[[22.8], [-0.048693216716249786, 0.6051790771301854]], [[9.8], [0.03666744567453861, -0.5957981901305714]], [[9.7], [0.03666744567453861, -0.5957981901305714]], [[9.7], [0.03666744567453861, -0.5957981901305714]], [[9.9], [0.03666744567453861, -0.5957981901305714]], [[41.6], [0.08363942926128706, -0.5129100888539729]], [[9.8], [0.03666744567453861, -0.5957981901305714]], [[9.6], [0.03666744567453861, -0.5957981901305714]], [[9.9], [0.03666744567453861, -0.5957981901305714]], [[9.6], [0.03666744567453861, -0.5957981901305714]], [[9.7], [0.03666744567453861, -0.5957981901305714]], [[9.6], [0.03666744567453861, -0.5957981901305714]], [[9.4], [0.03666744567453861, -0.5957981901305714]], [[9.6], [0.03666744567453861, -0.5957981901305714]], [[9.9], [0.03666744567453861, -0.5957981901305714]], [[9.7], [0.03666744567453861, -0.5957981901305714]], [[9.6], [0.03666744567453861, -0.5957981901305714]], [[9.6], [0.03666744567453861, -0.5957981901305714]], [[9.6], [0.03666744567453861, -0.5957981901305714]], [[41.6], [0.08363942926128706, -0.5129100888539729]], [[9.4], [0.03666744567453861, -0.5957981901305714]], [[9.7], [0.03666744567453861, -0.5957981901305714]], [[9.7], [0.03666744567453861, -0.5957981901305714]], [[9.6], [0.03666744567453861, -0.5957981901305714]], [[9.6], [0.03666744567453861, -0.5957981901305714]], [[9.8], [0.03666744567453861, -0.5957981901305714]], [[9.8], [0.03666744567453861, -0.5957981901305714]], [[9.7], [0.03666744567453861, -0.5957981901305714]], [[9.7], [0.03666744567453861, -0.5957981901305714]], [[9.9], [0.03666744567453861, -0.5957981901305714]]], "101": [[[9.6], [0.03666744567453861, -0.5957981901305714]], [[9.6], [0.03666744567453861, -0.5957981901305714]], [[9.6], [0.03666744567453861, -0.5957981901305714]], [[9.9], [0.03666744567453861, -0.5957981901305714]], [[9.6], [0.03666744567453861, -0.5957981901305714]], [[9.6], [0.03666744567453861, -0.5957981901305714]], [[9.6], [0.03666744567453861, -0.5957981901305714]], [[9.6], [0.03666744567453861, -0.5957981901305714]], [[9.6], [0.03666744567453861, -0.5957981901305714]], [[9.6], [0.03666744567453861, -0.5957981901305714]], [[69.0], [0.11688139289617538, -0.53891307857048]], [[322.1], [0.12695033103227615, -0.5068491663088639]], [[9.6], [0.03666744567453861, -0.5957981901305714]], [[322.1], [0.12695033103227615, -0.5068491663088639]], [[9.9], [0.03666744567453861, -0.5957981901305714]], [[9.5], [0.03666744567453861, -0.5957981901305714]], [[9.9], [0.03666744567453861, -0.5957981901305714]], [[322.1], [0.12695033103227615, -0.5068491663088639]], [[9.6], [0.03666744567453861, -0.5957981901305714]], [[9.5], [0.03666744567453861, -0.5957981901305714]], [[23.4], [-0.02043445749829213, 0.6167582062442908]], [[9.6], [0.03666744567453861, -0.5957981901305714]], [[9.6], [0.03666744567453861, -0.5957981901305714]], [[9.6], [0.03666744567453861, -0.5957981901305714]], [[9.6], [0.03666744567453861, -0.5957981901305714]], [[9.6], [0.03666744567453861, -0.5957981901305714]], [[9.6], [0.03666744567453861, -0.5957981901305714]], [[9.5], [0.03666744567453861, -0.5957981901305714]], [[9.6], [0.03666744567453861, -0.5957981901305714]], [[9.6], [0.03666744567453861, -0.5957981901305714]]], "103": [[[28.4], [-0.009971804295976957, 0.5164516456959921]], [[426.4], [0.5063639581203461, 0.2572860693532314]], [[45.9], [-0.006393496490394076, 0.5489782425775482]], [[9.4], [0.03666744567453861, -0.5957981901305714]], [[193.4], [0.2685987204313278, 0.5128849208640139]], [[28.4], [-0.009971804295976957, 0.5164516456959921]], [[106.9], [0.0802384006480376, 0.5282100878263775]], [[28.4], [-0.009971804295976957, 0.5164516456959921]], [[106.9], [0.0802384006480376, 0.5282100878263775]], [[28.4], [-0.009971804295976957, 0.5164516456959921]], [[49.1], [0.011955833372970423, 0.5209384637586237]], [[49.1], [0.011955833372970423, 0.5209384637586237]], [[45.9], [-0.006393496490394076, 0.5489782425775482]], [[45.9], [-0.006393496490394076, 0.5489782425775482]], [[193.4], [0.2685987204313278, 0.5128849208640139]], [[45.9], [-0.006393496490394076, 0.5489782425775482]], [[49.1], [0.011955833372970423, 0.5209384637586237]], [[49.1], [0.011955833372970423, 0.5209384637586237]], [[49.1], [0.011955833372970423, 0.5209384637586237]], [[49.1], [0.011955833372970423, 0.5209384637586237]], [[49.1], [0.011955833372970423, 0.5209384637586237]], [[28.4], [-0.009971804295976957, 0.5164516456959921]], [[49.1], [0.011955833372970423, 0.5209384637586237]], [[49.1], [0.011955833372970423, 0.5209384637586237]], [[106.9], [0.0802384006480376, 0.5282100878263775]], [[9.9], [0.03666744567453861, -0.5957981901305714]], [[49.1], [0.011955833372970423, 0.5209384637586237]], [[9.9], [0.03666744567453861, -0.5957981901305714]], [[28.4], [-0.009971804295976957, 0.5164516456959921]], [[49.1], [0.011955833372970423, 0.5209384637586237]]]}