{"103": [[[288.6], [0.5080546438694, 0.06682814308330773]], [[288.6], [0.5080546438694, 0.06682814308330773]], [[288.6], [0.5080546438694, 0.06682814308330773]], [[288.6], [0.5080546438694, 0.06682814308330773]], [[40.7], [-0.0018553379535054169, 0.5168461343318081]], [[288.6], [0.5080546438694, 0.06682814308330773]], [[288.6], [0.5080546438694, 0.06682814308330773]], [[288.6], [0.5080546438694, 0.06682814308330773]], [[288.6], [0.5080546438694, 0.06682814308330773]], [[288.6], [0.5080546438694, 0.06682814308330773]], [[288.6], [0.5080546438694, 0.06682814308330773]], [[288.6], [0.5080546438694, 0.06682814308330773]], [[288.6], [0.5080546438694, 0.06682814308330773]], [[288.6], [0.5080546438694, 0.06682814308330773]], [[288.6], [0.5080546438694, 0.06682814308330773]], [[288.6], [0.5080546438694, 0.06682814308330773]], [[288.6], [0.5080546438694, 0.06682814308330773]], [[288.6], [0.5080546438694, 0.06682814308330773]], [[288.6], [0.5080546438694, 0.06682814308330773]], [[288.6], [0.5080546438694, 0.06682814308330773]], [[288.6], [0.5080546438694, 0.06682814308330773]], [[288.6], [0.5080546438694, 0.06682814308330773]], [[288.6], [0.5080546438694, 0.06682814308330773]], [[288.6], [0.5080546438694, 0.06682814308330773]], [[288.6], [0.5080546438694, 0.06682814308330773]], [[288.6], [0.5080546438694, 0.06682814308330773]], [[288.6], [0.5080546438694, 0.06682814308330773]], [[288.6], [0.5080546438694, 0.06682814308330773]], [[288.6], [0.5080546438694, 0.06682814308330773]], [[288.6], [0.5080546438694, 0.06682814308330773]]], "102": [[[9.6], [0.03666744567453861, -0.5957981901305714]], [[9.6], [0.03666744567453861, -0.5957981901305714]], [[9.6], [0.03666744567453861, -0.5957981901305714]], [[9.6], [0.03666744567453861, -0.5957981901305714]], [[9.6], [0.03666744567453861, -0.5957981901305714]], [[9.6], [0.03666744567453861, -0.5957981901305714]], [[9.6], [0.03666744567453861, -0.5957981901305714]], [[9.6], [0.03666744567453861, -0.5957981901305714]], [[9.6], [0.03666744567453861, -0.5957981901305714]], [[9.6], [0.03666744567453861, -0.5957981901305714]], [[9.6], [0.03666744567453861, -0.5957981901305714]], [[9.2], [0.03666744567453861, -0.5957981901305714]], [[9.6], [0.03666744567453861, -0.5957981901305714]], [[9.6], [0.03666744567453861, -0.5957981901305714]], [[9.6], [0.03666744567453861, -0.5957981901305714]], [[9.6], [0.03666744567453861, -0.5957981901305714]], [[9.6], [0.03666744567453861, -0.5957981901305714]], [[9.6], [0.03666744567453861, -0.5957981901305714]], [[9.6], [0.03666744567453861, -0.5957981901305714]], [[60.5], [0.029627342397967976, 0.5064750687357341]], [[60.5], [0.029627342397967976, 0.5064750687357341]], [[9.6], [0.03666744567453861, -0.5957981901305714]], [[9.5], [0.03666744567453861, -0.5957981901305714]], [[9.6], [0.03666744567453861, -0.5957981901305714]], [[9.6], [0.03666744567453861, -0.5957981901305714]], [[9.6], [0.03666744567453861, -0.5957981901305714]], [[9.6], [0.03666744567453861, -0.5957981901305714]], [[9.6], [0.03666744567453861, -0.5957981901305714]], [[9.6], [0.03666744567453861, -0.5957981901305714]], [[9.6], [0.03666744567453861, -0.5957981901305714]]], "101": [[[9.5], [0.03666744567453861, -0.5957981901305714]], [[9.5], [0.03666744567453861, -0.5957981901305714]], [[9.5], [0.03666744567453861, -0.5957981901305714]], [[9.5], [0.03666744567453861, -0.5957981901305714]], [[9.5], [0.03666744567453861, -0.5957981901305714]], [[9.5], [0.03666744567453861, -0.5957981901305714]], [[9.5], [0.03666744567453861, -0.5957981901305714]], [[9.5], [0.03666744567453861, -0.5957981901305714]], [[9.5], [0.03666744567453861, -0.5957981901305714]], [[9.5], [0.03666744567453861, -0.5957981901305714]], [[9.5], [0.03666744567453861, -0.5957981901305714]], [[9.5], [0.03666744567453861, -0.5957981901305714]], [[9.5], [0.03666744567453861, -0.5957981901305714]], [[9.5], [0.03666744567453861, -0.5957981901305714]], [[9.5], [0.03666744567453861, -0.5957981901305714]], [[9.5], [0.03666744567453861, -0.5957981901305714]], [[9.5], [0.03666744567453861, -0.5957981901305714]], [[9.5], [0.03666744567453861, -0.5957981901305714]], [[9.5], [0.03666744567453861, -0.5957981901305714]], [[9.5], [0.03666744567453861, -0.5957981901305714]], [[9.5], [0.03666744567453861, -0.5957981901305714]], [[9.5], [0.03666744567453861, -0.5957981901305714]], [[9.5], [0.03666744567453861, -0.5957981901305714]], [[9.5], [0.03666744567453861, -0.5957981901305714]], [[9.5], [0.03666744567453861, -0.5957981901305714]], [[9.5], [0.03666744567453861, -0.5957981901305714]], [[9.5], [0.03666744567453861, -0.5957981901305714]], [[9.5], [0.03666744567453861, -0.5957981901305714]], [[9.5], [0.03666744567453861, -0.5957981901305714]], [[9.5], [0.03666744567453861, -0.5957981901305714]]]}