{"101": [[[47.2], [-0.06286229938268661, 0.545480355406492]], [[47.2], [-0.06286229938268661, 0.545480355406492]], [[47.2], [-0.06286229938268661, 0.545480355406492]], [[47.2], [-0.06286229938268661, 0.545480355406492]], [[47.2], [-0.06286229938268661, 0.545480355406492]], [[47.2], [-0.06286229938268661, 0.545480355406492]], [[47.2], [-0.06286229938268661, 0.545480355406492]], [[47.2], [-0.06286229938268661, 0.545480355406492]], [[47.2], [-0.06286229938268661, 0.545480355406492]], [[47.2], [-0.06286229938268661, 0.545480355406492]], [[47.2], [-0.06286229938268661, 0.545480355406492]], [[47.2], [-0.06286229938268661, 0.545480355406492]], [[47.2], [-0.06286229938268661, 0.545480355406492]], [[47.2], [-0.06286229938268661, 0.545480355406492]], [[47.2], [-0.06286229938268661, 0.545480355406492]], [[47.2], [-0.06286229938268661, 0.545480355406492]], [[47.2], [-0.06286229938268661, 0.545480355406492]], [[47.2], [-0.06286229938268661, 0.545480355406492]], [[47.2], [-0.06286229938268661, 0.545480355406492]], [[47.2], [-0.06286229938268661, 0.545480355406492]], [[17.3], [-0.020055572191874187, 0.5277906807415793]], [[47.2], [-0.06286229938268661, 0.545480355406492]], [[47.2], [-0.06286229938268661, 0.545480355406492]], [[47.2], [-0.06286229938268661, 0.545480355406492]], [[47.2], [-0.06286229938268661, 0.545480355406492]], [[47.2], [-0.06286229938268661, 0.545480355406492]], [[47.2], [-0.06286229938268661, 0.545480355406492]], [[47.2], [-0.06286229938268661, 0.545480355406492]], [[47.2], [-0.06286229938268661, 0.545480355406492]], [[47.2], [-0.06286229938268661, 0.545480355406492]]], "103": [[[292.3], [0.5092293520768484, 0.4499003861509442]], [[292.3], [0.5092293520768484, 0.4499003861509442]], [[292.3], [0.5092293520768484, 0.4499003861509442]], [[292.3], [0.5092293520768484, 0.4499003861509442]], [[292.3], [0.5092293520768484, 0.4499003861509442]], [[292.3], [0.5092293520768484, 0.4499003861509442]], [[292.3], [0.5092293520768484, 0.4499003861509442]], [[292.3], [0.5092293520768484, 0.4499003861509442]], [[292.3], [0.5092293520768484, 0.4499003861509442]], [[292.3], [0.5092293520768484, 0.4499003861509442]], [[292.3], [0.5092293520768484, 0.4499003861509442]], [[292.3], [0.5092293520768484, 0.4499003861509442]], [[292.3], [0.5092293520768484, 0.4499003861509442]], [[292.3], [0.5092293520768484, 0.4499003861509442]], [[292.3], [0.5092293520768484, 0.4499003861509442]], [[292.3], [0.5092293520768484, 0.4499003861509442]], [[292.3], [0.5092293520768484, 0.4499003861509442]], [[292.3], [0.5092293520768484, 0.4499003861509442]], [[292.3], [0.5092293520768484, 0.4499003861509442]], [[292.3], [0.5092293520768484, 0.4499003861509442]], [[292.3], [0.5092293520768484, 0.4499003861509442]], [[292.3], [0.5092293520768484, 0.4499003861509442]], [[292.3], [0.5092293520768484, 0.4499003861509442]], [[292.3], [0.5092293520768484, 0.4499003861509442]], [[292.3], [0.5092293520768484, 0.4499003861509442]], [[292.3], [0.5092293520768484, 0.4499003861509442]], [[292.3], [0.5092293520768484, 0.4499003861509442]], [[292.3], [0.5092293520768484, 0.4499003861509442]], [[292.3], [0.5092293520768484, 0.4499003861509442]], [[292.3], [0.5092293520768484, 0.4499003861509442]]], "102": [[[9.8], [0.03666744567453861, -0.5957981901305714]], [[9.6], [0.03666744567453861, -0.5957981901305714]], [[9.6], [0.03666744567453861, -0.5957981901305714]], [[9.6], [0.03666744567453861, -0.5957981901305714]], [[9.8], [0.03666744567453861, -0.5957981901305714]], [[9.6], [0.03666744567453861, -0.5957981901305714]], [[9.6], [0.03666744567453861, -0.5957981901305714]], [[9.6], [0.03666744567453861, -0.5957981901305714]], [[9.6], [0.03666744567453861, -0.5957981901305714]], [[9.6], [0.03666744567453861, -0.5957981901305714]], [[9.6], [0.03666744567453861, -0.5957981901305714]], [[9.9], [0.03666744567453861, -0.5957981901305714]], [[9.6], [0.03666744567453861, -0.5957981901305714]], [[9.8], [0.03666744567453861, -0.5957981901305714]], [[9.6], [0.03666744567453861, -0.5957981901305714]], [[9.8], [0.03666744567453861, -0.5957981901305714]], [[9.9], [0.03666744567453861, -0.5957981901305714]], [[9.9], [0.03666744567453861, -0.5957981901305714]], [[9.9], [0.03666744567453861, -0.5957981901305714]], [[9.6], [0.03666744567453861, -0.5957981901305714]], [[9.6], [0.03666744567453861, -0.5957981901305714]], [[9.9], [0.03666744567453861, -0.5957981901305714]], [[9.6], [0.03666744567453861, -0.5957981901305714]], [[9.6], [0.03666744567453861, -0.5957981901305714]], [[9.6], [0.03666744567453861, -0.5957981901305714]], [[9.6], [0.03666744567453861, -0.5957981901305714]], [[9.6], [0.03666744567453861, -0.5957981901305714]], [[9.9], [0.03666744567453861, -0.5957981901305714]], [[263.2], [0.39591354628403985, 0.5050241661984385]], [[9.9], [0.03666744567453861, -0.5957981901305714]]]}