{"103": [[[34.2], [-0.009971804295976957, 0.5164516456959921]], [[34.2], [-0.009971804295976957, 0.5164516456959921]], [[34.2], [-0.009971804295976957, 0.5164516456959921]], [[34.2], [-0.009971804295976957, 0.5164516456959921]], [[34.2], [-0.009971804295976957, 0.5164516456959921]], [[34.2], [-0.009971804295976957, 0.5164516456959921]], [[34.2], [-0.009971804295976957, 0.5164516456959921]], [[34.2], [-0.009971804295976957, 0.5164516456959921]], [[34.2], [-0.009971804295976957, 0.5164516456959921]], [[37.2], [-0.009971804295976957, 0.5164516456959921]], [[34.2], [-0.009971804295976957, 0.5164516456959921]], [[34.2], [-0.009971804295976957, 0.5164516456959921]], [[37.2], [-0.009971804295976957, 0.5164516456959921]], [[37.2], [-0.009971804295976957, 0.5164516456959921]], [[34.2], [-0.009971804295976957, 0.5164516456959921]], [[34.2], [-0.009971804295976957, 0.5164516456959921]], [[37.2], [-0.009971804295976957, 0.5164516456959921]], [[37.2], [-0.009971804295976957, 0.5164516456959921]], [[37.2], [-0.009971804295976957, 0.5164516456959921]], [[34.2], [-0.009971804295976957, 0.5164516456959921]], [[34.2], [-0.009971804295976957, 0.5164516456959921]], [[34.2], [-0.009971804295976957, 0.5164516456959921]], [[37.2], [-0.009971804295976957, 0.5164516456959921]], [[34.2], [-0.009971804295976957, 0.5164516456959921]], [[34.2], [-0.009971804295976957, 0.5164516456959921]], [[34.2], [-0.009971804295976957, 0.5164516456959921]], [[34.2], [-0.009971804295976957, 0.5164516456959921]], [[34.2], [-0.009971804295976957, 0.5164516456959921]], [[34.2], [-0.009971804295976957, 0.5164516456959921]], [[34.2], [-0.009971804295976957, 0.5164516456959921]]], "102": [[[20.4], [0.03912378412981828, -0.5250532875220741]], [[9.6], [0.03666744567453861, -0.5957981901305714]], [[9.6], [0.03666744567453861, -0.5957981901305714]], [[9.6], [0.03666744567453861, -0.5957981901305714]], [[9.6], [0.03666744567453861, -0.5957981901305714]], [[9.6], [0.03666744567453861, -0.5957981901305714]], [[9.6], [0.03666744567453861, -0.5957981901305714]], [[9.6], [0.03666744567453861, -0.5957981901305714]], [[9.6], [0.03666744567453861, -0.5957981901305714]], [[9.6], [0.03666744567453861, -0.5957981901305714]], [[9.6], [0.03666744567453861, -0.5957981901305714]], [[9.6], [0.03666744567453861, -0.5957981901305714]], [[9.6], [0.03666744567453861, -0.5957981901305714]], [[9.6], [0.03666744567453861, -0.5957981901305714]], [[9.6], [0.03666744567453861, -0.5957981901305714]], [[9.6], [0.03666744567453861, -0.5957981901305714]], [[9.6], [0.03666744567453861, -0.5957981901305714]], [[9.6], [0.03666744567453861, -0.5957981901305714]], [[9.6], [0.03666744567453861, -0.5957981901305714]], [[9.6], [0.03666744567453861, -0.5957981901305714]], [[9.6], [0.03666744567453861, -0.5957981901305714]], [[9.6], [0.03666744567453861, -0.5957981901305714]], [[20.4], [0.03912378412981828, -0.5250532875220741]], [[9.6], [0.03666744567453861, -0.5957981901305714]], [[9.6], [0.03666744567453861, -0.5957981901305714]], [[9.6], [0.03666744567453861, -0.5957981901305714]], [[9.6], [0.03666744567453861, -0.5957981901305714]], [[9.6], [0.03666744567453861, -0.5957981901305714]], [[9.6], [0.03666744567453861, -0.5957981901305714]], [[9.6], [0.03666744567453861, -0.5957981901305714]]], "101": [[[9.4], [0.03666744567453861, -0.5957981901305714]], [[9.4], [0.03666744567453861, -0.5957981901305714]], [[9.4], [0.03666744567453861, -0.5957981901305714]], [[9.4], [0.03666744567453861, -0.5957981901305714]], [[9.4], [0.03666744567453861, -0.5957981901305714]], [[9.4], [0.03666744567453861, -0.5957981901305714]], [[9.4], [0.03666744567453861, -0.5957981901305714]], [[9.4], [0.03666744567453861, -0.5957981901305714]], [[9.4], [0.03666744567453861, -0.5957981901305714]], [[9.4], [0.03666744567453861, -0.5957981901305714]], [[9.4], [0.03666744567453861, -0.5957981901305714]], [[9.4], [0.03666744567453861, -0.5957981901305714]], [[9.7], [0.03666744567453861, -0.5957981901305714]], [[9.4], [0.03666744567453861, -0.5957981901305714]], [[9.4], [0.03666744567453861, -0.5957981901305714]], [[9.4], [0.03666744567453861, -0.5957981901305714]], [[9.4], [0.03666744567453861, -0.5957981901305714]], [[9.4], [0.03666744567453861, -0.5957981901305714]], [[9.4], [0.03666744567453861, -0.5957981901305714]], [[9.4], [0.03666744567453861, -0.5957981901305714]], [[9.4], [0.03666744567453861, -0.5957981901305714]], [[9.4], [0.03666744567453861, -0.5957981901305714]], [[9.4], [0.03666744567453861, -0.5957981901305714]], [[9.4], [0.03666744567453861, -0.5957981901305714]], [[9.4], [0.03666744567453861, -0.5957981901305714]], [[9.4], [0.03666744567453861, -0.5957981901305714]], [[9.4], [0.03666744567453861, -0.5957981901305714]], [[9.4], [0.03666744567453861, -0.5957981901305714]], [[9.4], [0.03666744567453861, -0.5957981901305714]], [[9.4], [0.03666744567453861, -0.5957981901305714]]]}