{"103": [[[22.1], [-0.02105626743286848, 0.5207900938234832]], [[22.1], [-0.02105626743286848, 0.5207900938234832]], [[77.7], [0.04232716436187427, 0.5107939100721807]], [[282.2], [0.14057616392771405, 0.5129442759678124]], [[22.1], [-0.02105626743286848, 0.5207900938234832]], [[22.1], [-0.02105626743286848, 0.5207900938234832]], [[60.1], [0.016397343327601753, 0.5267132697493266]], [[9.0], [-0.02940102480351925, 0.5648723273186023]], [[22.1], [-0.02105626743286848, 0.5207900938234832]], [[60.1], [0.016397343327601753, 0.5267132697493266]], [[22.1], [-0.02105626743286848, 0.5207900938234832]], [[22.1], [-0.02105626743286848, 0.5207900938234832]], [[22.1], [-0.02105626743286848, 0.5207900938234832]], [[60.1], [0.016397343327601753, 0.5267132697493266]], [[22.1], [-0.02105626743286848, 0.5207900938234832]], [[60.1], [0.016397343327601753, 0.5267132697493266]], [[22.1], [-0.02105626743286848, 0.5207900938234832]], [[22.1], [-0.02105626743286848, 0.5207900938234832]], [[9.3], [-0.02940102480351925, 0.5648723273186023]], [[22.1], [-0.02105626743286848, 0.5207900938234832]], [[60.1], [0.016397343327601753, 0.5267132697493266]], [[60.1], [0.016397343327601753, 0.5267132697493266]], [[60.1], [0.016397343327601753, 0.5267132697493266]], [[22.1], [-0.02105626743286848, 0.5207900938234832]], [[77.7], [0.04232716436187427, 0.5107939100721807]], [[22.1], [-0.02105626743286848, 0.5207900938234832]], [[22.1], [-0.02105626743286848, 0.5207900938234832]], [[22.1], [-0.02105626743286848, 0.5207900938234832]], [[22.1], [-0.02105626743286848, 0.5207900938234832]], [[9.3], [-0.02940102480351925, 0.5648723273186023]]], "102": [[[477.0], [0.043689701706171036, -0.001382706831677251]], [[477.0], [0.043689701706171036, -0.001382706831677251]], [[477.0], [0.043689701706171036, -0.001382706831677251]], [[477.0], [0.043689701706171036, -0.001382706831677251]], [[477.0], [0.043689701706171036, -0.001382706831677251]], [[477.0], [0.043689701706171036, -0.001382706831677251]], [[477.0], [0.043689701706171036, -0.001382706831677251]], [[477.0], [0.043689701706171036, -0.001382706831677251]], [[477.0], [0.043689701706171036, -0.001382706831677251]], [[477.0], [0.043689701706171036, -0.001382706831677251]], [[477.0], [0.043689701706171036, -0.001382706831677251]], [[477.0], [0.043689701706171036, -0.001382706831677251]], [[477.0], [0.043689701706171036, -0.001382706831677251]], [[477.0], [0.043689701706171036, -0.001382706831677251]], [[477.0], [0.043689701706171036, -0.001382706831677251]], [[477.0], [0.043689701706171036, -0.001382706831677251]], [[477.0], [0.043689701706171036, -0.001382706831677251]], [[477.0], [0.043689701706171036, -0.001382706831677251]], [[477.0], [0.043689701706171036, -0.001382706831677251]], [[477.0], [0.043689701706171036, -0.001382706831677251]], [[477.0], [0.043689701706171036, -0.001382706831677251]], [[477.0], [0.043689701706171036, -0.001382706831677251]], [[477.0], [0.043689701706171036, -0.001382706831677251]], [[477.0], [0.043689701706171036, -0.001382706831677251]], [[477.0], [0.043689701706171036, -0.001382706831677251]], [[70.3], [0.028935754671692848, 0.5088823905401824]], [[477.0], [0.043689701706171036, -0.001382706831677251]], [[477.0], [0.043689701706171036, -0.001382706831677251]], [[477.0], [0.043689701706171036, -0.001382706831677251]], [[477.0], [0.043689701706171036, -0.001382706831677251]]], "101": [[[9.2], [-0.02940102480351925, 0.5648723273186023]], [[9.2], [-0.02940102480351925, 0.5648723273186023]], [[9.2], [-0.02940102480351925, 0.5648723273186023]], [[9.2], [-0.02940102480351925, 0.5648723273186023]], [[9.2], [-0.02940102480351925, 0.5648723273186023]], [[9.2], [-0.02940102480351925, 0.5648723273186023]], [[9.2], [-0.02940102480351925, 0.5648723273186023]], [[9.2], [-0.02940102480351925, 0.5648723273186023]], [[9.2], [-0.02940102480351925, 0.5648723273186023]], [[9.2], [-0.02940102480351925, 0.5648723273186023]], [[9.2], [-0.02940102480351925, 0.5648723273186023]], [[9.2], [-0.02940102480351925, 0.5648723273186023]], [[9.2], [-0.02940102480351925, 0.5648723273186023]], [[9.2], [-0.02940102480351925, 0.5648723273186023]], [[9.2], [-0.02940102480351925, 0.5648723273186023]], [[9.2], [-0.02940102480351925, 0.5648723273186023]], [[9.2], [-0.02940102480351925, 0.5648723273186023]], [[9.2], [-0.02940102480351925, 0.5648723273186023]], [[9.2], [-0.02940102480351925, 0.5648723273186023]], [[9.2], [-0.02940102480351925, 0.5648723273186023]], [[9.2], [-0.02940102480351925, 0.5648723273186023]], [[9.2], [-0.02940102480351925, 0.5648723273186023]], [[9.2], [-0.02940102480351925, 0.5648723273186023]], [[9.2], [-0.02940102480351925, 0.5648723273186023]], [[9.2], [-0.02940102480351925, 0.5648723273186023]], [[9.2], [-0.02940102480351925, 0.5648723273186023]], [[9.2], [-0.02940102480351925, 0.5648723273186023]], [[9.2], [-0.02940102480351925, 0.5648723273186023]], [[9.2], [-0.02940102480351925, 0.5648723273186023]], [[9.2], [-0.02940102480351925, 0.5648723273186023]]]}