{"103": [[[43.8], [0.004793622065335512, 0.5046995490361629]], [[43.8], [0.004793622065335512, 0.5046995490361629]], [[43.8], [0.004793622065335512, 0.5046995490361629]], [[43.8], [0.004793622065335512, 0.5046995490361629]], [[43.8], [0.004793622065335512, 0.5046995490361629]], [[43.8], [0.004793622065335512, 0.5046995490361629]], [[43.8], [0.004793622065335512, 0.5046995490361629]], [[43.8], [0.004793622065335512, 0.5046995490361629]], [[43.8], [0.004793622065335512, 0.5046995490361629]], [[43.8], [0.004793622065335512, 0.5046995490361629]], [[43.8], [0.004793622065335512, 0.5046995490361629]], [[43.8], [0.004793622065335512, 0.5046995490361629]], [[43.8], [0.004793622065335512, 0.5046995490361629]], [[43.8], [0.004793622065335512, 0.5046995490361629]], [[43.8], [0.004793622065335512, 0.5046995490361629]], [[43.8], [0.004793622065335512, 0.5046995490361629]], [[43.8], [0.004793622065335512, 0.5046995490361629]], [[43.8], [0.004793622065335512, 0.5046995490361629]], [[43.8], [0.004793622065335512, 0.5046995490361629]], [[43.8], [0.004793622065335512, 0.5046995490361629]], [[43.8], [0.004793622065335512, 0.5046995490361629]], [[43.8], [0.004793622065335512, 0.5046995490361629]], [[43.8], [0.004793622065335512, 0.5046995490361629]], [[43.8], [0.004793622065335512, 0.5046995490361629]], [[43.8], [0.004793622065335512, 0.5046995490361629]], [[43.8], [0.004793622065335512, 0.5046995490361629]], [[43.8], [0.004793622065335512, 0.5046995490361629]], [[43.8], [0.004793622065335512, 0.5046995490361629]], [[43.8], [0.004793622065335512, 0.5046995490361629]], [[43.8], [0.004793622065335512, 0.5046995490361629]]], "102": [[[9.9], [0.03666744567453861, -0.5957981901305714]], [[9.9], [0.03666744567453861, -0.5957981901305714]], [[9.9], [0.03666744567453861, -0.5957981901305714]], [[9.9], [0.03666744567453861, -0.5957981901305714]], [[9.9], [0.03666744567453861, -0.5957981901305714]], [[9.9], [0.03666744567453861, -0.5957981901305714]], [[9.9], [0.03666744567453861, -0.5957981901305714]], [[9.9], [0.03666744567453861, -0.5957981901305714]], [[9.9], [0.03666744567453861, -0.5957981901305714]], [[9.9], [0.03666744567453861, -0.5957981901305714]], [[9.9], [0.03666744567453861, -0.5957981901305714]], [[9.9], [0.03666744567453861, -0.5957981901305714]], [[9.9], [0.03666744567453861, -0.5957981901305714]], [[9.9], [0.03666744567453861, -0.5957981901305714]], [[9.9], [0.03666744567453861, -0.5957981901305714]], [[9.9], [0.03666744567453861, -0.5957981901305714]], [[9.9], [0.03666744567453861, -0.5957981901305714]], [[9.9], [0.03666744567453861, -0.5957981901305714]], [[9.9], [0.03666744567453861, -0.5957981901305714]], [[9.9], [0.03666744567453861, -0.5957981901305714]], [[9.9], [0.03666744567453861, -0.5957981901305714]], [[9.9], [0.03666744567453861, -0.5957981901305714]], [[9.9], [0.03666744567453861, -0.5957981901305714]], [[9.9], [0.03666744567453861, -0.5957981901305714]], [[9.9], [0.03666744567453861, -0.5957981901305714]], [[9.9], [0.03666744567453861, -0.5957981901305714]], [[9.9], [0.03666744567453861, -0.5957981901305714]], [[9.9], [0.03666744567453861, -0.5957981901305714]], [[9.9], [0.03666744567453861, -0.5957981901305714]], [[9.9], [0.03666744567453861, -0.5957981901305714]]], "101": [[[23.0], [-0.033524055033922195, 0.5235125502330835]], [[23.0], [-0.033524055033922195, 0.5235125502330835]], [[23.0], [-0.033524055033922195, 0.5235125502330835]], [[23.0], [-0.033524055033922195, 0.5235125502330835]], [[23.0], [-0.033524055033922195, 0.5235125502330835]], [[23.0], [-0.033524055033922195, 0.5235125502330835]], [[23.0], [-0.033524055033922195, 0.5235125502330835]], [[23.0], [-0.033524055033922195, 0.5235125502330835]], [[23.0], [-0.033524055033922195, 0.5235125502330835]], [[23.0], [-0.033524055033922195, 0.5235125502330835]], [[23.0], [-0.033524055033922195, 0.5235125502330835]], [[23.0], [-0.033524055033922195, 0.5235125502330835]], [[23.0], [-0.033524055033922195, 0.5235125502330835]], [[23.0], [-0.033524055033922195, 0.5235125502330835]], [[23.0], [-0.033524055033922195, 0.5235125502330835]], [[23.0], [-0.033524055033922195, 0.5235125502330835]], [[23.0], [-0.033524055033922195, 0.5235125502330835]], [[23.0], [-0.033524055033922195, 0.5235125502330835]], [[23.0], [-0.033524055033922195, 0.5235125502330835]], [[23.0], [-0.033524055033922195, 0.5235125502330835]], [[23.0], [-0.033524055033922195, 0.5235125502330835]], [[23.0], [-0.033524055033922195, 0.5235125502330835]], [[23.0], [-0.033524055033922195, 0.5235125502330835]], [[23.0], [-0.033524055033922195, 0.5235125502330835]], [[23.0], [-0.033524055033922195, 0.5235125502330835]], [[23.0], [-0.033524055033922195, 0.5235125502330835]], [[23.0], [-0.033524055033922195, 0.5235125502330835]], [[23.0], [-0.033524055033922195, 0.5235125502330835]], [[23.0], [-0.033524055033922195, 0.5235125502330835]], [[23.0], [-0.033524055033922195, 0.5235125502330835]]]}