{"101": [[[69.4], [0.0637994334101677, -0.5147672441017115]], [[69.4], [0.0637994334101677, -0.5147672441017115]], [[69.4], [0.0637994334101677, -0.5147672441017115]], [[69.4], [0.0637994334101677, -0.5147672441017115]], [[69.4], [0.0637994334101677, -0.5147672441017115]], [[69.4], [0.0637994334101677, -0.5147672441017115]], [[69.4], [0.0637994334101677, -0.5147672441017115]], [[69.4], [0.0637994334101677, -0.5147672441017115]], [[69.4], [0.0637994334101677, -0.5147672441017115]], [[69.4], [0.0637994334101677, -0.5147672441017115]], [[69.4], [0.0637994334101677, -0.5147672441017115]], [[69.4], [0.0637994334101677, -0.5147672441017115]], [[69.4], [0.0637994334101677, -0.5147672441017115]], [[69.4], [0.0637994334101677, -0.5147672441017115]], [[69.4], [0.0637994334101677, -0.5147672441017115]], [[69.4], [0.0637994334101677, -0.5147672441017115]], [[69.4], [0.0637994334101677, -0.5147672441017115]], [[69.4], [0.0637994334101677, -0.5147672441017115]], [[69.4], [0.0637994334101677, -0.5147672441017115]], [[69.4], [0.0637994334101677, -0.5147672441017115]], [[103.4], [0.054264006515343986, -0.5068518756108992]], [[69.4], [0.0637994334101677, -0.5147672441017115]], [[69.4], [0.0637994334101677, -0.5147672441017115]], [[69.4], [0.0637994334101677, -0.5147672441017115]], [[69.4], [0.0637994334101677, -0.5147672441017115]], [[22.2], [-0.03228972665965557, 0.5561027444150459]], [[69.4], [0.0637994334101677, -0.5147672441017115]], [[69.4], [0.0637994334101677, -0.5147672441017115]], [[69.4], [0.0637994334101677, -0.5147672441017115]], [[69.4], [0.0637994334101677, -0.5147672441017115]]], "103": [[[157.3], [0.5028789738814037, 0.0030846406291261245]], [[9.4], [-0.02940102480351925, 0.5648723273186023]], [[9.4], [-0.02940102480351925, 0.5648723273186023]], [[157.3], [0.5028789738814037, 0.0030846406291261245]], [[9.4], [-0.02940102480351925, 0.5648723273186023]], [[157.3], [0.5028789738814037, 0.0030846406291261245]], [[9.4], [-0.02940102480351925, 0.5648723273186023]], [[157.3], [0.5028789738814037, 0.0030846406291261245]], [[157.3], [0.5028789738814037, 0.0030846406291261245]], [[9.4], [-0.02940102480351925, 0.5648723273186023]], [[9.4], [-0.02940102480351925, 0.5648723273186023]], [[9.4], [-0.02940102480351925, 0.5648723273186023]], [[9.4], [-0.02940102480351925, 0.5648723273186023]], [[9.4], [-0.02940102480351925, 0.5648723273186023]], [[9.4], [-0.02940102480351925, 0.5648723273186023]], [[9.4], [-0.02940102480351925, 0.5648723273186023]], [[157.3], [0.5028789738814037, 0.0030846406291261245]], [[9.4], [-0.02940102480351925, 0.5648723273186023]], [[9.4], [-0.02940102480351925, 0.5648723273186023]], [[9.4], [-0.02940102480351925, 0.5648723273186023]], [[9.4], [-0.02940102480351925, 0.5648723273186023]], [[9.4], [-0.02940102480351925, 0.5648723273186023]], [[9.4], [-0.02940102480351925, 0.5648723273186023]], [[9.4], [-0.02940102480351925, 0.5648723273186023]], [[9.4], [-0.02940102480351925, 0.5648723273186023]], [[9.4], [-0.02940102480351925, 0.5648723273186023]], [[157.3], [0.5028789738814037, 0.0030846406291261245]], [[9.4], [-0.02940102480351925, 0.5648723273186023]], [[9.4], [-0.02940102480351925, 0.5648723273186023]], [[9.4], [-0.02940102480351925, 0.5648723273186023]]], "102": [[[179.5], [0.27261488139629364, -0.6084342322281103]], [[179.5], [0.27261488139629364, -0.6084342322281103]], [[179.5], [0.27261488139629364, -0.6084342322281103]], [[179.5], [0.27261488139629364, -0.6084342322281103]], [[179.5], [0.27261488139629364, -0.6084342322281103]], [[179.5], [0.27261488139629364, -0.6084342322281103]], [[179.5], [0.27261488139629364, -0.6084342322281103]], [[179.5], [0.27261488139629364, -0.6084342322281103]], [[179.5], [0.27261488139629364, -0.6084342322281103]], [[179.5], [0.27261488139629364, -0.6084342322281103]], [[179.5], [0.27261488139629364, -0.6084342322281103]], [[179.5], [0.27261488139629364, -0.6084342322281103]], [[179.5], [0.27261488139629364, -0.6084342322281103]], [[179.5], [0.27261488139629364, -0.6084342322281103]], [[179.5], [0.27261488139629364, -0.6084342322281103]], [[179.5], [0.27261488139629364, -0.6084342322281103]], [[179.5], [0.27261488139629364, -0.6084342322281103]], [[179.5], [0.27261488139629364, -0.6084342322281103]], [[179.5], [0.27261488139629364, -0.6084342322281103]], [[179.5], [0.27261488139629364, -0.6084342322281103]], [[179.5], [0.27261488139629364, -0.6084342322281103]], [[179.5], [0.27261488139629364, -0.6084342322281103]], [[179.5], [0.27261488139629364, -0.6084342322281103]], [[53.8], [0.021484560954074066, 0.5130080515117736]], [[179.5], [0.27261488139629364, -0.6084342322281103]], [[179.5], [0.27261488139629364, -0.6084342322281103]], [[179.5], [0.27261488139629364, -0.6084342322281103]], [[179.5], [0.27261488139629364, -0.6084342322281103]], [[179.5], [0.27261488139629364, -0.6084342322281103]], [[179.5], [0.27261488139629364, -0.6084342322281103]]]}