{"101": [[[81.9], [0.15773932139078778, -0.5312426523728805]], [[81.9], [0.15773932139078778, -0.5312426523728805]], [[81.9], [0.15773932139078778, -0.5312426523728805]], [[81.9], [0.15773932139078778, -0.5312426523728805]], [[81.9], [0.15773932139078778, -0.5312426523728805]], [[81.9], [0.15773932139078778, -0.5312426523728805]], [[81.9], [0.15773932139078778, -0.5312426523728805]], [[81.9], [0.15773932139078778, -0.5312426523728805]], [[81.9], [0.15773932139078778, -0.5312426523728805]], [[81.9], [0.15773932139078778, -0.5312426523728805]], [[81.9], [0.15773932139078778, -0.5312426523728805]], [[81.9], [0.15773932139078778, -0.5312426523728805]], [[81.9], [0.15773932139078778, -0.5312426523728805]], [[81.9], [0.15773932139078778, -0.5312426523728805]], [[81.9], [0.15773932139078778, -0.5312426523728805]], [[81.9], [0.15773932139078778, -0.5312426523728805]], [[81.9], [0.15773932139078778, -0.5312426523728805]], [[81.9], [0.15773932139078778, -0.5312426523728805]], [[81.9], [0.15773932139078778, -0.5312426523728805]], [[81.9], [0.15773932139078778, -0.5312426523728805]], [[81.9], [0.15773932139078778, -0.5312426523728805]], [[81.9], [0.15773932139078778, -0.5312426523728805]], [[81.9], [0.15773932139078778, -0.5312426523728805]], [[81.9], [0.15773932139078778, -0.5312426523728805]], [[81.9], [0.15773932139078778, -0.5312426523728805]], [[81.9], [0.15773932139078778, -0.5312426523728805]], [[81.9], [0.15773932139078778, -0.5312426523728805]], [[81.9], [0.15773932139078778, -0.5312426523728805]], [[81.9], [0.15773932139078778, -0.5312426523728805]], [[81.9], [0.15773932139078778, -0.5312426523728805]]], "103": [[[9.6], [0.03666744567453861, -0.5957981901305714]], [[9.6], [0.03666744567453861, -0.5957981901305714]], [[9.6], [0.03666744567453861, -0.5957981901305714]], [[9.6], [0.03666744567453861, -0.5957981901305714]], [[9.6], [0.03666744567453861, -0.5957981901305714]], [[9.6], [0.03666744567453861, -0.5957981901305714]], [[9.6], [0.03666744567453861, -0.5957981901305714]], [[9.6], [0.03666744567453861, -0.5957981901305714]], [[9.6], [0.03666744567453861, -0.5957981901305714]], [[9.6], [0.03666744567453861, -0.5957981901305714]], [[9.6], [0.03666744567453861, -0.5957981901305714]], [[9.6], [0.03666744567453861, -0.5957981901305714]], [[9.6], [0.03666744567453861, -0.5957981901305714]], [[9.6], [0.03666744567453861, -0.5957981901305714]], [[9.6], [0.03666744567453861, -0.5957981901305714]], [[9.6], [0.03666744567453861, -0.5957981901305714]], [[9.6], [0.03666744567453861, -0.5957981901305714]], [[9.6], [0.03666744567453861, -0.5957981901305714]], [[9.6], [0.03666744567453861, -0.5957981901305714]], [[9.6], [0.03666744567453861, -0.5957981901305714]], [[9.6], [0.03666744567453861, -0.5957981901305714]], [[9.6], [0.03666744567453861, -0.5957981901305714]], [[9.6], [0.03666744567453861, -0.5957981901305714]], [[9.6], [0.03666744567453861, -0.5957981901305714]], [[9.6], [0.03666744567453861, -0.5957981901305714]], [[9.6], [0.03666744567453861, -0.5957981901305714]], [[9.6], [0.03666744567453861, -0.5957981901305714]], [[9.6], [0.03666744567453861, -0.5957981901305714]], [[9.6], [0.03666744567453861, -0.5957981901305714]], [[9.6], [0.03666744567453861, -0.5957981901305714]]], "102": [[[98.8], [0.11584428449471793, 0.5121199351748782]], [[98.8], [0.11584428449471793, 0.5121199351748782]], [[98.8], [0.11584428449471793, 0.5121199351748782]], [[98.8], [0.11584428449471793, 0.5121199351748782]], [[98.8], [0.11584428449471793, 0.5121199351748782]], [[98.8], [0.11584428449471793, 0.5121199351748782]], [[98.8], [0.11584428449471793, 0.5121199351748782]], [[98.8], [0.11584428449471793, 0.5121199351748782]], [[98.8], [0.11584428449471793, 0.5121199351748782]], [[98.8], [0.11584428449471793, 0.5121199351748782]], [[98.8], [0.11584428449471793, 0.5121199351748782]], [[98.8], [0.11584428449471793, 0.5121199351748782]], [[98.8], [0.11584428449471793, 0.5121199351748782]], [[98.8], [0.11584428449471793, 0.5121199351748782]], [[98.8], [0.11584428449471793, 0.5121199351748782]], [[98.8], [0.11584428449471793, 0.5121199351748782]], [[98.8], [0.11584428449471793, 0.5121199351748782]], [[98.8], [0.11584428449471793, 0.5121199351748782]], [[98.8], [0.11584428449471793, 0.5121199351748782]], [[65.8], [-0.1484810933470726, 0.5790749163718886]], [[98.8], [0.11584428449471793, 0.5121199351748782]], [[98.8], [0.11584428449471793, 0.5121199351748782]], [[98.8], [0.11584428449471793, 0.5121199351748782]], [[98.8], [0.11584428449471793, 0.5121199351748782]], [[98.8], [0.11584428449471793, 0.5121199351748782]], [[98.8], [0.11584428449471793, 0.5121199351748782]], [[98.8], [0.11584428449471793, 0.5121199351748782]], [[98.8], [0.11584428449471793, 0.5121199351748782]], [[98.8], [0.11584428449471793, 0.5121199351748782]], [[98.8], [0.11584428449471793, 0.5121199351748782]]]}