{"103": [[[273.3], [0.32711674769719445, 0.5131989860078364]], [[273.3], [0.32711674769719445, 0.5131989860078364]], [[273.3], [0.32711674769719445, 0.5131989860078364]], [[273.3], [0.32711674769719445, 0.5131989860078364]], [[273.3], [0.32711674769719445, 0.5131989860078364]], [[273.3], [0.32711674769719445, 0.5131989860078364]], [[273.3], [0.32711674769719445, 0.5131989860078364]], [[273.3], [0.32711674769719445, 0.5131989860078364]], [[273.3], [0.32711674769719445, 0.5131989860078364]], [[273.3], [0.32711674769719445, 0.5131989860078364]], [[273.3], [0.32711674769719445, 0.5131989860078364]], [[273.3], [0.32711674769719445, 0.5131989860078364]], [[273.3], [0.32711674769719445, 0.5131989860078364]], [[273.3], [0.32711674769719445, 0.5131989860078364]], [[273.3], [0.32711674769719445, 0.5131989860078364]], [[273.3], [0.32711674769719445, 0.5131989860078364]], [[273.3], [0.32711674769719445, 0.5131989860078364]], [[273.3], [0.32711674769719445, 0.5131989860078364]], [[273.3], [0.32711674769719445, 0.5131989860078364]], [[273.3], [0.32711674769719445, 0.5131989860078364]], [[273.3], [0.32711674769719445, 0.5131989860078364]], [[273.3], [0.32711674769719445, 0.5131989860078364]], [[273.3], [0.32711674769719445, 0.5131989860078364]], [[273.3], [0.32711674769719445, 0.5131989860078364]], [[273.3], [0.32711674769719445, 0.5131989860078364]], [[273.3], [0.32711674769719445, 0.5131989860078364]], [[273.3], [0.32711674769719445, 0.5131989860078364]], [[273.3], [0.32711674769719445, 0.5131989860078364]], [[273.3], [0.32711674769719445, 0.5131989860078364]], [[273.3], [0.32711674769719445, 0.5131989860078364]]], "101": [[[254.6], [0.16420627633730572, -0.5933680175023787]], [[254.6], [0.16420627633730572, -0.5933680175023787]], [[254.6], [0.16420627633730572, -0.5933680175023787]], [[254.6], [0.16420627633730572, -0.5933680175023787]], [[254.6], [0.16420627633730572, -0.5933680175023787]], [[254.6], [0.16420627633730572, -0.5933680175023787]], [[254.6], [0.16420627633730572, -0.5933680175023787]], [[254.6], [0.16420627633730572, -0.5933680175023787]], [[254.6], [0.16420627633730572, -0.5933680175023787]], [[254.6], [0.16420627633730572, -0.5933680175023787]], [[254.6], [0.16420627633730572, -0.5933680175023787]], [[254.6], [0.16420627633730572, -0.5933680175023787]], [[254.6], [0.16420627633730572, -0.5933680175023787]], [[254.6], [0.16420627633730572, -0.5933680175023787]], [[254.6], [0.16420627633730572, -0.5933680175023787]], [[254.6], [0.16420627633730572, -0.5933680175023787]], [[254.6], [0.16420627633730572, -0.5933680175023787]], [[254.6], [0.16420627633730572, -0.5933680175023787]], [[254.6], [0.16420627633730572, -0.5933680175023787]], [[254.6], [0.16420627633730572, -0.5933680175023787]], [[254.6], [0.16420627633730572, -0.5933680175023787]], [[254.6], [0.16420627633730572, -0.5933680175023787]], [[254.6], [0.16420627633730572, -0.5933680175023787]], [[254.6], [0.16420627633730572, -0.5933680175023787]], [[254.6], [0.16420627633730572, -0.5933680175023787]], [[254.6], [0.16420627633730572, -0.5933680175023787]], [[254.6], [0.16420627633730572, -0.5933680175023787]], [[254.6], [0.16420627633730572, -0.5933680175023787]], [[254.6], [0.16420627633730572, -0.5933680175023787]], [[254.6], [0.16420627633730572, -0.5933680175023787]]], "102": [[[9.4], [0.03666744567453861, -0.5957981901305714]], [[48.4], [0.024501757385830086, 0.5165581283957195]], [[48.4], [0.024501757385830086, 0.5165581283957195]], [[48.4], [0.024501757385830086, 0.5165581283957195]], [[48.4], [0.024501757385830086, 0.5165581283957195]], [[48.4], [0.024501757385830086, 0.5165581283957195]], [[48.4], [0.024501757385830086, 0.5165581283957195]], [[48.4], [0.024501757385830086, 0.5165581283957195]], [[48.4], [0.024501757385830086, 0.5165581283957195]], [[48.4], [0.024501757385830086, 0.5165581283957195]], [[48.4], [0.024501757385830086, 0.5165581283957195]], [[48.4], [0.024501757385830086, 0.5165581283957195]], [[48.4], [0.024501757385830086, 0.5165581283957195]], [[48.4], [0.024501757385830086, 0.5165581283957195]], [[48.4], [0.024501757385830086, 0.5165581283957195]], [[48.4], [0.024501757385830086, 0.5165581283957195]], [[48.4], [0.024501757385830086, 0.5165581283957195]], [[178.2], [-0.06820879255731901, 0.5154765821529917]], [[48.4], [0.024501757385830086, 0.5165581283957195]], [[63.7], [0.13155781974395117, -0.541084441556885]], [[48.4], [0.024501757385830086, 0.5165581283957195]], [[48.4], [0.024501757385830086, 0.5165581283957195]], [[48.4], [0.024501757385830086, 0.5165581283957195]], [[48.4], [0.024501757385830086, 0.5165581283957195]], [[48.4], [0.024501757385830086, 0.5165581283957195]], [[48.4], [0.024501757385830086, 0.5165581283957195]], [[48.4], [0.024501757385830086, 0.5165581283957195]], [[9.5], [0.03666744567453861, -0.5957981901305714]], [[48.4], [0.024501757385830086, 0.5165581283957195]], [[48.4], [0.024501757385830086, 0.5165581283957195]]]}