{"102": [[[10.1], [0.03666744567453861, -0.5957981901305714]], [[10.1], [0.03666744567453861, -0.5957981901305714]], [[10.1], [0.03666744567453861, -0.5957981901305714]], [[10.1], [0.03666744567453861, -0.5957981901305714]], [[10.1], [0.03666744567453861, -0.5957981901305714]], [[10.1], [0.03666744567453861, -0.5957981901305714]], [[10.1], [0.03666744567453861, -0.5957981901305714]], [[10.1], [0.03666744567453861, -0.5957981901305714]], [[10.1], [0.03666744567453861, -0.5957981901305714]], [[10.1], [0.03666744567453861, -0.5957981901305714]], [[10.1], [0.03666744567453861, -0.5957981901305714]], [[10.1], [0.03666744567453861, -0.5957981901305714]], [[10.1], [0.03666744567453861, -0.5957981901305714]], [[10.1], [0.03666744567453861, -0.5957981901305714]], [[39.6], [-0.004295963638772568, 0.5252042241644062]], [[10.1], [0.03666744567453861, -0.5957981901305714]], [[10.1], [0.03666744567453861, -0.5957981901305714]], [[10.1], [0.03666744567453861, -0.5957981901305714]], [[10.1], [0.03666744567453861, -0.5957981901305714]], [[10.1], [0.03666744567453861, -0.5957981901305714]], [[10.1], [0.03666744567453861, -0.5957981901305714]], [[10.1], [0.03666744567453861, -0.5957981901305714]], [[10.1], [0.03666744567453861, -0.5957981901305714]], [[10.1], [0.03666744567453861, -0.5957981901305714]], [[10.1], [0.03666744567453861, -0.5957981901305714]], [[10.1], [0.03666744567453861, -0.5957981901305714]], [[10.1], [0.03666744567453861, -0.5957981901305714]], [[10.1], [0.03666744567453861, -0.5957981901305714]], [[10.1], [0.03666744567453861, -0.5957981901305714]], [[10.1], [0.03666744567453861, -0.5957981901305714]]], "103": [[[9.4], [-0.02940102480351925, 0.5648723273186023]], [[9.4], [-0.02940102480351925, 0.5648723273186023]], [[9.4], [-0.02940102480351925, 0.5648723273186023]], [[9.6], [0.03666744567453861, -0.5957981901305714]], [[9.4], [-0.02940102480351925, 0.5648723273186023]], [[9.4], [-0.02940102480351925, 0.5648723273186023]], [[9.4], [-0.02940102480351925, 0.5648723273186023]], [[9.4], [-0.02940102480351925, 0.5648723273186023]], [[9.4], [-0.02940102480351925, 0.5648723273186023]], [[9.4], [-0.02940102480351925, 0.5648723273186023]], [[9.4], [-0.02940102480351925, 0.5648723273186023]], [[9.4], [-0.02940102480351925, 0.5648723273186023]], [[9.4], [-0.02940102480351925, 0.5648723273186023]], [[9.4], [-0.02940102480351925, 0.5648723273186023]], [[9.4], [-0.02940102480351925, 0.5648723273186023]], [[9.4], [-0.02940102480351925, 0.5648723273186023]], [[9.4], [-0.02940102480351925, 0.5648723273186023]], [[9.4], [-0.02940102480351925, 0.5648723273186023]], [[9.4], [-0.02940102480351925, 0.5648723273186023]], [[9.4], [-0.02940102480351925, 0.5648723273186023]], [[9.4], [-0.02940102480351925, 0.5648723273186023]], [[9.4], [-0.02940102480351925, 0.5648723273186023]], [[9.4], [-0.02940102480351925, 0.5648723273186023]], [[9.4], [-0.02940102480351925, 0.5648723273186023]], [[9.4], [-0.02940102480351925, 0.5648723273186023]], [[9.4], [-0.02940102480351925, 0.5648723273186023]], [[9.4], [-0.02940102480351925, 0.5648723273186023]], [[9.4], [-0.02940102480351925, 0.5648723273186023]], [[9.4], [-0.02940102480351925, 0.5648723273186023]], [[9.4], [-0.02940102480351925, 0.5648723273186023]]], "101": [[[9.6], [0.03666744567453861, -0.5957981901305714]], [[9.6], [0.03666744567453861, -0.5957981901305714]], [[9.6], [0.03666744567453861, -0.5957981901305714]], [[9.6], [0.03666744567453861, -0.5957981901305714]], [[9.6], [0.03666744567453861, -0.5957981901305714]], [[9.6], [0.03666744567453861, -0.5957981901305714]], [[9.6], [0.03666744567453861, -0.5957981901305714]], [[9.6], [0.03666744567453861, -0.5957981901305714]], [[9.6], [0.03666744567453861, -0.5957981901305714]], [[9.6], [0.03666744567453861, -0.5957981901305714]], [[9.6], [0.03666744567453861, -0.5957981901305714]], [[9.6], [0.03666744567453861, -0.5957981901305714]], [[9.6], [0.03666744567453861, -0.5957981901305714]], [[9.6], [0.03666744567453861, -0.5957981901305714]], [[9.6], [0.03666744567453861, -0.5957981901305714]], [[9.6], [0.03666744567453861, -0.5957981901305714]], [[9.6], [0.03666744567453861, -0.5957981901305714]], [[10.9], [0.03195451572537422, -0.5187005802775114]], [[9.6], [0.03666744567453861, -0.5957981901305714]], [[9.6], [0.03666744567453861, -0.5957981901305714]], [[9.6], [0.03666744567453861, -0.5957981901305714]], [[9.6], [0.03666744567453861, -0.5957981901305714]], [[9.6], [0.03666744567453861, -0.5957981901305714]], [[9.6], [0.03666744567453861, -0.5957981901305714]], [[9.6], [0.03666744567453861, -0.5957981901305714]], [[9.4], [-0.02940102480351925, 0.5648723273186023]], [[9.6], [0.03666744567453861, -0.5957981901305714]], [[9.6], [0.03666744567453861, -0.5957981901305714]], [[9.6], [0.03666744567453861, -0.5957981901305714]], [[9.6], [0.03666744567453861, -0.5957981901305714]]]}