{"101": [[[85.8], [0.5059186120827993, -0.21770999334645613]], [[85.8], [0.5059186120827993, -0.21770999334645613]], [[85.8], [0.5059186120827993, -0.21770999334645613]], [[85.8], [0.5059186120827993, -0.21770999334645613]], [[85.8], [0.5059186120827993, -0.21770999334645613]], [[85.8], [0.5059186120827993, -0.21770999334645613]], [[85.8], [0.5059186120827993, -0.21770999334645613]], [[85.8], [0.5059186120827993, -0.21770999334645613]], [[85.8], [0.5059186120827993, -0.21770999334645613]], [[85.8], [0.5059186120827993, -0.21770999334645613]], [[85.8], [0.5059186120827993, -0.21770999334645613]], [[85.8], [0.5059186120827993, -0.21770999334645613]], [[85.8], [0.5059186120827993, -0.21770999334645613]], [[85.8], [0.5059186120827993, -0.21770999334645613]], [[85.8], [0.5059186120827993, -0.21770999334645613]], [[85.8], [0.5059186120827993, -0.21770999334645613]], [[85.8], [0.5059186120827993, -0.21770999334645613]], [[85.8], [0.5059186120827993, -0.21770999334645613]], [[85.8], [0.5059186120827993, -0.21770999334645613]], [[85.8], [0.5059186120827993, -0.21770999334645613]], [[85.8], [0.5059186120827993, -0.21770999334645613]], [[85.8], [0.5059186120827993, -0.21770999334645613]], [[85.8], [0.5059186120827993, -0.21770999334645613]], [[85.8], [0.5059186120827993, -0.21770999334645613]], [[85.8], [0.5059186120827993, -0.21770999334645613]], [[85.8], [0.5059186120827993, -0.21770999334645613]], [[85.8], [0.5059186120827993, -0.21770999334645613]], [[85.8], [0.5059186120827993, -0.21770999334645613]], [[85.8], [0.5059186120827993, -0.21770999334645613]], [[85.8], [0.5059186120827993, -0.21770999334645613]]], "103": [[[322.9], [0.5077365040779114, 0.45841155154853347]], [[322.9], [0.5077365040779114, 0.45841155154853347]], [[322.9], [0.5077365040779114, 0.45841155154853347]], [[322.9], [0.5077365040779114, 0.45841155154853347]], [[26.5], [0.08331077173352242, -0.5672723054885864]], [[52.1], [0.0175132742151618, 0.5252995488175936]], [[26.5], [0.08331077173352242, -0.5672723054885864]], [[322.9], [0.5077365040779114, 0.45841155154853347]], [[322.9], [0.5077365040779114, 0.45841155154853347]], [[26.5], [0.08331077173352242, -0.5672723054885864]], [[52.1], [0.0175132742151618, 0.5252995488175936]], [[322.9], [0.5077365040779114, 0.45841155154853347]], [[52.1], [0.0175132742151618, 0.5252995488175936]], [[26.5], [0.08331077173352242, -0.5672723054885864]], [[322.9], [0.5077365040779114, 0.45841155154853347]], [[322.9], [0.5077365040779114, 0.45841155154853347]], [[322.9], [0.5077365040779114, 0.45841155154853347]], [[322.9], [0.5077365040779114, 0.45841155154853347]], [[52.1], [0.0175132742151618, 0.5252995488175936]], [[52.1], [0.0175132742151618, 0.5252995488175936]], [[26.5], [0.08331077173352242, -0.5672723054885864]], [[322.9], [0.5077365040779114, 0.45841155154853347]], [[322.9], [0.5077365040779114, 0.45841155154853347]], [[322.9], [0.5077365040779114, 0.45841155154853347]], [[322.9], [0.5077365040779114, 0.45841155154853347]], [[322.9], [0.5077365040779114, 0.45841155154853347]], [[322.9], [0.5077365040779114, 0.45841155154853347]], [[52.1], [0.0175132742151618, 0.5252995488175936]], [[26.5], [0.08331077173352242, -0.5672723054885864]], [[26.5], [0.08331077173352242, -0.5672723054885864]]], "102": [[[9.6], [0.03666744567453861, -0.5957981901305714]], [[9.6], [0.03666744567453861, -0.5957981901305714]], [[9.6], [0.03666744567453861, -0.5957981901305714]], [[9.6], [0.03666744567453861, -0.5957981901305714]], [[9.6], [0.03666744567453861, -0.5957981901305714]], [[9.6], [0.03666744567453861, -0.5957981901305714]], [[9.6], [0.03666744567453861, -0.5957981901305714]], [[9.6], [0.03666744567453861, -0.5957981901305714]], [[9.6], [0.03666744567453861, -0.5957981901305714]], [[9.6], [0.03666744567453861, -0.5957981901305714]], [[9.6], [0.03666744567453861, -0.5957981901305714]], [[9.6], [0.03666744567453861, -0.5957981901305714]], [[9.6], [0.03666744567453861, -0.5957981901305714]], [[9.6], [0.03666744567453861, -0.5957981901305714]], [[9.6], [0.03666744567453861, -0.5957981901305714]], [[9.6], [0.03666744567453861, -0.5957981901305714]], [[9.6], [0.03666744567453861, -0.5957981901305714]], [[9.6], [0.03666744567453861, -0.5957981901305714]], [[9.6], [0.03666744567453861, -0.5957981901305714]], [[9.6], [0.03666744567453861, -0.5957981901305714]], [[9.6], [0.03666744567453861, -0.5957981901305714]], [[9.6], [0.03666744567453861, -0.5957981901305714]], [[9.6], [0.03666744567453861, -0.5957981901305714]], [[9.6], [0.03666744567453861, -0.5957981901305714]], [[9.6], [0.03666744567453861, -0.5957981901305714]], [[9.6], [0.03666744567453861, -0.5957981901305714]], [[9.6], [0.03666744567453861, -0.5957981901305714]], [[9.6], [0.03666744567453861, -0.5957981901305714]], [[9.6], [0.03666744567453861, -0.5957981901305714]], [[9.6], [0.03666744567453861, -0.5957981901305714]]]}