{"102": [[[9.5], [0.03666744567453861, -0.5957981901305714]], [[9.5], [0.03666744567453861, -0.5957981901305714]], [[9.5], [0.03666744567453861, -0.5957981901305714]], [[9.5], [0.03666744567453861, -0.5957981901305714]], [[9.5], [0.03666744567453861, -0.5957981901305714]], [[9.5], [0.03666744567453861, -0.5957981901305714]], [[9.5], [0.03666744567453861, -0.5957981901305714]], [[9.5], [0.03666744567453861, -0.5957981901305714]], [[9.5], [0.03666744567453861, -0.5957981901305714]], [[9.5], [0.03666744567453861, -0.5957981901305714]], [[9.5], [0.03666744567453861, -0.5957981901305714]], [[9.5], [0.03666744567453861, -0.5957981901305714]], [[9.5], [0.03666744567453861, -0.5957981901305714]], [[9.5], [0.03666744567453861, -0.5957981901305714]], [[9.5], [0.03666744567453861, -0.5957981901305714]], [[9.5], [0.03666744567453861, -0.5957981901305714]], [[9.5], [0.03666744567453861, -0.5957981901305714]], [[9.5], [0.03666744567453861, -0.5957981901305714]], [[9.5], [0.03666744567453861, -0.5957981901305714]], [[9.5], [0.03666744567453861, -0.5957981901305714]], [[9.5], [0.03666744567453861, -0.5957981901305714]], [[9.5], [0.03666744567453861, -0.5957981901305714]], [[9.5], [0.03666744567453861, -0.5957981901305714]], [[9.5], [0.03666744567453861, -0.5957981901305714]], [[9.5], [0.03666744567453861, -0.5957981901305714]], [[9.5], [0.03666744567453861, -0.5957981901305714]], [[9.5], [0.03666744567453861, -0.5957981901305714]], [[9.5], [0.03666744567453861, -0.5957981901305714]], [[9.5], [0.03666744567453861, -0.5957981901305714]], [[9.5], [0.03666744567453861, -0.5957981901305714]]], "103": [[[9.7], [0.03666744567453861, -0.5957981901305714]], [[200.8], [0.34240521490573883, 0.5031897548283116]], [[10.3], [-0.02940102480351925, 0.5648723273186023]], [[9.7], [0.03666744567453861, -0.5957981901305714]], [[9.7], [0.03666744567453861, -0.5957981901305714]], [[9.7], [0.03666744567453861, -0.5957981901305714]], [[200.8], [0.34240521490573883, 0.5031897548283116]], [[200.8], [0.34240521490573883, 0.5031897548283116]], [[200.8], [0.34240521490573883, 0.5031897548283116]], [[10.3], [-0.02940102480351925, 0.5648723273186023]], [[9.7], [0.03666744567453861, -0.5957981901305714]], [[10.3], [-0.02940102480351925, 0.5648723273186023]], [[200.8], [0.34240521490573883, 0.5031897548283116]], [[10.3], [-0.02940102480351925, 0.5648723273186023]], [[200.8], [0.34240521490573883, 0.5031897548283116]], [[200.8], [0.34240521490573883, 0.5031897548283116]], [[9.7], [0.03666744567453861, -0.5957981901305714]], [[9.7], [0.03666744567453861, -0.5957981901305714]], [[200.8], [0.34240521490573883, 0.5031897548283116]], [[10.3], [-0.02940102480351925, 0.5648723273186023]], [[9.7], [0.03666744567453861, -0.5957981901305714]], [[200.8], [0.34240521490573883, 0.5031897548283116]], [[10.3], [-0.02940102480351925, 0.5648723273186023]], [[10.3], [-0.02940102480351925, 0.5648723273186023]], [[9.7], [0.03666744567453861, -0.5957981901305714]], [[9.7], [0.03666744567453861, -0.5957981901305714]], [[9.7], [0.03666744567453861, -0.5957981901305714]], [[10.3], [-0.02940102480351925, 0.5648723273186023]], [[9.7], [0.03666744567453861, -0.5957981901305714]], [[10.3], [-0.02940102480351925, 0.5648723273186023]]], "101": [[[111.8], [0.18743256727854413, -0.5074183692772423]], [[111.8], [0.18743256727854413, -0.5074183692772423]], [[111.8], [0.18743256727854413, -0.5074183692772423]], [[111.8], [0.18743256727854413, -0.5074183692772423]], [[111.8], [0.18743256727854413, -0.5074183692772423]], [[9.7], [0.03666744567453861, -0.5957981901305714]], [[21.6], [0.01488078385591507, -0.5330896477379867]], [[21.6], [0.01488078385591507, -0.5330896477379867]], [[21.6], [0.01488078385591507, -0.5330896477379867]], [[21.6], [0.01488078385591507, -0.5330896477379867]], [[111.8], [0.18743256727854413, -0.5074183692772423]], [[21.6], [0.01488078385591507, -0.5330896477379867]], [[111.8], [0.18743256727854413, -0.5074183692772423]], [[111.8], [0.18743256727854413, -0.5074183692772423]], [[111.8], [0.18743256727854413, -0.5074183692772423]], [[21.6], [0.01488078385591507, -0.5330896477379867]], [[21.6], [0.01488078385591507, -0.5330896477379867]], [[111.8], [0.18743256727854413, -0.5074183692772423]], [[111.8], [0.18743256727854413, -0.5074183692772423]], [[21.6], [0.01488078385591507, -0.5330896477379867]], [[111.8], [0.18743256727854413, -0.5074183692772423]], [[111.8], [0.18743256727854413, -0.5074183692772423]], [[9.3], [0.03666744567453861, -0.5957981901305714]], [[21.6], [0.01488078385591507, -0.5330896477379867]], [[111.8], [0.18743256727854413, -0.5074183692772423]], [[111.8], [0.18743256727854413, -0.5074183692772423]], [[21.6], [0.01488078385591507, -0.5330896477379867]], [[9.6], [0.03666744567453861, -0.5957981901305714]], [[111.8], [0.18743256727854413, -0.5074183692772423]], [[111.8], [0.18743256727854413, -0.5074183692772423]]]}