{"fitness": {"103": [[[223.16666666666666], [-0.23058978219827017, 0.5107143777979618]], [[223.16666666666666], [-0.23058978219827017, 0.5107143777979618]], [[223.16666666666666], [-0.23058978219827017, 0.5107143777979618]], [[223.16666666666666], [-0.23058978219827017, 0.5107143777979618]], [[223.16666666666666], [-0.23058978219827017, 0.5107143777979618]], [[223.16666666666666], [-0.23058978219827017, 0.5107143777979618]], [[223.16666666666666], [-0.23058978219827017, 0.5107143777979618]], [[223.16666666666666], [-0.23058978219827017, 0.5107143777979618]], [[223.16666666666666], [-0.23058978219827017, 0.5107143777979618]], [[223.16666666666666], [-0.23058978219827017, 0.5107143777979618]], [[8.833333333333334], [0.0339663897951444, -0.5452829328450289]], [[223.16666666666666], [-0.23058978219827017, 0.5107143777979618]], [[223.16666666666666], [-0.23058978219827017, 0.5107143777979618]], [[223.16666666666666], [-0.23058978219827017, 0.5107143777979618]], [[8.833333333333334], [0.0339663897951444, -0.5452829328450289]], [[223.16666666666666], [-0.23058978219827017, 0.5107143777979618]], [[223.16666666666666], [-0.23058978219827017, 0.5107143777979618]], [[223.16666666666666], [-0.23058978219827017, 0.5107143777979618]], [[223.16666666666666], [-0.23058978219827017, 0.5107143777979618]], [[8.833333333333334], [0.0339663897951444, -0.5452829328450289]], [[223.16666666666666], [-0.23058978219827017, 0.5107143777979618]], [[223.16666666666666], [-0.23058978219827017, 0.5107143777979618]], [[223.16666666666666], [-0.23058978219827017, 0.5107143777979618]], [[223.16666666666666], [-0.23058978219827017, 0.5107143777979618]], [[9.333333333333334], [0.0339663897951444, -0.5452829328450289]]], "101": [[[9.0], [0.0339663897951444, -0.5452829328450289]], [[20.5], [0.028871875256299973, -0.5743023738906714]], [[20.5], [0.028871875256299973, -0.5743023738906714]], [[20.5], [0.028871875256299973, -0.5743023738906714]], [[20.5], [0.028871875256299973, -0.5743023738906714]], [[20.5], [0.028871875256299973, -0.5743023738906714]], [[9.0], [0.0339663897951444, -0.5452829328450289]], [[9.0], [0.0339663897951444, -0.5452829328450289]], [[20.5], [0.028871875256299973, -0.5743023738906714]], [[20.5], [0.028871875256299973, -0.5743023738906714]], [[20.5], [0.028871875256299973, -0.5743023738906714]], [[20.5], [0.028871875256299973, -0.5743023738906714]], [[9.0], [0.0339663897951444, -0.5452829328450289]], [[20.5], [0.028871875256299973, -0.5743023738906714]], [[20.5], [0.028871875256299973, -0.5743023738906714]], [[20.5], [0.028871875256299973, -0.5743023738906714]], [[9.0], [0.0339663897951444, -0.5452829328450289]], [[9.0], [0.0339663897951444, -0.5452829328450289]], [[20.5], [0.028871875256299973, -0.5743023738906714]], [[20.5], [0.028871875256299973, -0.5743023738906714]], [[9.0], [0.0339663897951444, -0.5452829328450289]], [[20.5], [0.028871875256299973, -0.5743023738906714]], [[20.5], [0.028871875256299973, -0.5743023738906714]], [[20.5], [0.028871875256299973, -0.5743023738906714]], [[20.5], [0.028871875256299973, -0.5743023738906714]]], "102": [[[9.166666666666666], [0.0339663897951444, -0.5452829328450289]], [[9.166666666666666], [0.0339663897951444, -0.5452829328450289]], [[9.333333333333334], [-0.03209785247842471, 0.6141351740896417]], [[9.166666666666666], [0.0339663897951444, -0.5452829328450289]], [[9.166666666666666], [0.0339663897951444, -0.5452829328450289]], [[9.166666666666666], [0.0339663897951444, -0.5452829328450289]], [[9.166666666666666], [0.0339663897951444, -0.5452829328450289]], [[9.333333333333334], [-0.03209785247842471, 0.6141351740896417]], [[9.166666666666666], [0.0339663897951444, -0.5452829328450289]], [[9.166666666666666], [0.0339663897951444, -0.5452829328450289]], [[9.166666666666666], [0.0339663897951444, -0.5452829328450289]], [[9.166666666666666], [0.0339663897951444, -0.5452829328450289]], [[9.166666666666666], [0.0339663897951444, -0.5452829328450289]], [[9.166666666666666], [0.0339663897951444, -0.5452829328450289]], [[9.166666666666666], [0.0339663897951444, -0.5452829328450289]], [[9.166666666666666], [0.0339663897951444, -0.5452829328450289]], [[9.166666666666666], [0.0339663897951444, -0.5452829328450289]], [[9.166666666666666], [0.0339663897951444, -0.5452829328450289]], [[9.166666666666666], [0.0339663897951444, -0.5452829328450289]], [[9.166666666666666], [0.0339663897951444, -0.5452829328450289]], [[9.166666666666666], [0.0339663897951444, -0.5452829328450289]], [[9.166666666666666], [0.0339663897951444, -0.5452829328450289]], [[9.333333333333334], [-0.03209785247842471, 0.6141351740896417]], [[9.333333333333334], [-0.03209785247842471, 0.6141351740896417]], [[9.166666666666666], [0.0339663897951444, -0.5452829328450289]]]}, "environment": "cartpole", "algorithm": "diff", "container": "novelty_limit", "arguments": {"l": 25, "mr": 0.9, "cr": 1.0, "archiving_period": 3, "archive_batch": 3, "limit": 240.0, "ng": 20}}