{"fitness": {"102": [[[258.0], [-0.21284587681293488, 0.5061273155600261]], [[35.166666666666664], [-0.010932038227717083, 0.5042480937601848]], [[35.166666666666664], [-0.010932038227717083, 0.5042480937601848]], [[258.0], [-0.21284587681293488, 0.5061273155600261]], [[258.0], [-0.21284587681293488, 0.5061273155600261]], [[258.0], [-0.21284587681293488, 0.5061273155600261]], [[74.66666666666667], [0.06153775379061699, 0.5064765303328848]], [[258.0], [-0.21284587681293488, 0.5061273155600261]], [[74.66666666666667], [0.06153775379061699, 0.5064765303328848]], [[74.66666666666667], [0.06153775379061699, 0.5064765303328848]], [[258.0], [-0.21284587681293488, 0.5061273155600261]], [[258.0], [-0.21284587681293488, 0.5061273155600261]], [[258.0], [-0.21284587681293488, 0.5061273155600261]], [[258.0], [-0.21284587681293488, 0.5061273155600261]], [[74.66666666666667], [0.06153775379061699, 0.5064765303328848]], [[258.0], [-0.21284587681293488, 0.5061273155600261]], [[35.166666666666664], [-0.010932038227717083, 0.5042480937601848]], [[258.0], [-0.21284587681293488, 0.5061273155600261]], [[258.0], [-0.21284587681293488, 0.5061273155600261]], [[258.0], [-0.21284587681293488, 0.5061273155600261]], [[258.0], [-0.21284587681293488, 0.5061273155600261]], [[258.0], [-0.21284587681293488, 0.5061273155600261]], [[74.66666666666667], [0.06153775379061699, 0.5064765303328848]], [[258.0], [-0.21284587681293488, 0.5061273155600261]], [[74.66666666666667], [0.06153775379061699, 0.5064765303328848]]], "103": [[[9.666666666666666], [-0.03209785247842471, 0.6141351740896417]], [[9.666666666666666], [-0.03209785247842471, 0.6141351740896417]], [[9.666666666666666], [-0.03209785247842471, 0.6141351740896417]], [[9.666666666666666], [-0.03209785247842471, 0.6141351740896417]], [[9.666666666666666], [-0.03209785247842471, 0.6141351740896417]], [[9.666666666666666], [-0.03209785247842471, 0.6141351740896417]], [[9.666666666666666], [-0.03209785247842471, 0.6141351740896417]], [[9.666666666666666], [-0.03209785247842471, 0.6141351740896417]], [[9.666666666666666], [-0.03209785247842471, 0.6141351740896417]], [[9.666666666666666], [-0.03209785247842471, 0.6141351740896417]], [[9.666666666666666], [-0.03209785247842471, 0.6141351740896417]], [[9.666666666666666], [-0.03209785247842471, 0.6141351740896417]], [[9.666666666666666], [-0.03209785247842471, 0.6141351740896417]], [[9.666666666666666], [-0.03209785247842471, 0.6141351740896417]], [[9.166666666666666], [-0.03209785247842471, 0.6141351740896417]], [[9.666666666666666], [-0.03209785247842471, 0.6141351740896417]], [[9.666666666666666], [-0.03209785247842471, 0.6141351740896417]], [[9.666666666666666], [-0.03209785247842471, 0.6141351740896417]], [[9.666666666666666], [-0.03209785247842471, 0.6141351740896417]], [[9.666666666666666], [-0.03209785247842471, 0.6141351740896417]], [[9.666666666666666], [-0.03209785247842471, 0.6141351740896417]], [[9.666666666666666], [-0.03209785247842471, 0.6141351740896417]], [[9.666666666666666], [-0.03209785247842471, 0.6141351740896417]], [[9.666666666666666], [-0.03209785247842471, 0.6141351740896417]], [[9.666666666666666], [-0.03209785247842471, 0.6141351740896417]]], "101": [[[345.1666666666667], [-0.5039569238821666, -0.31085836402537154]], [[9.166666666666666], [-0.03209785247842471, 0.6141351740896417]], [[345.1666666666667], [-0.5039569238821666, -0.31085836402537154]], [[9.5], [-0.03209785247842471, 0.6141351740896417]], [[9.166666666666666], [-0.03209785247842471, 0.6141351740896417]], [[9.166666666666666], [0.0339663897951444, -0.5452829328450289]], [[9.5], [-0.03209785247842471, 0.6141351740896417]], [[9.0], [0.0339663897951444, -0.5452829328450289]], [[9.166666666666666], [-0.03209785247842471, 0.6141351740896417]], [[9.166666666666666], [-0.03209785247842471, 0.6141351740896417]], [[9.5], [-0.03209785247842471, 0.6141351740896417]], [[345.1666666666667], [-0.5039569238821666, -0.31085836402537154]], [[345.1666666666667], [-0.5039569238821666, -0.31085836402537154]], [[9.166666666666666], [-0.03209785247842471, 0.6141351740896417]], [[9.5], [-0.03209785247842471, 0.6141351740896417]], [[345.1666666666667], [-0.5039569238821666, -0.31085836402537154]], [[345.1666666666667], [-0.5039569238821666, -0.31085836402537154]], [[9.166666666666666], [-0.03209785247842471, 0.6141351740896417]], [[345.1666666666667], [-0.5039569238821666, -0.31085836402537154]], [[345.1666666666667], [-0.5039569238821666, -0.31085836402537154]], [[9.5], [-0.03209785247842471, 0.6141351740896417]], [[9.166666666666666], [0.0339663897951444, -0.5452829328450289]], [[9.166666666666666], [-0.03209785247842471, 0.6141351740896417]], [[9.166666666666666], [0.0339663897951444, -0.5452829328450289]], [[9.0], [0.0339663897951444, -0.5452829328450289]]]}, "environment": "cartpole", "algorithm": "diff", "container": "novelty_limit", "arguments": {"l": 25, "mr": 0.9, "cr": 0.9, "archiving_period": 3, "archive_batch": 3, "limit": 240.0, "ng": 20}}