{"fitness": {"102": [[[36.666666666666664], [0.014564994101723036, -0.5078947786509135]], [[36.666666666666664], [0.014564994101723036, -0.5078947786509135]], [[36.666666666666664], [0.014564994101723036, -0.5078947786509135]], [[500.0], [-0.03638565850754579, -0.002201321828914316]], [[36.666666666666664], [0.014564994101723036, -0.5078947786509135]], [[9.666666666666666], [0.0339663897951444, -0.5452829328450289]], [[36.666666666666664], [0.014564994101723036, -0.5078947786509135]], [[36.666666666666664], [0.014564994101723036, -0.5078947786509135]], [[36.666666666666664], [0.014564994101723036, -0.5078947786509135]], [[36.666666666666664], [0.014564994101723036, -0.5078947786509135]], [[36.666666666666664], [0.014564994101723036, -0.5078947786509135]], [[500.0], [-0.03638565850754579, -0.002201321828914316]], [[9.666666666666666], [0.0339663897951444, -0.5452829328450289]], [[36.666666666666664], [0.014564994101723036, -0.5078947786509135]], [[36.666666666666664], [0.014564994101723036, -0.5078947786509135]], [[500.0], [-0.03638565850754579, -0.002201321828914316]], [[9.666666666666666], [0.0339663897951444, -0.5452829328450289]], [[36.666666666666664], [0.014564994101723036, -0.5078947786509135]], [[36.666666666666664], [0.014564994101723036, -0.5078947786509135]], [[500.0], [-0.03638565850754579, -0.002201321828914316]], [[500.0], [-0.03638565850754579, -0.002201321828914316]], [[500.0], [-0.03638565850754579, -0.002201321828914316]], [[9.666666666666666], [0.0339663897951444, -0.5452829328450289]], [[500.0], [-0.03638565850754579, -0.002201321828914316]], [[500.0], [-0.03638565850754579, -0.002201321828914316]], [[36.666666666666664], [0.014564994101723036, -0.5078947786509135]], [[36.666666666666664], [0.014564994101723036, -0.5078947786509135]], [[36.666666666666664], [0.014564994101723036, -0.5078947786509135]], [[9.166666666666666], [0.0339663897951444, -0.5452829328450289]], [[500.0], [-0.03638565850754579, -0.002201321828914316]]], "103": [[[9.0], [0.0339663897951444, -0.5452829328450289]], [[9.0], [0.0339663897951444, -0.5452829328450289]], [[9.666666666666666], [0.0339663897951444, -0.5452829328450289]], [[9.666666666666666], [0.0339663897951444, -0.5452829328450289]], [[38.0], [0.014564994101723036, -0.5078947786509135]], [[9.0], [0.0339663897951444, -0.5452829328450289]], [[9.0], [0.0339663897951444, -0.5452829328450289]], [[9.0], [0.0339663897951444, -0.5452829328450289]], [[9.666666666666666], [0.0339663897951444, -0.5452829328450289]], [[9.666666666666666], [0.0339663897951444, -0.5452829328450289]], [[9.0], [0.0339663897951444, -0.5452829328450289]], [[38.0], [0.014564994101723036, -0.5078947786509135]], [[9.0], [0.0339663897951444, -0.5452829328450289]], [[9.0], [0.0339663897951444, -0.5452829328450289]], [[9.0], [0.0339663897951444, -0.5452829328450289]], [[9.666666666666666], [0.0339663897951444, -0.5452829328450289]], [[9.666666666666666], [0.0339663897951444, -0.5452829328450289]], [[9.0], [0.0339663897951444, -0.5452829328450289]], [[9.0], [0.0339663897951444, -0.5452829328450289]], [[9.666666666666666], [0.0339663897951444, -0.5452829328450289]], [[9.0], [0.0339663897951444, -0.5452829328450289]], [[9.0], [0.0339663897951444, -0.5452829328450289]], [[9.0], [0.0339663897951444, -0.5452829328450289]], [[38.0], [0.014564994101723036, -0.5078947786509135]], [[9.666666666666666], [0.0339663897951444, -0.5452829328450289]], [[9.666666666666666], [0.0339663897951444, -0.5452829328450289]], [[9.0], [0.0339663897951444, -0.5452829328450289]], [[9.0], [0.0339663897951444, -0.5452829328450289]], [[9.0], [0.0339663897951444, -0.5452829328450289]], [[9.666666666666666], [0.0339663897951444, -0.5452829328450289]]], "101": [[[20.166666666666668], [-0.0018014178688948355, -0.5107817538617331]], [[20.166666666666668], [-0.0018014178688948355, -0.5107817538617331]], [[20.166666666666668], [-0.0018014178688948355, -0.5107817538617331]], [[20.166666666666668], [-0.0018014178688948355, -0.5107817538617331]], [[9.833333333333334], [-0.03209785247842471, 0.6141351740896417]], [[20.166666666666668], [-0.0018014178688948355, -0.5107817538617331]], [[86.83333333333333], [0.05277285973230998, 0.5098872920542813]], [[20.166666666666668], [-0.0018014178688948355, -0.5107817538617331]], [[9.833333333333334], [-0.03209785247842471, 0.6141351740896417]], [[20.166666666666668], [-0.0018014178688948355, -0.5107817538617331]], [[20.166666666666668], [-0.0018014178688948355, -0.5107817538617331]], [[86.83333333333333], [0.05277285973230998, 0.5098872920542813]], [[20.166666666666668], [-0.0018014178688948355, -0.5107817538617331]], [[9.833333333333334], [-0.03209785247842471, 0.6141351740896417]], [[20.166666666666668], [-0.0018014178688948355, -0.5107817538617331]], [[20.166666666666668], [-0.0018014178688948355, -0.5107817538617331]], [[86.83333333333333], [0.05277285973230998, 0.5098872920542813]], [[9.833333333333334], [-0.03209785247842471, 0.6141351740896417]], [[20.166666666666668], [-0.0018014178688948355, -0.5107817538617331]], [[20.166666666666668], [-0.0018014178688948355, -0.5107817538617331]], [[20.166666666666668], [-0.0018014178688948355, -0.5107817538617331]], [[20.166666666666668], [-0.0018014178688948355, -0.5107817538617331]], [[20.166666666666668], [-0.0018014178688948355, -0.5107817538617331]], [[20.166666666666668], [-0.0018014178688948355, -0.5107817538617331]], [[20.166666666666668], [-0.0018014178688948355, -0.5107817538617331]], [[20.166666666666668], [-0.0018014178688948355, -0.5107817538617331]], [[20.166666666666668], [-0.0018014178688948355, -0.5107817538617331]], [[9.833333333333334], [-0.03209785247842471, 0.6141351740896417]], [[20.166666666666668], [-0.0018014178688948355, -0.5107817538617331]], [[86.83333333333333], [0.05277285973230998, 0.5098872920542813]]]}, "environment": "cartpole", "algorithm": "diff", "container": "novelty_limit", "arguments": {"l": 30, "mr": 0.8, "cr": 0.8, "archiving_period": 3, "archive_batch": 3, "limit": 240.0, "ng": 20}}