{"fitness": {"102": [[[37.5], [0.003665525776644548, 0.5084323612126437]], [[9.166666666666666], [-0.03209785247842471, 0.6141351740896417]], [[37.5], [0.003665525776644548, 0.5084323612126437]], [[9.166666666666666], [-0.03209785247842471, 0.6141351740896417]], [[9.166666666666666], [-0.03209785247842471, 0.6141351740896417]], [[37.5], [0.003665525776644548, 0.5084323612126437]], [[37.5], [0.003665525776644548, 0.5084323612126437]], [[9.166666666666666], [-0.03209785247842471, 0.6141351740896417]], [[9.166666666666666], [-0.03209785247842471, 0.6141351740896417]], [[37.5], [0.003665525776644548, 0.5084323612126437]], [[37.5], [0.003665525776644548, 0.5084323612126437]], [[9.166666666666666], [-0.03209785247842471, 0.6141351740896417]], [[37.5], [0.003665525776644548, 0.5084323612126437]], [[37.5], [0.003665525776644548, 0.5084323612126437]], [[37.5], [0.003665525776644548, 0.5084323612126437]], [[37.5], [0.003665525776644548, 0.5084323612126437]], [[37.5], [0.003665525776644548, 0.5084323612126437]], [[37.5], [0.003665525776644548, 0.5084323612126437]], [[37.5], [0.003665525776644548, 0.5084323612126437]], [[37.5], [0.003665525776644548, 0.5084323612126437]], [[37.5], [0.003665525776644548, 0.5084323612126437]], [[37.5], [0.003665525776644548, 0.5084323612126437]], [[37.5], [0.003665525776644548, 0.5084323612126437]], [[37.5], [0.003665525776644548, 0.5084323612126437]], [[37.5], [0.003665525776644548, 0.5084323612126437]]], "103": [[[141.33333333333334], [0.1260981212059657, -0.5065747068829514]], [[27.166666666666668], [0.0339663897951444, -0.5452829328450289]], [[141.33333333333334], [0.1260981212059657, -0.5065747068829514]], [[141.33333333333334], [0.1260981212059657, -0.5065747068829514]], [[141.33333333333334], [0.1260981212059657, -0.5065747068829514]], [[9.0], [0.0339663897951444, -0.5452829328450289]], [[141.33333333333334], [0.1260981212059657, -0.5065747068829514]], [[9.166666666666666], [0.0339663897951444, -0.5452829328450289]], [[141.33333333333334], [0.1260981212059657, -0.5065747068829514]], [[141.33333333333334], [0.1260981212059657, -0.5065747068829514]], [[141.33333333333334], [0.1260981212059657, -0.5065747068829514]], [[9.166666666666666], [0.0339663897951444, -0.5452829328450289]], [[141.33333333333334], [0.1260981212059657, -0.5065747068829514]], [[141.33333333333334], [0.1260981212059657, -0.5065747068829514]], [[141.33333333333334], [0.1260981212059657, -0.5065747068829514]], [[9.0], [0.0339663897951444, -0.5452829328450289]], [[9.0], [0.0339663897951444, -0.5452829328450289]], [[141.33333333333334], [0.1260981212059657, -0.5065747068829514]], [[9.0], [0.0339663897951444, -0.5452829328450289]], [[9.0], [0.0339663897951444, -0.5452829328450289]], [[141.33333333333334], [0.1260981212059657, -0.5065747068829514]], [[9.0], [0.0339663897951444, -0.5452829328450289]], [[9.166666666666666], [0.0339663897951444, -0.5452829328450289]], [[9.0], [0.0339663897951444, -0.5452829328450289]], [[141.33333333333334], [0.1260981212059657, -0.5065747068829514]]], "101": [[[9.333333333333334], [-0.03209785247842471, 0.6141351740896417]], [[484.0], [0.04385609490176042, 0.01736444256237249]], [[29.666666666666668], [0.025444806863864265, -0.563003621888503]], [[9.0], [0.0339663897951444, -0.5452829328450289]], [[484.0], [0.04385609490176042, 0.01736444256237249]], [[9.333333333333334], [-0.03209785247842471, 0.6141351740896417]], [[484.0], [0.04385609490176042, 0.01736444256237249]], [[9.333333333333334], [-0.03209785247842471, 0.6141351740896417]], [[29.666666666666668], [0.025444806863864265, -0.563003621888503]], [[9.333333333333334], [-0.03209785247842471, 0.6141351740896417]], [[484.0], [0.04385609490176042, 0.01736444256237249]], [[29.666666666666668], [0.025444806863864265, -0.563003621888503]], [[29.666666666666668], [0.025444806863864265, -0.563003621888503]], [[9.333333333333334], [-0.03209785247842471, 0.6141351740896417]], [[484.0], [0.04385609490176042, 0.01736444256237249]], [[9.333333333333334], [-0.03209785247842471, 0.6141351740896417]], [[9.0], [0.0339663897951444, -0.5452829328450289]], [[9.333333333333334], [-0.03209785247842471, 0.6141351740896417]], [[9.333333333333334], [-0.03209785247842471, 0.6141351740896417]], [[9.0], [0.0339663897951444, -0.5452829328450289]], [[484.0], [0.04385609490176042, 0.01736444256237249]], [[9.0], [0.0339663897951444, -0.5452829328450289]], [[9.333333333333334], [-0.03209785247842471, 0.6141351740896417]], [[29.666666666666668], [0.025444806863864265, -0.563003621888503]], [[484.0], [0.04385609490176042, 0.01736444256237249]]]}, "environment": "cartpole", "algorithm": "diff", "container": "novelty_limit", "arguments": {"l": 25, "mr": 0.8, "cr": 0.9, "archiving_period": 3, "archive_batch": 3, "limit": 240.0, "ng": 20}}