{"fitness": {"102": [[[9.166666666666666], [0.0339663897951444, -0.5452829328450289]], [[9.166666666666666], [0.0339663897951444, -0.5452829328450289]], [[71.16666666666667], [-0.02540036104619503, -0.5105979847565792]], [[71.16666666666667], [-0.02540036104619503, -0.5105979847565792]], [[17.166666666666668], [-0.03209785247842471, 0.6141351740896417]], [[9.166666666666666], [0.0339663897951444, -0.5452829328450289]], [[9.166666666666666], [0.0339663897951444, -0.5452829328450289]], [[9.166666666666666], [0.0339663897951444, -0.5452829328450289]], [[17.166666666666668], [-0.03209785247842471, 0.6141351740896417]], [[71.16666666666667], [-0.02540036104619503, -0.5105979847565792]], [[9.166666666666666], [0.0339663897951444, -0.5452829328450289]], [[17.166666666666668], [-0.03209785247842471, 0.6141351740896417]], [[17.166666666666668], [-0.03209785247842471, 0.6141351740896417]], [[71.16666666666667], [-0.02540036104619503, -0.5105979847565792]], [[71.16666666666667], [-0.02540036104619503, -0.5105979847565792]], [[71.16666666666667], [-0.02540036104619503, -0.5105979847565792]], [[71.16666666666667], [-0.02540036104619503, -0.5105979847565792]], [[71.16666666666667], [-0.02540036104619503, -0.5105979847565792]], [[71.16666666666667], [-0.02540036104619503, -0.5105979847565792]], [[71.16666666666667], [-0.02540036104619503, -0.5105979847565792]], [[71.16666666666667], [-0.02540036104619503, -0.5105979847565792]], [[17.166666666666668], [-0.03209785247842471, 0.6141351740896417]], [[17.166666666666668], [-0.03209785247842471, 0.6141351740896417]], [[17.166666666666668], [-0.03209785247842471, 0.6141351740896417]], [[9.166666666666666], [0.0339663897951444, -0.5452829328450289]], [[9.166666666666666], [0.0339663897951444, -0.5452829328450289]], [[71.16666666666667], [-0.02540036104619503, -0.5105979847565792]], [[9.166666666666666], [0.0339663897951444, -0.5452829328450289]], [[9.166666666666666], [0.0339663897951444, -0.5452829328450289]], [[17.166666666666668], [-0.03209785247842471, 0.6141351740896417]]], "101": [[[148.5], [0.23776223262151083, 0.5062886259772561]], [[9.333333333333334], [-0.03209785247842471, 0.6141351740896417]], [[148.5], [0.23776223262151083, 0.5062886259772561]], [[9.333333333333334], [-0.03209785247842471, 0.6141351740896417]], [[148.5], [0.23776223262151083, 0.5062886259772561]], [[500.0], [-0.007568913667152326, -0.008065280789714396]], [[9.333333333333334], [-0.03209785247842471, 0.6141351740896417]], [[9.333333333333334], [-0.03209785247842471, 0.6141351740896417]], [[148.5], [0.23776223262151083, 0.5062886259772561]], [[148.5], [0.23776223262151083, 0.5062886259772561]], [[148.5], [0.23776223262151083, 0.5062886259772561]], [[9.333333333333334], [-0.03209785247842471, 0.6141351740896417]], [[500.0], [-0.007568913667152326, -0.008065280789714396]], [[148.5], [0.23776223262151083, 0.5062886259772561]], [[500.0], [-0.007568913667152326, -0.008065280789714396]], [[148.5], [0.23776223262151083, 0.5062886259772561]], [[9.333333333333334], [-0.03209785247842471, 0.6141351740896417]], [[9.333333333333334], [-0.03209785247842471, 0.6141351740896417]], [[500.0], [0.13183549046516418, -0.003729188262204234]], [[500.0], [-0.007568913667152326, -0.008065280789714396]], [[9.333333333333334], [-0.03209785247842471, 0.6141351740896417]], [[500.0], [-0.007568913667152326, -0.008065280789714396]], [[9.333333333333334], [-0.03209785247842471, 0.6141351740896417]], [[148.5], [0.23776223262151083, 0.5062886259772561]], [[9.333333333333334], [-0.03209785247842471, 0.6141351740896417]], [[148.5], [0.23776223262151083, 0.5062886259772561]], [[500.0], [-0.007568913667152326, -0.008065280789714396]], [[148.5], [0.23776223262151083, 0.5062886259772561]], [[9.333333333333334], [-0.03209785247842471, 0.6141351740896417]], [[9.333333333333334], [-0.03209785247842471, 0.6141351740896417]]], "103": [[[198.5], [0.2357298384110133, -0.5166769099007383]], [[15.5], [0.0335670014222463, -0.5830973030277417]], [[15.5], [0.0335670014222463, -0.5830973030277417]], [[15.5], [0.0335670014222463, -0.5830973030277417]], [[251.16666666666666], [-0.27575035889943444, -0.4070163771296232]], [[251.16666666666666], [-0.27575035889943444, -0.4070163771296232]], [[15.5], [0.0335670014222463, -0.5830973030277417]], [[15.5], [0.0335670014222463, -0.5830973030277417]], [[15.5], [0.0335670014222463, -0.5830973030277417]], [[15.5], [0.0335670014222463, -0.5830973030277417]], [[251.16666666666666], [-0.27575035889943444, -0.4070163771296232]], [[15.5], [0.0335670014222463, -0.5830973030277417]], [[198.5], [0.2357298384110133, -0.5166769099007383]], [[15.5], [0.0335670014222463, -0.5830973030277417]], [[15.5], [0.0335670014222463, -0.5830973030277417]], [[251.16666666666666], [-0.27575035889943444, -0.4070163771296232]], [[198.5], [0.2357298384110133, -0.5166769099007383]], [[198.5], [0.2357298384110133, -0.5166769099007383]], [[251.16666666666666], [-0.27575035889943444, -0.4070163771296232]], [[15.5], [0.0335670014222463, -0.5830973030277417]], [[251.16666666666666], [-0.27575035889943444, -0.4070163771296232]], [[198.5], [0.2357298384110133, -0.5166769099007383]], [[15.5], [0.0335670014222463, -0.5830973030277417]], [[251.16666666666666], [-0.27575035889943444, -0.4070163771296232]], [[198.5], [0.2357298384110133, -0.5166769099007383]], [[15.5], [0.0335670014222463, -0.5830973030277417]], [[15.5], [0.0335670014222463, -0.5830973030277417]], [[196.33333333333334], [-0.050685961420337364, 0.5097610956173765]], [[15.5], [0.0335670014222463, -0.5830973030277417]], [[15.5], [0.0335670014222463, -0.5830973030277417]]]}, "environment": "cartpole", "algorithm": "diff", "container": "novelty_limit", "arguments": {"l": 30, "mr": 0.7000000000000001, "cr": 0.9, "archiving_period": 3, "archive_batch": 3, "limit": 240.0, "ng": 20}}