{"fitness": {"103": [[[9.666666666666666], [0.0339663897951444, -0.5452829328450289]], [[9.166666666666666], [-0.03209785247842471, 0.6141351740896417]], [[116.0], [-0.1936224972208341, -0.5018317884805671]], [[9.166666666666666], [-0.03209785247842471, 0.6141351740896417]], [[105.83333333333333], [-0.07107436656951904, -0.5219278580834421]], [[9.166666666666666], [-0.03209785247842471, 0.6141351740896417]], [[9.666666666666666], [0.0339663897951444, -0.5452829328450289]], [[9.166666666666666], [-0.03209785247842471, 0.6141351740896417]], [[116.0], [-0.1936224972208341, -0.5018317884805671]], [[9.0], [0.0339663897951444, -0.5452829328450289]], [[9.666666666666666], [0.0339663897951444, -0.5452829328450289]], [[105.83333333333333], [-0.07107436656951904, -0.5219278580834421]], [[9.666666666666666], [0.0339663897951444, -0.5452829328450289]], [[9.0], [0.0339663897951444, -0.5452829328450289]], [[9.166666666666666], [-0.03209785247842471, 0.6141351740896417]], [[9.666666666666666], [0.0339663897951444, -0.5452829328450289]], [[116.0], [-0.1936224972208341, -0.5018317884805671]], [[105.83333333333333], [-0.07107436656951904, -0.5219278580834421]], [[116.0], [-0.1936224972208341, -0.5018317884805671]], [[9.666666666666666], [0.0339663897951444, -0.5452829328450289]], [[105.83333333333333], [-0.07107436656951904, -0.5219278580834421]], [[116.0], [-0.1936224972208341, -0.5018317884805671]], [[116.0], [-0.1936224972208341, -0.5018317884805671]], [[9.0], [0.0339663897951444, -0.5452829328450289]], [[9.0], [0.0339663897951444, -0.5452829328450289]], [[116.0], [-0.1936224972208341, -0.5018317884805671]], [[9.166666666666666], [-0.03209785247842471, 0.6141351740896417]], [[9.0], [0.0339663897951444, -0.5452829328450289]], [[9.166666666666666], [-0.03209785247842471, 0.6141351740896417]], [[116.0], [-0.1936224972208341, -0.5018317884805671]], [[9.666666666666666], [0.0339663897951444, -0.5452829328450289]], [[105.83333333333333], [-0.07107436656951904, -0.5219278580834421]], [[9.0], [0.0339663897951444, -0.5452829328450289]], [[9.666666666666666], [0.0339663897951444, -0.5452829328450289]], [[9.0], [0.0339663897951444, -0.5452829328450289]]], "102": [[[60.833333333333336], [-0.025318448121349018, 0.5051430190008793]], [[500.0], [-0.010635427509744963, 0.0009695974537327387]], [[500.0], [-0.010635427509744963, 0.0009695974537327387]], [[9.666666666666666], [0.0339663897951444, -0.5452829328450289]], [[500.0], [-0.010635427509744963, 0.0009695974537327387]], [[500.0], [-0.010635427509744963, 0.0009695974537327387]], [[500.0], [-0.010635427509744963, 0.0009695974537327387]], [[500.0], [-0.010635427509744963, 0.0009695974537327387]], [[60.833333333333336], [-0.025318448121349018, 0.5051430190008793]], [[500.0], [-0.010635427509744963, 0.0009695974537327387]], [[9.666666666666666], [0.0339663897951444, -0.5452829328450289]], [[9.166666666666666], [0.0339663897951444, -0.5452829328450289]], [[9.666666666666666], [0.0339663897951444, -0.5452829328450289]], [[500.0], [-0.010635427509744963, 0.0009695974537327387]], [[9.666666666666666], [0.0339663897951444, -0.5452829328450289]], [[9.166666666666666], [0.0339663897951444, -0.5452829328450289]], [[9.666666666666666], [0.0339663897951444, -0.5452829328450289]], [[9.666666666666666], [0.0339663897951444, -0.5452829328450289]], [[500.0], [-0.010635427509744963, 0.0009695974537327387]], [[60.833333333333336], [-0.025318448121349018, 0.5051430190008793]], [[9.166666666666666], [0.0339663897951444, -0.5452829328450289]], [[9.166666666666666], [0.0339663897951444, -0.5452829328450289]], [[500.0], [-0.010635427509744963, 0.0009695974537327387]], [[500.0], [-0.010635427509744963, 0.0009695974537327387]], [[500.0], [-0.010635427509744963, 0.0009695974537327387]], [[500.0], [-0.010635427509744963, 0.0009695974537327387]], [[60.833333333333336], [-0.025318448121349018, 0.5051430190008793]], [[9.666666666666666], [0.0339663897951444, -0.5452829328450289]], [[9.666666666666666], [0.0339663897951444, -0.5452829328450289]], [[9.666666666666666], [0.0339663897951444, -0.5452829328450289]], [[60.833333333333336], [-0.025318448121349018, 0.5051430190008793]], [[9.166666666666666], [0.0339663897951444, -0.5452829328450289]], [[60.833333333333336], [-0.025318448121349018, 0.5051430190008793]], [[500.0], [-0.010635427509744963, 0.0009695974537327387]], [[9.666666666666666], [0.0339663897951444, -0.5452829328450289]]], "101": [[[9.666666666666666], [0.0339663897951444, -0.5452829328450289]], [[9.833333333333334], [0.0339663897951444, -0.5452829328450289]], [[9.666666666666666], [0.0339663897951444, -0.5452829328450289]], [[9.666666666666666], [0.0339663897951444, -0.5452829328450289]], [[9.666666666666666], [0.0339663897951444, -0.5452829328450289]], [[9.0], [0.0339663897951444, -0.5452829328450289]], [[9.666666666666666], [0.0339663897951444, -0.5452829328450289]], [[9.0], [0.0339663897951444, -0.5452829328450289]], [[9.666666666666666], [0.0339663897951444, -0.5452829328450289]], [[9.0], [0.0339663897951444, -0.5452829328450289]], [[9.666666666666666], [0.0339663897951444, -0.5452829328450289]], [[9.833333333333334], [0.0339663897951444, -0.5452829328450289]], [[9.666666666666666], [0.0339663897951444, -0.5452829328450289]], [[9.666666666666666], [0.0339663897951444, -0.5452829328450289]], [[9.666666666666666], [0.0339663897951444, -0.5452829328450289]], [[9.0], [0.0339663897951444, -0.5452829328450289]], [[9.833333333333334], [0.0339663897951444, -0.5452829328450289]], [[9.666666666666666], [0.0339663897951444, -0.5452829328450289]], [[9.666666666666666], [0.0339663897951444, -0.5452829328450289]], [[9.666666666666666], [0.0339663897951444, -0.5452829328450289]], [[9.666666666666666], [0.0339663897951444, -0.5452829328450289]], [[9.0], [0.0339663897951444, -0.5452829328450289]], [[9.666666666666666], [0.0339663897951444, -0.5452829328450289]], [[9.666666666666666], [0.0339663897951444, -0.5452829328450289]], [[9.666666666666666], [0.0339663897951444, -0.5452829328450289]], [[9.0], [0.0339663897951444, -0.5452829328450289]], [[9.666666666666666], [0.0339663897951444, -0.5452829328450289]], [[9.0], [0.0339663897951444, -0.5452829328450289]], [[9.666666666666666], [0.0339663897951444, -0.5452829328450289]], [[9.666666666666666], [0.0339663897951444, -0.5452829328450289]], [[9.666666666666666], [0.0339663897951444, -0.5452829328450289]], [[9.833333333333334], [0.0339663897951444, -0.5452829328450289]], [[9.666666666666666], [0.0339663897951444, -0.5452829328450289]], [[9.666666666666666], [0.0339663897951444, -0.5452829328450289]], [[9.666666666666666], [0.0339663897951444, -0.5452829328450289]]]}, "environment": "cartpole", "algorithm": "diff", "container": "novelty_limit", "arguments": {"l": 35, "mr": 0.8, "cr": 0.9, "archiving_period": 3, "archive_batch": 3, "limit": 240.0, "ng": 20}}