{"fitness": {"101": [[[9.0], [0.0339663897951444, -0.5452829328450289]], [[300.0], [-0.13584526876608533, -0.14405590638019253]], [[300.0], [-0.13584526876608533, -0.14405590638019253]], [[300.0], [-0.13584526876608533, -0.14405590638019253]], [[300.0], [-0.13584526876608533, -0.14405590638019253]], [[300.0], [-0.13584526876608533, -0.14405590638019253]], [[300.0], [-0.13584526876608533, -0.14405590638019253]], [[300.0], [-0.13584526876608533, -0.14405590638019253]], [[300.0], [-0.13584526876608533, -0.14405590638019253]], [[9.0], [0.0339663897951444, -0.5452829328450289]], [[300.0], [-0.13584526876608533, -0.14405590638019253]], [[300.0], [-0.13584526876608533, -0.14405590638019253]], [[300.0], [-0.13584526876608533, -0.14405590638019253]], [[16.5], [0.0339663897951444, -0.5452829328450289]], [[16.5], [0.0339663897951444, -0.5452829328450289]], [[300.0], [-0.13584526876608533, -0.14405590638019253]], [[300.0], [-0.13584526876608533, -0.14405590638019253]], [[300.0], [-0.13584526876608533, -0.14405590638019253]], [[300.0], [-0.13584526876608533, -0.14405590638019253]], [[300.0], [-0.13584526876608533, -0.14405590638019253]], [[300.0], [-0.13584526876608533, -0.14405590638019253]], [[300.0], [-0.13584526876608533, -0.14405590638019253]], [[300.0], [-0.13584526876608533, -0.14405590638019253]], [[9.0], [0.0339663897951444, -0.5452829328450289]], [[300.0], [-0.13584526876608533, -0.14405590638019253]], [[300.0], [-0.13584526876608533, -0.14405590638019253]], [[300.0], [-0.13584526876608533, -0.14405590638019253]], [[300.0], [-0.13584526876608533, -0.14405590638019253]], [[16.5], [0.0339663897951444, -0.5452829328450289]], [[300.0], [-0.13584526876608533, -0.14405590638019253]]], "103": [[[214.83333333333334], [0.14835273226102194, -0.5174921602723701]], [[71.83333333333333], [-0.03378347493708134, -0.5020546285729659]], [[9.166666666666666], [0.0339663897951444, -0.5452829328450289]], [[71.83333333333333], [-0.03378347493708134, -0.5020546285729659]], [[9.166666666666666], [-0.03209785247842471, 0.6141351740896417]], [[9.0], [0.0339663897951444, -0.5452829328450289]], [[71.83333333333333], [-0.03378347493708134, -0.5020546285729659]], [[9.166666666666666], [0.0339663897951444, -0.5452829328450289]], [[71.83333333333333], [-0.03378347493708134, -0.5020546285729659]], [[9.166666666666666], [0.0339663897951444, -0.5452829328450289]], [[9.0], [0.0339663897951444, -0.5452829328450289]], [[9.166666666666666], [0.0339663897951444, -0.5452829328450289]], [[9.166666666666666], [-0.03209785247842471, 0.6141351740896417]], [[71.83333333333333], [-0.03378347493708134, -0.5020546285729659]], [[9.166666666666666], [0.0339663897951444, -0.5452829328450289]], [[9.0], [0.0339663897951444, -0.5452829328450289]], [[9.166666666666666], [-0.03209785247842471, 0.6141351740896417]], [[214.83333333333334], [0.14835273226102194, -0.5174921602723701]], [[9.166666666666666], [-0.03209785247842471, 0.6141351740896417]], [[9.166666666666666], [0.0339663897951444, -0.5452829328450289]], [[9.166666666666666], [-0.03209785247842471, 0.6141351740896417]], [[9.166666666666666], [-0.03209785247842471, 0.6141351740896417]], [[9.166666666666666], [0.0339663897951444, -0.5452829328450289]], [[9.0], [0.0339663897951444, -0.5452829328450289]], [[214.83333333333334], [0.14835273226102194, -0.5174921602723701]], [[9.166666666666666], [0.0339663897951444, -0.5452829328450289]], [[9.166666666666666], [0.0339663897951444, -0.5452829328450289]], [[9.166666666666666], [0.0339663897951444, -0.5452829328450289]], [[71.83333333333333], [-0.03378347493708134, -0.5020546285729659]], [[71.83333333333333], [-0.03378347493708134, -0.5020546285729659]]], "102": [[[174.33333333333334], [-0.16978615274031958, 0.5018793082123167]], [[9.333333333333334], [-0.03209785247842471, 0.6141351740896417]], [[35.5], [-0.040078082432349525, 0.515023986118262]], [[9.333333333333334], [-0.03209785247842471, 0.6141351740896417]], [[9.333333333333334], [-0.03209785247842471, 0.6141351740896417]], [[174.33333333333334], [-0.16978615274031958, 0.5018793082123167]], [[9.333333333333334], [-0.03209785247842471, 0.6141351740896417]], [[9.333333333333334], [-0.03209785247842471, 0.6141351740896417]], [[9.333333333333334], [-0.03209785247842471, 0.6141351740896417]], [[174.33333333333334], [-0.16978615274031958, 0.5018793082123167]], [[9.333333333333334], [-0.03209785247842471, 0.6141351740896417]], [[35.5], [-0.040078082432349525, 0.515023986118262]], [[9.333333333333334], [-0.03209785247842471, 0.6141351740896417]], [[9.333333333333334], [-0.03209785247842471, 0.6141351740896417]], [[9.333333333333334], [-0.03209785247842471, 0.6141351740896417]], [[35.5], [-0.040078082432349525, 0.515023986118262]], [[9.333333333333334], [-0.03209785247842471, 0.6141351740896417]], [[9.333333333333334], [-0.03209785247842471, 0.6141351740896417]], [[174.33333333333334], [-0.16978615274031958, 0.5018793082123167]], [[9.333333333333334], [-0.03209785247842471, 0.6141351740896417]], [[9.333333333333334], [-0.03209785247842471, 0.6141351740896417]], [[35.5], [-0.040078082432349525, 0.515023986118262]], [[9.333333333333334], [-0.03209785247842471, 0.6141351740896417]], [[174.33333333333334], [-0.16978615274031958, 0.5018793082123167]], [[9.333333333333334], [-0.03209785247842471, 0.6141351740896417]], [[9.333333333333334], [-0.03209785247842471, 0.6141351740896417]], [[9.333333333333334], [-0.03209785247842471, 0.6141351740896417]], [[9.333333333333334], [-0.03209785247842471, 0.6141351740896417]], [[9.333333333333334], [-0.03209785247842471, 0.6141351740896417]], [[35.5], [-0.040078082432349525, 0.515023986118262]]]}, "environment": "cartpole", "algorithm": "diff", "container": "novelty_limit", "arguments": {"l": 30, "mr": 0.7000000000000001, "cr": 1.0, "archiving_period": 3, "archive_batch": 3, "limit": 240.0, "ng": 20}}