{"fitness": {"101": [[[10.0], [-0.03209785247842471, 0.6141351740896417]], [[172.0], [-0.19840574512879056, -0.5156719370892173]], [[35.166666666666664], [0.018081913391749065, -0.5280402217185098]], [[9.166666666666666], [-0.03209785247842471, 0.6141351740896417]], [[54.0], [-0.01050283433869481, -0.5252932389957483]], [[9.0], [0.0339663897951444, -0.5452829328450289]], [[9.666666666666666], [-0.03209785247842471, 0.6141351740896417]], [[9.666666666666666], [0.0339663897951444, -0.5452829328450289]], [[9.0], [0.0339663897951444, -0.5452829328450289]], [[190.66666666666666], [-0.05252725755174955, 0.5243370336208617]], [[9.333333333333334], [0.0339663897951444, -0.5452829328450289]], [[31.333333333333332], [-0.03390780029197534, 0.5214736935054286]], [[500.0], [0.010876196902245283, -0.07393693275143656]], [[69.33333333333333], [-0.04446769754091899, -0.5175602493103612]], [[45.666666666666664], [0.006442895391955972, -0.5076387852572939]], [[10.0], [-0.03047466278076172, 0.5865105601589076]], [[27.333333333333332], [0.0324079083899657, -0.5433895228582136]], [[9.5], [0.0339663897951444, -0.5452829328450289]], [[114.66666666666667], [-0.059815874944130584, -0.5362443447683417]], [[61.0], [-0.02062086326380571, -0.5022438519309013]], [[9.333333333333334], [-0.03209785247842471, 0.6141351740896417]], [[107.0], [0.06270097568631172, -0.5049757552489139]], [[9.833333333333334], [-0.03209785247842471, 0.6141351740896417]], [[9.0], [0.0339663897951444, -0.5452829328450289]], [[60.333333333333336], [-0.008244113996624947, -0.5175758277970638]]], "103": [[[9.333333333333334], [0.0339663897951444, -0.5452829328450289]], [[113.33333333333333], [-0.12053427596886954, 0.5050788513210972]], [[9.666666666666666], [0.0339663897951444, -0.5452829328450289]], [[30.833333333333332], [0.026317530622084938, -0.5665193690637652]], [[242.0], [0.3548303246498108, 0.5103536484914534]], [[66.33333333333333], [-0.0170173030346632, -0.5190614878275748]], [[34.666666666666664], [0.024682491396864258, -0.5266746621953243]], [[51.0], [0.010591103540112575, 0.5215611397934873]], [[9.666666666666666], [-0.03209785247842471, 0.6141351740896417]], [[196.66666666666666], [-0.42318488160769147, -0.5044126482101149]], [[9.666666666666666], [-0.03209785247842471, 0.6141351740896417]], [[8.833333333333334], [0.0339663897951444, -0.5452829328450289]], [[500.0], [-0.06070353711644809, 0.015687851377865346]], [[9.0], [0.0339663897951444, -0.5452829328450289]], [[9.166666666666666], [0.0339663897951444, -0.5452829328450289]], [[8.833333333333334], [0.0339663897951444, -0.5452829328450289]], [[9.666666666666666], [0.0339663897951444, -0.5452829328450289]], [[34.5], [0.006442895391955972, -0.5076387852572939]], [[252.0], [0.3963837524255117, -0.504957752649864]], [[9.166666666666666], [-0.03209785247842471, 0.6141351740896417]], [[9.166666666666666], [0.0339663897951444, -0.5452829328450289]], [[9.166666666666666], [-0.03209785247842471, 0.6141351740896417]], [[28.333333333333332], [0.025760154239833355, -0.5040217244453978]], [[9.333333333333334], [-0.03209785247842471, 0.6141351740896417]], [[18.166666666666668], [-0.028850405166546505, 0.5585601883071462]]], "102": [[[9.166666666666666], [-0.03209785247842471, 0.6141351740896417]], [[10.5], [-0.027227215468883514, 0.530935610025123]], [[9.166666666666666], [0.0339663897951444, -0.5452829328450289]], [[9.0], [0.0339663897951444, -0.5452829328450289]], [[54.833333333333336], [0.040714157124360405, 0.5298596249813098]], [[9.166666666666666], [0.0339663897951444, -0.5452829328450289]], [[9.0], [0.0339663897951444, -0.5452829328450289]], [[31.833333333333332], [-0.026913533608118694, 0.5313857462987945]], [[9.166666666666666], [-0.03209785247842471, 0.6141351740896417]], [[78.5], [0.03124701790511608, 0.5250782416197672]], [[9.166666666666666], [-0.03209785247842471, 0.6141351740896417]], [[8.833333333333334], [0.0339663897951444, -0.5452829328450289]], [[9.666666666666666], [-0.03209785247842471, 0.6141351740896417]], [[9.5], [-0.03209785247842471, 0.6141351740896417]], [[10.333333333333334], [-0.03209785247842471, 0.6141351740896417]], [[63.666666666666664], [-0.017514415085315704, -0.5216646992989135]], [[31.0], [0.013385134128232798, -0.5041485269103895]], [[57.0], [-0.010726950907458862, -0.5337592018278022]], [[9.333333333333334], [0.0339663897951444, -0.5452829328450289]], [[9.166666666666666], [-0.03209785247842471, 0.6141351740896417]], [[65.33333333333333], [0.019529694691300392, -0.5105204488101759]], [[9.166666666666666], [0.0339663897951444, -0.5452829328450289]], [[9.833333333333334], [0.0339663897951444, -0.5452829328450289]], [[9.0], [0.0339663897951444, -0.5452829328450289]], [[31.0], [0.012938219588249922, -0.5142876619927621]]]}, "environment": "cartpole", "algorithm": "diff", "container": "add_novelty", "arguments": {"l": 25, "mr": 1.0, "cr": 0.9000000000000001, "fitness_weight": 0.8, "decay": 5.0, "ng": 20}}