{"fitness": {"102": [[[117.5], [-0.05626285448670387, -0.506479382229764]], [[38.333333333333336], [0.014564994101723036, -0.5078947786509135]], [[9.166666666666666], [0.0339663897951444, -0.5452829328450289]], [[9.666666666666666], [0.0339663897951444, -0.5452829328450289]], [[9.0], [0.0339663897951444, -0.5452829328450289]], [[9.333333333333334], [-0.03209785247842471, 0.6141351740896417]], [[9.0], [0.0339663897951444, -0.5452829328450289]], [[385.1666666666667], [-0.006110609198609988, 0.006417268731199098]], [[9.166666666666666], [-0.03209785247842471, 0.6141351740896417]], [[9.333333333333334], [-0.03209785247842471, 0.6141351740896417]], [[57.5], [-0.015790358496208988, -0.5405722765260906]], [[28.833333333333332], [0.016424775434037052, -0.5810873930534107]], [[81.33333333333333], [-0.045836903154850006, -0.5054807548887992]], [[100.16666666666667], [0.30175745487213135, -0.5587145828744441]], [[91.0], [-0.05172298289835453, 0.5366787956091776]], [[9.5], [0.0339663897951444, -0.5452829328450289]], [[9.833333333333334], [-0.03209785247842471, 0.6141351740896417]], [[9.0], [0.0339663897951444, -0.5452829328450289]], [[21.833333333333332], [0.024650304888685547, -0.518217611541018]], [[40.333333333333336], [0.00303025512645642, -0.5492784403727956]]], "103": [[[9.666666666666666], [-0.03209785247842471, 0.6141351740896417]], [[10.0], [-0.03209785247842471, 0.6141351740896417]], [[380.8333333333333], [-0.0030831330999111137, 0.007289764248547657]], [[52.5], [-0.00981316048031052, -0.533483708589271]], [[500.0], [1.7061208078909356e-05, -0.010262202230865877]], [[103.83333333333333], [-0.060386055459578834, -0.5199729184214579]], [[67.66666666666667], [-0.03097789672513803, -0.5101852439807363]], [[184.66666666666666], [-0.016254927031695843, -0.11108274700824154]], [[9.0], [0.0339663897951444, -0.5452829328450289]], [[10.0], [-0.03209785247842471, 0.6141351740896417]], [[73.83333333333333], [-0.05501731609304746, -0.5031065507368608]], [[111.16666666666667], [0.18737860023975372, -0.5075925132304288]], [[48.0], [-0.007387129589915276, -0.5082677354652916]], [[19.833333333333332], [0.028904061764478683, -0.568142633118698]], [[9.0], [0.0339663897951444, -0.5452829328450289]], [[154.83333333333334], [-0.11413210382064184, -0.5077862996233707]], [[13.5], [0.0339663897951444, -0.5452829328450289]], [[9.0], [0.0339663897951444, -0.5452829328450289]], [[24.0], [0.028438512235879898, -0.5383871531372436]], [[9.0], [0.0339663897951444, -0.5452829328450289]]], "101": [[[39.333333333333336], [0.007256971051295599, -0.5111666886430037]], [[9.666666666666666], [-0.03209785247842471, 0.6141351740896417]], [[32.166666666666664], [0.006074939544002215, -0.5068729796478053]], [[209.33333333333334], [-0.1333920533458392, 0.002171663493898354]], [[340.1666666666667], [-0.06345497444272041, 0.5151770260345423]], [[500.0], [0.003036673103148739, -0.007645487696217579]], [[95.66666666666667], [-0.049282029892007514, -0.5022142278520685]], [[500.0], [-0.009269899067779383, 0.038939996056579516]], [[218.66666666666666], [-0.3435937066872915, -0.5013959473400025]], [[18.666666666666668], [-0.02512836518387, 0.5063154338079207]], [[22.166666666666668], [0.022083489845196407, -0.5127371213082492]], [[9.833333333333334], [-0.03209785247842471, 0.6141351740896417]], [[111.5], [0.014564994101723036, -0.5078947786509135]], [[138.83333333333334], [-0.10482390721638998, -0.5120441460153132]], [[180.0], [-0.10603768130143484, -0.501914529138775]], [[9.166666666666666], [-0.03209785247842471, 0.6141351740896417]], [[9.166666666666666], [0.0339663897951444, -0.5452829328450289]], [[39.833333333333336], [0.06158880268534025, -0.6126560377732418]], [[84.33333333333333], [-0.06971096619963646, -0.505973241831127]], [[9.333333333333334], [-0.03209785247842471, 0.6141351740896417]]]}, "environment": "cartpole", "algorithm": "diff", "container": "add_novelty", "arguments": {"l": 20, "mr": 0.9, "cr": 0.8000000000000002, "fitness_weight": 0.8, "decay": 5.0, "ng": 20}}