{"fitness": {"102": [[[107.15547655676049], [-0.1966693162918091, -0.8988646152468087]], [[73.84192062985657], [0.07364307641983033, -0.8054808998868496]], [[59.312736801655994], [0.17835304737091065, -0.8464111713071674]], [[103.52579303672077], [0.017476730048656464, -0.8379630627498647]], [[82.52633135266747], [-0.3316795825958252, -0.710051411180757]], [[107.63658526302481], [-0.16370983123779298, -0.9826046793382069]], [[66.82916676967312], [0.019865722954273225, -0.9901771274084844]], [[93.57950881330812], [-0.1818195939064026, -1.018671745272392]], [[98.57690631471111], [-0.20152926445007324, -0.9550728342980923]], [[82.52633135266747], [-0.3316795825958252, -0.710051411180757]], [[102.55293504301657], [-0.17752987146377563, -0.905517537106061]], [[101.23606068135378], [-0.20586111545562744, -0.9844827086742347]], [[107.63658526302481], [-0.16370983123779298, -0.9826046793382069]], [[79.79160999626238], [-0.31777899265289306, -0.7532703745954978]], [[-142.45928720548463], [-0.09107170104980469, -1.050103664232624]], [[75.41278547216052], [-0.02255878448486328, -0.9113741884628935]], [[110.1528361162965], [-0.1768317461013794, -1.007574721703228]], [[59.312736801655994], [0.17835304737091065, -0.8464111713071674]], [[106.78593125092367], [-0.20493435859680176, -0.9132968096722229]], [[-43.00248706510535], [-0.07242015600204468, -1.0441864324035122]], [[1.494178076715227], [0.06127632260322571, -0.8956241334478058]], [[113.20816182057295], [-0.16475690603256227, -1.019264576611264]], [[93.57950968896387], [-0.1818195939064026, -1.0186717388152222]], [[82.90307382577299], [0.04496406614780426, -0.8801283889450134]], [[105.95995869046727], [-0.1262751817703247, -0.8269935785773369]], [[68.35665924792112], [0.1955219626426697, -0.7898793225487073]], [[93.57950968896387], [-0.1818195939064026, -1.0186717388152222]], [[29.56934824459981], [0.056864625215530394, -0.8717484667897221]], [[108.88167181194079], [-0.18392343521118165, -0.9441719166061375]], [[77.25195583564785], [0.01635894775390625, -0.8613427837689719]], [[57.64607013498932], [0.17835304737091065, -0.8464111713071674]], [[105.95995869046727], [-0.1262751817703247, -0.8269935785773369]], [[59.312736801655994], [0.17835304737091065, -0.8464111713071674]], [[108.75453631816362], [-0.17850414514541627, -0.8969517257821279]], [[109.62177377823993], [-0.19244600534439088, -0.9352305405191149]]], "101": [[[-170.8914767170195], [0.12473399639129638, -1.0498306495447953]], [[-170.8914767170195], [0.12473399639129638, -1.0498306495447953]], [[-170.8914767170195], [0.12473399639129638, -1.0498306495447953]], [[-170.8914767170195], [0.12473399639129638, -1.0498306495447953]], [[-170.8914767170195], [0.12473399639129638, -1.0498306495447953]], [[-170.8914767170195], [0.12473399639129638, -1.0498306495447953]], [[-170.8914767170195], [0.12473399639129638, -1.0498306495447953]], [[-170.8914767170195], [0.12473399639129638, -1.0498306495447953]], [[-170.8914767170195], [0.12473399639129638, -1.0498306495447953]], [[-170.8914767170195], [0.12473399639129638, -1.0498306495447953]], [[-170.8914767170195], [0.12473399639129638, -1.0498306495447953]], [[-170.8914767170195], [0.12473399639129638, -1.0498306495447953]], [[-170.8914767170195], [0.12473399639129638, -1.0498306495447953]], [[-170.8914767170195], [0.12473399639129638, -1.0498306495447953]], [[-170.8914767170195], [0.12473399639129638, -1.0498306495447953]], [[-170.8914767170195], [0.12473399639129638, -1.0498306495447953]], [[-170.8914767170195], [0.12473399639129638, -1.0498306495447953]], [[-170.8914767170195], [0.12473399639129638, -1.0498306495447953]], [[-170.8914767170195], [0.12473399639129638, -1.0498306495447953]], [[-170.8914767170195], [0.12473399639129638, -1.0498306495447953]], [[-170.8914767170195], [0.12473399639129638, -1.0498306495447953]], [[-170.8914767170195], [0.12473399639129638, -1.0498306495447953]], [[-170.8914767170195], [0.12473399639129638, -1.0498306495447953]], [[-170.8914767170195], [0.12473399639129638, -1.0498306495447953]], [[-170.8914767170195], [0.12473399639129638, -1.0498306495447953]], [[-170.8914767170195], [0.12473399639129638, -1.0498306495447953]], [[-170.8914767170195], [0.12473399639129638, -1.0498306495447953]], [[-170.8914767170195], [0.12473399639129638, -1.0498306495447953]], [[-170.8914767170195], [0.12473399639129638, -1.0498306495447953]], [[-170.8914767170195], [0.12473399639129638, -1.0498306495447953]], [[-170.8914767170195], [0.12473399639129638, -1.0498306495447953]], [[-170.8914767170195], [0.12473399639129638, -1.0498306495447953]], [[-170.8914767170195], [0.12473399639129638, -1.0498306495447953]], [[-170.8914767170195], [0.12473399639129638, -1.0498306495447953]], [[-170.8914767170195], [0.12473399639129638, -1.0498306495447953]]], "103": [[[-207.40700976942537], [0.40030770301818847, -0.5056890070244359]], [[-207.40700976942537], [0.40030770301818847, -0.5056890070244359]], [[-80.73515980565001], [-0.10162734985351562, -1.0272714516147972]], [[-207.40700976942537], [0.40030770301818847, -0.5056890070244359]], [[-114.76649729470284], [-0.2703446626663208, -1.1830891407405335]], [[-120.78500264103053], [-0.08316629528999328, -0.8559307769406587]], [[-152.44327245455744], [-0.0545571506023407, -1.0700406389310955]], [[-141.9310095053282], [-0.03509983122348785, -1.069863974667775]], [[-156.55778104334888], [-0.27685089111328126, -1.1616193325569228]], [[-152.44327245455744], [-0.0545571506023407, -1.0700406389310955]], [[-145.4463590561106], [0.11963093280792236, -1.0279929774502914]], [[-184.75957068887638], [-0.31510586738586427, -1.1329152724317588]], [[-418.6162906199661], [0.40523977279663087, -0.2089482128464928]], [[-184.75957068887638], [-0.31510586738586427, -1.1329152724317588]], [[-245.4191430456029], [0.17582862377166747, -1.0605042065338541]], [[-207.40700976942537], [0.40030770301818847, -0.5056890070244359]], [[-207.40700976942537], [0.40030770301818847, -0.5056890070244359]], [[-418.6162906199661], [0.40523977279663087, -0.2089482128464928]], [[-120.78500264103053], [-0.08316629528999328, -0.8559307769406587]], [[-141.9310095053282], [-0.03509983122348785, -1.069863974667775]], [[-184.75957068887638], [-0.31510586738586427, -1.1329152724317588]], [[-207.40700976942537], [0.40030770301818847, -0.5056890070244359]], [[-135.922890069583], [0.07742141485214234, -1.0702617236257843]], [[-141.9310095053282], [-0.03509983122348785, -1.069863974667775]], [[-207.40700976942537], [0.40030770301818847, -0.5056890070244359]], [[-207.40700976942537], [0.40030770301818847, -0.5056890070244359]], [[-75.31985226784147], [0.0879528820514679, -1.0728124313056469]], [[-148.78855902424812], [0.12216784954071044, -0.9901216949646673]], [[-184.75957068887638], [-0.31510586738586427, -1.1329152724317588]], [[-93.92372314792537], [0.1593177080154419, -0.47472176233616986]], [[-135.922890069583], [0.07742141485214234, -1.0702617236257843]], [[-207.40700976942537], [0.40030770301818847, -0.5056890070244359]], [[-207.40700976942537], [0.40030770301818847, -0.5056890070244359]], [[-92.86022763257445], [-0.24129600524902345, -1.0098316895562067]], [[-152.44327245455744], [-0.0545571506023407, -1.0700406389310955]]]}, "environment": "lunarlander", "algorithm": "lambda", "container": "fit_archiving", "arguments": {"cross_method": "uniform", "l": 35, "m": 70, "mr": 0.01, "cr": 1.0, "mutation_sigma": 2.5, "archiving_period": 2, "archive_batch": 4, "cross_uni": 0.6, "ng": 20}}