{"103": [[[313.0], [-0.05591654529174169, -0.0452351172646267]], [[9.333333333333334], [-0.03209785247842471, 0.6141351740896417]], [[9.666666666666666], [0.0339663897951444, -0.5452829328450289]], [[313.0], [-0.05591654529174169, -0.0452351172646267]], [[9.666666666666666], [0.0339663897951444, -0.5452829328450289]], [[9.333333333333334], [-0.03209785247842471, 0.6141351740896417]], [[313.0], [-0.05591654529174169, -0.0452351172646267]], [[313.0], [-0.05591654529174169, -0.0452351172646267]], [[313.0], [-0.05591654529174169, -0.0452351172646267]], [[313.0], [-0.05591654529174169, -0.0452351172646267]], [[313.0], [-0.05591654529174169, -0.0452351172646267]], [[313.0], [-0.05591654529174169, -0.0452351172646267]], [[313.0], [-0.05591654529174169, -0.0452351172646267]], [[313.0], [-0.05591654529174169, -0.0452351172646267]], [[313.0], [-0.05591654529174169, -0.0452351172646267]], [[313.0], [-0.05591654529174169, -0.0452351172646267]], [[313.0], [-0.05591654529174169, -0.0452351172646267]], [[9.666666666666666], [0.0339663897951444, -0.5452829328450289]], [[313.0], [-0.05591654529174169, -0.0452351172646267]], [[304.0], [-0.5004452168941498, -0.18353237988846155]], [[313.0], [-0.05591654529174169, -0.0452351172646267]], [[313.0], [-0.05591654529174169, -0.0452351172646267]], [[313.0], [-0.05591654529174169, -0.0452351172646267]], [[313.0], [-0.05591654529174169, -0.0452351172646267]], [[11.5], [-0.026898719370365143, 0.5370715018094442]], [[313.0], [-0.05591654529174169, -0.0452351172646267]], [[313.0], [-0.05591654529174169, -0.0452351172646267]], [[313.0], [-0.05591654529174169, -0.0452351172646267]], [[313.0], [-0.05591654529174169, -0.0452351172646267]], [[313.0], [-0.05591654529174169, -0.0452351172646267]], [[313.0], [-0.05591654529174169, -0.0452351172646267]], [[313.0], [-0.05591654529174169, -0.0452351172646267]], [[313.0], [-0.05591654529174169, -0.0452351172646267]], [[313.0], [-0.05591654529174169, -0.0452351172646267]], [[9.666666666666666], [0.0339663897951444, -0.5452829328450289]], [[313.0], [-0.05591654529174169, -0.0452351172646267]], [[313.0], [-0.05591654529174169, -0.0452351172646267]], [[313.0], [-0.05591654529174169, -0.0452351172646267]], [[313.0], [-0.05591654529174169, -0.0452351172646267]], [[313.0], [-0.05591654529174169, -0.0452351172646267]]], "101": [[[10.0], [0.0339663897951444, -0.5452829328450289]], [[10.0], [0.0339663897951444, -0.5452829328450289]], [[10.0], [0.0339663897951444, -0.5452829328450289]], [[9.166666666666666], [0.0339663897951444, -0.5452829328450289]], [[10.0], [0.0339663897951444, -0.5452829328450289]], [[9.166666666666666], [0.0339663897951444, -0.5452829328450289]], [[9.166666666666666], [0.0339663897951444, -0.5452829328450289]], [[9.166666666666666], [0.0339663897951444, -0.5452829328450289]], [[9.166666666666666], [0.0339663897951444, -0.5452829328450289]], [[9.166666666666666], [0.0339663897951444, -0.5452829328450289]], [[9.166666666666666], [0.0339663897951444, -0.5452829328450289]], [[9.166666666666666], [0.0339663897951444, -0.5452829328450289]], [[9.666666666666666], [0.0323425109187762, -0.517564562804391]], [[9.166666666666666], [0.0339663897951444, -0.5452829328450289]], [[10.0], [0.0339663897951444, -0.5452829328450289]], [[9.666666666666666], [0.0339663897951444, -0.5452829328450289]], [[9.166666666666666], [0.0339663897951444, -0.5452829328450289]], [[11.166666666666666], [0.033058884243170425, -0.542207375953072]], [[9.166666666666666], [0.0339663897951444, -0.5452829328450289]], [[10.0], [0.0339663897951444, -0.5452829328450289]], [[9.166666666666666], [0.0339663897951444, -0.5452829328450289]], [[21.666666666666668], [-0.046605983128150306, 0.6484559705953279]], [[9.166666666666666], [0.0339663897951444, -0.5452829328450289]], [[9.166666666666666], [0.0339663897951444, -0.5452829328450289]], [[9.166666666666666], [0.0339663897951444, -0.5452829328450289]], [[9.166666666666666], [0.0339663897951444, -0.5452829328450289]], [[10.0], [0.0339663897951444, -0.5452829328450289]], [[9.166666666666666], [0.0339663897951444, -0.5452829328450289]], [[9.166666666666666], [0.0339663897951444, -0.5452829328450289]], [[10.0], [0.0339663897951444, -0.5452829328450289]], [[10.0], [0.0339663897951444, -0.5452829328450289]], [[9.166666666666666], [0.0339663897951444, -0.5452829328450289]], [[9.333333333333334], [-0.03209785247842471, 0.6141351740896417]], [[9.666666666666666], [0.0339663897951444, -0.5452829328450289]], [[9.166666666666666], [0.0339663897951444, -0.5452829328450289]], [[9.166666666666666], [0.0339663897951444, -0.5452829328450289]], [[9.166666666666666], [0.0339663897951444, -0.5452829328450289]], [[9.166666666666666], [0.0339663897951444, -0.5452829328450289]], [[9.166666666666666], [0.0339663897951444, -0.5452829328450289]], [[9.5], [-0.03209785247842471, 0.6141351740896417]]], "102": [[[9.333333333333334], [-0.03209785247842471, 0.6141351740896417]], [[9.833333333333334], [0.0339663897951444, -0.5452829328450289]], [[10.0], [-0.03209785247842471, 0.6141351740896417]], [[9.833333333333334], [0.0339663897951444, -0.5452829328450289]], [[9.833333333333334], [0.0339663897951444, -0.5452829328450289]], [[9.833333333333334], [0.0339663897951444, -0.5452829328450289]], [[9.833333333333334], [0.0339663897951444, -0.5452829328450289]], [[10.0], [-0.03209785247842471, 0.6141351740896417]], [[10.0], [-0.03209785247842471, 0.6141351740896417]], [[10.0], [-0.03209785247842471, 0.6141351740896417]], [[9.833333333333334], [0.0339663897951444, -0.5452829328450289]], [[9.833333333333334], [0.0339663897951444, -0.5452829328450289]], [[10.0], [-0.03209785247842471, 0.6141351740896417]], [[9.833333333333334], [0.0339663897951444, -0.5452829328450289]], [[9.833333333333334], [0.0339663897951444, -0.5452829328450289]], [[9.833333333333334], [0.0339663897951444, -0.5452829328450289]], [[9.666666666666666], [0.0339663897951444, -0.5452829328450289]], [[9.833333333333334], [0.0339663897951444, -0.5452829328450289]], [[10.0], [-0.03209785247842471, 0.6141351740896417]], [[10.0], [-0.03209785247842471, 0.6141351740896417]], [[9.833333333333334], [0.0339663897951444, -0.5452829328450289]], [[9.833333333333334], [0.0339663897951444, -0.5452829328450289]], [[9.833333333333334], [0.0339663897951444, -0.5452829328450289]], [[9.666666666666666], [0.0339663897951444, -0.5452829328450289]], [[9.833333333333334], [0.0339663897951444, -0.5452829328450289]], [[10.0], [-0.03209785247842471, 0.6141351740896417]], [[10.0], [-0.03209785247842471, 0.6141351740896417]], [[10.0], [-0.03209785247842471, 0.6141351740896417]], [[10.0], [-0.03209785247842471, 0.6141351740896417]], [[9.833333333333334], [0.0339663897951444, -0.5452829328450289]], [[10.0], [-0.03209785247842471, 0.6141351740896417]], [[10.0], [-0.03209785247842471, 0.6141351740896417]], [[9.666666666666666], [0.0339663897951444, -0.5452829328450289]], [[9.833333333333334], [0.0339663897951444, -0.5452829328450289]], [[9.666666666666666], [0.0339663897951444, -0.5452829328450289]], [[9.833333333333334], [0.0339663897951444, -0.5452829328450289]], [[9.833333333333334], [0.0339663897951444, -0.5452829328450289]], [[9.833333333333334], [0.0339663897951444, -0.5452829328450289]], [[9.833333333333334], [0.0339663897951444, -0.5452829328450289]], [[9.833333333333334], [0.0339663897951444, -0.5452829328450289]]]}