{"103": [[[114.0], [-0.5013737082481384, -0.44638795430580397]], [[114.0], [-0.5013737082481384, -0.44638795430580397]], [[114.0], [-0.5013737082481384, -0.44638795430580397]], [[114.0], [-0.5013737082481384, -0.44638795430580397]], [[9.333333333333334], [-0.03209785247842471, 0.6141351740896417]], [[101.16666666666667], [-0.015239831991493702, 0.5024301164458244]], [[9.333333333333334], [-0.03209785247842471, 0.6141351740896417]], [[9.333333333333334], [-0.03209785247842471, 0.6141351740896417]], [[114.0], [-0.5013737082481384, -0.44638795430580397]], [[10.166666666666666], [-0.02575837541371584, 0.5082547236857803]], [[114.0], [-0.5013737082481384, -0.44638795430580397]], [[101.16666666666667], [-0.015239831991493702, 0.5024301164458244]], [[101.16666666666667], [-0.015239831991493702, 0.5024301164458244]], [[114.0], [-0.5013737082481384, -0.44638795430580397]], [[16.833333333333332], [-0.023756977170705795, 0.529123443450654]], [[114.0], [-0.5013737082481384, -0.44638795430580397]], [[114.0], [-0.5013737082481384, -0.44638795430580397]], [[114.0], [-0.5013737082481384, -0.44638795430580397]], [[114.0], [-0.5013737082481384, -0.44638795430580397]], [[114.0], [-0.5013737082481384, -0.44638795430580397]]], "102": [[[9.166666666666666], [0.0339663897951444, -0.5452829328450289]], [[9.333333333333334], [-0.03209785247842471, 0.6141351740896417]], [[9.666666666666666], [0.0339663897951444, -0.5452829328450289]], [[46.166666666666664], [0.012938219588249922, -0.5142876619927621]], [[9.666666666666666], [0.0339663897951444, -0.5452829328450289]], [[9.166666666666666], [0.0339663897951444, -0.5452829328450289]], [[9.666666666666666], [0.0339663897951444, -0.5452829328450289]], [[9.666666666666666], [0.0339663897951444, -0.5452829328450289]], [[9.166666666666666], [0.0339663897951444, -0.5452829328450289]], [[9.333333333333334], [-0.03209785247842471, 0.6141351740896417]], [[9.166666666666666], [0.0339663897951444, -0.5452829328450289]], [[28.833333333333332], [-0.010267644344518583, 0.5032979486661665]], [[9.666666666666666], [0.0339663897951444, -0.5452829328450289]], [[9.166666666666666], [0.0339663897951444, -0.5452829328450289]], [[9.166666666666666], [0.0339663897951444, -0.5452829328450289]], [[9.666666666666666], [0.0339663897951444, -0.5452829328450289]], [[9.666666666666666], [0.0339663897951444, -0.5452829328450289]], [[9.166666666666666], [0.0339663897951444, -0.5452829328450289]], [[9.166666666666666], [0.0339663897951444, -0.5452829328450289]], [[9.666666666666666], [0.0339663897951444, -0.5452829328450289]]], "101": [[[9.833333333333334], [0.0339663897951444, -0.5452829328450289]], [[9.833333333333334], [0.0339663897951444, -0.5452829328450289]], [[9.333333333333334], [-0.03209785247842471, 0.6141351740896417]], [[243.16666666666666], [-0.09727358197172484, 0.5387363322613913]], [[9.833333333333334], [0.0339663897951444, -0.5452829328450289]], [[73.83333333333333], [0.021305506428082786, 0.5089646677651474]], [[9.833333333333334], [0.0339663897951444, -0.5452829328450289]], [[9.833333333333334], [0.0339663897951444, -0.5452829328450289]], [[9.833333333333334], [0.0339663897951444, -0.5452829328450289]], [[9.333333333333334], [-0.03209785247842471, 0.6141351740896417]], [[37.333333333333336], [-0.1645520826180776, 0.5300392231872778]], [[9.833333333333334], [0.0339663897951444, -0.5452829328450289]], [[57.166666666666664], [-0.005977104495589932, -0.5858251067439906]], [[9.833333333333334], [0.0339663897951444, -0.5452829328450289]], [[9.833333333333334], [0.0339663897951444, -0.5452829328450289]], [[9.833333333333334], [0.0339663897951444, -0.5452829328450289]], [[9.833333333333334], [0.0339663897951444, -0.5452829328450289]], [[9.833333333333334], [0.0339663897951444, -0.5452829328450289]], [[9.833333333333334], [0.0339663897951444, -0.5452829328450289]], [[9.833333333333334], [0.0339663897951444, -0.5452829328450289]]]}