{"103": [[[9.333333333333334], [-0.03209785247842471, 0.6141351740896417]], [[9.666666666666666], [0.0339663897951444, -0.5452829328450289]], [[9.666666666666666], [0.0339663897951444, -0.5452829328450289]], [[9.666666666666666], [0.0339663897951444, -0.5452829328450289]], [[9.333333333333334], [-0.03209785247842471, 0.6141351740896417]], [[9.333333333333334], [-0.03209785247842471, 0.6141351740896417]], [[9.333333333333334], [-0.03209785247842471, 0.6141351740896417]], [[9.333333333333334], [-0.03209785247842471, 0.6141351740896417]], [[9.666666666666666], [0.0339663897951444, -0.5452829328450289]], [[9.666666666666666], [0.0339663897951444, -0.5452829328450289]], [[9.666666666666666], [0.0339663897951444, -0.5452829328450289]], [[9.333333333333334], [-0.03209785247842471, 0.6141351740896417]], [[9.666666666666666], [0.0339663897951444, -0.5452829328450289]], [[9.333333333333334], [-0.03209785247842471, 0.6141351740896417]], [[9.333333333333334], [-0.03209785247842471, 0.6141351740896417]], [[9.666666666666666], [0.0339663897951444, -0.5452829328450289]], [[9.666666666666666], [0.0339663897951444, -0.5452829328450289]], [[9.666666666666666], [0.0339663897951444, -0.5452829328450289]], [[9.666666666666666], [0.0339663897951444, -0.5452829328450289]], [[41.5], [0.0027652515564113855, 0.5101367617337897]]], "101": [[[66.0], [-0.12165136635303497, 0.5190421662262182]], [[66.0], [-0.12165136635303497, 0.5190421662262182]], [[12.666666666666666], [-0.025784879301985107, 0.5357713933196364]], [[10.5], [-0.02575837541371584, 0.5082547236857803]], [[46.666666666666664], [-0.06495291367173195, 0.5416952465709888]], [[66.0], [-0.12165136635303497, 0.5190421662262182]], [[9.333333333333334], [-0.03209785247842471, 0.6141351740896417]], [[66.0], [-0.12165136635303497, 0.5190421662262182]], [[9.666666666666666], [0.0339663897951444, -0.5452829328450289]], [[66.0], [-0.12165136635303497, 0.5190421662262182]], [[124.5], [0.05450677126646042, 0.5057539666098271]], [[9.333333333333334], [-0.03209785247842471, 0.6141351740896417]], [[9.333333333333334], [-0.03209785247842471, 0.6141351740896417]], [[9.333333333333334], [-0.03209785247842471, 0.6141351740896417]], [[66.0], [-0.12165136635303497, 0.5190421662262182]], [[66.0], [-0.12165136635303497, 0.5190421662262182]], [[9.333333333333334], [-0.03209785247842471, 0.6141351740896417]], [[9.333333333333334], [-0.03209785247842471, 0.6141351740896417]], [[9.333333333333334], [-0.03209785247842471, 0.6141351740896417]], [[9.333333333333334], [-0.03209785247842471, 0.6141351740896417]]], "102": [[[16.666666666666668], [-0.027227215468883514, 0.530935610025123]], [[16.666666666666668], [-0.027227215468883514, 0.530935610025123]], [[16.666666666666668], [-0.027227215468883514, 0.530935610025123]], [[16.666666666666668], [-0.027227215468883514, 0.530935610025123]], [[16.666666666666668], [-0.027227215468883514, 0.530935610025123]], [[10.166666666666666], [-0.0273815356194973, 0.5358753806095945]], [[9.666666666666666], [0.0339663897951444, -0.5452829328450289]], [[51.166666666666664], [0.043573242922623955, -0.5771046121154676]], [[16.666666666666668], [-0.027227215468883514, 0.530935610025123]], [[9.666666666666666], [0.0339663897951444, -0.5452829328450289]], [[192.83333333333334], [0.21627751489480337, -0.512246238557916]], [[10.166666666666666], [-0.0273815356194973, 0.5358753806095945]], [[9.666666666666666], [0.0339663897951444, -0.5452829328450289]], [[23.0], [0.024266142087678116, -0.5097569960156126]], [[192.83333333333334], [0.21627751489480337, -0.512246238557916]], [[9.666666666666666], [0.0339663897951444, -0.5452829328450289]], [[16.666666666666668], [-0.027227215468883514, 0.530935610025123]], [[9.666666666666666], [0.0339663897951444, -0.5452829328450289]], [[16.666666666666668], [-0.027227215468883514, 0.530935610025123]], [[9.333333333333334], [-0.03209785247842471, 0.6141351740896417]]]}