{"101": [[[313.5], [-0.4523613552252452, 0.5112858266351326]], [[313.5], [-0.4523613552252452, 0.5112858266351326]], [[313.5], [-0.4523613552252452, 0.5112858266351326]], [[313.5], [-0.4523613552252452, 0.5112858266351326]], [[39.833333333333336], [0.0003081379933670784, 0.502331013029272]], [[313.5], [-0.4523613552252452, 0.5112858266351326]], [[313.5], [-0.4523613552252452, 0.5112858266351326]], [[313.5], [-0.4523613552252452, 0.5112858266351326]], [[313.5], [-0.4523613552252452, 0.5112858266351326]], [[313.5], [-0.4523613552252452, 0.5112858266351326]], [[313.5], [-0.4523613552252452, 0.5112858266351326]], [[313.5], [-0.4523613552252452, 0.5112858266351326]], [[313.5], [-0.4523613552252452, 0.5112858266351326]], [[313.5], [-0.4523613552252452, 0.5112858266351326]], [[313.5], [-0.4523613552252452, 0.5112858266351326]], [[313.5], [-0.4523613552252452, 0.5112858266351326]], [[313.5], [-0.4523613552252452, 0.5112858266351326]], [[313.5], [-0.4523613552252452, 0.5112858266351326]], [[313.5], [-0.4523613552252452, 0.5112858266351326]], [[313.5], [-0.4523613552252452, 0.5112858266351326]], [[313.5], [-0.4523613552252452, 0.5112858266351326]], [[313.5], [-0.4523613552252452, 0.5112858266351326]], [[313.5], [-0.4523613552252452, 0.5112858266351326]], [[313.5], [-0.4523613552252452, 0.5112858266351326]], [[313.5], [-0.4523613552252452, 0.5112858266351326]], [[313.5], [-0.4523613552252452, 0.5112858266351326]], [[313.5], [-0.4523613552252452, 0.5112858266351326]], [[313.5], [-0.4523613552252452, 0.5112858266351326]], [[313.5], [-0.4523613552252452, 0.5112858266351326]], [[313.5], [-0.4523613552252452, 0.5112858266351326]]], "102": [[[9.666666666666666], [0.0339663897951444, -0.5452829328450289]], [[9.666666666666666], [0.0339663897951444, -0.5452829328450289]], [[9.666666666666666], [0.0339663897951444, -0.5452829328450289]], [[9.333333333333334], [-0.03209785247842471, 0.6141351740896417]], [[9.666666666666666], [0.0339663897951444, -0.5452829328450289]], [[9.666666666666666], [0.0339663897951444, -0.5452829328450289]], [[9.666666666666666], [0.0339663897951444, -0.5452829328450289]], [[9.666666666666666], [0.0339663897951444, -0.5452829328450289]], [[9.666666666666666], [0.0339663897951444, -0.5452829328450289]], [[9.666666666666666], [0.0339663897951444, -0.5452829328450289]], [[9.666666666666666], [0.0339663897951444, -0.5452829328450289]], [[9.666666666666666], [0.0339663897951444, -0.5452829328450289]], [[9.666666666666666], [0.0339663897951444, -0.5452829328450289]], [[9.666666666666666], [0.0339663897951444, -0.5452829328450289]], [[9.666666666666666], [0.0339663897951444, -0.5452829328450289]], [[9.666666666666666], [0.0339663897951444, -0.5452829328450289]], [[9.666666666666666], [0.0339663897951444, -0.5452829328450289]], [[9.666666666666666], [0.0339663897951444, -0.5452829328450289]], [[9.333333333333334], [-0.03209785247842471, 0.6141351740896417]], [[9.666666666666666], [0.0339663897951444, -0.5452829328450289]], [[9.666666666666666], [0.0339663897951444, -0.5452829328450289]], [[9.666666666666666], [0.0339663897951444, -0.5452829328450289]], [[9.666666666666666], [0.0339663897951444, -0.5452829328450289]], [[9.666666666666666], [0.0339663897951444, -0.5452829328450289]], [[9.666666666666666], [0.0339663897951444, -0.5452829328450289]], [[9.666666666666666], [0.0339663897951444, -0.5452829328450289]], [[9.666666666666666], [0.0339663897951444, -0.5452829328450289]], [[9.666666666666666], [0.0339663897951444, -0.5452829328450289]], [[9.666666666666666], [0.0339663897951444, -0.5452829328450289]], [[9.666666666666666], [0.0339663897951444, -0.5452829328450289]]], "103": [[[9.333333333333334], [-0.03209785247842471, 0.6141351740896417]], [[9.666666666666666], [0.0339663897951444, -0.5452829328450289]], [[9.666666666666666], [0.0339663897951444, -0.5452829328450289]], [[9.666666666666666], [0.0339663897951444, -0.5452829328450289]], [[9.666666666666666], [0.0339663897951444, -0.5452829328450289]], [[12.833333333333334], [0.03297033719718456, -0.5546474214375875]], [[15.166666666666666], [0.030445310597618423, -0.5249023865284532]], [[9.666666666666666], [0.0339663897951444, -0.5452829328450289]], [[9.666666666666666], [0.0339663897951444, -0.5452829328450289]], [[9.333333333333334], [-0.03209785247842471, 0.6141351740896417]], [[9.666666666666666], [0.0339663897951444, -0.5452829328450289]], [[9.333333333333334], [-0.03209785247842471, 0.6141351740896417]], [[9.666666666666666], [0.0339663897951444, -0.5452829328450289]], [[9.333333333333334], [-0.03209785247842471, 0.6141351740896417]], [[9.333333333333334], [-0.03209785247842471, 0.6141351740896417]], [[68.5], [-0.1838109518090884, -0.5087648923887591]], [[9.666666666666666], [0.0339663897951444, -0.5452829328450289]], [[9.666666666666666], [0.0339663897951444, -0.5452829328450289]], [[9.333333333333334], [-0.03209785247842471, 0.6141351740896417]], [[15.166666666666666], [0.030445310597618423, -0.5249023865284532]], [[9.666666666666666], [0.0339663897951444, -0.5452829328450289]], [[9.666666666666666], [0.0339663897951444, -0.5452829328450289]], [[9.666666666666666], [0.0339663897951444, -0.5452829328450289]], [[12.833333333333334], [0.03297033719718456, -0.5546474214375875]], [[9.666666666666666], [0.0339663897951444, -0.5452829328450289]], [[9.333333333333334], [-0.03209785247842471, 0.6141351740896417]], [[12.833333333333334], [0.03297033719718456, -0.5546474214375875]], [[9.333333333333334], [-0.03209785247842471, 0.6141351740896417]], [[9.666666666666666], [0.0339663897951444, -0.5452829328450289]], [[9.666666666666666], [0.0339663897951444, -0.5452829328450289]]]}