{"101": [[[9.666666666666666], [0.0339663897951444, -0.5452829328450289]], [[67.0], [-0.017901333048939705, -0.5122940078306426]], [[10.333333333333334], [-0.028353252758582435, 0.556199459367962]], [[14.333333333333334], [0.030429788554708164, -0.5208257425344732]], [[14.333333333333334], [0.030429788554708164, -0.5208257425344732]], [[14.333333333333334], [0.030429788554708164, -0.5208257425344732]], [[9.666666666666666], [0.0339663897951444, -0.5452829328450289]], [[9.666666666666666], [0.0339663897951444, -0.5452829328450289]], [[18.333333333333332], [0.025289038506646953, -0.508072594421332]], [[9.666666666666666], [0.0339663897951444, -0.5452829328450289]], [[14.333333333333334], [0.030429788554708164, -0.5208257425344732]], [[14.333333333333334], [0.030429788554708164, -0.5208257425344732]], [[9.666666666666666], [0.0339663897951444, -0.5452829328450289]], [[9.666666666666666], [0.0339663897951444, -0.5452829328450289]], [[9.666666666666666], [0.0339663897951444, -0.5452829328450289]], [[9.666666666666666], [0.0339663897951444, -0.5452829328450289]], [[9.666666666666666], [0.0339663897951444, -0.5452829328450289]], [[21.166666666666668], [0.02433424349874258, -0.5273974041619369]], [[14.333333333333334], [0.030429788554708164, -0.5208257425344732]], [[21.166666666666668], [0.02433424349874258, -0.5273974041619369]], [[14.333333333333334], [0.030429788554708164, -0.5208257425344732]], [[14.333333333333334], [0.030429788554708164, -0.5208257425344732]], [[9.666666666666666], [0.0339663897951444, -0.5452829328450289]], [[9.666666666666666], [0.0339663897951444, -0.5452829328450289]], [[67.0], [-0.017901333048939705, -0.5122940078306426]], [[9.666666666666666], [0.0339663897951444, -0.5452829328450289]], [[9.666666666666666], [0.0339663897951444, -0.5452829328450289]], [[21.166666666666668], [0.02433424349874258, -0.5273974041619369]], [[14.333333333333334], [0.030429788554708164, -0.5208257425344732]], [[14.333333333333334], [0.030429788554708164, -0.5208257425344732]]], "103": [[[289.5], [0.41050123671690625, 0.5014497055961755]], [[289.5], [0.41050123671690625, 0.5014497055961755]], [[289.5], [0.41050123671690625, 0.5014497055961755]], [[289.5], [0.41050123671690625, 0.5014497055961755]], [[289.5], [0.41050123671690625, 0.5014497055961755]], [[289.5], [0.41050123671690625, 0.5014497055961755]], [[289.5], [0.41050123671690625, 0.5014497055961755]], [[289.5], [0.41050123671690625, 0.5014497055961755]], [[289.5], [0.41050123671690625, 0.5014497055961755]], [[289.5], [0.41050123671690625, 0.5014497055961755]], [[289.5], [0.41050123671690625, 0.5014497055961755]], [[289.5], [0.41050123671690625, 0.5014497055961755]], [[289.5], [0.41050123671690625, 0.5014497055961755]], [[289.5], [0.41050123671690625, 0.5014497055961755]], [[289.5], [0.41050123671690625, 0.5014497055961755]], [[289.5], [0.41050123671690625, 0.5014497055961755]], [[289.5], [0.41050123671690625, 0.5014497055961755]], [[289.5], [0.41050123671690625, 0.5014497055961755]], [[289.5], [0.41050123671690625, 0.5014497055961755]], [[289.5], [0.41050123671690625, 0.5014497055961755]], [[289.5], [0.41050123671690625, 0.5014497055961755]], [[289.5], [0.41050123671690625, 0.5014497055961755]], [[289.5], [0.41050123671690625, 0.5014497055961755]], [[289.5], [0.41050123671690625, 0.5014497055961755]], [[289.5], [0.41050123671690625, 0.5014497055961755]], [[289.5], [0.41050123671690625, 0.5014497055961755]], [[289.5], [0.41050123671690625, 0.5014497055961755]], [[289.5], [0.41050123671690625, 0.5014497055961755]], [[289.5], [0.41050123671690625, 0.5014497055961755]], [[289.5], [0.41050123671690625, 0.5014497055961755]]], "102": [[[10.0], [-0.03209785247842471, 0.6141351740896417]], [[9.666666666666666], [-0.03209785247842471, 0.6141351740896417]], [[10.0], [-0.03209785247842471, 0.6141351740896417]], [[10.0], [-0.03209785247842471, 0.6141351740896417]], [[10.0], [-0.03209785247842471, 0.6141351740896417]], [[10.0], [-0.03209785247842471, 0.6141351740896417]], [[10.0], [-0.03209785247842471, 0.6141351740896417]], [[10.0], [-0.03209785247842471, 0.6141351740896417]], [[9.666666666666666], [0.0339663897951444, -0.5452829328450289]], [[10.0], [-0.03209785247842471, 0.6141351740896417]], [[10.0], [-0.03209785247842471, 0.6141351740896417]], [[10.0], [-0.03209785247842471, 0.6141351740896417]], [[10.0], [-0.03209785247842471, 0.6141351740896417]], [[10.0], [-0.03209785247842471, 0.6141351740896417]], [[10.0], [-0.03209785247842471, 0.6141351740896417]], [[9.333333333333334], [-0.03209785247842471, 0.6141351740896417]], [[9.666666666666666], [-0.03209785247842471, 0.6141351740896417]], [[10.0], [-0.03209785247842471, 0.6141351740896417]], [[9.666666666666666], [-0.03209785247842471, 0.6141351740896417]], [[10.0], [-0.03209785247842471, 0.6141351740896417]], [[9.666666666666666], [-0.03209785247842471, 0.6141351740896417]], [[10.0], [-0.03209785247842471, 0.6141351740896417]], [[10.0], [-0.03209785247842471, 0.6141351740896417]], [[10.0], [-0.03209785247842471, 0.6141351740896417]], [[10.0], [-0.03209785247842471, 0.6141351740896417]], [[10.0], [-0.03209785247842471, 0.6141351740896417]], [[10.0], [-0.03209785247842471, 0.6141351740896417]], [[10.0], [-0.03209785247842471, 0.6141351740896417]], [[10.0], [-0.03209785247842471, 0.6141351740896417]], [[10.0], [-0.03209785247842471, 0.6141351740896417]]]}