{"103": [[[34.333333333333336], [-0.008237673124919336, 0.5013953413119157]], [[34.333333333333336], [-0.008237673124919336, 0.5013953413119157]], [[34.333333333333336], [-0.008237673124919336, 0.5013953413119157]], [[34.333333333333336], [-0.008237673124919336, 0.5013953413119157]], [[34.333333333333336], [-0.008237673124919336, 0.5013953413119157]], [[34.333333333333336], [-0.008237673124919336, 0.5013953413119157]], [[34.333333333333336], [-0.008237673124919336, 0.5013953413119157]], [[34.333333333333336], [-0.008237673124919336, 0.5013953413119157]], [[9.333333333333334], [-0.03209785247842471, 0.6141351740896417]], [[34.333333333333336], [-0.008237673124919336, 0.5013953413119157]], [[34.333333333333336], [-0.008237673124919336, 0.5013953413119157]], [[34.333333333333336], [-0.008237673124919336, 0.5013953413119157]], [[34.333333333333336], [-0.008237673124919336, 0.5013953413119157]], [[9.333333333333334], [-0.03209785247842471, 0.6141351740896417]], [[34.333333333333336], [-0.008237673124919336, 0.5013953413119157]], [[34.333333333333336], [-0.008237673124919336, 0.5013953413119157]], [[34.333333333333336], [-0.008237673124919336, 0.5013953413119157]], [[34.333333333333336], [-0.008237673124919336, 0.5013953413119157]], [[34.333333333333336], [-0.008237673124919336, 0.5013953413119157]], [[34.333333333333336], [-0.008237673124919336, 0.5013953413119157]], [[34.333333333333336], [-0.008237673124919336, 0.5013953413119157]], [[34.333333333333336], [-0.008237673124919336, 0.5013953413119157]], [[34.333333333333336], [-0.008237673124919336, 0.5013953413119157]], [[34.333333333333336], [-0.008237673124919336, 0.5013953413119157]], [[34.333333333333336], [-0.008237673124919336, 0.5013953413119157]], [[34.333333333333336], [-0.008237673124919336, 0.5013953413119157]], [[9.666666666666666], [0.0339663897951444, -0.5452829328450289]], [[34.333333333333336], [-0.008237673124919336, 0.5013953413119157]], [[9.666666666666666], [0.0339663897951444, -0.5452829328450289]], [[9.333333333333334], [-0.03209785247842471, 0.6141351740896417]]], "102": [[[9.833333333333334], [-0.03209785247842471, 0.6141351740896417]], [[9.833333333333334], [-0.03209785247842471, 0.6141351740896417]], [[9.833333333333334], [-0.03209785247842471, 0.6141351740896417]], [[9.833333333333334], [-0.03209785247842471, 0.6141351740896417]], [[9.833333333333334], [-0.03209785247842471, 0.6141351740896417]], [[9.833333333333334], [-0.03209785247842471, 0.6141351740896417]], [[9.833333333333334], [-0.03209785247842471, 0.6141351740896417]], [[9.833333333333334], [-0.03209785247842471, 0.6141351740896417]], [[9.833333333333334], [-0.03209785247842471, 0.6141351740896417]], [[9.833333333333334], [-0.03209785247842471, 0.6141351740896417]], [[9.833333333333334], [-0.03209785247842471, 0.6141351740896417]], [[9.833333333333334], [-0.03209785247842471, 0.6141351740896417]], [[9.833333333333334], [-0.03209785247842471, 0.6141351740896417]], [[9.833333333333334], [-0.03209785247842471, 0.6141351740896417]], [[9.833333333333334], [-0.03209785247842471, 0.6141351740896417]], [[9.833333333333334], [-0.03209785247842471, 0.6141351740896417]], [[9.833333333333334], [-0.03209785247842471, 0.6141351740896417]], [[9.833333333333334], [-0.03209785247842471, 0.6141351740896417]], [[9.833333333333334], [-0.03209785247842471, 0.6141351740896417]], [[9.833333333333334], [-0.03209785247842471, 0.6141351740896417]], [[9.833333333333334], [-0.03209785247842471, 0.6141351740896417]], [[9.333333333333334], [-0.03209785247842471, 0.6141351740896417]], [[9.833333333333334], [-0.03209785247842471, 0.6141351740896417]], [[9.833333333333334], [-0.03209785247842471, 0.6141351740896417]], [[9.833333333333334], [-0.03209785247842471, 0.6141351740896417]], [[9.833333333333334], [-0.03209785247842471, 0.6141351740896417]], [[9.833333333333334], [-0.03209785247842471, 0.6141351740896417]], [[9.833333333333334], [-0.03209785247842471, 0.6141351740896417]], [[9.833333333333334], [-0.03209785247842471, 0.6141351740896417]], [[9.833333333333334], [-0.03209785247842471, 0.6141351740896417]]], "101": [[[100.33333333333333], [0.4220019280910492, -0.5203729682561884]], [[100.33333333333333], [0.4220019280910492, -0.5203729682561884]], [[100.33333333333333], [0.4220019280910492, -0.5203729682561884]], [[100.33333333333333], [0.4220019280910492, -0.5203729682561884]], [[100.33333333333333], [0.4220019280910492, -0.5203729682561884]], [[100.33333333333333], [0.4220019280910492, -0.5203729682561884]], [[100.33333333333333], [0.4220019280910492, -0.5203729682561884]], [[100.33333333333333], [0.4220019280910492, -0.5203729682561884]], [[100.33333333333333], [0.4220019280910492, -0.5203729682561884]], [[100.33333333333333], [0.4220019280910492, -0.5203729682561884]], [[9.666666666666666], [0.0339663897951444, -0.5452829328450289]], [[100.33333333333333], [0.4220019280910492, -0.5203729682561884]], [[100.33333333333333], [0.4220019280910492, -0.5203729682561884]], [[100.33333333333333], [0.4220019280910492, -0.5203729682561884]], [[100.33333333333333], [0.4220019280910492, -0.5203729682561884]], [[100.33333333333333], [0.4220019280910492, -0.5203729682561884]], [[100.33333333333333], [0.4220019280910492, -0.5203729682561884]], [[100.33333333333333], [0.4220019280910492, -0.5203729682561884]], [[100.33333333333333], [0.4220019280910492, -0.5203729682561884]], [[100.33333333333333], [0.4220019280910492, -0.5203729682561884]], [[100.33333333333333], [0.4220019280910492, -0.5203729682561884]], [[100.33333333333333], [0.4220019280910492, -0.5203729682561884]], [[100.33333333333333], [0.4220019280910492, -0.5203729682561884]], [[100.33333333333333], [0.4220019280910492, -0.5203729682561884]], [[100.33333333333333], [0.4220019280910492, -0.5203729682561884]], [[100.33333333333333], [0.4220019280910492, -0.5203729682561884]], [[100.33333333333333], [0.4220019280910492, -0.5203729682561884]], [[100.33333333333333], [0.4220019280910492, -0.5203729682561884]], [[100.33333333333333], [0.4220019280910492, -0.5203729682561884]], [[100.33333333333333], [0.4220019280910492, -0.5203729682561884]]]}