{"102": [[[10.5], [-0.02575837541371584, 0.5082547236857803]], [[10.0], [0.0339663897951444, -0.5452829328450289]], [[9.666666666666666], [0.0339663897951444, -0.5452829328450289]], [[10.0], [0.0339663897951444, -0.5452829328450289]], [[10.0], [0.0339663897951444, -0.5452829328450289]], [[10.0], [0.0339663897951444, -0.5452829328450289]], [[10.0], [0.0339663897951444, -0.5452829328450289]], [[10.0], [0.0339663897951444, -0.5452829328450289]], [[10.0], [0.0339663897951444, -0.5452829328450289]], [[10.0], [0.0339663897951444, -0.5452829328450289]], [[10.0], [0.0339663897951444, -0.5452829328450289]], [[9.833333333333334], [-0.03209785247842471, 0.6141351740896417]], [[10.0], [0.0339663897951444, -0.5452829328450289]], [[10.0], [0.0339663897951444, -0.5452829328450289]], [[10.0], [0.0339663897951444, -0.5452829328450289]], [[9.833333333333334], [-0.03209785247842471, 0.6141351740896417]], [[10.0], [0.0339663897951444, -0.5452829328450289]], [[10.0], [0.0339663897951444, -0.5452829328450289]], [[10.0], [0.0339663897951444, -0.5452829328450289]], [[10.0], [0.0339663897951444, -0.5452829328450289]], [[10.0], [0.0339663897951444, -0.5452829328450289]], [[10.0], [0.0339663897951444, -0.5452829328450289]], [[10.0], [0.0339663897951444, -0.5452829328450289]], [[10.0], [0.0339663897951444, -0.5452829328450289]], [[10.0], [0.0339663897951444, -0.5452829328450289]], [[10.0], [0.0339663897951444, -0.5452829328450289]], [[10.0], [0.0339663897951444, -0.5452829328450289]], [[10.0], [0.0339663897951444, -0.5452829328450289]], [[10.0], [0.0339663897951444, -0.5452829328450289]], [[9.666666666666666], [0.0339663897951444, -0.5452829328450289]], [[9.333333333333334], [-0.03209785247842471, 0.6141351740896417]], [[10.0], [0.0339663897951444, -0.5452829328450289]], [[9.833333333333334], [-0.03209785247842471, 0.6141351740896417]], [[10.0], [0.0339663897951444, -0.5452829328450289]], [[9.666666666666666], [-0.03209785247842471, 0.6141351740896417]], [[37.333333333333336], [0.002455713110975921, -0.5265946664878627]], [[10.0], [0.0339663897951444, -0.5452829328450289]], [[9.833333333333334], [-0.03209785247842471, 0.6141351740896417]], [[10.0], [0.0339663897951444, -0.5452829328450289]], [[10.0], [0.0339663897951444, -0.5452829328450289]]], "103": [[[275.1666666666667], [-0.5030140280723572, -0.3811939124855699]], [[275.1666666666667], [-0.5030140280723572, -0.3811939124855699]], [[275.1666666666667], [-0.5030140280723572, -0.3811939124855699]], [[275.1666666666667], [-0.5030140280723572, -0.3811939124855699]], [[275.1666666666667], [-0.5030140280723572, -0.3811939124855699]], [[275.1666666666667], [-0.5030140280723572, -0.3811939124855699]], [[275.1666666666667], [-0.5030140280723572, -0.3811939124855699]], [[275.1666666666667], [-0.5030140280723572, -0.3811939124855699]], [[275.1666666666667], [-0.5030140280723572, -0.3811939124855699]], [[275.1666666666667], [-0.5030140280723572, -0.3811939124855699]], [[275.1666666666667], [-0.5030140280723572, -0.3811939124855699]], [[81.5], [0.14875618120034537, 0.5060142378487655]], [[275.1666666666667], [-0.5030140280723572, -0.3811939124855699]], [[275.1666666666667], [-0.5030140280723572, -0.3811939124855699]], [[275.1666666666667], [-0.5030140280723572, -0.3811939124855699]], [[275.1666666666667], [-0.5030140280723572, -0.3811939124855699]], [[275.1666666666667], [-0.5030140280723572, -0.3811939124855699]], [[275.1666666666667], [-0.5030140280723572, -0.3811939124855699]], [[9.333333333333334], [-0.03209785247842471, 0.6141351740896417]], [[10.5], [0.034682611003518105, -0.5700561846272227]], [[275.1666666666667], [-0.5030140280723572, -0.3811939124855699]], [[275.1666666666667], [-0.5030140280723572, -0.3811939124855699]], [[9.666666666666666], [0.0339663897951444, -0.5452829328450289]], [[275.1666666666667], [-0.5030140280723572, -0.3811939124855699]], [[9.666666666666666], [0.0339663897951444, -0.5452829328450289]], [[275.1666666666667], [-0.5030140280723572, -0.3811939124855699]], [[275.1666666666667], [-0.5030140280723572, -0.3811939124855699]], [[275.1666666666667], [-0.5030140280723572, -0.3811939124855699]], [[275.1666666666667], [-0.5030140280723572, -0.3811939124855699]], [[275.1666666666667], [-0.5030140280723572, -0.3811939124855699]], [[275.1666666666667], [-0.5030140280723572, -0.3811939124855699]], [[275.1666666666667], [-0.5030140280723572, -0.3811939124855699]], [[275.1666666666667], [-0.5030140280723572, -0.3811939124855699]], [[9.666666666666666], [0.0339663897951444, -0.5452829328450289]], [[275.1666666666667], [-0.5030140280723572, -0.3811939124855699]], [[275.1666666666667], [-0.5030140280723572, -0.3811939124855699]], [[275.1666666666667], [-0.5030140280723572, -0.3811939124855699]], [[275.1666666666667], [-0.5030140280723572, -0.3811939124855699]], [[275.1666666666667], [-0.5030140280723572, -0.3811939124855699]], [[275.1666666666667], [-0.5030140280723572, -0.3811939124855699]]], "101": [[[117.33333333333333], [-0.024649927703042827, 0.5084983113279754]], [[117.33333333333333], [-0.024649927703042827, 0.5084983113279754]], [[9.333333333333334], [-0.03209785247842471, 0.6141351740896417]], [[117.33333333333333], [-0.024649927703042827, 0.5084983113279754]], [[117.33333333333333], [-0.024649927703042827, 0.5084983113279754]], [[11.666666666666666], [0.03143195994198322, -0.5135312676429749]], [[117.33333333333333], [-0.024649927703042827, 0.5084983113279754]], [[117.33333333333333], [-0.024649927703042827, 0.5084983113279754]], [[117.33333333333333], [-0.024649927703042827, 0.5084983113279754]], [[16.666666666666668], [0.02615798885623614, -0.5016617084804335]], [[117.33333333333333], [-0.024649927703042827, 0.5084983113279754]], [[117.33333333333333], [-0.024649927703042827, 0.5084983113279754]], [[117.33333333333333], [-0.024649927703042827, 0.5084983113279754]], [[117.33333333333333], [-0.024649927703042827, 0.5084983113279754]], [[117.33333333333333], [-0.024649927703042827, 0.5084983113279754]], [[117.33333333333333], [-0.024649927703042827, 0.5084983113279754]], [[117.33333333333333], [-0.024649927703042827, 0.5084983113279754]], [[117.33333333333333], [-0.024649927703042827, 0.5084983113279754]], [[11.666666666666666], [0.03143195994198322, -0.5135312676429749]], [[117.33333333333333], [-0.024649927703042827, 0.5084983113279754]], [[117.33333333333333], [-0.024649927703042827, 0.5084983113279754]], [[117.33333333333333], [-0.024649927703042827, 0.5084983113279754]], [[16.833333333333332], [0.027838532502452534, -0.5091158539484563]], [[117.33333333333333], [-0.024649927703042827, 0.5084983113279754]], [[117.33333333333333], [-0.024649927703042827, 0.5084983113279754]], [[33.666666666666664], [-0.008237673124919336, 0.5013953413119157]], [[117.33333333333333], [-0.024649927703042827, 0.5084983113279754]], [[117.33333333333333], [-0.024649927703042827, 0.5084983113279754]], [[117.33333333333333], [-0.024649927703042827, 0.5084983113279754]], [[117.33333333333333], [-0.024649927703042827, 0.5084983113279754]], [[9.666666666666666], [0.0339663897951444, -0.5452829328450289]], [[117.33333333333333], [-0.024649927703042827, 0.5084983113279754]], [[117.33333333333333], [-0.024649927703042827, 0.5084983113279754]], [[117.33333333333333], [-0.024649927703042827, 0.5084983113279754]], [[117.33333333333333], [-0.024649927703042827, 0.5084983113279754]], [[117.33333333333333], [-0.024649927703042827, 0.5084983113279754]], [[117.33333333333333], [-0.024649927703042827, 0.5084983113279754]], [[117.33333333333333], [-0.024649927703042827, 0.5084983113279754]], [[117.33333333333333], [-0.024649927703042827, 0.5084983113279754]], [[117.33333333333333], [-0.024649927703042827, 0.5084983113279754]]]}