{"101": [[[42.5], [0.014564994101723036, -0.5078947786509135]], [[42.5], [0.014564994101723036, -0.5078947786509135]], [[42.5], [0.014564994101723036, -0.5078947786509135]], [[42.5], [0.014564994101723036, -0.5078947786509135]], [[42.5], [0.014564994101723036, -0.5078947786509135]], [[42.5], [0.014564994101723036, -0.5078947786509135]], [[42.5], [0.014564994101723036, -0.5078947786509135]], [[42.5], [0.014564994101723036, -0.5078947786509135]], [[42.5], [0.014564994101723036, -0.5078947786509135]], [[42.5], [0.014564994101723036, -0.5078947786509135]], [[21.5], [-0.01780328806489706, 0.5073031882920334]], [[42.5], [0.014564994101723036, -0.5078947786509135]], [[42.5], [0.014564994101723036, -0.5078947786509135]], [[42.5], [0.014564994101723036, -0.5078947786509135]], [[42.5], [0.014564994101723036, -0.5078947786509135]], [[42.5], [0.014564994101723036, -0.5078947786509135]], [[42.5], [0.014564994101723036, -0.5078947786509135]], [[42.5], [0.014564994101723036, -0.5078947786509135]], [[42.5], [0.014564994101723036, -0.5078947786509135]], [[42.5], [0.014564994101723036, -0.5078947786509135]], [[42.5], [0.014564994101723036, -0.5078947786509135]], [[42.5], [0.014564994101723036, -0.5078947786509135]], [[9.333333333333334], [-0.03209785247842471, 0.6141351740896417]], [[42.5], [0.014564994101723036, -0.5078947786509135]], [[42.5], [0.014564994101723036, -0.5078947786509135]], [[42.5], [0.014564994101723036, -0.5078947786509135]], [[42.5], [0.014564994101723036, -0.5078947786509135]], [[42.5], [0.014564994101723036, -0.5078947786509135]], [[42.5], [0.014564994101723036, -0.5078947786509135]], [[42.5], [0.014564994101723036, -0.5078947786509135]]], "102": [[[9.166666666666666], [-0.03209785247842471, 0.6141351740896417]], [[9.166666666666666], [-0.03209785247842471, 0.6141351740896417]], [[9.833333333333334], [-0.03209785247842471, 0.6141351740896417]], [[9.833333333333334], [-0.03209785247842471, 0.6141351740896417]], [[9.166666666666666], [-0.03209785247842471, 0.6141351740896417]], [[9.166666666666666], [-0.03209785247842471, 0.6141351740896417]], [[9.166666666666666], [-0.03209785247842471, 0.6141351740896417]], [[9.166666666666666], [-0.03209785247842471, 0.6141351740896417]], [[9.166666666666666], [-0.03209785247842471, 0.6141351740896417]], [[9.666666666666666], [0.0339663897951444, -0.5452829328450289]], [[9.833333333333334], [-0.03209785247842471, 0.6141351740896417]], [[9.166666666666666], [-0.03209785247842471, 0.6141351740896417]], [[9.166666666666666], [-0.03209785247842471, 0.6141351740896417]], [[9.833333333333334], [-0.03209785247842471, 0.6141351740896417]], [[9.166666666666666], [-0.03209785247842471, 0.6141351740896417]], [[9.166666666666666], [-0.03209785247842471, 0.6141351740896417]], [[9.166666666666666], [-0.03209785247842471, 0.6141351740896417]], [[9.833333333333334], [-0.03209785247842471, 0.6141351740896417]], [[9.166666666666666], [-0.03209785247842471, 0.6141351740896417]], [[9.166666666666666], [-0.03209785247842471, 0.6141351740896417]], [[9.166666666666666], [-0.03209785247842471, 0.6141351740896417]], [[9.166666666666666], [-0.03209785247842471, 0.6141351740896417]], [[9.833333333333334], [-0.03209785247842471, 0.6141351740896417]], [[9.166666666666666], [-0.03209785247842471, 0.6141351740896417]], [[9.833333333333334], [-0.03209785247842471, 0.6141351740896417]], [[9.833333333333334], [-0.03209785247842471, 0.6141351740896417]], [[9.166666666666666], [-0.03209785247842471, 0.6141351740896417]], [[9.833333333333334], [-0.03209785247842471, 0.6141351740896417]], [[9.833333333333334], [-0.03209785247842471, 0.6141351740896417]], [[9.166666666666666], [-0.03209785247842471, 0.6141351740896417]]], "103": [[[324.1666666666667], [-0.05906146019697189, -0.016358712215742997]], [[324.1666666666667], [-0.05906146019697189, -0.016358712215742997]], [[324.1666666666667], [-0.05906146019697189, -0.016358712215742997]], [[9.666666666666666], [0.0339663897951444, -0.5452829328450289]], [[9.666666666666666], [0.0339663897951444, -0.5452829328450289]], [[324.1666666666667], [-0.05906146019697189, -0.016358712215742997]], [[324.1666666666667], [-0.05906146019697189, -0.016358712215742997]], [[324.1666666666667], [-0.05906146019697189, -0.016358712215742997]], [[324.1666666666667], [-0.05906146019697189, -0.016358712215742997]], [[324.1666666666667], [-0.05906146019697189, -0.016358712215742997]], [[324.1666666666667], [-0.05906146019697189, -0.016358712215742997]], [[324.1666666666667], [-0.05906146019697189, -0.016358712215742997]], [[324.1666666666667], [-0.05906146019697189, -0.016358712215742997]], [[324.1666666666667], [-0.05906146019697189, -0.016358712215742997]], [[324.1666666666667], [-0.05906146019697189, -0.016358712215742997]], [[324.1666666666667], [-0.05906146019697189, -0.016358712215742997]], [[324.1666666666667], [-0.05906146019697189, -0.016358712215742997]], [[324.1666666666667], [-0.05906146019697189, -0.016358712215742997]], [[324.1666666666667], [-0.05906146019697189, -0.016358712215742997]], [[324.1666666666667], [-0.05906146019697189, -0.016358712215742997]], [[324.1666666666667], [-0.05906146019697189, -0.016358712215742997]], [[324.1666666666667], [-0.05906146019697189, -0.016358712215742997]], [[9.666666666666666], [0.0339663897951444, -0.5452829328450289]], [[324.1666666666667], [-0.05906146019697189, -0.016358712215742997]], [[324.1666666666667], [-0.05906146019697189, -0.016358712215742997]], [[324.1666666666667], [-0.05906146019697189, -0.016358712215742997]], [[324.1666666666667], [-0.05906146019697189, -0.016358712215742997]], [[324.1666666666667], [-0.05906146019697189, -0.016358712215742997]], [[324.1666666666667], [-0.05906146019697189, -0.016358712215742997]], [[324.1666666666667], [-0.05906146019697189, -0.016358712215742997]]]}