{"101": [[[307.6666666666667], [-0.506789783636729, -0.49240623364608255]], [[307.6666666666667], [-0.506789783636729, -0.49240623364608255]], [[307.6666666666667], [-0.506789783636729, -0.49240623364608255]], [[44.666666666666664], [0.014564994101723036, -0.5078947786509135]], [[307.6666666666667], [-0.506789783636729, -0.49240623364608255]], [[307.6666666666667], [-0.506789783636729, -0.49240623364608255]], [[307.6666666666667], [-0.506789783636729, -0.49240623364608255]], [[307.6666666666667], [-0.506789783636729, -0.49240623364608255]], [[18.5], [0.02516677137464285, -0.5115470603892678]], [[307.6666666666667], [-0.506789783636729, -0.49240623364608255]], [[9.666666666666666], [0.0339663897951444, -0.5452829328450289]], [[307.6666666666667], [-0.506789783636729, -0.49240623364608255]], [[307.6666666666667], [-0.506789783636729, -0.49240623364608255]], [[307.6666666666667], [-0.506789783636729, -0.49240623364608255]], [[307.6666666666667], [-0.506789783636729, -0.49240623364608255]], [[307.6666666666667], [-0.506789783636729, -0.49240623364608255]], [[307.6666666666667], [-0.506789783636729, -0.49240623364608255]], [[307.6666666666667], [-0.506789783636729, -0.49240623364608255]], [[307.6666666666667], [-0.506789783636729, -0.49240623364608255]], [[307.6666666666667], [-0.506789783636729, -0.49240623364608255]]], "103": [[[9.333333333333334], [-0.03209785247842471, 0.6141351740896417]], [[9.666666666666666], [0.0339663897951444, -0.5452829328450289]], [[9.333333333333334], [-0.03209785247842471, 0.6141351740896417]], [[9.333333333333334], [-0.03209785247842471, 0.6141351740896417]], [[9.333333333333334], [-0.03209785247842471, 0.6141351740896417]], [[9.333333333333334], [-0.03209785247842471, 0.6141351740896417]], [[9.666666666666666], [0.0339663897951444, -0.5452829328450289]], [[9.333333333333334], [-0.03209785247842471, 0.6141351740896417]], [[9.5], [-0.028850405166546505, 0.5585601883071462]], [[9.666666666666666], [0.0339663897951444, -0.5452829328450289]], [[9.333333333333334], [-0.03209785247842471, 0.6141351740896417]], [[9.666666666666666], [0.0339663897951444, -0.5452829328450289]], [[9.333333333333334], [-0.03209785247842471, 0.6141351740896417]], [[9.5], [-0.028850405166546505, 0.5585601883071462]], [[9.333333333333334], [-0.03209785247842471, 0.6141351740896417]], [[9.5], [-0.028850405166546505, 0.5585601883071462]], [[9.333333333333334], [-0.03209785247842471, 0.6141351740896417]], [[9.666666666666666], [0.0339663897951444, -0.5452829328450289]], [[9.666666666666666], [0.0339663897951444, -0.5452829328450289]], [[9.333333333333334], [-0.03209785247842471, 0.6141351740896417]]], "102": [[[9.666666666666666], [0.0339663897951444, -0.5452829328450289]], [[9.333333333333334], [-0.03209785247842471, 0.6141351740896417]], [[94.83333333333333], [-0.20584216962258023, -0.5040889579143251]], [[9.666666666666666], [0.0339663897951444, -0.5452829328450289]], [[9.666666666666666], [0.0339663897951444, -0.5452829328450289]], [[94.83333333333333], [-0.20584216962258023, -0.5040889579143251]], [[9.666666666666666], [0.0339663897951444, -0.5452829328450289]], [[9.666666666666666], [0.0339663897951444, -0.5452829328450289]], [[17.0], [-0.025784879301985107, 0.5357713933196364]], [[9.666666666666666], [0.0339663897951444, -0.5452829328450289]], [[9.666666666666666], [0.0339663897951444, -0.5452829328450289]], [[9.333333333333334], [-0.03209785247842471, 0.6141351740896417]], [[9.666666666666666], [0.0339663897951444, -0.5452829328450289]], [[9.666666666666666], [0.0339663897951444, -0.5452829328450289]], [[9.666666666666666], [0.0339663897951444, -0.5452829328450289]], [[9.666666666666666], [0.0339663897951444, -0.5452829328450289]], [[31.5], [0.014564994101723036, -0.5078947786509135]], [[9.333333333333334], [-0.03209785247842471, 0.6141351740896417]], [[9.333333333333334], [-0.03209785247842471, 0.6141351740896417]], [[9.666666666666666], [0.0339663897951444, -0.5452829328450289]]]}