{"101": [[[10.0], [0.0339663897951444, -0.5452829328450289]], [[9.666666666666666], [0.0339663897951444, -0.5452829328450289]], [[10.0], [0.0339663897951444, -0.5452829328450289]], [[9.333333333333334], [0.0339663897951444, -0.5452829328450289]], [[10.0], [0.0339663897951444, -0.5452829328450289]], [[9.333333333333334], [0.0339663897951444, -0.5452829328450289]], [[9.666666666666666], [0.0339663897951444, -0.5452829328450289]], [[12.166666666666666], [0.03305604370931785, -0.541417757004642]], [[16.333333333333332], [0.027838532502452534, -0.5091158539484563]], [[67.66666666666667], [-0.005642358446493745, -0.5324405203595687]], [[10.0], [0.0339663897951444, -0.5452829328450289]], [[67.66666666666667], [-0.005642358446493745, -0.5324405203595687]], [[10.0], [0.0339663897951444, -0.5452829328450289]], [[9.666666666666666], [0.0339663897951444, -0.5452829328450289]], [[9.666666666666666], [0.0339663897951444, -0.5452829328450289]], [[9.666666666666666], [0.0339663897951444, -0.5452829328450289]], [[10.0], [0.0339663897951444, -0.5452829328450289]], [[10.0], [0.0339663897951444, -0.5452829328450289]], [[10.0], [0.0339663897951444, -0.5452829328450289]], [[12.333333333333334], [-0.02462256078918775, 0.501393844066054]]], "102": [[[9.666666666666666], [0.0339663897951444, -0.5452829328450289]], [[9.666666666666666], [0.0339663897951444, -0.5452829328450289]], [[9.666666666666666], [0.0339663897951444, -0.5452829328450289]], [[9.666666666666666], [0.0339663897951444, -0.5452829328450289]], [[9.666666666666666], [0.0339663897951444, -0.5452829328450289]], [[9.666666666666666], [0.0339663897951444, -0.5452829328450289]], [[9.333333333333334], [-0.03209785247842471, 0.6141351740896417]], [[9.333333333333334], [-0.03209785247842471, 0.6141351740896417]], [[9.666666666666666], [0.0339663897951444, -0.5452829328450289]], [[9.666666666666666], [0.0339663897951444, -0.5452829328450289]], [[9.666666666666666], [0.0339663897951444, -0.5452829328450289]], [[9.666666666666666], [0.0339663897951444, -0.5452829328450289]], [[9.666666666666666], [0.0339663897951444, -0.5452829328450289]], [[9.666666666666666], [0.0339663897951444, -0.5452829328450289]], [[9.666666666666666], [0.0339663897951444, -0.5452829328450289]], [[9.666666666666666], [0.0339663897951444, -0.5452829328450289]], [[9.666666666666666], [0.0339663897951444, -0.5452829328450289]], [[9.666666666666666], [0.0339663897951444, -0.5452829328450289]], [[25.0], [-0.012676251741747063, 0.5179733109246031]], [[9.666666666666666], [0.0339663897951444, -0.5452829328450289]]], "103": [[[11.5], [-0.026898719370365143, 0.5370715018094442]], [[11.5], [-0.026898719370365143, 0.5370715018094442]], [[11.5], [-0.026898719370365143, 0.5370715018094442]], [[9.666666666666666], [0.0339663897951444, -0.5452829328450289]], [[11.5], [-0.026898719370365143, 0.5370715018094442]], [[11.5], [-0.026898719370365143, 0.5370715018094442]], [[31.833333333333332], [-0.03659912074605624, 0.5377881478464774]], [[11.5], [-0.026898719370365143, 0.5370715018094442]], [[11.5], [-0.026898719370365143, 0.5370715018094442]], [[11.5], [-0.026898719370365143, 0.5370715018094442]], [[31.333333333333332], [0.025126643789311252, -0.5011172100687712]], [[11.5], [-0.026898719370365143, 0.5370715018094442]], [[11.5], [-0.026898719370365143, 0.5370715018094442]], [[13.333333333333334], [0.03206830471754074, -0.5526125217168525]], [[16.666666666666668], [0.027838532502452534, -0.5091158539484563]], [[31.833333333333332], [-0.03659912074605624, 0.5377881478464774]], [[11.5], [-0.026898719370365143, 0.5370715018094442]], [[11.5], [-0.026898719370365143, 0.5370715018094442]], [[11.5], [-0.026898719370365143, 0.5370715018094442]], [[11.5], [-0.026898719370365143, 0.5370715018094442]]]}