{"101": [[[69.5], [0.07738986363013586, -0.5392381591659984]], [[69.5], [0.07738986363013586, -0.5392381591659984]], [[19.166666666666668], [-0.02081552209953467, 0.5375521890284343]], [[69.5], [0.07738986363013586, -0.5392381591659984]], [[69.5], [0.07738986363013586, -0.5392381591659984]], [[69.5], [0.07738986363013586, -0.5392381591659984]], [[186.0], [0.04596567712724209, -0.5032442260587044]], [[69.5], [0.07738986363013586, -0.5392381591659984]], [[69.5], [0.07738986363013586, -0.5392381591659984]], [[105.33333333333333], [-0.059637067218621574, -0.5216309756183168]], [[69.5], [0.07738986363013586, -0.5392381591659984]], [[69.5], [0.07738986363013586, -0.5392381591659984]], [[9.333333333333334], [-0.03209785247842471, 0.6141351740896417]], [[69.5], [0.07738986363013586, -0.5392381591659984]], [[9.0], [0.0339663897951444, -0.5452829328450289]], [[9.0], [0.0339663897951444, -0.5452829328450289]], [[69.5], [0.07738986363013586, -0.5392381591659984]], [[69.5], [0.07738986363013586, -0.5392381591659984]], [[9.0], [0.0339663897951444, -0.5452829328450289]], [[50.333333333333336], [0.006442895391955972, -0.5076387852572939]], [[9.166666666666666], [-0.03209785247842471, 0.6141351740896417]], [[9.0], [0.0339663897951444, -0.5452829328450289]], [[69.5], [0.07738986363013586, -0.5392381591659984]], [[69.5], [0.07738986363013586, -0.5392381591659984]], [[69.5], [0.07738986363013586, -0.5392381591659984]], [[9.333333333333334], [-0.03209785247842471, 0.6141351740896417]], [[69.5], [0.07738986363013586, -0.5392381591659984]], [[69.5], [0.07738986363013586, -0.5392381591659984]], [[13.166666666666666], [0.03206830471754074, -0.5526125217168525]], [[69.5], [0.07738986363013586, -0.5392381591659984]]], "103": [[[120.66666666666667], [-0.4910960793495178, -0.5013098913516725]], [[120.66666666666667], [-0.4910960793495178, -0.5013098913516725]], [[120.66666666666667], [-0.4910960793495178, -0.5013098913516725]], [[16.333333333333332], [0.02946067601442337, -0.5365972670071433]], [[120.66666666666667], [-0.4910960793495178, -0.5013098913516725]], [[13.666666666666666], [-0.025784879301985107, 0.5357713933196364]], [[120.66666666666667], [-0.4910960793495178, -0.5013098913516725]], [[67.66666666666667], [0.036409978444377586, 0.5070706161015341]], [[9.333333333333334], [-0.03209785247842471, 0.6141351740896417]], [[120.66666666666667], [-0.4910960793495178, -0.5013098913516725]], [[120.66666666666667], [-0.4910960793495178, -0.5013098913516725]], [[120.66666666666667], [-0.4910960793495178, -0.5013098913516725]], [[9.333333333333334], [-0.03209785247842471, 0.6141351740896417]], [[120.66666666666667], [-0.4910960793495178, -0.5013098913516725]], [[157.16666666666666], [0.50432950258255, 0.36016616382096944]], [[120.66666666666667], [-0.4910960793495178, -0.5013098913516725]], [[120.66666666666667], [-0.4910960793495178, -0.5013098913516725]], [[120.66666666666667], [-0.4910960793495178, -0.5013098913516725]], [[120.66666666666667], [-0.4910960793495178, -0.5013098913516725]], [[120.66666666666667], [-0.4910960793495178, -0.5013098913516725]], [[9.333333333333334], [-0.03209785247842471, 0.6141351740896417]], [[9.333333333333334], [-0.03209785247842471, 0.6141351740896417]], [[10.833333333333334], [-0.026740869507193565, 0.5313360519956745]], [[120.66666666666667], [-0.4910960793495178, -0.5013098913516725]], [[9.333333333333334], [-0.03209785247842471, 0.6141351740896417]], [[9.666666666666666], [0.0339663897951444, -0.5452829328450289]], [[157.16666666666666], [0.50432950258255, 0.36016616382096944]], [[9.333333333333334], [-0.03209785247842471, 0.6141351740896417]], [[9.333333333333334], [-0.03209785247842471, 0.6141351740896417]], [[9.666666666666666], [0.0339663897951444, -0.5452829328450289]]], "102": [[[9.666666666666666], [0.0339663897951444, -0.5452829328450289]], [[9.833333333333334], [-0.03209785247842471, 0.6141351740896417]], [[9.833333333333334], [-0.03209785247842471, 0.6141351740896417]], [[9.833333333333334], [-0.03209785247842471, 0.6141351740896417]], [[9.666666666666666], [0.0339663897951444, -0.5452829328450289]], [[9.166666666666666], [0.0339663897951444, -0.5452829328450289]], [[9.833333333333334], [-0.03209785247842471, 0.6141351740896417]], [[9.666666666666666], [0.0339663897951444, -0.5452829328450289]], [[9.666666666666666], [0.0339663897951444, -0.5452829328450289]], [[9.833333333333334], [-0.03209785247842471, 0.6141351740896417]], [[9.833333333333334], [-0.03209785247842471, 0.6141351740896417]], [[9.833333333333334], [-0.03209785247842471, 0.6141351740896417]], [[9.833333333333334], [-0.03209785247842471, 0.6141351740896417]], [[9.333333333333334], [-0.03209785247842471, 0.6141351740896417]], [[9.333333333333334], [-0.03209785247842471, 0.6141351740896417]], [[9.333333333333334], [-0.03209785247842471, 0.6141351740896417]], [[9.833333333333334], [-0.03209785247842471, 0.6141351740896417]], [[9.666666666666666], [0.0339663897951444, -0.5452829328450289]], [[9.833333333333334], [-0.03209785247842471, 0.6141351740896417]], [[9.833333333333334], [-0.03209785247842471, 0.6141351740896417]], [[9.666666666666666], [0.0339663897951444, -0.5452829328450289]], [[9.833333333333334], [-0.03209785247842471, 0.6141351740896417]], [[9.666666666666666], [0.0339663897951444, -0.5452829328450289]], [[9.666666666666666], [0.0339663897951444, -0.5452829328450289]], [[57.666666666666664], [0.006442895391955972, -0.5076387852572939]], [[9.833333333333334], [-0.03209785247842471, 0.6141351740896417]], [[9.666666666666666], [0.0339663897951444, -0.5452829328450289]], [[9.833333333333334], [-0.03209785247842471, 0.6141351740896417]], [[57.666666666666664], [0.006442895391955972, -0.5076387852572939]], [[9.833333333333334], [-0.03209785247842471, 0.6141351740896417]]]}