{"102": [[[9.666666666666666], [0.0339663897951444, -0.5452829328450289]], [[9.833333333333334], [-0.03209785247842471, 0.6141351740896417]], [[9.333333333333334], [-0.03209785247842471, 0.6141351740896417]], [[9.833333333333334], [-0.03209785247842471, 0.6141351740896417]], [[9.666666666666666], [0.0339663897951444, -0.5452829328450289]], [[9.666666666666666], [0.0339663897951444, -0.5452829328450289]], [[9.833333333333334], [-0.03209785247842471, 0.6141351740896417]], [[9.833333333333334], [0.0339663897951444, -0.5452829328450289]], [[9.833333333333334], [-0.03209785247842471, 0.6141351740896417]], [[9.833333333333334], [-0.03209785247842471, 0.6141351740896417]], [[9.5], [-0.029006395488977432, 0.564044136464881]], [[13.333333333333334], [0.03206830471754074, -0.5526125217168525]], [[9.833333333333334], [-0.03209785247842471, 0.6141351740896417]], [[9.666666666666666], [0.0339663897951444, -0.5452829328450289]], [[9.833333333333334], [-0.03209785247842471, 0.6141351740896417]], [[9.666666666666666], [0.0339663897951444, -0.5452829328450289]], [[9.833333333333334], [-0.03209785247842471, 0.6141351740896417]], [[19.5], [-0.02300203001747529, 0.5351776640380969]], [[9.666666666666666], [0.0339663897951444, -0.5452829328450289]], [[9.833333333333334], [-0.03209785247842471, 0.6141351740896417]]], "101": [[[16.333333333333332], [0.029365230972568195, -0.5470781662817777]], [[99.66666666666667], [0.002389956886569659, -0.5095685925780301]], [[16.333333333333332], [0.029365230972568195, -0.5470781662817777]], [[16.333333333333332], [0.029365230972568195, -0.5470781662817777]], [[16.333333333333332], [0.029365230972568195, -0.5470781662817777]], [[9.333333333333334], [-0.03209785247842471, 0.6141351740896417]], [[16.333333333333332], [0.029365230972568195, -0.5470781662817777]], [[16.333333333333332], [0.029365230972568195, -0.5470781662817777]], [[16.333333333333332], [0.029365230972568195, -0.5470781662817777]], [[9.666666666666666], [0.0339663897951444, -0.5452829328450289]], [[16.333333333333332], [0.029365230972568195, -0.5470781662817777]], [[16.333333333333332], [0.029365230972568195, -0.5470781662817777]], [[16.333333333333332], [0.029365230972568195, -0.5470781662817777]], [[16.333333333333332], [0.029365230972568195, -0.5470781662817777]], [[9.666666666666666], [0.0339663897951444, -0.5452829328450289]], [[16.333333333333332], [0.029365230972568195, -0.5470781662817777]], [[9.666666666666666], [0.0339663897951444, -0.5452829328450289]], [[16.333333333333332], [0.029365230972568195, -0.5470781662817777]], [[21.166666666666668], [0.024266142087678116, -0.5097569960156126]], [[9.666666666666666], [0.0339663897951444, -0.5452829328450289]]], "103": [[[130.16666666666666], [0.04090524589022001, 0.5053983350689902]], [[9.0], [0.0339663897951444, -0.5452829328450289]], [[17.333333333333332], [0.022759585020442806, -0.5121325904672797]], [[11.333333333333334], [0.03143195994198322, -0.5135312676429749]], [[130.16666666666666], [0.04090524589022001, 0.5053983350689902]], [[9.666666666666666], [0.0339663897951444, -0.5452829328450289]], [[9.666666666666666], [0.0339663897951444, -0.5452829328450289]], [[9.666666666666666], [0.0339663897951444, -0.5452829328450289]], [[9.0], [0.0339663897951444, -0.5452829328450289]], [[9.666666666666666], [0.0339663897951444, -0.5452829328450289]], [[17.333333333333332], [0.022759585020442806, -0.5121325904672797]], [[9.666666666666666], [0.0339663897951444, -0.5452829328450289]], [[9.666666666666666], [0.0339663897951444, -0.5452829328450289]], [[9.666666666666666], [0.0339663897951444, -0.5452829328450289]], [[9.333333333333334], [-0.03209785247842471, 0.6141351740896417]], [[9.0], [0.0339663897951444, -0.5452829328450289]], [[9.333333333333334], [-0.03209785247842471, 0.6141351740896417]], [[62.0], [0.06978356589873633, 0.5037982070274901]], [[9.666666666666666], [0.0339663897951444, -0.5452829328450289]], [[11.333333333333334], [0.03143195994198322, -0.5135312676429749]]]}