{"103": [[[9.666666666666666], [0.0339663897951444, -0.5452829328450289]], [[9.666666666666666], [0.0339663897951444, -0.5452829328450289]], [[9.666666666666666], [0.0339663897951444, -0.5452829328450289]], [[9.666666666666666], [0.0339663897951444, -0.5452829328450289]], [[9.666666666666666], [0.0339663897951444, -0.5452829328450289]], [[9.666666666666666], [0.0339663897951444, -0.5452829328450289]], [[32.666666666666664], [0.07399971907337508, -0.608324220305995]], [[9.666666666666666], [0.0339663897951444, -0.5452829328450289]], [[9.666666666666666], [0.0339663897951444, -0.5452829328450289]], [[32.666666666666664], [0.07399971907337508, -0.608324220305995]], [[9.666666666666666], [0.0339663897951444, -0.5452829328450289]], [[9.666666666666666], [0.0339663897951444, -0.5452829328450289]], [[14.0], [-0.025784879301985107, 0.5357713933196364]], [[9.333333333333334], [-0.03209785247842471, 0.6141351740896417]], [[9.666666666666666], [0.0339663897951444, -0.5452829328450289]], [[9.666666666666666], [0.0339663897951444, -0.5452829328450289]], [[32.666666666666664], [0.07399971907337508, -0.608324220305995]], [[9.666666666666666], [0.0339663897951444, -0.5452829328450289]], [[83.5], [-0.021115358298023544, -0.5148577918276263]], [[9.666666666666666], [0.0339663897951444, -0.5452829328450289]]], "102": [[[9.666666666666666], [0.0339663897951444, -0.5452829328450289]], [[9.666666666666666], [0.0339663897951444, -0.5452829328450289]], [[9.666666666666666], [0.0339663897951444, -0.5452829328450289]], [[9.666666666666666], [0.0339663897951444, -0.5452829328450289]], [[9.666666666666666], [0.0339663897951444, -0.5452829328450289]], [[9.666666666666666], [0.0339663897951444, -0.5452829328450289]], [[9.666666666666666], [0.0339663897951444, -0.5452829328450289]], [[9.666666666666666], [0.0339663897951444, -0.5452829328450289]], [[9.666666666666666], [0.0339663897951444, -0.5452829328450289]], [[9.666666666666666], [0.0339663897951444, -0.5452829328450289]], [[9.666666666666666], [0.0339663897951444, -0.5452829328450289]], [[9.666666666666666], [0.0339663897951444, -0.5452829328450289]], [[9.666666666666666], [0.0339663897951444, -0.5452829328450289]], [[9.666666666666666], [0.0339663897951444, -0.5452829328450289]], [[9.666666666666666], [0.0339663897951444, -0.5452829328450289]], [[9.666666666666666], [0.0339663897951444, -0.5452829328450289]], [[9.666666666666666], [0.0339663897951444, -0.5452829328450289]], [[9.666666666666666], [0.0339663897951444, -0.5452829328450289]], [[9.666666666666666], [0.0339663897951444, -0.5452829328450289]], [[9.666666666666666], [0.0339663897951444, -0.5452829328450289]]], "101": [[[32.0], [-0.013903522243102392, 0.5043358965353533]], [[32.0], [-0.013903522243102392, 0.5043358965353533]], [[21.5], [0.024266142087678116, -0.5097569960156126]], [[32.0], [-0.013903522243102392, 0.5043358965353533]], [[251.83333333333334], [0.5036584039529165, 0.27481331066651776]], [[32.0], [-0.013903522243102392, 0.5043358965353533]], [[215.83333333333334], [-0.054640527814626694, -0.5123433099979419]], [[9.333333333333334], [-0.03209785247842471, 0.6141351740896417]], [[9.333333333333334], [-0.027227215468883514, 0.530935610025123]], [[251.83333333333334], [0.5036584039529165, 0.27481331066651776]], [[251.83333333333334], [0.5036584039529165, 0.27481331066651776]], [[251.83333333333334], [0.5036584039529165, 0.27481331066651776]], [[251.83333333333334], [0.5036584039529165, 0.27481331066651776]], [[32.0], [-0.013903522243102392, 0.5043358965353533]], [[251.83333333333334], [0.5036584039529165, 0.27481331066651776]], [[32.0], [-0.013903522243102392, 0.5043358965353533]], [[32.0], [-0.013903522243102392, 0.5043358965353533]], [[251.83333333333334], [0.5036584039529165, 0.27481331066651776]], [[251.83333333333334], [0.5036584039529165, 0.27481331066651776]], [[9.333333333333334], [-0.03209785247842471, 0.6141351740896417]]]}