{"102": [[[9.333333333333334], [-0.03209785247842471, 0.6141351740896417]], [[184.0], [0.23340947926044464, 0.5278216238227187]], [[184.0], [0.23340947926044464, 0.5278216238227187]], [[184.0], [0.23340947926044464, 0.5278216238227187]], [[113.0], [-0.1968274513880412, -0.5135893393931777]], [[184.0], [0.23340947926044464, 0.5278216238227187]], [[184.0], [0.23340947926044464, 0.5278216238227187]], [[9.666666666666666], [0.0339663897951444, -0.5452829328450289]], [[184.0], [0.23340947926044464, 0.5278216238227187]], [[9.666666666666666], [0.0339663897951444, -0.5452829328450289]], [[9.333333333333334], [-0.03209785247842471, 0.6141351740896417]], [[184.0], [0.23340947926044464, 0.5278216238227187]], [[370.3333333333333], [-0.5008440713087718, 0.024940593515714392]], [[9.666666666666666], [0.0339663897951444, -0.5452829328450289]], [[9.666666666666666], [0.0339663897951444, -0.5452829328450289]], [[9.666666666666666], [0.0339663897951444, -0.5452829328450289]], [[9.333333333333334], [-0.03209785247842471, 0.6141351740896417]], [[184.0], [0.23340947926044464, 0.5278216238227187]], [[184.0], [0.23340947926044464, 0.5278216238227187]], [[9.666666666666666], [0.0339663897951444, -0.5452829328450289]]], "103": [[[85.16666666666667], [0.35295896232128143, -0.5431789102736843]], [[85.16666666666667], [0.35295896232128143, -0.5431789102736843]], [[85.16666666666667], [0.35295896232128143, -0.5431789102736843]], [[85.16666666666667], [0.35295896232128143, -0.5431789102736843]], [[9.666666666666666], [0.0339663897951444, -0.5452829328450289]], [[85.16666666666667], [0.35295896232128143, -0.5431789102736843]], [[9.333333333333334], [-0.03209785247842471, 0.6141351740896417]], [[85.16666666666667], [0.35295896232128143, -0.5431789102736843]], [[9.166666666666666], [-0.03209785247842471, 0.6141351740896417]], [[85.16666666666667], [0.35295896232128143, -0.5431789102736843]], [[85.16666666666667], [0.35295896232128143, -0.5431789102736843]], [[10.5], [-0.026898719370365143, 0.5370715018094442]], [[9.333333333333334], [-0.03209785247842471, 0.6141351740896417]], [[9.666666666666666], [0.0339663897951444, -0.5452829328450289]], [[85.16666666666667], [0.35295896232128143, -0.5431789102736843]], [[85.16666666666667], [0.35295896232128143, -0.5431789102736843]], [[85.16666666666667], [0.35295896232128143, -0.5431789102736843]], [[9.666666666666666], [0.0339663897951444, -0.5452829328450289]], [[85.16666666666667], [0.35295896232128143, -0.5431789102736843]], [[85.16666666666667], [0.35295896232128143, -0.5431789102736843]]], "101": [[[112.33333333333333], [0.06558620681365332, -0.5250818064908662]], [[112.33333333333333], [0.06558620681365332, -0.5250818064908662]], [[9.666666666666666], [0.0339663897951444, -0.5452829328450289]], [[112.33333333333333], [0.06558620681365332, -0.5250818064908662]], [[9.666666666666666], [0.0339663897951444, -0.5452829328450289]], [[13.166666666666666], [0.030445310597618423, -0.5249023865284532]], [[112.33333333333333], [0.06558620681365332, -0.5250818064908662]], [[9.333333333333334], [-0.03209785247842471, 0.6141351740896417]], [[112.33333333333333], [0.06558620681365332, -0.5250818064908662]], [[112.33333333333333], [0.06558620681365332, -0.5250818064908662]], [[13.333333333333334], [0.03206830471754074, -0.5526125217168525]], [[112.33333333333333], [0.06558620681365332, -0.5250818064908662]], [[112.33333333333333], [0.06558620681365332, -0.5250818064908662]], [[112.33333333333333], [0.06558620681365332, -0.5250818064908662]], [[112.33333333333333], [0.06558620681365332, -0.5250818064908662]], [[112.33333333333333], [0.06558620681365332, -0.5250818064908662]], [[112.33333333333333], [0.06558620681365332, -0.5250818064908662]], [[15.0], [-0.025223476501802605, 0.5014828588973963]], [[9.333333333333334], [-0.03209785247842471, 0.6141351740896417]], [[112.33333333333333], [0.06558620681365332, -0.5250818064908662]]]}