{"103": [[[9.333333333333334], [-0.03209785247842471, 0.6141351740896417]], [[93.16666666666667], [0.37971166272958123, 0.5084547129544345]], [[9.333333333333334], [-0.03209785247842471, 0.6141351740896417]], [[9.666666666666666], [0.0339663897951444, -0.5452829328450289]], [[9.333333333333334], [-0.03209785247842471, 0.6141351740896417]], [[9.333333333333334], [-0.03209785247842471, 0.6141351740896417]], [[9.333333333333334], [-0.03209785247842471, 0.6141351740896417]], [[9.333333333333334], [-0.03209785247842471, 0.6141351740896417]], [[9.333333333333334], [-0.03209785247842471, 0.6141351740896417]], [[9.333333333333334], [-0.03209785247842471, 0.6141351740896417]], [[9.333333333333334], [-0.03209785247842471, 0.6141351740896417]], [[9.333333333333334], [-0.03209785247842471, 0.6141351740896417]], [[9.333333333333334], [-0.03209785247842471, 0.6141351740896417]], [[11.5], [0.03143195994198322, -0.5135312676429749]], [[9.333333333333334], [-0.03209785247842471, 0.6141351740896417]], [[9.666666666666666], [0.0339663897951444, -0.5452829328450289]], [[9.333333333333334], [-0.03209785247842471, 0.6141351740896417]], [[11.5], [0.03143195994198322, -0.5135312676429749]], [[9.333333333333334], [-0.03209785247842471, 0.6141351740896417]], [[93.16666666666667], [0.37971166272958123, 0.5084547129544345]]], "102": [[[9.666666666666666], [0.0339663897951444, -0.5452829328450289]], [[9.666666666666666], [0.0339663897951444, -0.5452829328450289]], [[9.666666666666666], [0.0339663897951444, -0.5452829328450289]], [[9.666666666666666], [0.0339663897951444, -0.5452829328450289]], [[9.666666666666666], [0.0339663897951444, -0.5452829328450289]], [[21.833333333333332], [-0.01883316319435835, 0.5425189813358362]], [[9.666666666666666], [0.0339663897951444, -0.5452829328450289]], [[30.833333333333332], [-0.012025962738941114, 0.5364015912325188]], [[9.666666666666666], [0.0339663897951444, -0.5452829328450289]], [[11.333333333333334], [0.0339663897951444, -0.5452829328450289]], [[30.833333333333332], [-0.012025962738941114, 0.5364015912325188]], [[9.666666666666666], [0.0339663897951444, -0.5452829328450289]], [[9.666666666666666], [0.0339663897951444, -0.5452829328450289]], [[9.666666666666666], [0.0339663897951444, -0.5452829328450289]], [[9.666666666666666], [0.0339663897951444, -0.5452829328450289]], [[9.333333333333334], [-0.03209785247842471, 0.6141351740896417]], [[9.666666666666666], [0.0339663897951444, -0.5452829328450289]], [[9.666666666666666], [0.0339663897951444, -0.5452829328450289]], [[9.666666666666666], [0.0339663897951444, -0.5452829328450289]], [[9.666666666666666], [0.0339663897951444, -0.5452829328450289]]], "101": [[[9.666666666666666], [0.0339663897951444, -0.5452829328450289]], [[91.0], [-0.3426295767227809, 0.5149105875686025]], [[9.333333333333334], [-0.03209785247842471, 0.6141351740896417]], [[9.0], [0.0339663897951444, -0.5452829328450289]], [[91.0], [-0.3426295767227809, 0.5149105875686025]], [[91.0], [-0.3426295767227809, 0.5149105875686025]], [[91.0], [-0.3426295767227809, 0.5149105875686025]], [[91.0], [-0.3426295767227809, 0.5149105875686025]], [[91.0], [-0.3426295767227809, 0.5149105875686025]], [[9.333333333333334], [-0.03209785247842471, 0.6141351740896417]], [[42.833333333333336], [0.008885296992957592, -0.516247556825574]], [[136.0], [0.40958782037099206, 0.5028682034551812]], [[91.0], [-0.3426295767227809, 0.5149105875686025]], [[91.0], [-0.3426295767227809, 0.5149105875686025]], [[9.333333333333334], [-0.03209785247842471, 0.6141351740896417]], [[91.0], [-0.3426295767227809, 0.5149105875686025]], [[91.0], [-0.3426295767227809, 0.5149105875686025]], [[9.666666666666666], [0.0339663897951444, -0.5452829328450289]], [[91.0], [-0.3426295767227809, 0.5149105875686025]], [[91.0], [-0.3426295767227809, 0.5149105875686025]]]}