{"101": [[[153.5], [0.2416175852219264, 0.5076553975566153]], [[11.166666666666666], [0.03143195994198322, -0.5135312676429749]], [[26.0], [0.027700529123346012, -0.5084034144593198]], [[26.0], [0.027700529123346012, -0.5084034144593198]], [[9.666666666666666], [0.0339663897951444, -0.5452829328450289]], [[153.5], [0.2416175852219264, 0.5076553975566153]], [[26.0], [0.027700529123346012, -0.5084034144593198]], [[26.0], [0.027700529123346012, -0.5084034144593198]], [[26.0], [0.027700529123346012, -0.5084034144593198]], [[26.0], [0.027700529123346012, -0.5084034144593198]], [[9.666666666666666], [0.0339663897951444, -0.5452829328450289]], [[26.0], [0.027700529123346012, -0.5084034144593198]], [[26.0], [0.027700529123346012, -0.5084034144593198]], [[26.0], [0.027700529123346012, -0.5084034144593198]], [[26.0], [0.027700529123346012, -0.5084034144593198]], [[58.5], [-0.0015751989364313583, -0.5342152201387871]], [[190.33333333333334], [0.5055529375871023, 0.4426323269542895]], [[10.0], [-0.027227215468883514, 0.530935610025123]], [[26.0], [0.027700529123346012, -0.5084034144593198]], [[26.0], [0.027700529123346012, -0.5084034144593198]], [[26.0], [0.027700529123346012, -0.5084034144593198]], [[26.0], [0.027700529123346012, -0.5084034144593198]], [[26.0], [0.027700529123346012, -0.5084034144593198]], [[10.0], [0.0339663897951444, -0.5452829328450289]], [[26.0], [0.027700529123346012, -0.5084034144593198]], [[26.0], [0.027700529123346012, -0.5084034144593198]], [[26.0], [0.027700529123346012, -0.5084034144593198]], [[19.0], [-0.021391399204730988, 0.5256295845839396]], [[26.0], [0.027700529123346012, -0.5084034144593198]], [[26.0], [0.027700529123346012, -0.5084034144593198]]], "102": [[[9.833333333333334], [-0.03209785247842471, 0.6141351740896417]], [[9.833333333333334], [-0.03209785247842471, 0.6141351740896417]], [[9.833333333333334], [-0.03209785247842471, 0.6141351740896417]], [[9.833333333333334], [-0.03209785247842471, 0.6141351740896417]], [[9.833333333333334], [-0.03209785247842471, 0.6141351740896417]], [[9.833333333333334], [-0.03209785247842471, 0.6141351740896417]], [[9.833333333333334], [-0.03209785247842471, 0.6141351740896417]], [[9.833333333333334], [-0.03209785247842471, 0.6141351740896417]], [[9.666666666666666], [0.0339663897951444, -0.5452829328450289]], [[9.833333333333334], [-0.03209785247842471, 0.6141351740896417]], [[9.833333333333334], [-0.03209785247842471, 0.6141351740896417]], [[9.833333333333334], [-0.03209785247842471, 0.6141351740896417]], [[16.166666666666668], [0.02946067601442337, -0.5365972670071433]], [[9.833333333333334], [-0.03209785247842471, 0.6141351740896417]], [[9.833333333333334], [-0.03209785247842471, 0.6141351740896417]], [[10.166666666666666], [-0.027387427786986034, 0.5375003201539437]], [[9.666666666666666], [0.0339663897951444, -0.5452829328450289]], [[9.833333333333334], [-0.03209785247842471, 0.6141351740896417]], [[9.833333333333334], [-0.03209785247842471, 0.6141351740896417]], [[9.833333333333334], [-0.03209785247842471, 0.6141351740896417]], [[9.833333333333334], [-0.03209785247842471, 0.6141351740896417]], [[9.833333333333334], [-0.03209785247842471, 0.6141351740896417]], [[9.833333333333334], [-0.03209785247842471, 0.6141351740896417]], [[9.833333333333334], [-0.03209785247842471, 0.6141351740896417]], [[9.833333333333334], [-0.03209785247842471, 0.6141351740896417]], [[9.833333333333334], [-0.03209785247842471, 0.6141351740896417]], [[9.833333333333334], [-0.03209785247842471, 0.6141351740896417]], [[9.833333333333334], [-0.03209785247842471, 0.6141351740896417]], [[9.666666666666666], [0.0339663897951444, -0.5452829328450289]], [[9.833333333333334], [-0.03209785247842471, 0.6141351740896417]]], "103": [[[9.666666666666666], [0.0339663897951444, -0.5452829328450289]], [[9.666666666666666], [0.0339663897951444, -0.5452829328450289]], [[9.666666666666666], [0.0339663897951444, -0.5452829328450289]], [[9.333333333333334], [-0.03209785247842471, 0.6141351740896417]], [[9.666666666666666], [0.0339663897951444, -0.5452829328450289]], [[9.666666666666666], [0.0339663897951444, -0.5452829328450289]], [[9.666666666666666], [0.0339663897951444, -0.5452829328450289]], [[9.666666666666666], [0.0339663897951444, -0.5452829328450289]], [[57.666666666666664], [-0.0072684829744199915, 0.5114952628121993]], [[57.666666666666664], [-0.0072684829744199915, 0.5114952628121993]], [[9.666666666666666], [0.0339663897951444, -0.5452829328450289]], [[9.666666666666666], [0.0339663897951444, -0.5452829328450289]], [[9.666666666666666], [0.0339663897951444, -0.5452829328450289]], [[9.666666666666666], [0.0339663897951444, -0.5452829328450289]], [[9.666666666666666], [0.0339663897951444, -0.5452829328450289]], [[9.666666666666666], [0.0339663897951444, -0.5452829328450289]], [[9.666666666666666], [0.0339663897951444, -0.5452829328450289]], [[9.333333333333334], [-0.03209785247842471, 0.6141351740896417]], [[9.666666666666666], [0.0339663897951444, -0.5452829328450289]], [[9.666666666666666], [0.0339663897951444, -0.5452829328450289]], [[9.666666666666666], [0.0339663897951444, -0.5452829328450289]], [[9.333333333333334], [-0.03209785247842471, 0.6141351740896417]], [[9.666666666666666], [0.0339663897951444, -0.5452829328450289]], [[57.666666666666664], [-0.0072684829744199915, 0.5114952628121993]], [[9.666666666666666], [0.0339663897951444, -0.5452829328450289]], [[9.666666666666666], [0.0339663897951444, -0.5452829328450289]], [[9.666666666666666], [0.0339663897951444, -0.5452829328450289]], [[9.666666666666666], [0.0339663897951444, -0.5452829328450289]], [[9.666666666666666], [0.0339663897951444, -0.5452829328450289]], [[57.666666666666664], [-0.0072684829744199915, 0.5114952628121993]]]}