{"101": [[[9.666666666666666], [0.0339663897951444, -0.5452829328450289]], [[9.666666666666666], [0.0339663897951444, -0.5452829328450289]], [[9.666666666666666], [0.0339663897951444, -0.5452829328450289]], [[9.666666666666666], [0.0339663897951444, -0.5452829328450289]], [[9.666666666666666], [0.0339663897951444, -0.5452829328450289]], [[9.666666666666666], [0.0339663897951444, -0.5452829328450289]], [[9.666666666666666], [0.0339663897951444, -0.5452829328450289]], [[9.666666666666666], [0.0339663897951444, -0.5452829328450289]], [[9.666666666666666], [0.0339663897951444, -0.5452829328450289]], [[9.666666666666666], [0.0339663897951444, -0.5452829328450289]], [[9.666666666666666], [0.0339663897951444, -0.5452829328450289]], [[9.666666666666666], [0.0339663897951444, -0.5452829328450289]], [[9.666666666666666], [0.0339663897951444, -0.5452829328450289]], [[9.666666666666666], [0.0339663897951444, -0.5452829328450289]], [[9.666666666666666], [0.0339663897951444, -0.5452829328450289]], [[9.666666666666666], [0.0339663897951444, -0.5452829328450289]], [[9.666666666666666], [0.0339663897951444, -0.5452829328450289]], [[9.666666666666666], [0.0339663897951444, -0.5452829328450289]], [[9.666666666666666], [0.0339663897951444, -0.5452829328450289]], [[9.666666666666666], [0.0339663897951444, -0.5452829328450289]], [[9.666666666666666], [0.0339663897951444, -0.5452829328450289]], [[9.666666666666666], [0.0339663897951444, -0.5452829328450289]], [[9.666666666666666], [0.0339663897951444, -0.5452829328450289]], [[9.666666666666666], [0.0339663897951444, -0.5452829328450289]], [[9.666666666666666], [0.0339663897951444, -0.5452829328450289]], [[9.666666666666666], [0.0339663897951444, -0.5452829328450289]], [[9.666666666666666], [0.0339663897951444, -0.5452829328450289]], [[9.666666666666666], [0.0339663897951444, -0.5452829328450289]], [[9.666666666666666], [0.0339663897951444, -0.5452829328450289]], [[9.666666666666666], [0.0339663897951444, -0.5452829328450289]]], "103": [[[80.5], [-0.3099357336759567, 0.5556393468208861]], [[80.5], [-0.3099357336759567, 0.5556393468208861]], [[80.5], [-0.3099357336759567, 0.5556393468208861]], [[80.5], [-0.3099357336759567, 0.5556393468208861]], [[80.5], [-0.3099357336759567, 0.5556393468208861]], [[80.5], [-0.3099357336759567, 0.5556393468208861]], [[80.5], [-0.3099357336759567, 0.5556393468208861]], [[80.5], [-0.3099357336759567, 0.5556393468208861]], [[80.5], [-0.3099357336759567, 0.5556393468208861]], [[80.5], [-0.3099357336759567, 0.5556393468208861]], [[80.5], [-0.3099357336759567, 0.5556393468208861]], [[80.5], [-0.3099357336759567, 0.5556393468208861]], [[80.5], [-0.3099357336759567, 0.5556393468208861]], [[80.5], [-0.3099357336759567, 0.5556393468208861]], [[80.5], [-0.3099357336759567, 0.5556393468208861]], [[80.5], [-0.3099357336759567, 0.5556393468208861]], [[80.5], [-0.3099357336759567, 0.5556393468208861]], [[80.5], [-0.3099357336759567, 0.5556393468208861]], [[80.5], [-0.3099357336759567, 0.5556393468208861]], [[80.5], [-0.3099357336759567, 0.5556393468208861]], [[80.5], [-0.3099357336759567, 0.5556393468208861]], [[80.5], [-0.3099357336759567, 0.5556393468208861]], [[80.5], [-0.3099357336759567, 0.5556393468208861]], [[80.5], [-0.3099357336759567, 0.5556393468208861]], [[80.5], [-0.3099357336759567, 0.5556393468208861]], [[80.5], [-0.3099357336759567, 0.5556393468208861]], [[80.5], [-0.3099357336759567, 0.5556393468208861]], [[80.5], [-0.3099357336759567, 0.5556393468208861]], [[80.5], [-0.3099357336759567, 0.5556393468208861]], [[80.5], [-0.3099357336759567, 0.5556393468208861]]], "102": [[[9.666666666666666], [0.0339663897951444, -0.5452829328450289]], [[9.666666666666666], [0.0339663897951444, -0.5452829328450289]], [[9.666666666666666], [0.0339663897951444, -0.5452829328450289]], [[9.666666666666666], [0.0339663897951444, -0.5452829328450289]], [[9.666666666666666], [0.0339663897951444, -0.5452829328450289]], [[9.666666666666666], [0.0339663897951444, -0.5452829328450289]], [[9.666666666666666], [0.0339663897951444, -0.5452829328450289]], [[9.666666666666666], [0.0339663897951444, -0.5452829328450289]], [[9.666666666666666], [0.0339663897951444, -0.5452829328450289]], [[9.666666666666666], [0.0339663897951444, -0.5452829328450289]], [[9.666666666666666], [0.0339663897951444, -0.5452829328450289]], [[9.666666666666666], [0.0339663897951444, -0.5452829328450289]], [[9.666666666666666], [0.0339663897951444, -0.5452829328450289]], [[9.666666666666666], [0.0339663897951444, -0.5452829328450289]], [[9.666666666666666], [0.0339663897951444, -0.5452829328450289]], [[9.666666666666666], [0.0339663897951444, -0.5452829328450289]], [[9.666666666666666], [0.0339663897951444, -0.5452829328450289]], [[55.833333333333336], [0.008442196218917768, 0.513674361568889]], [[9.666666666666666], [0.0339663897951444, -0.5452829328450289]], [[9.666666666666666], [0.0339663897951444, -0.5452829328450289]], [[9.666666666666666], [0.0339663897951444, -0.5452829328450289]], [[9.666666666666666], [0.0339663897951444, -0.5452829328450289]], [[9.666666666666666], [0.0339663897951444, -0.5452829328450289]], [[9.666666666666666], [0.0339663897951444, -0.5452829328450289]], [[9.666666666666666], [0.0339663897951444, -0.5452829328450289]], [[9.666666666666666], [0.0339663897951444, -0.5452829328450289]], [[9.666666666666666], [0.0339663897951444, -0.5452829328450289]], [[9.666666666666666], [0.0339663897951444, -0.5452829328450289]], [[9.666666666666666], [0.0339663897951444, -0.5452829328450289]], [[9.666666666666666], [0.0339663897951444, -0.5452829328450289]]]}