{"101": [[[9.666666666666666], [0.0339663897951444, -0.5452829328450289]], [[9.666666666666666], [0.0339663897951444, -0.5452829328450289]], [[9.666666666666666], [0.0339663897951444, -0.5452829328450289]], [[22.0], [-0.02512836518387, 0.5063154338079207]], [[9.666666666666666], [0.0339663897951444, -0.5452829328450289]], [[9.666666666666666], [0.0339663897951444, -0.5452829328450289]], [[9.666666666666666], [0.0339663897951444, -0.5452829328450289]], [[9.666666666666666], [0.0339663897951444, -0.5452829328450289]], [[42.666666666666664], [-0.003196477385548254, -0.506852232098009]], [[9.666666666666666], [0.0339663897951444, -0.5452829328450289]], [[9.666666666666666], [0.0339663897951444, -0.5452829328450289]], [[9.666666666666666], [0.0339663897951444, -0.5452829328450289]], [[9.666666666666666], [0.0339663897951444, -0.5452829328450289]], [[9.666666666666666], [0.0339663897951444, -0.5452829328450289]], [[9.666666666666666], [0.0339663897951444, -0.5452829328450289]], [[9.666666666666666], [0.0339663897951444, -0.5452829328450289]], [[9.666666666666666], [0.0339663897951444, -0.5452829328450289]], [[9.666666666666666], [0.0339663897951444, -0.5452829328450289]], [[9.666666666666666], [0.0339663897951444, -0.5452829328450289]], [[9.666666666666666], [0.0339663897951444, -0.5452829328450289]], [[9.666666666666666], [0.0339663897951444, -0.5452829328450289]], [[9.666666666666666], [0.0339663897951444, -0.5452829328450289]], [[9.666666666666666], [0.0339663897951444, -0.5452829328450289]], [[9.666666666666666], [0.0339663897951444, -0.5452829328450289]], [[9.666666666666666], [0.0339663897951444, -0.5452829328450289]], [[9.666666666666666], [0.0339663897951444, -0.5452829328450289]], [[14.333333333333334], [0.030429788554708164, -0.5208257425344732]], [[9.666666666666666], [0.0339663897951444, -0.5452829328450289]], [[22.0], [-0.02512836518387, 0.5063154338079207]], [[9.666666666666666], [0.0339663897951444, -0.5452829328450289]]], "103": [[[94.66666666666667], [-0.507141004006068, 0.46808037318681417]], [[109.83333333333333], [0.3420142581065496, 0.5065164925379047]], [[109.83333333333333], [0.3420142581065496, 0.5065164925379047]], [[94.66666666666667], [-0.507141004006068, 0.46808037318681417]], [[109.83333333333333], [0.3420142581065496, 0.5065164925379047]], [[9.333333333333334], [-0.03209785247842471, 0.6141351740896417]], [[14.166666666666666], [-0.024162825817863148, 0.508302172120108]], [[94.66666666666667], [-0.507141004006068, 0.46808037318681417]], [[109.83333333333333], [0.3420142581065496, 0.5065164925379047]], [[94.66666666666667], [-0.507141004006068, 0.46808037318681417]], [[109.83333333333333], [0.3420142581065496, 0.5065164925379047]], [[9.333333333333334], [-0.03209785247842471, 0.6141351740896417]], [[9.333333333333334], [-0.03209785247842471, 0.6141351740896417]], [[94.66666666666667], [-0.507141004006068, 0.46808037318681417]], [[9.333333333333334], [-0.03209785247842471, 0.6141351740896417]], [[9.666666666666666], [0.0339663897951444, -0.5452829328450289]], [[94.66666666666667], [-0.507141004006068, 0.46808037318681417]], [[109.83333333333333], [0.3420142581065496, 0.5065164925379047]], [[109.83333333333333], [0.3420142581065496, 0.5065164925379047]], [[94.66666666666667], [-0.507141004006068, 0.46808037318681417]], [[9.333333333333334], [-0.03209785247842471, 0.6141351740896417]], [[109.83333333333333], [0.3420142581065496, 0.5065164925379047]], [[94.66666666666667], [-0.507141004006068, 0.46808037318681417]], [[9.333333333333334], [-0.03209785247842471, 0.6141351740896417]], [[109.83333333333333], [0.3420142581065496, 0.5065164925379047]], [[13.5], [0.019518989138305187, -0.5076720098559366]], [[94.66666666666667], [-0.507141004006068, 0.46808037318681417]], [[109.83333333333333], [0.3420142581065496, 0.5065164925379047]], [[109.83333333333333], [0.3420142581065496, 0.5065164925379047]], [[109.83333333333333], [0.3420142581065496, 0.5065164925379047]]], "102": [[[130.66666666666666], [-0.34441252549489343, -0.5118963821082595]], [[10.0], [-0.03209785247842471, 0.6141351740896417]], [[9.833333333333334], [0.0339663897951444, -0.5452829328450289]], [[130.66666666666666], [-0.34441252549489343, -0.5118963821082595]], [[130.66666666666666], [-0.34441252549489343, -0.5118963821082595]], [[9.166666666666666], [0.0339663897951444, -0.5452829328450289]], [[9.833333333333334], [0.0339663897951444, -0.5452829328450289]], [[130.66666666666666], [-0.34441252549489343, -0.5118963821082595]], [[9.833333333333334], [0.0339663897951444, -0.5452829328450289]], [[130.66666666666666], [-0.34441252549489343, -0.5118963821082595]], [[130.66666666666666], [-0.34441252549489343, -0.5118963821082595]], [[10.0], [-0.03209785247842471, 0.6141351740896417]], [[130.66666666666666], [-0.34441252549489343, -0.5118963821082595]], [[9.833333333333334], [0.0339663897951444, -0.5452829328450289]], [[9.166666666666666], [0.0339663897951444, -0.5452829328450289]], [[130.66666666666666], [-0.34441252549489343, -0.5118963821082595]], [[130.66666666666666], [-0.34441252549489343, -0.5118963821082595]], [[130.66666666666666], [-0.34441252549489343, -0.5118963821082595]], [[130.66666666666666], [-0.34441252549489343, -0.5118963821082595]], [[9.833333333333334], [0.0339663897951444, -0.5452829328450289]], [[130.66666666666666], [-0.34441252549489343, -0.5118963821082595]], [[9.833333333333334], [0.0339663897951444, -0.5452829328450289]], [[130.66666666666666], [-0.34441252549489343, -0.5118963821082595]], [[130.66666666666666], [-0.34441252549489343, -0.5118963821082595]], [[130.66666666666666], [-0.34441252549489343, -0.5118963821082595]], [[130.66666666666666], [-0.34441252549489343, -0.5118963821082595]], [[130.66666666666666], [-0.34441252549489343, -0.5118963821082595]], [[130.66666666666666], [-0.34441252549489343, -0.5118963821082595]], [[130.66666666666666], [-0.34441252549489343, -0.5118963821082595]], [[9.333333333333334], [-0.03209785247842471, 0.6141351740896417]]]}