{"102": [[[9.666666666666666], [-0.03209785247842471, 0.6141351740896417]], [[9.666666666666666], [-0.03209785247842471, 0.6141351740896417]], [[9.666666666666666], [-0.03209785247842471, 0.6141351740896417]], [[9.666666666666666], [0.0339663897951444, -0.5452829328450289]], [[9.666666666666666], [-0.03209785247842471, 0.6141351740896417]], [[9.666666666666666], [-0.03209785247842471, 0.6141351740896417]], [[9.666666666666666], [-0.03209785247842471, 0.6141351740896417]], [[11.5], [0.03297033719718456, -0.5546474214375875]], [[9.666666666666666], [0.0339663897951444, -0.5452829328450289]], [[10.0], [0.0323425109187762, -0.517564562804391]], [[9.666666666666666], [-0.03209785247842471, 0.6141351740896417]], [[9.666666666666666], [0.0339663897951444, -0.5452829328450289]], [[9.666666666666666], [-0.03209785247842471, 0.6141351740896417]], [[9.666666666666666], [-0.03209785247842471, 0.6141351740896417]], [[9.666666666666666], [-0.03209785247842471, 0.6141351740896417]], [[9.666666666666666], [-0.03209785247842471, 0.6141351740896417]], [[9.666666666666666], [-0.03209785247842471, 0.6141351740896417]], [[9.666666666666666], [-0.03209785247842471, 0.6141351740896417]], [[9.666666666666666], [-0.03209785247842471, 0.6141351740896417]], [[9.666666666666666], [0.0339663897951444, -0.5452829328450289]]], "103": [[[289.6666666666667], [-0.07168790325522423, 0.5167874209048076]], [[9.333333333333334], [-0.03209785247842471, 0.6141351740896417]], [[11.5], [-0.026898719370365143, 0.5370715018094442]], [[289.6666666666667], [-0.07168790325522423, 0.5167874209048076]], [[9.333333333333334], [-0.03209785247842471, 0.6141351740896417]], [[289.6666666666667], [-0.07168790325522423, 0.5167874209048076]], [[289.6666666666667], [-0.07168790325522423, 0.5167874209048076]], [[9.333333333333334], [-0.03209785247842471, 0.6141351740896417]], [[289.6666666666667], [-0.07168790325522423, 0.5167874209048076]], [[9.333333333333334], [-0.03209785247842471, 0.6141351740896417]], [[289.6666666666667], [-0.07168790325522423, 0.5167874209048076]], [[9.666666666666666], [0.0339663897951444, -0.5452829328450289]], [[289.6666666666667], [-0.07168790325522423, 0.5167874209048076]], [[37.833333333333336], [-0.0024432465822125478, 0.5204574200525238]], [[289.6666666666667], [-0.07168790325522423, 0.5167874209048076]], [[289.6666666666667], [-0.07168790325522423, 0.5167874209048076]], [[9.666666666666666], [0.0339663897951444, -0.5452829328450289]], [[9.666666666666666], [0.0339663897951444, -0.5452829328450289]], [[11.5], [-0.026898719370365143, 0.5370715018094442]], [[289.6666666666667], [-0.07168790325522423, 0.5167874209048076]]], "101": [[[9.333333333333334], [-0.03209785247842471, 0.6141351740896417]], [[14.166666666666666], [0.030372791613141697, -0.5413688826218747]], [[9.666666666666666], [0.0323425109187762, -0.517564562804391]], [[9.666666666666666], [0.0339663897951444, -0.5452829328450289]], [[9.666666666666666], [0.0339663897951444, -0.5452829328450289]], [[58.5], [-0.015988290930787723, -0.5097227019556402]], [[9.666666666666666], [0.0323425109187762, -0.517564562804391]], [[9.333333333333334], [-0.03209785247842471, 0.6141351740896417]], [[33.5], [0.012938219588249922, -0.5142876619927621]], [[9.666666666666666], [0.0323425109187762, -0.517564562804391]], [[9.666666666666666], [0.0323425109187762, -0.517564562804391]], [[9.666666666666666], [0.0339663897951444, -0.5452829328450289]], [[9.666666666666666], [0.0339663897951444, -0.5452829328450289]], [[9.666666666666666], [0.0323425109187762, -0.517564562804391]], [[9.666666666666666], [0.0339663897951444, -0.5452829328450289]], [[9.666666666666666], [0.0323425109187762, -0.517564562804391]], [[9.666666666666666], [0.0339663897951444, -0.5452829328450289]], [[9.666666666666666], [0.0323425109187762, -0.517564562804391]], [[9.666666666666666], [0.0339663897951444, -0.5452829328450289]], [[10.5], [-0.02575837541371584, 0.5082547236857803]]]}