{"101": [[[66.0], [-0.12165136635303497, 0.5190421662262182]], [[66.0], [-0.12165136635303497, 0.5190421662262182]], [[66.0], [-0.12165136635303497, 0.5190421662262182]], [[66.0], [-0.12165136635303497, 0.5190421662262182]], [[66.0], [-0.12165136635303497, 0.5190421662262182]], [[66.0], [-0.12165136635303497, 0.5190421662262182]], [[66.0], [-0.12165136635303497, 0.5190421662262182]], [[66.0], [-0.12165136635303497, 0.5190421662262182]], [[66.0], [-0.12165136635303497, 0.5190421662262182]], [[66.0], [-0.12165136635303497, 0.5190421662262182]], [[66.0], [-0.12165136635303497, 0.5190421662262182]], [[66.0], [-0.12165136635303497, 0.5190421662262182]], [[66.0], [-0.12165136635303497, 0.5190421662262182]], [[66.0], [-0.12165136635303497, 0.5190421662262182]], [[66.0], [-0.12165136635303497, 0.5190421662262182]], [[66.0], [-0.12165136635303497, 0.5190421662262182]], [[66.0], [-0.12165136635303497, 0.5190421662262182]], [[66.0], [-0.12165136635303497, 0.5190421662262182]], [[66.0], [-0.12165136635303497, 0.5190421662262182]], [[66.0], [-0.12165136635303497, 0.5190421662262182]], [[66.0], [-0.12165136635303497, 0.5190421662262182]], [[66.0], [-0.12165136635303497, 0.5190421662262182]], [[66.0], [-0.12165136635303497, 0.5190421662262182]], [[66.0], [-0.12165136635303497, 0.5190421662262182]], [[66.0], [-0.12165136635303497, 0.5190421662262182]], [[66.0], [-0.12165136635303497, 0.5190421662262182]], [[66.0], [-0.12165136635303497, 0.5190421662262182]], [[66.0], [-0.12165136635303497, 0.5190421662262182]], [[66.0], [-0.12165136635303497, 0.5190421662262182]], [[66.0], [-0.12165136635303497, 0.5190421662262182]], [[66.0], [-0.12165136635303497, 0.5190421662262182]], [[66.0], [-0.12165136635303497, 0.5190421662262182]], [[66.0], [-0.12165136635303497, 0.5190421662262182]], [[66.0], [-0.12165136635303497, 0.5190421662262182]], [[66.0], [-0.12165136635303497, 0.5190421662262182]], [[66.0], [-0.12165136635303497, 0.5190421662262182]], [[66.0], [-0.12165136635303497, 0.5190421662262182]], [[66.0], [-0.12165136635303497, 0.5190421662262182]], [[66.0], [-0.12165136635303497, 0.5190421662262182]], [[66.0], [-0.12165136635303497, 0.5190421662262182]]], "103": [[[324.1666666666667], [-0.05906146019697189, -0.016358712215742997]], [[324.1666666666667], [-0.05906146019697189, -0.016358712215742997]], [[324.1666666666667], [-0.05906146019697189, -0.016358712215742997]], [[324.1666666666667], [-0.05906146019697189, -0.016358712215742997]], [[324.1666666666667], [-0.05906146019697189, -0.016358712215742997]], [[324.1666666666667], [-0.05906146019697189, -0.016358712215742997]], [[324.1666666666667], [-0.05906146019697189, -0.016358712215742997]], [[324.1666666666667], [-0.05906146019697189, -0.016358712215742997]], [[324.1666666666667], [-0.05906146019697189, -0.016358712215742997]], [[324.1666666666667], [-0.05906146019697189, -0.016358712215742997]], [[324.1666666666667], [-0.05906146019697189, -0.016358712215742997]], [[324.1666666666667], [-0.05906146019697189, -0.016358712215742997]], [[324.1666666666667], [-0.05906146019697189, -0.016358712215742997]], [[324.1666666666667], [-0.05906146019697189, -0.016358712215742997]], [[324.1666666666667], [-0.05906146019697189, -0.016358712215742997]], [[324.1666666666667], [-0.05906146019697189, -0.016358712215742997]], [[324.1666666666667], [-0.05906146019697189, -0.016358712215742997]], [[324.1666666666667], [-0.05906146019697189, -0.016358712215742997]], [[324.1666666666667], [-0.05906146019697189, -0.016358712215742997]], [[324.1666666666667], [-0.05906146019697189, -0.016358712215742997]], [[324.1666666666667], [-0.05906146019697189, -0.016358712215742997]], [[324.1666666666667], [-0.05906146019697189, -0.016358712215742997]], [[324.1666666666667], [-0.05906146019697189, -0.016358712215742997]], [[324.1666666666667], [-0.05906146019697189, -0.016358712215742997]], [[324.1666666666667], [-0.05906146019697189, -0.016358712215742997]], [[324.1666666666667], [-0.05906146019697189, -0.016358712215742997]], [[324.1666666666667], [-0.05906146019697189, -0.016358712215742997]], [[324.1666666666667], [-0.05906146019697189, -0.016358712215742997]], [[324.1666666666667], [-0.05906146019697189, -0.016358712215742997]], [[324.1666666666667], [-0.05906146019697189, -0.016358712215742997]], [[324.1666666666667], [-0.05906146019697189, -0.016358712215742997]], [[324.1666666666667], [-0.05906146019697189, -0.016358712215742997]], [[324.1666666666667], [-0.05906146019697189, -0.016358712215742997]], [[324.1666666666667], [-0.05906146019697189, -0.016358712215742997]], [[324.1666666666667], [-0.05906146019697189, -0.016358712215742997]], [[324.1666666666667], [-0.05906146019697189, -0.016358712215742997]], [[324.1666666666667], [-0.05906146019697189, -0.016358712215742997]], [[324.1666666666667], [-0.05906146019697189, -0.016358712215742997]], [[324.1666666666667], [-0.05906146019697189, -0.016358712215742997]], [[324.1666666666667], [-0.05906146019697189, -0.016358712215742997]]], "102": [[[9.666666666666666], [0.0339663897951444, -0.5452829328450289]], [[9.666666666666666], [0.0339663897951444, -0.5452829328450289]], [[9.666666666666666], [0.0339663897951444, -0.5452829328450289]], [[9.666666666666666], [0.0339663897951444, -0.5452829328450289]], [[9.666666666666666], [0.0339663897951444, -0.5452829328450289]], [[9.666666666666666], [0.0339663897951444, -0.5452829328450289]], [[9.666666666666666], [0.0339663897951444, -0.5452829328450289]], [[9.666666666666666], [0.0339663897951444, -0.5452829328450289]], [[9.666666666666666], [0.0339663897951444, -0.5452829328450289]], [[9.666666666666666], [0.0339663897951444, -0.5452829328450289]], [[9.666666666666666], [0.0339663897951444, -0.5452829328450289]], [[9.666666666666666], [0.0339663897951444, -0.5452829328450289]], [[9.666666666666666], [0.0339663897951444, -0.5452829328450289]], [[9.666666666666666], [0.0339663897951444, -0.5452829328450289]], [[9.666666666666666], [0.0339663897951444, -0.5452829328450289]], [[9.666666666666666], [0.0339663897951444, -0.5452829328450289]], [[9.666666666666666], [0.0339663897951444, -0.5452829328450289]], [[9.666666666666666], [0.0339663897951444, -0.5452829328450289]], [[9.666666666666666], [0.0339663897951444, -0.5452829328450289]], [[9.666666666666666], [0.0339663897951444, -0.5452829328450289]], [[9.666666666666666], [0.0339663897951444, -0.5452829328450289]], [[9.666666666666666], [0.0339663897951444, -0.5452829328450289]], [[9.666666666666666], [0.0339663897951444, -0.5452829328450289]], [[9.666666666666666], [0.0339663897951444, -0.5452829328450289]], [[9.666666666666666], [0.0339663897951444, -0.5452829328450289]], [[9.666666666666666], [0.0339663897951444, -0.5452829328450289]], [[9.666666666666666], [0.0339663897951444, -0.5452829328450289]], [[9.666666666666666], [0.0339663897951444, -0.5452829328450289]], [[9.666666666666666], [0.0339663897951444, -0.5452829328450289]], [[9.666666666666666], [0.0339663897951444, -0.5452829328450289]], [[9.666666666666666], [0.0339663897951444, -0.5452829328450289]], [[9.666666666666666], [0.0339663897951444, -0.5452829328450289]], [[9.666666666666666], [0.0339663897951444, -0.5452829328450289]], [[9.666666666666666], [0.0339663897951444, -0.5452829328450289]], [[9.666666666666666], [0.0339663897951444, -0.5452829328450289]], [[9.666666666666666], [0.0339663897951444, -0.5452829328450289]], [[9.666666666666666], [0.0339663897951444, -0.5452829328450289]], [[9.666666666666666], [0.0339663897951444, -0.5452829328450289]], [[9.666666666666666], [0.0339663897951444, -0.5452829328450289]], [[9.666666666666666], [0.0339663897951444, -0.5452829328450289]]]}