{"101": [[[285.1666666666667], [-0.04540417032937209, -0.020991233244324416]], [[285.1666666666667], [-0.04540417032937209, -0.020991233244324416]], [[316.8333333333333], [-0.5045528213183086, 0.3961415239498376]], [[285.1666666666667], [-0.04540417032937209, -0.020991233244324416]], [[285.1666666666667], [-0.04540417032937209, -0.020991233244324416]], [[9.666666666666666], [0.0339663897951444, -0.5452829328450289]], [[285.1666666666667], [-0.04540417032937209, -0.020991233244324416]], [[285.1666666666667], [-0.04540417032937209, -0.020991233244324416]], [[316.8333333333333], [-0.5045528213183086, 0.3961415239498376]], [[285.1666666666667], [-0.04540417032937209, -0.020991233244324416]], [[29.0], [0.024266142087678116, -0.5097569960156126]], [[9.666666666666666], [0.0339663897951444, -0.5452829328450289]], [[316.8333333333333], [-0.5045528213183086, 0.3961415239498376]], [[285.1666666666667], [-0.04540417032937209, -0.020991233244324416]], [[316.8333333333333], [-0.5045528213183086, 0.3961415239498376]], [[316.8333333333333], [-0.5045528213183086, 0.3961415239498376]], [[316.8333333333333], [-0.5045528213183086, 0.3961415239498376]], [[9.666666666666666], [0.0339663897951444, -0.5452829328450289]], [[316.8333333333333], [-0.5045528213183086, 0.3961415239498376]], [[316.8333333333333], [-0.5045528213183086, 0.3961415239498376]]], "102": [[[36.833333333333336], [-0.14168433845043182, 0.5995860082681099]], [[36.833333333333336], [-0.14168433845043182, 0.5995860082681099]], [[36.833333333333336], [-0.14168433845043182, 0.5995860082681099]], [[9.666666666666666], [0.0339663897951444, -0.5452829328450289]], [[36.833333333333336], [-0.14168433845043182, 0.5995860082681099]], [[36.833333333333336], [-0.14168433845043182, 0.5995860082681099]], [[36.833333333333336], [-0.14168433845043182, 0.5995860082681099]], [[36.833333333333336], [-0.14168433845043182, 0.5995860082681099]], [[58.166666666666664], [0.008885296992957592, -0.516247556825574]], [[36.833333333333336], [-0.14168433845043182, 0.5995860082681099]], [[36.833333333333336], [-0.14168433845043182, 0.5995860082681099]], [[36.833333333333336], [-0.14168433845043182, 0.5995860082681099]], [[36.833333333333336], [-0.14168433845043182, 0.5995860082681099]], [[36.833333333333336], [-0.14168433845043182, 0.5995860082681099]], [[36.833333333333336], [-0.14168433845043182, 0.5995860082681099]], [[36.833333333333336], [-0.14168433845043182, 0.5995860082681099]], [[36.833333333333336], [-0.14168433845043182, 0.5995860082681099]], [[36.833333333333336], [-0.14168433845043182, 0.5995860082681099]], [[36.833333333333336], [-0.14168433845043182, 0.5995860082681099]], [[36.833333333333336], [-0.14168433845043182, 0.5995860082681099]]], "103": [[[9.666666666666666], [0.0339663897951444, -0.5452829328450289]], [[9.666666666666666], [0.0339663897951444, -0.5452829328450289]], [[9.666666666666666], [0.0339663897951444, -0.5452829328450289]], [[9.666666666666666], [0.0339663897951444, -0.5452829328450289]], [[9.666666666666666], [0.0339663897951444, -0.5452829328450289]], [[9.666666666666666], [0.0339663897951444, -0.5452829328450289]], [[9.666666666666666], [0.0339663897951444, -0.5452829328450289]], [[9.666666666666666], [0.0339663897951444, -0.5452829328450289]], [[9.666666666666666], [0.0339663897951444, -0.5452829328450289]], [[9.666666666666666], [0.0339663897951444, -0.5452829328450289]], [[9.333333333333334], [-0.03209785247842471, 0.6141351740896417]], [[9.666666666666666], [0.0339663897951444, -0.5452829328450289]], [[9.666666666666666], [0.0339663897951444, -0.5452829328450289]], [[9.666666666666666], [0.0339663897951444, -0.5452829328450289]], [[9.666666666666666], [0.0339663897951444, -0.5452829328450289]], [[9.666666666666666], [0.0339663897951444, -0.5452829328450289]], [[9.666666666666666], [0.0339663897951444, -0.5452829328450289]], [[9.666666666666666], [0.0339663897951444, -0.5452829328450289]], [[9.666666666666666], [0.0339663897951444, -0.5452829328450289]], [[9.666666666666666], [0.0339663897951444, -0.5452829328450289]]]}