{"101": [[[11.5], [-0.03209785247842471, 0.6141351740896417]], [[11.5], [-0.03209785247842471, 0.6141351740896417]], [[117.33333333333333], [-0.4409378270308177, 0.5099586251249725]], [[11.666666666666666], [0.03206830471754074, -0.5526125217168525]], [[11.5], [-0.03209785247842471, 0.6141351740896417]], [[11.5], [-0.03209785247842471, 0.6141351740896417]], [[12.5], [-0.02640473966797193, 0.5350815551132677]], [[25.666666666666668], [0.02009911152223746, -0.5174197220916383]], [[12.5], [0.03206830471754074, -0.5526125217168525]], [[11.5], [-0.03209785247842471, 0.6141351740896417]], [[17.166666666666668], [0.026911345000068348, -0.5356502946484032]], [[82.5], [-0.3010860582192739, 0.5080631831616306]], [[117.33333333333333], [-0.4409378270308177, 0.5099586251249725]], [[9.666666666666666], [0.0339663897951444, -0.5452829328450289]], [[11.5], [-0.03209785247842471, 0.6141351740896417]], [[11.5], [-0.03209785247842471, 0.6141351740896417]], [[11.5], [-0.03209785247842471, 0.6141351740896417]], [[117.33333333333333], [-0.4409378270308177, 0.5099586251249725]], [[9.333333333333334], [-0.03209785247842471, 0.6141351740896417]], [[11.5], [-0.03209785247842471, 0.6141351740896417]], [[11.5], [-0.03209785247842471, 0.6141351740896417]], [[11.5], [-0.03209785247842471, 0.6141351740896417]], [[117.33333333333333], [-0.4409378270308177, 0.5099586251249725]], [[9.666666666666666], [0.0339663897951444, -0.5452829328450289]], [[13.666666666666666], [0.03206830471754074, -0.5526125217168525]], [[11.5], [-0.03209785247842471, 0.6141351740896417]], [[11.5], [-0.03209785247842471, 0.6141351740896417]], [[9.333333333333334], [-0.03209785247842471, 0.6141351740896417]], [[11.5], [-0.03209785247842471, 0.6141351740896417]], [[11.5], [-0.03209785247842471, 0.6141351740896417]]], "103": [[[9.666666666666666], [0.0339663897951444, -0.5452829328450289]], [[266.6666666666667], [0.44113362828890484, 0.5094481355835947]], [[326.1666666666667], [-0.3034189840157827, -0.5031527871150149]], [[9.666666666666666], [0.0339663897951444, -0.5452829328450289]], [[266.6666666666667], [0.44113362828890484, 0.5094481355835947]], [[326.1666666666667], [-0.3034189840157827, -0.5031527871150149]], [[96.66666666666667], [0.05940241118272146, 0.5059898897791594]], [[266.6666666666667], [0.44113362828890484, 0.5094481355835947]], [[326.1666666666667], [-0.3034189840157827, -0.5031527871150149]], [[9.833333333333334], [0.0339663897951444, -0.5452829328450289]], [[266.6666666666667], [0.44113362828890484, 0.5094481355835947]], [[9.333333333333334], [-0.03209785247842471, 0.6141351740896417]], [[266.6666666666667], [0.44113362828890484, 0.5094481355835947]], [[9.333333333333334], [-0.03209785247842471, 0.6141351740896417]], [[41.666666666666664], [0.014564994101723036, -0.5078947786509135]], [[9.166666666666666], [-0.03209785247842471, 0.6141351740896417]], [[266.6666666666667], [0.44113362828890484, 0.5094481355835947]], [[266.6666666666667], [0.44113362828890484, 0.5094481355835947]], [[9.333333333333334], [-0.03209785247842471, 0.6141351740896417]], [[326.1666666666667], [-0.3034189840157827, -0.5031527871150149]], [[326.1666666666667], [-0.3034189840157827, -0.5031527871150149]], [[266.6666666666667], [0.44113362828890484, 0.5094481355835947]], [[9.333333333333334], [-0.03209785247842471, 0.6141351740896417]], [[266.6666666666667], [0.44113362828890484, 0.5094481355835947]], [[9.333333333333334], [-0.03209785247842471, 0.6141351740896417]], [[41.666666666666664], [0.014564994101723036, -0.5078947786509135]], [[9.333333333333334], [-0.03209785247842471, 0.6141351740896417]], [[326.1666666666667], [-0.3034189840157827, -0.5031527871150149]], [[9.333333333333334], [-0.03047466278076172, 0.5865105601589076]], [[266.6666666666667], [0.44113362828890484, 0.5094481355835947]]], "102": [[[9.666666666666666], [0.0339663897951444, -0.5452829328450289]], [[9.833333333333334], [-0.03209785247842471, 0.6141351740896417]], [[9.666666666666666], [0.0339663897951444, -0.5452829328450289]], [[9.833333333333334], [-0.03209785247842471, 0.6141351740896417]], [[9.833333333333334], [-0.03209785247842471, 0.6141351740896417]], [[84.16666666666667], [0.3265670438607534, -0.534951187777177]], [[9.666666666666666], [0.0339663897951444, -0.5452829328450289]], [[9.666666666666666], [0.0339663897951444, -0.5452829328450289]], [[9.0], [0.0339663897951444, -0.5452829328450289]], [[9.833333333333334], [-0.03209785247842471, 0.6141351740896417]], [[9.666666666666666], [0.0339663897951444, -0.5452829328450289]], [[124.16666666666667], [-0.2868285526831945, 0.5166706713763151]], [[9.666666666666666], [0.0339663897951444, -0.5452829328450289]], [[84.16666666666667], [0.3265670438607534, -0.534951187777177]], [[9.666666666666666], [0.0339663897951444, -0.5452829328450289]], [[9.666666666666666], [0.0339663897951444, -0.5452829328450289]], [[9.833333333333334], [-0.03209785247842471, 0.6141351740896417]], [[9.666666666666666], [0.0339663897951444, -0.5452829328450289]], [[9.833333333333334], [-0.03209785247842471, 0.6141351740896417]], [[9.833333333333334], [-0.03209785247842471, 0.6141351740896417]], [[9.833333333333334], [-0.03209785247842471, 0.6141351740896417]], [[9.833333333333334], [-0.03209785247842471, 0.6141351740896417]], [[9.833333333333334], [-0.03209785247842471, 0.6141351740896417]], [[13.5], [-0.02573746256530285, 0.5234179742028269]], [[9.833333333333334], [-0.03209785247842471, 0.6141351740896417]], [[9.833333333333334], [-0.03209785247842471, 0.6141351740896417]], [[9.833333333333334], [-0.03209785247842471, 0.6141351740896417]], [[9.833333333333334], [-0.03209785247842471, 0.6141351740896417]], [[9.666666666666666], [0.0339663897951444, -0.5452829328450289]], [[9.833333333333334], [-0.03209785247842471, 0.6141351740896417]]]}