{"101": [[[34.166666666666664], [0.059843945006529495, -0.5114402212024306]], [[34.166666666666664], [0.059843945006529495, -0.5114402212024306]], [[34.166666666666664], [0.059843945006529495, -0.5114402212024306]], [[34.166666666666664], [0.059843945006529495, -0.5114402212024306]], [[34.166666666666664], [0.059843945006529495, -0.5114402212024306]], [[34.166666666666664], [0.059843945006529495, -0.5114402212024306]], [[34.166666666666664], [0.059843945006529495, -0.5114402212024306]], [[34.166666666666664], [0.059843945006529495, -0.5114402212024306]], [[34.166666666666664], [0.059843945006529495, -0.5114402212024306]], [[34.166666666666664], [0.059843945006529495, -0.5114402212024306]], [[34.166666666666664], [0.059843945006529495, -0.5114402212024306]], [[34.166666666666664], [0.059843945006529495, -0.5114402212024306]], [[34.166666666666664], [0.059843945006529495, -0.5114402212024306]], [[34.166666666666664], [0.059843945006529495, -0.5114402212024306]], [[34.166666666666664], [0.059843945006529495, -0.5114402212024306]], [[34.166666666666664], [0.059843945006529495, -0.5114402212024306]], [[34.166666666666664], [0.059843945006529495, -0.5114402212024306]], [[34.166666666666664], [0.059843945006529495, -0.5114402212024306]], [[34.166666666666664], [0.059843945006529495, -0.5114402212024306]], [[34.166666666666664], [0.059843945006529495, -0.5114402212024306]]], "102": [[[9.666666666666666], [0.0339663897951444, -0.5452829328450289]], [[9.666666666666666], [0.0339663897951444, -0.5452829328450289]], [[9.666666666666666], [0.0339663897951444, -0.5452829328450289]], [[9.666666666666666], [0.0339663897951444, -0.5452829328450289]], [[9.666666666666666], [0.0339663897951444, -0.5452829328450289]], [[9.666666666666666], [0.0339663897951444, -0.5452829328450289]], [[9.666666666666666], [0.0339663897951444, -0.5452829328450289]], [[9.666666666666666], [0.0339663897951444, -0.5452829328450289]], [[9.666666666666666], [0.0339663897951444, -0.5452829328450289]], [[9.666666666666666], [0.0339663897951444, -0.5452829328450289]], [[9.666666666666666], [0.0339663897951444, -0.5452829328450289]], [[9.666666666666666], [0.0339663897951444, -0.5452829328450289]], [[9.666666666666666], [0.0339663897951444, -0.5452829328450289]], [[9.666666666666666], [0.0339663897951444, -0.5452829328450289]], [[9.666666666666666], [0.0339663897951444, -0.5452829328450289]], [[9.666666666666666], [0.0339663897951444, -0.5452829328450289]], [[9.666666666666666], [0.0339663897951444, -0.5452829328450289]], [[9.666666666666666], [0.0339663897951444, -0.5452829328450289]], [[9.666666666666666], [0.0339663897951444, -0.5452829328450289]], [[9.666666666666666], [0.0339663897951444, -0.5452829328450289]]], "103": [[[154.33333333333334], [-0.24945234258969626, -0.5127350536830118]], [[154.33333333333334], [-0.24945234258969626, -0.5127350536830118]], [[154.33333333333334], [-0.24945234258969626, -0.5127350536830118]], [[154.33333333333334], [-0.24945234258969626, -0.5127350536830118]], [[154.33333333333334], [-0.24945234258969626, -0.5127350536830118]], [[154.33333333333334], [-0.24945234258969626, -0.5127350536830118]], [[154.33333333333334], [-0.24945234258969626, -0.5127350536830118]], [[154.33333333333334], [-0.24945234258969626, -0.5127350536830118]], [[154.33333333333334], [-0.24945234258969626, -0.5127350536830118]], [[154.33333333333334], [-0.24945234258969626, -0.5127350536830118]], [[154.33333333333334], [-0.24945234258969626, -0.5127350536830118]], [[154.33333333333334], [-0.24945234258969626, -0.5127350536830118]], [[154.33333333333334], [-0.24945234258969626, -0.5127350536830118]], [[154.33333333333334], [-0.24945234258969626, -0.5127350536830118]], [[154.33333333333334], [-0.24945234258969626, -0.5127350536830118]], [[154.33333333333334], [-0.24945234258969626, -0.5127350536830118]], [[154.33333333333334], [-0.24945234258969626, -0.5127350536830118]], [[154.33333333333334], [-0.24945234258969626, -0.5127350536830118]], [[154.33333333333334], [-0.24945234258969626, -0.5127350536830118]], [[154.33333333333334], [-0.24945234258969626, -0.5127350536830118]]]}