{"102": [[[9.166666666666666], [-0.03209785247842471, 0.6141351740896417]], [[9.666666666666666], [0.0339663897951444, -0.5452829328450289]], [[9.166666666666666], [-0.03209785247842471, 0.6141351740896417]], [[9.166666666666666], [-0.03209785247842471, 0.6141351740896417]], [[9.166666666666666], [-0.03209785247842471, 0.6141351740896417]], [[9.166666666666666], [-0.03209785247842471, 0.6141351740896417]], [[9.166666666666666], [-0.03209785247842471, 0.6141351740896417]], [[9.166666666666666], [-0.03209785247842471, 0.6141351740896417]], [[9.166666666666666], [-0.03209785247842471, 0.6141351740896417]], [[9.166666666666666], [-0.03209785247842471, 0.6141351740896417]], [[9.666666666666666], [0.0339663897951444, -0.5452829328450289]], [[9.166666666666666], [-0.03209785247842471, 0.6141351740896417]], [[9.166666666666666], [-0.03209785247842471, 0.6141351740896417]], [[9.166666666666666], [-0.03209785247842471, 0.6141351740896417]], [[11.666666666666666], [-0.026898719370365143, 0.5370715018094442]], [[11.666666666666666], [-0.026898719370365143, 0.5370715018094442]], [[9.166666666666666], [-0.03209785247842471, 0.6141351740896417]], [[9.166666666666666], [-0.03209785247842471, 0.6141351740896417]], [[9.166666666666666], [-0.03209785247842471, 0.6141351740896417]], [[9.166666666666666], [-0.03209785247842471, 0.6141351740896417]]], "101": [[[9.833333333333334], [0.0339663897951444, -0.5452829328450289]], [[9.833333333333334], [0.0339663897951444, -0.5452829328450289]], [[9.833333333333334], [0.0339663897951444, -0.5452829328450289]], [[9.833333333333334], [0.0339663897951444, -0.5452829328450289]], [[9.666666666666666], [0.0323425109187762, -0.517564562804391]], [[9.833333333333334], [0.0339663897951444, -0.5452829328450289]], [[9.833333333333334], [0.0339663897951444, -0.5452829328450289]], [[9.833333333333334], [0.0339663897951444, -0.5452829328450289]], [[9.833333333333334], [0.0339663897951444, -0.5452829328450289]], [[9.833333333333334], [0.0339663897951444, -0.5452829328450289]], [[9.833333333333334], [0.0339663897951444, -0.5452829328450289]], [[9.833333333333334], [0.0339663897951444, -0.5452829328450289]], [[9.833333333333334], [0.0339663897951444, -0.5452829328450289]], [[9.833333333333334], [0.0339663897951444, -0.5452829328450289]], [[9.833333333333334], [0.0339663897951444, -0.5452829328450289]], [[9.833333333333334], [0.0339663897951444, -0.5452829328450289]], [[9.833333333333334], [0.0339663897951444, -0.5452829328450289]], [[9.833333333333334], [0.0339663897951444, -0.5452829328450289]], [[9.833333333333334], [0.0339663897951444, -0.5452829328450289]], [[9.833333333333334], [0.0339663897951444, -0.5452829328450289]]], "103": [[[340.0], [-0.5022598803043365, -0.48730825408223716]], [[340.0], [-0.5022598803043365, -0.48730825408223716]], [[340.0], [-0.5022598803043365, -0.48730825408223716]], [[9.666666666666666], [0.0339663897951444, -0.5452829328450289]], [[340.0], [-0.5022598803043365, -0.48730825408223716]], [[340.0], [-0.5022598803043365, -0.48730825408223716]], [[340.0], [-0.5022598803043365, -0.48730825408223716]], [[340.0], [-0.5022598803043365, -0.48730825408223716]], [[340.0], [-0.5022598803043365, -0.48730825408223716]], [[340.0], [-0.5022598803043365, -0.48730825408223716]], [[340.0], [-0.5022598803043365, -0.48730825408223716]], [[340.0], [-0.5022598803043365, -0.48730825408223716]], [[340.0], [-0.5022598803043365, -0.48730825408223716]], [[340.0], [-0.5022598803043365, -0.48730825408223716]], [[340.0], [-0.5022598803043365, -0.48730825408223716]], [[340.0], [-0.5022598803043365, -0.48730825408223716]], [[9.666666666666666], [0.0339663897951444, -0.5452829328450289]], [[340.0], [-0.5022598803043365, -0.48730825408223716]], [[340.0], [-0.5022598803043365, -0.48730825408223716]], [[340.0], [-0.5022598803043365, -0.48730825408223716]]]}