{"fitness": {"103": [[[251.33333333333334], [-0.39130955934524536, -0.503708942655171]], [[251.33333333333334], [-0.39130955934524536, -0.503708942655171]], [[251.33333333333334], [-0.39130955934524536, -0.503708942655171]], [[251.33333333333334], [-0.39130955934524536, -0.503708942655171]], [[251.33333333333334], [-0.39130955934524536, -0.503708942655171]], [[251.33333333333334], [-0.39130955934524536, -0.503708942655171]], [[9.0], [0.0339663897951444, -0.5452829328450289]], [[9.333333333333334], [-0.03209785247842471, 0.6141351740896417]], [[251.33333333333334], [-0.39130955934524536, -0.503708942655171]], [[251.33333333333334], [-0.39130955934524536, -0.503708942655171]], [[251.33333333333334], [-0.39130955934524536, -0.503708942655171]], [[251.33333333333334], [-0.39130955934524536, -0.503708942655171]], [[251.33333333333334], [-0.39130955934524536, -0.503708942655171]], [[251.33333333333334], [-0.39130955934524536, -0.503708942655171]], [[9.833333333333334], [-0.03209785247842471, 0.6141351740896417]], [[251.33333333333334], [-0.39130955934524536, -0.503708942655171]], [[251.33333333333334], [-0.39130955934524536, -0.503708942655171]], [[251.33333333333334], [-0.39130955934524536, -0.503708942655171]], [[251.33333333333334], [-0.39130955934524536, -0.503708942655171]], [[251.33333333333334], [-0.39130955934524536, -0.503708942655171]], [[251.33333333333334], [-0.39130955934524536, -0.503708942655171]], [[251.33333333333334], [-0.39130955934524536, -0.503708942655171]], [[251.33333333333334], [-0.39130955934524536, -0.503708942655171]], [[251.33333333333334], [-0.39130955934524536, -0.503708942655171]], [[251.33333333333334], [-0.39130955934524536, -0.503708942655171]], [[251.33333333333334], [-0.39130955934524536, -0.503708942655171]], [[251.33333333333334], [-0.39130955934524536, -0.503708942655171]], [[10.0], [-0.03209785247842471, 0.6141351740896417]], [[251.33333333333334], [-0.39130955934524536, -0.503708942655171]], [[251.33333333333334], [-0.39130955934524536, -0.503708942655171]], [[9.0], [0.0339663897951444, -0.5452829328450289]], [[251.33333333333334], [-0.39130955934524536, -0.503708942655171]], [[251.33333333333334], [-0.39130955934524536, -0.503708942655171]], [[251.33333333333334], [-0.39130955934524536, -0.503708942655171]], [[251.33333333333334], [-0.39130955934524536, -0.503708942655171]]], "102": [[[9.666666666666666], [0.0339663897951444, -0.5452829328450289]], [[77.16666666666667], [-0.0072637464230259265, -0.5050624529140418]], [[77.16666666666667], [-0.0072637464230259265, -0.5050624529140418]], [[77.16666666666667], [-0.0072637464230259265, -0.5050624529140418]], [[77.16666666666667], [-0.0072637464230259265, -0.5050624529140418]], [[77.16666666666667], [-0.0072637464230259265, -0.5050624529140418]], [[77.16666666666667], [-0.0072637464230259265, -0.5050624529140418]], [[253.66666666666666], [-0.5006642142931621, -0.2132469529740548]], [[77.16666666666667], [-0.0072637464230259265, -0.5050624529140418]], [[77.16666666666667], [-0.0072637464230259265, -0.5050624529140418]], [[77.16666666666667], [-0.0072637464230259265, -0.5050624529140418]], [[77.16666666666667], [-0.0072637464230259265, -0.5050624529140418]], [[77.16666666666667], [-0.0072637464230259265, -0.5050624529140418]], [[77.16666666666667], [-0.0072637464230259265, -0.5050624529140418]], [[10.0], [-0.03209785247842471, 0.6141351740896417]], [[77.16666666666667], [-0.0072637464230259265, -0.5050624529140418]], [[77.16666666666667], [-0.0072637464230259265, -0.5050624529140418]], [[77.16666666666667], [-0.0072637464230259265, -0.5050624529140418]], [[77.16666666666667], [-0.0072637464230259265, -0.5050624529140418]], [[9.333333333333334], [-0.03209785247842471, 0.6141351740896417]], [[77.16666666666667], [-0.0072637464230259265, -0.5050624529140418]], [[77.16666666666667], [-0.0072637464230259265, -0.5050624529140418]], [[77.16666666666667], [-0.0072637464230259265, -0.5050624529140418]], [[77.16666666666667], [-0.0072637464230259265, -0.5050624529140418]], [[77.16666666666667], [-0.0072637464230259265, -0.5050624529140418]], [[10.0], [-0.03209785247842471, 0.6141351740896417]], [[77.16666666666667], [-0.0072637464230259265, -0.5050624529140418]], [[77.16666666666667], [-0.0072637464230259265, -0.5050624529140418]], [[77.16666666666667], [-0.0072637464230259265, -0.5050624529140418]], [[77.16666666666667], [-0.0072637464230259265, -0.5050624529140418]], [[77.16666666666667], [-0.0072637464230259265, -0.5050624529140418]], [[77.16666666666667], [-0.0072637464230259265, -0.5050624529140418]], [[77.16666666666667], [-0.0072637464230259265, -0.5050624529140418]], [[77.16666666666667], [-0.0072637464230259265, -0.5050624529140418]], [[77.16666666666667], [-0.0072637464230259265, -0.5050624529140418]]], "101": [[[492.6666666666667], [-0.05143571334580581, 0.35669882759523164]], [[492.6666666666667], [-0.05143571334580581, 0.35669882759523164]], [[492.6666666666667], [-0.05143571334580581, 0.35669882759523164]], [[492.6666666666667], [-0.05143571334580581, 0.35669882759523164]], [[492.6666666666667], [-0.05143571334580581, 0.35669882759523164]], [[249.33333333333334], [0.5020234982172649, 0.5181467062548587]], [[492.6666666666667], [-0.05143571334580581, 0.35669882759523164]], [[492.6666666666667], [-0.05143571334580581, 0.35669882759523164]], [[492.6666666666667], [-0.05143571334580581, 0.35669882759523164]], [[9.833333333333334], [0.0339663897951444, -0.5452829328450289]], [[492.6666666666667], [-0.05143571334580581, 0.35669882759523164]], [[492.6666666666667], [-0.05143571334580581, 0.35669882759523164]], [[492.6666666666667], [-0.05143571334580581, 0.35669882759523164]], [[492.6666666666667], [-0.05143571334580581, 0.35669882759523164]], [[492.6666666666667], [-0.05143571334580581, 0.35669882759523164]], [[492.6666666666667], [-0.05143571334580581, 0.35669882759523164]], [[9.666666666666666], [0.0339663897951444, -0.5452829328450289]], [[492.6666666666667], [-0.05143571334580581, 0.35669882759523164]], [[492.6666666666667], [-0.05143571334580581, 0.35669882759523164]], [[492.6666666666667], [-0.05143571334580581, 0.35669882759523164]], [[492.6666666666667], [-0.05143571334580581, 0.35669882759523164]], [[492.6666666666667], [-0.05143571334580581, 0.35669882759523164]], [[492.6666666666667], [-0.05143571334580581, 0.35669882759523164]], [[492.6666666666667], [-0.05143571334580581, 0.35669882759523164]], [[492.6666666666667], [-0.05143571334580581, 0.35669882759523164]], [[492.6666666666667], [-0.05143571334580581, 0.35669882759523164]], [[65.0], [0.03630500597258409, 0.5248361155747227]], [[492.6666666666667], [-0.05143571334580581, 0.35669882759523164]], [[492.6666666666667], [-0.05143571334580581, 0.35669882759523164]], [[65.0], [0.03630500597258409, 0.5248361155747227]], [[49.666666666666664], [-0.037409293775757156, 0.5841023827853956]], [[492.6666666666667], [-0.05143571334580581, 0.35669882759523164]], [[492.6666666666667], [-0.05143571334580581, 0.35669882759523164]], [[492.6666666666667], [-0.05143571334580581, 0.35669882759523164]], [[492.6666666666667], [-0.05143571334580581, 0.35669882759523164]]]}, "environment": "cartpole", "algorithm": "lambda", "container": "sub_novelty", "arguments": {"cross_method": "mean", "l": 35, "m": 30, "mr": 0.09, "cr": 1.0, "mutation_sigma": 2.0, "fitness_weight": 0.5, "decay": 2.5, "ng": 20}}