{"fitness": {"101": [[[126.66666666666667], [0.40898412466049194, -0.5226275353340442]], [[126.66666666666667], [0.40898412466049194, -0.5226275353340442]], [[126.66666666666667], [0.40898412466049194, -0.5226275353340442]], [[126.66666666666667], [0.40898412466049194, -0.5226275353340442]], [[126.66666666666667], [0.40898412466049194, -0.5226275353340442]], [[126.66666666666667], [0.40898412466049194, -0.5226275353340442]], [[167.16666666666666], [0.4870534936587016, 0.5125803026286039]], [[126.66666666666667], [0.40898412466049194, -0.5226275353340442]], [[126.66666666666667], [0.40898412466049194, -0.5226275353340442]], [[126.66666666666667], [0.40898412466049194, -0.5226275353340442]], [[126.66666666666667], [0.40898412466049194, -0.5226275353340442]], [[126.66666666666667], [0.40898412466049194, -0.5226275353340442]], [[126.66666666666667], [0.40898412466049194, -0.5226275353340442]], [[126.66666666666667], [0.40898412466049194, -0.5226275353340442]], [[126.66666666666667], [0.40898412466049194, -0.5226275353340442]], [[126.66666666666667], [0.40898412466049194, -0.5226275353340442]], [[39.333333333333336], [0.014564994101723036, -0.5078947786509135]], [[126.66666666666667], [0.40898412466049194, -0.5226275353340442]], [[126.66666666666667], [0.40898412466049194, -0.5226275353340442]], [[126.66666666666667], [0.40898412466049194, -0.5226275353340442]], [[126.66666666666667], [0.40898412466049194, -0.5226275353340442]], [[126.66666666666667], [0.40898412466049194, -0.5226275353340442]], [[126.66666666666667], [0.40898412466049194, -0.5226275353340442]], [[126.66666666666667], [0.40898412466049194, -0.5226275353340442]], [[167.0], [-0.392805685599645, 0.513990137850839]], [[126.66666666666667], [0.40898412466049194, -0.5226275353340442]], [[126.66666666666667], [0.40898412466049194, -0.5226275353340442]], [[126.66666666666667], [0.40898412466049194, -0.5226275353340442]], [[126.66666666666667], [0.40898412466049194, -0.5226275353340442]], [[126.66666666666667], [0.40898412466049194, -0.5226275353340442]], [[126.66666666666667], [0.40898412466049194, -0.5226275353340442]], [[126.66666666666667], [0.40898412466049194, -0.5226275353340442]], [[126.66666666666667], [0.40898412466049194, -0.5226275353340442]], [[126.66666666666667], [0.40898412466049194, -0.5226275353340442]], [[126.66666666666667], [0.40898412466049194, -0.5226275353340442]]], "103": [[[341.1666666666667], [-0.5000218252340953, -0.37303320956572394]], [[349.5], [0.055975789825121566, 0.01836659801170301]], [[341.1666666666667], [-0.5000218252340953, -0.37303320956572394]], [[325.5], [0.49782117207845056, -0.5332927740932082]], [[458.3333333333333], [-0.4691985249519348, -0.15581673697421425]], [[9.666666666666666], [0.0339663897951444, -0.5452829328450289]], [[53.5], [0.006442895391955972, -0.5076387852572939]], [[325.5], [0.49782117207845056, -0.5332927740932082]], [[349.5], [0.055975789825121566, 0.01836659801170301]], [[53.5], [0.006442895391955972, -0.5076387852572939]], [[325.5], [0.49782117207845056, -0.5332927740932082]], [[349.5], [0.055975789825121566, 0.01836659801170301]], [[325.5], [0.49782117207845056, -0.5332927740932082]], [[325.5], [0.49782117207845056, -0.5332927740932082]], [[349.5], [0.055975789825121566, 0.01836659801170301]], [[325.5], [0.49782117207845056, -0.5332927740932082]], [[325.5], [0.49782117207845056, -0.5332927740932082]], [[325.5], [0.49782117207845056, -0.5332927740932082]], [[325.5], [0.49782117207845056, -0.5332927740932082]], [[325.5], [0.49782117207845056, -0.5332927740932082]], [[341.1666666666667], [-0.5000218252340953, -0.37303320956572394]], [[325.5], [0.49782117207845056, -0.5332927740932082]], [[325.5], [0.49782117207845056, -0.5332927740932082]], [[325.5], [0.49782117207845056, -0.5332927740932082]], [[325.5], [0.49782117207845056, -0.5332927740932082]], [[169.0], [0.3440195073684057, 0.5130085862424385]], [[325.5], [0.49782117207845056, -0.5332927740932082]], [[341.1666666666667], [-0.5000218252340953, -0.37303320956572394]], [[325.5], [0.49782117207845056, -0.5332927740932082]], [[325.5], [0.49782117207845056, -0.5332927740932082]], [[9.666666666666666], [0.0339663897951444, -0.5452829328450289]], [[325.5], [0.49782117207845056, -0.5332927740932082]], [[325.5], [0.49782117207845056, -0.5332927740932082]], [[169.0], [0.3440195073684057, 0.5130085862424385]], [[341.1666666666667], [-0.5000218252340953, -0.37303320956572394]]], "102": [[[256.8333333333333], [-0.5047557254632314, -0.3079297511201156]], [[256.8333333333333], [-0.5047557254632314, -0.3079297511201156]], [[9.666666666666666], [0.0339663897951444, -0.5452829328450289]], [[256.8333333333333], [-0.5047557254632314, -0.3079297511201156]], [[256.8333333333333], [-0.5047557254632314, -0.3079297511201156]], [[256.8333333333333], [-0.5047557254632314, -0.3079297511201156]], [[256.8333333333333], [-0.5047557254632314, -0.3079297511201156]], [[23.333333333333332], [-0.02865075133740902, 0.5831796871988397]], [[9.666666666666666], [0.0339663897951444, -0.5452829328450289]], [[256.8333333333333], [-0.5047557254632314, -0.3079297511201156]], [[256.8333333333333], [-0.5047557254632314, -0.3079297511201156]], [[500.0], [-0.004886930109933019, 0.07950729338461132]], [[256.8333333333333], [-0.5047557254632314, -0.3079297511201156]], [[256.8333333333333], [-0.5047557254632314, -0.3079297511201156]], [[256.8333333333333], [-0.5047557254632314, -0.3079297511201156]], [[500.0], [-0.004886930109933019, 0.07950729338461132]], [[256.8333333333333], [-0.5047557254632314, -0.3079297511201156]], [[256.8333333333333], [-0.5047557254632314, -0.3079297511201156]], [[256.8333333333333], [-0.5047557254632314, -0.3079297511201156]], [[256.8333333333333], [-0.5047557254632314, -0.3079297511201156]], [[16.166666666666668], [-0.03209785247842471, 0.6141351740896417]], [[23.333333333333332], [-0.02865075133740902, 0.5831796871988397]], [[425.5], [-0.00610769260674715, 0.005238353047502098]], [[256.8333333333333], [-0.5047557254632314, -0.3079297511201156]], [[256.8333333333333], [-0.5047557254632314, -0.3079297511201156]], [[256.8333333333333], [-0.5047557254632314, -0.3079297511201156]], [[256.8333333333333], [-0.5047557254632314, -0.3079297511201156]], [[256.8333333333333], [-0.5047557254632314, -0.3079297511201156]], [[500.0], [-0.004886930109933019, 0.07950729338461132]], [[256.8333333333333], [-0.5047557254632314, -0.3079297511201156]], [[500.0], [-0.004886930109933019, 0.07950729338461132]], [[256.8333333333333], [-0.5047557254632314, -0.3079297511201156]], [[256.8333333333333], [-0.5047557254632314, -0.3079297511201156]], [[256.8333333333333], [-0.5047557254632314, -0.3079297511201156]], [[256.8333333333333], [-0.5047557254632314, -0.3079297511201156]]]}, "environment": "cartpole", "algorithm": "lambda", "container": "sub_novelty", "arguments": {"cross_method": "mean", "l": 35, "m": 30, "mr": 0.09, "cr": 0.9, "mutation_sigma": 2.0, "fitness_weight": 0.5, "decay": 2.5, "ng": 20}}