{"fitness": {"101": [[[70.16666666666667], [0.1008822520573934, -0.5199647548666412]], [[70.16666666666667], [0.1008822520573934, -0.5199647548666412]], [[70.16666666666667], [0.1008822520573934, -0.5199647548666412]], [[9.333333333333334], [-0.028850405166546505, 0.5585601883071462]], [[70.16666666666667], [0.1008822520573934, -0.5199647548666412]], [[70.16666666666667], [0.1008822520573934, -0.5199647548666412]], [[70.16666666666667], [0.1008822520573934, -0.5199647548666412]], [[70.16666666666667], [0.1008822520573934, -0.5199647548666412]], [[70.16666666666667], [0.1008822520573934, -0.5199647548666412]], [[70.16666666666667], [0.1008822520573934, -0.5199647548666412]], [[70.16666666666667], [0.1008822520573934, -0.5199647548666412]], [[70.16666666666667], [0.1008822520573934, -0.5199647548666412]], [[70.16666666666667], [0.1008822520573934, -0.5199647548666412]], [[70.16666666666667], [0.1008822520573934, -0.5199647548666412]], [[70.16666666666667], [0.1008822520573934, -0.5199647548666412]], [[70.16666666666667], [0.1008822520573934, -0.5199647548666412]], [[162.0], [0.041169874990979835, -0.583896333235873]], [[70.16666666666667], [0.1008822520573934, -0.5199647548666412]], [[9.333333333333334], [-0.03047466278076172, 0.5865105601589076]], [[70.16666666666667], [0.1008822520573934, -0.5199647548666412]], [[162.0], [0.041169874990979835, -0.583896333235873]], [[70.16666666666667], [0.1008822520573934, -0.5199647548666412]], [[70.16666666666667], [0.1008822520573934, -0.5199647548666412]], [[70.16666666666667], [0.1008822520573934, -0.5199647548666412]], [[162.0], [0.041169874990979835, -0.583896333235873]], [[9.333333333333334], [-0.03209785247842471, 0.6141351740896417]], [[70.16666666666667], [0.1008822520573934, -0.5199647548666412]], [[162.0], [0.041169874990979835, -0.583896333235873]], [[70.16666666666667], [0.1008822520573934, -0.5199647548666412]], [[70.16666666666667], [0.1008822520573934, -0.5199647548666412]]], "102": [[[9.666666666666666], [0.0339663897951444, -0.5452829328450289]], [[9.666666666666666], [0.0339663897951444, -0.5452829328450289]], [[9.5], [0.0339663897951444, -0.5452829328450289]], [[9.666666666666666], [0.0339663897951444, -0.5452829328450289]], [[135.83333333333334], [-0.07238250225782394, -0.5013424029760954]], [[9.833333333333334], [-0.03209785247842471, 0.6141351740896417]], [[10.0], [-0.03209785247842471, 0.6141351740896417]], [[9.666666666666666], [0.0339663897951444, -0.5452829328450289]], [[9.666666666666666], [0.0339663897951444, -0.5452829328450289]], [[9.5], [0.0339663897951444, -0.5452829328450289]], [[9.666666666666666], [0.0339663897951444, -0.5452829328450289]], [[172.33333333333334], [0.06757923712333044, 0.5138185249561328]], [[9.5], [0.0339663897951444, -0.5452829328450289]], [[9.5], [0.0339663897951444, -0.5452829328450289]], [[9.666666666666666], [0.0339663897951444, -0.5452829328450289]], [[9.666666666666666], [0.0339663897951444, -0.5452829328450289]], [[9.833333333333334], [-0.03209785247842471, 0.6141351740896417]], [[9.333333333333334], [-0.03209785247842471, 0.6141351740896417]], [[173.33333333333334], [-0.007555718378474316, -0.011411962282072984]], [[9.666666666666666], [0.0339663897951444, -0.5452829328450289]], [[9.833333333333334], [-0.03209785247842471, 0.6141351740896417]], [[9.666666666666666], [0.0339663897951444, -0.5452829328450289]], [[9.666666666666666], [0.0339663897951444, -0.5452829328450289]], [[9.5], [0.0339663897951444, -0.5452829328450289]], [[9.5], [0.0339663897951444, -0.5452829328450289]], [[173.33333333333334], [-0.007555718378474316, -0.011411962282072984]], [[173.33333333333334], [-0.007555718378474316, -0.011411962282072984]], [[9.5], [0.0339663897951444, -0.5452829328450289]], [[9.333333333333334], [-0.03209785247842471, 0.6141351740896417]], [[9.5], [0.0339663897951444, -0.5452829328450289]]], "103": [[[326.1666666666667], [-0.3034189840157827, -0.5031527871150149]], [[326.1666666666667], [-0.3034189840157827, -0.5031527871150149]], [[326.1666666666667], [-0.3034189840157827, -0.5031527871150149]], [[326.1666666666667], [-0.3034189840157827, -0.5031527871150149]], [[9.166666666666666], [0.0339663897951444, -0.5452829328450289]], [[326.1666666666667], [-0.3034189840157827, -0.5031527871150149]], [[326.1666666666667], [-0.3034189840157827, -0.5031527871150149]], [[119.66666666666667], [-0.09543618187308311, -0.5087037548494111]], [[326.1666666666667], [-0.3034189840157827, -0.5031527871150149]], [[119.66666666666667], [-0.09543618187308311, -0.5087037548494111]], [[326.1666666666667], [-0.3034189840157827, -0.5031527871150149]], [[326.1666666666667], [-0.3034189840157827, -0.5031527871150149]], [[326.1666666666667], [-0.3034189840157827, -0.5031527871150149]], [[11.833333333333334], [0.0361859363814195, -0.601642083323173]], [[326.1666666666667], [-0.3034189840157827, -0.5031527871150149]], [[9.666666666666666], [0.0339663897951444, -0.5452829328450289]], [[110.5], [-0.09745854263504347, -0.5157248754250376]], [[326.1666666666667], [-0.3034189840157827, -0.5031527871150149]], [[358.0], [-0.460230161746343, -0.5035982890562578]], [[326.1666666666667], [-0.3034189840157827, -0.5031527871150149]], [[326.1666666666667], [-0.3034189840157827, -0.5031527871150149]], [[16.333333333333332], [0.030301626150806747, -0.5225135664050089]], [[326.1666666666667], [-0.3034189840157827, -0.5031527871150149]], [[242.0], [-0.36028504371643066, -0.503726660064533]], [[9.166666666666666], [-0.03209785247842471, 0.6141351740896417]], [[326.1666666666667], [-0.3034189840157827, -0.5031527871150149]], [[326.1666666666667], [-0.3034189840157827, -0.5031527871150149]], [[326.1666666666667], [-0.3034189840157827, -0.5031527871150149]], [[326.1666666666667], [-0.3034189840157827, -0.5031527871150149]], [[326.1666666666667], [-0.3034189840157827, -0.5031527871150149]]]}, "environment": "cartpole", "algorithm": "lambda", "container": "sub_novelty", "arguments": {"cross_method": "mean", "l": 30, "m": 25, "mr": 0.039999999999999994, "cr": 1.0, "mutation_sigma": 2.0, "fitness_weight": 0.5, "decay": 2.5, "ng": 20}}