{"fitness": {"103": [[[9.333333333333334], [-0.03209785247842471, 0.6141351740896417]], [[35.666666666666664], [0.03201759109894435, -0.5389225254788924]], [[153.16666666666666], [-0.5038816233476003, -0.326743465291256]], [[9.333333333333334], [-0.03209785247842471, 0.6141351740896417]], [[11.833333333333334], [-0.026898719370365143, 0.5370715018094442]], [[153.16666666666666], [-0.5038816233476003, -0.326743465291256]], [[9.666666666666666], [0.0339663897951444, -0.5452829328450289]], [[153.16666666666666], [-0.5038816233476003, -0.326743465291256]], [[153.16666666666666], [-0.5038816233476003, -0.326743465291256]], [[153.16666666666666], [-0.5038816233476003, -0.326743465291256]], [[153.16666666666666], [-0.5038816233476003, -0.326743465291256]], [[153.16666666666666], [-0.5038816233476003, -0.326743465291256]], [[15.5], [-0.022783960836629074, 0.5085974860419498]], [[9.333333333333334], [-0.03209785247842471, 0.6141351740896417]], [[153.16666666666666], [-0.5038816233476003, -0.326743465291256]], [[153.16666666666666], [-0.5038816233476003, -0.326743465291256]], [[9.333333333333334], [-0.03209785247842471, 0.6141351740896417]], [[14.666666666666666], [0.028737777223189674, -0.510516491803256]], [[153.16666666666666], [-0.5038816233476003, -0.326743465291256]], [[153.16666666666666], [-0.5038816233476003, -0.326743465291256]], [[153.16666666666666], [-0.5038816233476003, -0.326743465291256]], [[9.333333333333334], [-0.03209785247842471, 0.6141351740896417]], [[9.666666666666666], [0.0339663897951444, -0.5452829328450289]], [[153.16666666666666], [-0.5038816233476003, -0.326743465291256]], [[153.16666666666666], [-0.5038816233476003, -0.326743465291256]], [[153.16666666666666], [-0.5038816233476003, -0.326743465291256]], [[153.16666666666666], [-0.5038816233476003, -0.326743465291256]], [[153.16666666666666], [-0.5038816233476003, -0.326743465291256]], [[9.333333333333334], [-0.03209785247842471, 0.6141351740896417]], [[153.16666666666666], [-0.5038816233476003, -0.326743465291256]]], "101": [[[365.8333333333333], [-0.05912315100431442, -0.0007775712855222622]], [[365.8333333333333], [-0.05912315100431442, -0.0007775712855222622]], [[12.166666666666666], [0.030963088696201645, -0.5324452616381303]], [[9.666666666666666], [0.0339663897951444, -0.5452829328450289]], [[365.8333333333333], [-0.05912315100431442, -0.0007775712855222622]], [[365.8333333333333], [-0.05912315100431442, -0.0007775712855222622]], [[365.8333333333333], [-0.05912315100431442, -0.0007775712855222622]], [[365.8333333333333], [-0.05912315100431442, -0.0007775712855222622]], [[12.166666666666666], [0.030963088696201645, -0.5324452616381303]], [[9.166666666666666], [0.0339663897951444, -0.5452829328450289]], [[365.8333333333333], [-0.05912315100431442, -0.0007775712855222622]], [[365.8333333333333], [-0.05912315100431442, -0.0007775712855222622]], [[365.8333333333333], [-0.05912315100431442, -0.0007775712855222622]], [[15.5], [0.027838532502452534, -0.5091158539484563]], [[9.333333333333334], [0.0339663897951444, -0.5452829328450289]], [[55.333333333333336], [-0.015532860221962135, -0.5165837598189212]], [[9.0], [0.0339663897951444, -0.5452829328450289]], [[365.8333333333333], [-0.05912315100431442, -0.0007775712855222622]], [[365.8333333333333], [-0.05912315100431442, -0.0007775712855222622]], [[116.5], [0.17834027608235678, -0.5068243904547258]], [[15.5], [0.027838532502452534, -0.5091158539484563]], [[365.8333333333333], [-0.05912315100431442, -0.0007775712855222622]], [[365.8333333333333], [-0.05912315100431442, -0.0007775712855222622]], [[9.666666666666666], [0.0339663897951444, -0.5452829328450289]], [[365.8333333333333], [-0.05912315100431442, -0.0007775712855222622]], [[365.8333333333333], [-0.05912315100431442, -0.0007775712855222622]], [[365.8333333333333], [-0.05912315100431442, -0.0007775712855222622]], [[365.8333333333333], [-0.05912315100431442, -0.0007775712855222622]], [[365.8333333333333], [-0.05912315100431442, -0.0007775712855222622]], [[9.333333333333334], [0.0339663897951444, -0.5452829328450289]]], "102": [[[81.16666666666667], [-0.3451386590798696, -0.5701579260483883]], [[41.666666666666664], [0.0007353760399079572, 0.5174912690545954]], [[149.16666666666666], [0.198434516787529, 0.5027903466703789]], [[149.16666666666666], [0.198434516787529, 0.5027903466703789]], [[81.16666666666667], [-0.3451386590798696, -0.5701579260483883]], [[9.666666666666666], [0.0339663897951444, -0.5452829328450289]], [[81.16666666666667], [-0.3451386590798696, -0.5701579260483883]], [[81.16666666666667], [-0.3451386590798696, -0.5701579260483883]], [[81.16666666666667], [-0.3451386590798696, -0.5701579260483883]], [[81.16666666666667], [-0.3451386590798696, -0.5701579260483883]], [[24.5], [0.024266142087678116, -0.5097569960156126]], [[81.16666666666667], [-0.3451386590798696, -0.5701579260483883]], [[81.16666666666667], [-0.3451386590798696, -0.5701579260483883]], [[81.16666666666667], [-0.3451386590798696, -0.5701579260483883]], [[24.5], [0.024266142087678116, -0.5097569960156126]], [[81.16666666666667], [-0.3451386590798696, -0.5701579260483883]], [[81.16666666666667], [-0.3451386590798696, -0.5701579260483883]], [[149.16666666666666], [0.198434516787529, 0.5027903466703789]], [[149.16666666666666], [0.198434516787529, 0.5027903466703789]], [[149.16666666666666], [0.198434516787529, 0.5027903466703789]], [[81.16666666666667], [-0.3451386590798696, -0.5701579260483883]], [[12.5], [0.030458802357316017, -0.5283979921820061]], [[38.5], [0.0003081379933670784, 0.502331013029272]], [[9.833333333333334], [-0.029006395488977432, 0.564044136464881]], [[64.5], [0.06053125485777855, 0.5099585894762614]], [[81.16666666666667], [-0.3451386590798696, -0.5701579260483883]], [[149.16666666666666], [0.198434516787529, 0.5027903466703789]], [[9.666666666666666], [0.0339663897951444, -0.5452829328450289]], [[149.16666666666666], [0.198434516787529, 0.5027903466703789]], [[81.16666666666667], [-0.3451386590798696, -0.5701579260483883]]]}, "environment": "cartpole", "algorithm": "lambda", "container": "sub_novelty", "arguments": {"cross_method": "mean", "l": 30, "m": 35, "mr": 0.14, "cr": 1.0, "mutation_sigma": 2.0, "fitness_weight": 0.5, "decay": 2.5, "ng": 20}}