{"fitness": {"103": [[[299.8333333333333], [-0.4334762692451477, -0.5061517705757652]], [[299.8333333333333], [-0.4334762692451477, -0.5061517705757652]], [[9.166666666666666], [-0.03209785247842471, 0.6141351740896417]], [[299.8333333333333], [-0.4334762692451477, -0.5061517705757652]], [[299.8333333333333], [-0.4334762692451477, -0.5061517705757652]], [[9.166666666666666], [-0.03209785247842471, 0.6141351740896417]], [[299.8333333333333], [-0.4334762692451477, -0.5061517705757652]], [[299.8333333333333], [-0.4334762692451477, -0.5061517705757652]], [[9.166666666666666], [-0.03209785247842471, 0.6141351740896417]], [[9.333333333333334], [-0.03209785247842471, 0.6141351740896417]], [[299.8333333333333], [-0.4334762692451477, -0.5061517705757652]], [[299.8333333333333], [-0.4334762692451477, -0.5061517705757652]], [[9.0], [0.0339663897951444, -0.5452829328450289]], [[299.8333333333333], [-0.4334762692451477, -0.5061517705757652]], [[37.5], [0.01753926742821932, -0.5135609273705186]], [[299.8333333333333], [-0.4334762692451477, -0.5061517705757652]], [[299.8333333333333], [-0.4334762692451477, -0.5061517705757652]], [[9.166666666666666], [-0.03209785247842471, 0.6141351740896417]], [[299.8333333333333], [-0.4334762692451477, -0.5061517705757652]], [[299.8333333333333], [-0.4334762692451477, -0.5061517705757652]], [[9.333333333333334], [-0.03209785247842471, 0.6141351740896417]], [[299.8333333333333], [-0.4334762692451477, -0.5061517705757652]], [[299.8333333333333], [-0.4334762692451477, -0.5061517705757652]], [[299.8333333333333], [-0.4334762692451477, -0.5061517705757652]], [[299.8333333333333], [-0.4334762692451477, -0.5061517705757652]], [[27.833333333333332], [0.014564994101723036, -0.5078947786509135]], [[299.8333333333333], [-0.4334762692451477, -0.5061517705757652]], [[299.8333333333333], [-0.4334762692451477, -0.5061517705757652]], [[9.666666666666666], [0.0339663897951444, -0.5452829328450289]], [[9.166666666666666], [-0.03209785247842471, 0.6141351740896417]]], "101": [[[9.666666666666666], [0.0339663897951444, -0.5452829328450289]], [[353.3333333333333], [-0.028728867570559185, -0.022355747814668994]], [[9.666666666666666], [0.0339663897951444, -0.5452829328450289]], [[9.666666666666666], [0.0339663897951444, -0.5452829328450289]], [[353.3333333333333], [-0.028728867570559185, -0.022355747814668994]], [[353.3333333333333], [-0.028728867570559185, -0.022355747814668994]], [[35.666666666666664], [-0.009916150787224373, -0.5118610898843793]], [[353.3333333333333], [-0.028728867570559185, -0.022355747814668994]], [[353.3333333333333], [-0.028728867570559185, -0.022355747814668994]], [[353.3333333333333], [-0.028728867570559185, -0.022355747814668994]], [[353.3333333333333], [-0.028728867570559185, -0.022355747814668994]], [[10.666666666666666], [0.033058884243170425, -0.542207375953072]], [[35.666666666666664], [-0.009916150787224373, -0.5118610898843793]], [[9.333333333333334], [-0.03209785247842471, 0.6141351740896417]], [[54.333333333333336], [-0.015988290930787723, -0.5097227019556402]], [[353.3333333333333], [-0.028728867570559185, -0.022355747814668994]], [[10.666666666666666], [0.033058884243170425, -0.542207375953072]], [[9.666666666666666], [0.0339663897951444, -0.5452829328450289]], [[9.666666666666666], [0.0339663897951444, -0.5452829328450289]], [[353.3333333333333], [-0.028728867570559185, -0.022355747814668994]], [[135.33333333333334], [0.5032082398732504, -0.21777175473824642]], [[35.666666666666664], [-0.009916150787224373, -0.5118610898843793]], [[10.0], [-0.03047466278076172, 0.5865105601589076]], [[353.3333333333333], [-0.028728867570559185, -0.022355747814668994]], [[9.666666666666666], [0.0339663897951444, -0.5452829328450289]], [[9.666666666666666], [0.0339663897951444, -0.5452829328450289]], [[10.0], [-0.03047466278076172, 0.5865105601589076]], [[353.3333333333333], [-0.028728867570559185, -0.022355747814668994]], [[10.0], [-0.03047466278076172, 0.5865105601589076]], [[10.0], [-0.03047466278076172, 0.5865105601589076]]], "102": [[[77.5], [0.06067291523019473, 0.5084591690433082]], [[77.5], [0.06067291523019473, 0.5084591690433082]], [[9.333333333333334], [-0.03209785247842471, 0.6141351740896417]], [[38.0], [0.022115569251279037, -0.5211144614447818]], [[9.666666666666666], [0.0339663897951444, -0.5452829328450289]], [[9.666666666666666], [0.0339663897951444, -0.5452829328450289]], [[22.666666666666668], [-0.01780328806489706, 0.5073031882920334]], [[9.666666666666666], [0.0339663897951444, -0.5452829328450289]], [[9.666666666666666], [0.0339663897951444, -0.5452829328450289]], [[12.333333333333334], [-0.06080531825621923, 0.653921131882371]], [[77.5], [0.06067291523019473, 0.5084591690433082]], [[9.333333333333334], [-0.03209785247842471, 0.6141351740896417]], [[9.666666666666666], [0.0339663897951444, -0.5452829328450289]], [[77.5], [0.06067291523019473, 0.5084591690433082]], [[38.0], [0.022115569251279037, -0.5211144614447818]], [[9.666666666666666], [0.0339663897951444, -0.5452829328450289]], [[54.5], [0.013495772145688534, -0.5322088037381332]], [[9.333333333333334], [-0.03209785247842471, 0.6141351740896417]], [[12.333333333333334], [-0.06080531825621923, 0.653921131882371]], [[38.0], [0.022115569251279037, -0.5211144614447818]], [[38.0], [0.022115569251279037, -0.5211144614447818]], [[77.5], [0.06067291523019473, 0.5084591690433082]], [[9.666666666666666], [0.0339663897951444, -0.5452829328450289]], [[77.5], [0.06067291523019473, 0.5084591690433082]], [[9.666666666666666], [0.0339663897951444, -0.5452829328450289]], [[38.0], [0.022115569251279037, -0.5211144614447818]], [[77.5], [0.06067291523019473, 0.5084591690433082]], [[77.5], [0.06067291523019473, 0.5084591690433082]], [[9.666666666666666], [0.0339663897951444, -0.5452829328450289]], [[9.666666666666666], [0.0339663897951444, -0.5452829328450289]]]}, "environment": "cartpole", "algorithm": "lambda", "container": "sub_novelty", "arguments": {"cross_method": "mean", "l": 30, "m": 35, "mr": 0.09, "cr": 1.0, "mutation_sigma": 2.0, "fitness_weight": 0.5, "decay": 2.5, "ng": 20}}