{"fitness": {"103": [[[326.1666666666667], [-0.3034189840157827, -0.5031527871150149]], [[38.5], [0.004791793568680684, -0.5076665199544441]], [[220.33333333333334], [-0.5109913647174835, 0.25715577331456274]], [[326.1666666666667], [-0.3034189840157827, -0.5031527871150149]], [[326.1666666666667], [-0.3034189840157827, -0.5031527871150149]], [[326.1666666666667], [-0.3034189840157827, -0.5031527871150149]], [[38.333333333333336], [0.07681474089622498, -0.6309371958509017]], [[326.1666666666667], [-0.3034189840157827, -0.5031527871150149]], [[326.1666666666667], [-0.3034189840157827, -0.5031527871150149]], [[326.1666666666667], [-0.3034189840157827, -0.5031527871150149]], [[326.1666666666667], [-0.3034189840157827, -0.5031527871150149]], [[220.33333333333334], [-0.5109913647174835, 0.25715577331456274]], [[115.5], [0.14730042467514676, 0.512472108790749]], [[220.33333333333334], [-0.5109913647174835, 0.25715577331456274]], [[326.1666666666667], [-0.3034189840157827, -0.5031527871150149]], [[326.1666666666667], [-0.3034189840157827, -0.5031527871150149]], [[326.1666666666667], [-0.3034189840157827, -0.5031527871150149]], [[220.33333333333334], [-0.5109913647174835, 0.25715577331456274]], [[326.1666666666667], [-0.3034189840157827, -0.5031527871150149]], [[326.1666666666667], [-0.3034189840157827, -0.5031527871150149]], [[326.1666666666667], [-0.3034189840157827, -0.5031527871150149]], [[326.1666666666667], [-0.3034189840157827, -0.5031527871150149]], [[326.1666666666667], [-0.3034189840157827, -0.5031527871150149]], [[326.1666666666667], [-0.3034189840157827, -0.5031527871150149]], [[220.33333333333334], [-0.5109913647174835, 0.25715577331456274]], [[148.5], [-0.08387409150600433, -0.5112116416675623]], [[220.33333333333334], [-0.5109913647174835, 0.25715577331456274]], [[186.16666666666666], [-0.18921837210655212, -0.5159266471292414]], [[115.5], [0.14730042467514676, 0.512472108790749]], [[326.1666666666667], [-0.3034189840157827, -0.5031527871150149]]], "101": [[[375.6666666666667], [-0.504963497320811, 0.36598870343568796]], [[375.6666666666667], [-0.504963497320811, 0.36598870343568796]], [[61.0], [-0.031675671537717186, 0.5713860241419961]], [[375.6666666666667], [-0.504963497320811, 0.36598870343568796]], [[65.5], [-0.031406491373976074, -0.5101972932450509]], [[375.6666666666667], [-0.504963497320811, 0.36598870343568796]], [[375.6666666666667], [-0.504963497320811, 0.36598870343568796]], [[174.66666666666666], [-0.19370269030332565, -0.5014307404819288]], [[375.6666666666667], [-0.504963497320811, 0.36598870343568796]], [[375.6666666666667], [-0.504963497320811, 0.36598870343568796]], [[375.6666666666667], [-0.504963497320811, 0.36598870343568796]], [[375.6666666666667], [-0.504963497320811, 0.36598870343568796]], [[375.6666666666667], [-0.504963497320811, 0.36598870343568796]], [[375.6666666666667], [-0.504963497320811, 0.36598870343568796]], [[174.66666666666666], [-0.19370269030332565, -0.5014307404819288]], [[375.6666666666667], [-0.504963497320811, 0.36598870343568796]], [[375.6666666666667], [-0.504963497320811, 0.36598870343568796]], [[375.6666666666667], [-0.504963497320811, 0.36598870343568796]], [[375.6666666666667], [-0.504963497320811, 0.36598870343568796]], [[375.6666666666667], [-0.504963497320811, 0.36598870343568796]], [[375.6666666666667], [-0.504963497320811, 0.36598870343568796]], [[174.66666666666666], [-0.19370269030332565, -0.5014307404819288]], [[375.6666666666667], [-0.504963497320811, 0.36598870343568796]], [[375.6666666666667], [-0.504963497320811, 0.36598870343568796]], [[375.6666666666667], [-0.504963497320811, 0.36598870343568796]], [[375.6666666666667], [-0.504963497320811, 0.36598870343568796]], [[375.6666666666667], [-0.504963497320811, 0.36598870343568796]], [[375.6666666666667], [-0.504963497320811, 0.36598870343568796]], [[312.3333333333333], [-0.05791085461775462, 0.5028904482508391]], [[127.0], [-0.17099926869074505, -0.5033094275511053]]], "102": [[[251.33333333333334], [0.35078582664330804, 0.515081202299401]], [[59.166666666666664], [0.018367338925600052, 0.5052871467394122]], [[251.33333333333334], [0.35078582664330804, 0.515081202299401]], [[251.33333333333334], [0.35078582664330804, 0.515081202299401]], [[94.33333333333333], [0.17039292802413306, 0.5081177969868674]], [[251.33333333333334], [0.35078582664330804, 0.515081202299401]], [[251.33333333333334], [0.35078582664330804, 0.515081202299401]], [[9.833333333333334], [-0.03209785247842471, 0.6141351740896417]], [[10.0], [-0.03209785247842471, 0.6141351740896417]], [[251.33333333333334], [0.35078582664330804, 0.515081202299401]], [[9.833333333333334], [-0.03209785247842471, 0.6141351740896417]], [[251.33333333333334], [0.35078582664330804, 0.515081202299401]], [[251.33333333333334], [0.35078582664330804, 0.515081202299401]], [[251.33333333333334], [0.35078582664330804, 0.515081202299401]], [[251.33333333333334], [0.35078582664330804, 0.515081202299401]], [[251.33333333333334], [0.35078582664330804, 0.515081202299401]], [[251.33333333333334], [0.35078582664330804, 0.515081202299401]], [[251.33333333333334], [0.35078582664330804, 0.515081202299401]], [[9.833333333333334], [-0.03209785247842471, 0.6141351740896417]], [[153.0], [-0.41934380928675336, 0.5053687466388684]], [[251.33333333333334], [0.35078582664330804, 0.515081202299401]], [[251.33333333333334], [0.35078582664330804, 0.515081202299401]], [[251.33333333333334], [0.35078582664330804, 0.515081202299401]], [[251.33333333333334], [0.35078582664330804, 0.515081202299401]], [[251.33333333333334], [0.35078582664330804, 0.515081202299401]], [[251.33333333333334], [0.35078582664330804, 0.515081202299401]], [[251.33333333333334], [0.35078582664330804, 0.515081202299401]], [[9.833333333333334], [-0.03209785247842471, 0.6141351740896417]], [[33.166666666666664], [0.022854978839556377, -0.55141918111646]], [[9.166666666666666], [-0.03209785247842471, 0.6141351740896417]]]}, "environment": "cartpole", "algorithm": "lambda", "container": "sub_novelty", "arguments": {"cross_method": "mean", "l": 30, "m": 30, "mr": 0.09, "cr": 0.9, "mutation_sigma": 2.0, "fitness_weight": 0.5, "decay": 2.5, "ng": 20}}