{"fitness": {"101": [[[9.666666666666666], [0.0339663897951444, -0.5452829328450289]], [[428.6666666666667], [-0.025778310373425484, -0.001997478878900908]], [[428.6666666666667], [-0.025778310373425484, -0.001997478878900908]], [[428.6666666666667], [-0.025778310373425484, -0.001997478878900908]], [[492.1666666666667], [0.39684928953647614, 0.04430627227542503]], [[22.166666666666668], [0.022830607679982982, -0.5450334988142315]], [[428.6666666666667], [-0.025778310373425484, -0.001997478878900908]], [[9.833333333333334], [0.0339663897951444, -0.5452829328450289]], [[9.666666666666666], [0.0339663897951444, -0.5452829328450289]], [[428.6666666666667], [-0.025778310373425484, -0.001997478878900908]], [[428.6666666666667], [-0.025778310373425484, -0.001997478878900908]], [[428.6666666666667], [-0.025778310373425484, -0.001997478878900908]], [[428.6666666666667], [-0.025778310373425484, -0.001997478878900908]], [[9.666666666666666], [0.0339663897951444, -0.5452829328450289]], [[428.6666666666667], [-0.025778310373425484, -0.001997478878900908]], [[10.0], [0.0339663897951444, -0.5452829328450289]], [[428.6666666666667], [-0.025778310373425484, -0.001997478878900908]], [[428.6666666666667], [-0.025778310373425484, -0.001997478878900908]], [[55.833333333333336], [-0.02222309975574414, -0.5094300260384117]], [[10.5], [0.034682611003518105, -0.5700561846272227]], [[10.0], [0.0339663897951444, -0.5452829328450289]], [[428.6666666666667], [-0.025778310373425484, -0.001997478878900908]], [[428.6666666666667], [-0.025778310373425484, -0.001997478878900908]], [[9.833333333333334], [0.0339663897951444, -0.5452829328450289]], [[428.6666666666667], [-0.025778310373425484, -0.001997478878900908]], [[428.6666666666667], [-0.025778310373425484, -0.001997478878900908]], [[428.6666666666667], [-0.025778310373425484, -0.001997478878900908]], [[428.6666666666667], [-0.025778310373425484, -0.001997478878900908]], [[9.833333333333334], [0.0339663897951444, -0.5452829328450289]], [[428.6666666666667], [-0.025778310373425484, -0.001997478878900908]]], "102": [[[10.666666666666666], [-0.02575837541371584, 0.5082547236857803]], [[105.5], [0.3057069083054861, -0.530548037239239]], [[155.16666666666666], [-0.09265447035431862, -0.5081795405543021]], [[105.5], [0.3057069083054861, -0.530548037239239]], [[105.5], [0.3057069083054861, -0.530548037239239]], [[105.5], [0.3057069083054861, -0.530548037239239]], [[105.5], [0.3057069083054861, -0.530548037239239]], [[9.666666666666666], [0.0339663897951444, -0.5452829328450289]], [[105.5], [0.3057069083054861, -0.530548037239239]], [[9.666666666666666], [0.0339663897951444, -0.5452829328450289]], [[9.666666666666666], [0.0339663897951444, -0.5452829328450289]], [[105.5], [0.3057069083054861, -0.530548037239239]], [[9.666666666666666], [0.0339663897951444, -0.5452829328450289]], [[155.16666666666666], [-0.09265447035431862, -0.5081795405543021]], [[9.333333333333334], [-0.03209785247842471, 0.6141351740896417]], [[10.666666666666666], [0.03630537539720535, -0.597622548564199]], [[105.5], [0.3057069083054861, -0.530548037239239]], [[9.333333333333334], [-0.03209785247842471, 0.6141351740896417]], [[9.666666666666666], [0.0339663897951444, -0.5452829328450289]], [[105.5], [0.3057069083054861, -0.530548037239239]], [[10.666666666666666], [0.03630537539720535, -0.597622548564199]], [[9.666666666666666], [0.0339663897951444, -0.5452829328450289]], [[9.333333333333334], [-0.03209785247842471, 0.6141351740896417]], [[105.5], [0.3057069083054861, -0.530548037239239]], [[9.666666666666666], [0.0339663897951444, -0.5452829328450289]], [[9.666666666666666], [0.0339663897951444, -0.5452829328450289]], [[9.333333333333334], [-0.03209785247842471, 0.6141351740896417]], [[9.333333333333334], [-0.03209785247842471, 0.6141351740896417]], [[105.5], [0.3057069083054861, -0.530548037239239]], [[9.666666666666666], [0.0339663897951444, -0.5452829328450289]]], "103": [[[247.0], [0.3960275650024414, 0.5200197608276989]], [[74.5], [-0.026898238187034927, -0.5057847670961225]], [[326.1666666666667], [-0.3034189840157827, -0.5031527871150149]], [[9.166666666666666], [0.0339663897951444, -0.5452829328450289]], [[9.166666666666666], [-0.03209785247842471, 0.6141351740896417]], [[247.0], [0.3960275650024414, 0.5200197608276989]], [[326.1666666666667], [-0.3034189840157827, -0.5031527871150149]], [[326.1666666666667], [-0.3034189840157827, -0.5031527871150149]], [[247.0], [0.3960275650024414, 0.5200197608276989]], [[326.1666666666667], [-0.3034189840157827, -0.5031527871150149]], [[247.0], [0.3960275650024414, 0.5200197608276989]], [[326.1666666666667], [-0.3034189840157827, -0.5031527871150149]], [[247.0], [0.3960275650024414, 0.5200197608276989]], [[326.1666666666667], [-0.3034189840157827, -0.5031527871150149]], [[326.1666666666667], [-0.3034189840157827, -0.5031527871150149]], [[326.1666666666667], [-0.3034189840157827, -0.5031527871150149]], [[326.1666666666667], [-0.3034189840157827, -0.5031527871150149]], [[326.1666666666667], [-0.3034189840157827, -0.5031527871150149]], [[326.1666666666667], [-0.3034189840157827, -0.5031527871150149]], [[326.1666666666667], [-0.3034189840157827, -0.5031527871150149]], [[326.1666666666667], [-0.3034189840157827, -0.5031527871150149]], [[9.5], [-0.03209785247842471, 0.6141351740896417]], [[247.0], [0.3960275650024414, 0.5200197608276989]], [[326.1666666666667], [-0.3034189840157827, -0.5031527871150149]], [[326.1666666666667], [-0.3034189840157827, -0.5031527871150149]], [[9.833333333333334], [0.0339663897951444, -0.5452829328450289]], [[326.1666666666667], [-0.3034189840157827, -0.5031527871150149]], [[9.666666666666666], [0.0339663897951444, -0.5452829328450289]], [[326.1666666666667], [-0.3034189840157827, -0.5031527871150149]], [[247.0], [0.3960275650024414, 0.5200197608276989]]]}, "environment": "cartpole", "algorithm": "lambda", "container": "sub_novelty", "arguments": {"cross_method": "mean", "l": 30, "m": 30, "mr": 0.14, "cr": 1.0, "mutation_sigma": 2.0, "fitness_weight": 0.5, "decay": 2.5, "ng": 20}}