{"102": [[[229.33333333333334], [0.5054991940657299, 0.19882786929892582]], [[334.8333333333333], [-0.5037955443064372, -0.18359950641125583]], [[334.8333333333333], [-0.5037955443064372, -0.18359950641125583]], [[229.33333333333334], [0.5054991940657299, 0.19882786929892582]], [[229.33333333333334], [0.5054991940657299, 0.19882786929892582]], [[19.0], [-0.020306886484225593, 0.5114084938496494]], [[334.8333333333333], [-0.5037955443064372, -0.18359950641125583]], [[334.8333333333333], [-0.5037955443064372, -0.18359950641125583]], [[334.8333333333333], [-0.5037955443064372, -0.18359950641125583]], [[9.666666666666666], [0.0339663897951444, -0.5452829328450289]], [[9.666666666666666], [0.0339663897951444, -0.5452829328450289]], [[13.666666666666666], [-0.025784879301985107, 0.5357713933196364]], [[19.0], [-0.020306886484225593, 0.5114084938496494]], [[229.33333333333334], [0.5054991940657299, 0.19882786929892582]], [[229.33333333333334], [0.5054991940657299, 0.19882786929892582]], [[9.666666666666666], [0.0339663897951444, -0.5452829328450289]], [[334.8333333333333], [-0.5037955443064372, -0.18359950641125583]], [[229.33333333333334], [0.5054991940657299, 0.19882786929892582]], [[229.33333333333334], [0.5054991940657299, 0.19882786929892582]], [[229.33333333333334], [0.5054991940657299, 0.19882786929892582]]], "101": [[[95.66666666666667], [-0.04879949303964774, -0.5067484587003169]], [[322.6666666666667], [0.4867325723171234, 0.5249909379265525]], [[322.6666666666667], [0.4867325723171234, 0.5249909379265525]], [[322.6666666666667], [0.4867325723171234, 0.5249909379265525]], [[322.6666666666667], [0.4867325723171234, 0.5249909379265525]], [[322.6666666666667], [0.4867325723171234, 0.5249909379265525]], [[322.6666666666667], [0.4867325723171234, 0.5249909379265525]], [[322.6666666666667], [0.4867325723171234, 0.5249909379265525]], [[23.833333333333332], [-0.015851669013500214, 0.5202180033095145]], [[322.6666666666667], [0.4867325723171234, 0.5249909379265525]], [[322.6666666666667], [0.4867325723171234, 0.5249909379265525]], [[22.5], [0.02006565065433582, -0.5086908143673217]], [[322.6666666666667], [0.4867325723171234, 0.5249909379265525]], [[322.6666666666667], [0.4867325723171234, 0.5249909379265525]], [[21.0], [-0.019177364495893322, 0.5058336771276009]], [[35.666666666666664], [-0.062025412917137146, -0.5016337598910172]], [[322.6666666666667], [0.4867325723171234, 0.5249909379265525]], [[95.66666666666667], [-0.04879949303964774, -0.5067484587003169]], [[95.66666666666667], [-0.04879949303964774, -0.5067484587003169]], [[322.6666666666667], [0.4867325723171234, 0.5249909379265525]]], "103": [[[30.166666666666668], [-0.016880560045440994, 0.5254440686919473]], [[500.0], [-0.10008652384082477, 0.010915747821402323]], [[500.0], [-0.10008652384082477, 0.010915747821402323]], [[500.0], [-0.10008652384082477, 0.010915747821402323]], [[37.333333333333336], [0.024266142087678116, -0.5097569960156126]], [[500.0], [-0.10008652384082477, 0.010915747821402323]], [[500.0], [-0.10008652384082477, 0.010915747821402323]], [[500.0], [-0.10008652384082477, 0.010915747821402323]], [[500.0], [-0.10008652384082477, 0.010915747821402323]], [[27.5], [0.022605792619287968, -0.5074954417904028]], [[500.0], [-0.10008652384082477, 0.010915747821402323]], [[500.0], [-0.10008652384082477, 0.010915747821402323]], [[132.16666666666666], [-0.06312364091475806, -0.529489627009944]], [[132.16666666666666], [-0.06312364091475806, -0.529489627009944]], [[37.333333333333336], [0.024266142087678116, -0.5097569960156126]], [[98.16666666666667], [0.05086193482081096, 0.5037166427767448]], [[500.0], [-0.10008652384082477, 0.010915747821402323]], [[132.16666666666666], [-0.06312364091475806, -0.529489627009944]], [[500.0], [-0.10008652384082477, 0.010915747821402323]], [[500.0], [-0.10008652384082477, 0.010915747821402323]]]}