{"103": [[[500.0], [-0.06675732011596362, 0.013643805534716998]], [[500.0], [-0.06675732011596362, 0.013643805534716998]], [[500.0], [-0.06675732011596362, 0.013643805534716998]], [[500.0], [-0.06675732011596362, 0.013643805534716998]], [[500.0], [-0.06675732011596362, 0.013643805534716998]], [[500.0], [-0.06675732011596362, 0.013643805534716998]], [[500.0], [-0.06675732011596362, 0.013643805534716998]], [[23.0], [-0.01780328806489706, 0.5073031882920334]], [[500.0], [-0.06675732011596362, 0.013643805534716998]], [[500.0], [-0.06675732011596362, 0.013643805534716998]], [[500.0], [-0.06675732011596362, 0.013643805534716998]], [[500.0], [-0.06675732011596362, 0.013643805534716998]], [[500.0], [-0.06675732011596362, 0.013643805534716998]], [[500.0], [-0.06675732011596362, 0.013643805534716998]], [[500.0], [-0.06675732011596362, 0.013643805534716998]], [[500.0], [-0.06675732011596362, 0.013643805534716998]], [[500.0], [-0.06675732011596362, 0.013643805534716998]], [[500.0], [-0.06675732011596362, 0.013643805534716998]], [[500.0], [-0.06675732011596362, 0.013643805534716998]], [[17.333333333333332], [-0.02278206249078115, 0.5284160304297671]]], "101": [[[32.166666666666664], [-0.010377430201818546, 0.5019863969401309]], [[223.66666666666666], [-0.30994608998298645, 0.5208903736474982]], [[223.66666666666666], [-0.30994608998298645, 0.5208903736474982]], [[223.66666666666666], [-0.30994608998298645, 0.5208903736474982]], [[223.66666666666666], [-0.30994608998298645, 0.5208903736474982]], [[223.66666666666666], [-0.30994608998298645, 0.5208903736474982]], [[223.66666666666666], [-0.30994608998298645, 0.5208903736474982]], [[223.66666666666666], [-0.30994608998298645, 0.5208903736474982]], [[223.66666666666666], [-0.30994608998298645, 0.5208903736474982]], [[223.66666666666666], [-0.30994608998298645, 0.5208903736474982]], [[223.66666666666666], [-0.30994608998298645, 0.5208903736474982]], [[223.66666666666666], [-0.30994608998298645, 0.5208903736474982]], [[223.66666666666666], [-0.30994608998298645, 0.5208903736474982]], [[223.66666666666666], [-0.30994608998298645, 0.5208903736474982]], [[271.1666666666667], [0.5020361145337423, 0.2862370826981285]], [[223.66666666666666], [-0.30994608998298645, 0.5208903736474982]], [[223.66666666666666], [-0.30994608998298645, 0.5208903736474982]], [[223.66666666666666], [-0.30994608998298645, 0.5208903736474982]], [[223.66666666666666], [-0.30994608998298645, 0.5208903736474982]], [[223.66666666666666], [-0.30994608998298645, 0.5208903736474982]]], "102": [[[500.0], [-0.009155168663710356, 0.009881920720401564]], [[253.66666666666666], [-0.21838841338952383, -0.34939569006696275]], [[500.0], [-0.009155168663710356, 0.009881920720401564]], [[500.0], [-0.009155168663710356, 0.009881920720401564]], [[370.8333333333333], [-0.025838043851157032, 0.013130367176527042]], [[500.0], [-0.009155168663710356, 0.009881920720401564]], [[500.0], [-0.009155168663710356, 0.009881920720401564]], [[500.0], [-0.009155168663710356, 0.009881920720401564]], [[500.0], [-0.009155168663710356, 0.009881920720401564]], [[500.0], [-0.009155168663710356, 0.009881920720401564]], [[28.166666666666668], [-0.017433760998149715, 0.5076241336370769]], [[500.0], [-0.009155168663710356, 0.009881920720401564]], [[97.66666666666667], [-0.06602165599664053, -0.5060527384566348]], [[500.0], [-0.009155168663710356, 0.009881920720401564]], [[500.0], [-0.009155168663710356, 0.009881920720401564]], [[500.0], [-0.009155168663710356, 0.009881920720401564]], [[370.8333333333333], [-0.025838043851157032, 0.013130367176527042]], [[122.83333333333333], [0.12432970106601715, 0.5079520661294745]], [[9.666666666666666], [-0.03209785247842471, 0.6141351740896417]], [[370.8333333333333], [-0.025838043851157032, 0.013130367176527042]]]}