{"103": [[[500.0], [-0.057607305546601616, -0.0008610909237664496]], [[246.83333333333334], [-0.31744733452796936, -0.5125214109580483]], [[30.0], [0.04881185169021289, -0.5253801862018531]], [[500.0], [-0.057607305546601616, -0.0008610909237664496]], [[82.33333333333333], [-0.030553098767995834, -0.5162529041322225]], [[85.5], [-0.05680094162623088, -0.5094821444538792]], [[113.5], [-0.2307979017496109, -0.5060551625689822]], [[82.33333333333333], [-0.030553098767995834, -0.5162529041322225]], [[500.0], [-0.057607305546601616, -0.0008610909237664496]], [[500.0], [-0.057607305546601616, -0.0008610909237664496]], [[18.166666666666668], [-0.02278206249078115, 0.5284160304297671]], [[246.83333333333334], [-0.31744733452796936, -0.5125214109580483]], [[246.83333333333334], [-0.31744733452796936, -0.5125214109580483]], [[82.33333333333333], [-0.04795527706543605, -0.5025494326815081]], [[126.0], [0.14908935874700546, 0.5064878309742686]], [[32.5], [-0.008772670601805052, 0.5086040097560609]], [[239.66666666666666], [-0.30735199650128686, -0.5141457801230216]], [[29.333333333333332], [-0.08433716992537181, 0.5498647547224492]], [[29.333333333333332], [-0.08433716992537181, 0.5498647547224492]], [[82.33333333333333], [-0.030553098767995834, -0.5162529041322225]]], "101": [[[500.0], [-0.05452822893857956, -0.013071422032904968]], [[500.0], [0.0015795828464130561, -0.02267014493711257]], [[500.0], [-0.05452822893857956, -0.013071422032904968]], [[81.33333333333333], [-0.040797110026081405, -0.507332990614421]], [[500.0], [-0.05452822893857956, -0.013071422032904968]], [[500.0], [0.0015795828464130561, -0.02267014493711257]], [[310.0], [-0.040931918968756996, -0.0022414406933086483]], [[500.0], [0.0015795828464130561, -0.02267014493711257]], [[23.5], [0.023230540876587234, -0.5080442893448058]], [[500.0], [-0.05452822893857956, -0.013071422032904968]], [[310.0], [-0.040931918968756996, -0.0022414406933086483]], [[500.0], [-0.05452822893857956, -0.013071422032904968]], [[326.1666666666667], [-0.06777095918854079, -0.11347047093382293]], [[100.33333333333333], [-0.04409098376830419, -0.504239823259235]], [[81.33333333333333], [-0.040797110026081405, -0.507332990614421]], [[500.0], [0.0015795828464130561, -0.02267014493711257]], [[500.0], [0.0015795828464130561, -0.02267014493711257]], [[412.1666666666667], [-0.01969860401004553, -0.006531639265244088]], [[500.0], [0.0015795828464130561, -0.02267014493711257]], [[100.33333333333333], [-0.04409098376830419, -0.504239823259235]]], "102": [[[462.8333333333333], [-0.04808848723769188, 0.27528316067736686]], [[335.5], [-0.12241481492916743, 0.515095533081219]], [[26.833333333333332], [0.0159830196450154, -0.5030720427846225]], [[9.666666666666666], [0.0339663897951444, -0.5452829328450289]], [[12.666666666666666], [-0.026271911337971687, 0.5359580499703804]], [[102.0], [0.012427168743064007, 0.5253494213642687]], [[335.5], [-0.12241481492916743, 0.515095533081219]], [[133.16666666666666], [-0.09124469632903735, -0.520797793945057]], [[462.8333333333333], [-0.04808848723769188, 0.27528316067736686]], [[197.83333333333334], [0.34022971987724304, 0.5093415102890234]], [[316.8333333333333], [-0.5045528213183086, 0.3961415239498376]], [[34.166666666666664], [-0.0376010499894619, 0.5162964668570523]], [[462.8333333333333], [-0.04808848723769188, 0.27528316067736686]], [[12.666666666666666], [-0.026271911337971687, 0.5359580499703804]], [[335.5], [-0.12241481492916743, 0.515095533081219]], [[26.833333333333332], [0.0159830196450154, -0.5030720427846225]], [[41.0], [0.00460028105104963, 0.51804161385486]], [[41.0], [0.00460028105104963, 0.51804161385486]], [[462.8333333333333], [-0.04808848723769188, 0.27528316067736686]], [[335.5], [-0.12241481492916743, 0.515095533081219]]]}