{"101": [[[500.0], [0.0016506359679624438, -0.04020392556082119]], [[500.0], [0.0016506359679624438, -0.04020392556082119]], [[500.0], [0.0016506359679624438, -0.04020392556082119]], [[11.333333333333334], [-0.026898719370365143, 0.5370715018094442]], [[500.0], [0.0016506359679624438, -0.04020392556082119]], [[11.666666666666666], [0.0339663897951444, -0.5452829328450289]], [[500.0], [0.0016506359679624438, -0.04020392556082119]], [[500.0], [0.0016506359679624438, -0.04020392556082119]], [[500.0], [0.0016506359679624438, -0.04020392556082119]], [[500.0], [0.0016506359679624438, -0.04020392556082119]], [[500.0], [0.0016506359679624438, -0.04020392556082119]], [[500.0], [0.0016506359679624438, -0.04020392556082119]], [[48.0], [-0.003196477385548254, -0.506852232098009]], [[500.0], [0.0016506359679624438, -0.04020392556082119]], [[500.0], [0.0016506359679624438, -0.04020392556082119]], [[500.0], [0.0016506359679624438, -0.04020392556082119]], [[500.0], [0.0016506359679624438, -0.04020392556082119]], [[500.0], [0.0016506359679624438, -0.04020392556082119]], [[500.0], [0.0016506359679624438, -0.04020392556082119]], [[500.0], [0.0016506359679624438, -0.04020392556082119]]], "103": [[[349.8333333333333], [0.3727121154467265, 0.513958018362237]], [[154.33333333333334], [-0.24945234258969626, -0.5127350536830118]], [[64.16666666666667], [0.07633568098147711, 0.5026819745889691]], [[154.33333333333334], [-0.24945234258969626, -0.5127350536830118]], [[154.33333333333334], [-0.24945234258969626, -0.5127350536830118]], [[154.33333333333334], [-0.24945234258969626, -0.5127350536830118]], [[154.33333333333334], [-0.24945234258969626, -0.5127350536830118]], [[349.8333333333333], [0.3727121154467265, 0.513958018362237]], [[9.333333333333334], [-0.03209785247842471, 0.6141351740896417]], [[349.8333333333333], [0.3727121154467265, 0.513958018362237]], [[349.8333333333333], [0.3727121154467265, 0.513958018362237]], [[154.33333333333334], [-0.24945234258969626, -0.5127350536830118]], [[15.666666666666666], [0.04020992976923784, -0.6363646408017173]], [[349.8333333333333], [0.3727121154467265, 0.513958018362237]], [[349.8333333333333], [0.3727121154467265, 0.513958018362237]], [[349.8333333333333], [0.3727121154467265, 0.513958018362237]], [[349.8333333333333], [0.3727121154467265, 0.513958018362237]], [[349.8333333333333], [0.3727121154467265, 0.513958018362237]], [[349.8333333333333], [0.3727121154467265, 0.513958018362237]], [[349.8333333333333], [0.3727121154467265, 0.513958018362237]]], "102": [[[403.0], [0.005938001753141483, 0.5975732820456108]], [[47.0], [0.005890514003112912, 0.5465023326531552]], [[403.0], [0.005938001753141483, 0.5975732820456108]], [[403.0], [0.005938001753141483, 0.5975732820456108]], [[403.0], [0.005938001753141483, 0.5975732820456108]], [[403.0], [0.005938001753141483, 0.5975732820456108]], [[403.0], [0.005938001753141483, 0.5975732820456108]], [[403.0], [0.005938001753141483, 0.5975732820456108]], [[403.0], [0.005938001753141483, 0.5975732820456108]], [[403.0], [0.005938001753141483, 0.5975732820456108]], [[403.0], [0.005938001753141483, 0.5975732820456108]], [[403.0], [0.005938001753141483, 0.5975732820456108]], [[403.0], [0.005938001753141483, 0.5975732820456108]], [[403.0], [0.005938001753141483, 0.5975732820456108]], [[403.0], [0.005938001753141483, 0.5975732820456108]], [[403.0], [0.005938001753141483, 0.5975732820456108]], [[403.0], [0.005938001753141483, 0.5975732820456108]], [[403.0], [0.005938001753141483, 0.5975732820456108]], [[172.33333333333334], [-0.17484905819098157, -0.5057427016171542]], [[403.0], [0.005938001753141483, 0.5975732820456108]]]}