{"101": [[[500.0], [-0.14085924873749417, -0.025650317018682308]], [[57.166666666666664], [-0.010268720798194408, -0.5101554416583486]], [[500.0], [-0.14085924873749417, -0.025650317018682308]], [[500.0], [-0.14085924873749417, -0.025650317018682308]], [[500.0], [-0.14085924873749417, -0.025650317018682308]], [[500.0], [-0.14085924873749417, -0.025650317018682308]], [[500.0], [-0.14085924873749417, -0.025650317018682308]], [[500.0], [-0.14085924873749417, -0.025650317018682308]], [[500.0], [-0.14085924873749417, -0.025650317018682308]], [[500.0], [-0.14085924873749417, -0.025650317018682308]], [[500.0], [-0.14085924873749417, -0.025650317018682308]], [[500.0], [-0.14085924873749417, -0.025650317018682308]], [[500.0], [-0.14085924873749417, -0.025650317018682308]], [[500.0], [-0.14085924873749417, -0.025650317018682308]], [[500.0], [-0.14085924873749417, -0.025650317018682308]], [[327.8333333333333], [0.5022313694159191, 0.32467869195071136]], [[500.0], [-0.14085924873749417, -0.025650317018682308]], [[500.0], [-0.14085924873749417, -0.025650317018682308]], [[57.166666666666664], [-0.010268720798194408, -0.5101554416583486]], [[327.8333333333333], [0.5022313694159191, 0.32467869195071136]], [[500.0], [-0.14085924873749417, -0.025650317018682308]], [[43.166666666666664], [0.003825442399829626, -0.5386882421502657]], [[500.0], [-0.14085924873749417, -0.025650317018682308]], [[500.0], [-0.14085924873749417, -0.025650317018682308]], [[500.0], [-0.14085924873749417, -0.025650317018682308]], [[500.0], [-0.14085924873749417, -0.025650317018682308]], [[57.166666666666664], [-0.010268720798194408, -0.5101554416583486]], [[500.0], [-0.14085924873749417, -0.025650317018682308]], [[500.0], [-0.14085924873749417, -0.025650317018682308]], [[500.0], [-0.14085924873749417, -0.025650317018682308]]], "102": [[[500.0], [-0.031848332534233734, 7.863756642135475e-05]], [[500.0], [-0.031848332534233734, 7.863756642135475e-05]], [[500.0], [-0.031848332534233734, 7.863756642135475e-05]], [[139.66666666666666], [0.3238964080810547, -0.5542521841788406]], [[500.0], [-0.031848332534233734, 7.863756642135475e-05]], [[500.0], [-0.031848332534233734, 7.863756642135475e-05]], [[500.0], [-0.031848332534233734, 7.863756642135475e-05]], [[500.0], [-0.031848332534233734, 7.863756642135475e-05]], [[500.0], [-0.031848332534233734, 7.863756642135475e-05]], [[500.0], [-0.031848332534233734, 7.863756642135475e-05]], [[500.0], [-0.031848332534233734, 7.863756642135475e-05]], [[500.0], [-0.031848332534233734, 7.863756642135475e-05]], [[500.0], [-0.031848332534233734, 7.863756642135475e-05]], [[500.0], [-0.031848332534233734, 7.863756642135475e-05]], [[500.0], [-0.031848332534233734, 7.863756642135475e-05]], [[500.0], [-0.031848332534233734, 7.863756642135475e-05]], [[500.0], [-0.031848332534233734, 7.863756642135475e-05]], [[500.0], [-0.031848332534233734, 7.863756642135475e-05]], [[500.0], [-0.031848332534233734, 7.863756642135475e-05]], [[500.0], [-0.031848332534233734, 7.863756642135475e-05]], [[500.0], [-0.031848332534233734, 7.863756642135475e-05]], [[500.0], [-0.031848332534233734, 7.863756642135475e-05]], [[500.0], [-0.031848332534233734, 7.863756642135475e-05]], [[500.0], [-0.031848332534233734, 7.863756642135475e-05]], [[500.0], [-0.031848332534233734, 7.863756642135475e-05]], [[500.0], [-0.031848332534233734, 7.863756642135475e-05]], [[9.666666666666666], [0.0339663897951444, -0.5452829328450289]], [[500.0], [-0.031848332534233734, 7.863756642135475e-05]], [[500.0], [-0.031848332534233734, 7.863756642135475e-05]], [[80.33333333333333], [0.13425601025422415, 0.5124478676672758]]], "103": [[[403.5], [-0.03635648017128309, -0.009611458406208806]], [[403.5], [-0.03635648017128309, -0.009611458406208806]], [[446.5], [-0.08923099065820377, -0.05172100809344835]], [[446.5], [-0.08923099065820377, -0.05172100809344835]], [[446.5], [-0.08923099065820377, -0.05172100809344835]], [[446.5], [-0.08923099065820377, -0.05172100809344835]], [[403.5], [-0.03635648017128309, -0.009611458406208806]], [[403.5], [-0.03635648017128309, -0.009611458406208806]], [[446.5], [-0.08923099065820377, -0.05172100809344835]], [[446.5], [-0.08923099065820377, -0.05172100809344835]], [[446.5], [-0.08923099065820377, -0.05172100809344835]], [[446.5], [-0.08923099065820377, -0.05172100809344835]], [[403.5], [-0.03635648017128309, -0.009611458406208806]], [[446.5], [-0.08923099065820377, -0.05172100809344835]], [[36.0], [-0.004310518270358443, 0.5209254876278234]], [[446.5], [-0.08923099065820377, -0.05172100809344835]], [[446.5], [-0.08923099065820377, -0.05172100809344835]], [[111.0], [-0.05791486551364263, -0.502442237007561]], [[446.5], [-0.08923099065820377, -0.05172100809344835]], [[446.5], [-0.08923099065820377, -0.05172100809344835]], [[403.5], [-0.03635648017128309, -0.009611458406208806]], [[446.5], [-0.08923099065820377, -0.05172100809344835]], [[446.5], [-0.08923099065820377, -0.05172100809344835]], [[446.5], [-0.08923099065820377, -0.05172100809344835]], [[403.5], [-0.03635648017128309, -0.009611458406208806]], [[403.5], [-0.03635648017128309, -0.009611458406208806]], [[446.5], [-0.08923099065820377, -0.05172100809344835]], [[446.5], [-0.08923099065820377, -0.05172100809344835]], [[34.333333333333336], [-0.015528389873603981, 0.5326008326128909]], [[403.5], [-0.03635648017128309, -0.009611458406208806]]]}