{"102": [[[218.33333333333334], [-0.2145995944738388, -0.505222872113497]], [[218.33333333333334], [-0.2145995944738388, -0.505222872113497]], [[218.33333333333334], [-0.2145995944738388, -0.505222872113497]], [[218.33333333333334], [-0.2145995944738388, -0.505222872113497]], [[218.33333333333334], [-0.2145995944738388, -0.505222872113497]], [[354.3333333333333], [-0.4021834582090378, -0.5115874503788196]], [[218.33333333333334], [-0.2145995944738388, -0.505222872113497]], [[218.33333333333334], [-0.2145995944738388, -0.505222872113497]], [[117.33333333333333], [-0.19984818994998932, -0.501429956210287]], [[218.33333333333334], [-0.2145995944738388, -0.505222872113497]], [[35.0], [0.01923619148631891, -0.5253330229572132]], [[117.33333333333333], [-0.19984818994998932, -0.501429956210287]], [[218.33333333333334], [-0.2145995944738388, -0.505222872113497]], [[218.33333333333334], [-0.2145995944738388, -0.505222872113497]], [[218.33333333333334], [-0.2145995944738388, -0.505222872113497]], [[218.33333333333334], [-0.2145995944738388, -0.505222872113497]], [[9.333333333333334], [-0.03047466278076172, 0.5865105601589076]], [[218.33333333333334], [-0.2145995944738388, -0.505222872113497]], [[117.33333333333333], [-0.19984818994998932, -0.501429956210287]], [[354.3333333333333], [-0.4021834582090378, -0.5115874503788196]]], "101": [[[143.66666666666666], [-0.14176952342192334, 0.5101910903693386]], [[143.66666666666666], [-0.14176952342192334, 0.5101910903693386]], [[143.66666666666666], [-0.14176952342192334, 0.5101910903693386]], [[143.66666666666666], [-0.14176952342192334, 0.5101910903693386]], [[143.66666666666666], [-0.14176952342192334, 0.5101910903693386]], [[143.66666666666666], [-0.14176952342192334, 0.5101910903693386]], [[143.66666666666666], [-0.14176952342192334, 0.5101910903693386]], [[143.66666666666666], [-0.14176952342192334, 0.5101910903693386]], [[44.833333333333336], [0.008885296992957592, -0.516247556825574]], [[143.66666666666666], [-0.14176952342192334, 0.5101910903693386]], [[11.5], [0.03143195994198322, -0.5135312676429749]], [[143.66666666666666], [-0.14176952342192334, 0.5101910903693386]], [[38.0], [0.014564994101723036, -0.5078947786509135]], [[143.66666666666666], [-0.14176952342192334, 0.5101910903693386]], [[143.66666666666666], [-0.14176952342192334, 0.5101910903693386]], [[143.66666666666666], [-0.14176952342192334, 0.5101910903693386]], [[143.66666666666666], [-0.14176952342192334, 0.5101910903693386]], [[143.66666666666666], [-0.14176952342192334, 0.5101910903693386]], [[143.66666666666666], [-0.14176952342192334, 0.5101910903693386]], [[143.66666666666666], [-0.14176952342192334, 0.5101910903693386]]], "103": [[[455.6666666666667], [-0.010641507493952911, 0.002499070167808869]], [[455.6666666666667], [-0.010641507493952911, 0.002499070167808869]], [[461.1666666666667], [0.11353589594364166, 0.02513085291431281]], [[90.16666666666667], [0.23350268602371216, -0.514489005912434]], [[455.6666666666667], [-0.010641507493952911, 0.002499070167808869]], [[455.6666666666667], [-0.010641507493952911, 0.002499070167808869]], [[102.66666666666667], [-0.04062780489524206, -0.5066175566335614]], [[455.6666666666667], [-0.010641507493952911, 0.002499070167808869]], [[455.6666666666667], [-0.010641507493952911, 0.002499070167808869]], [[455.6666666666667], [-0.010641507493952911, 0.002499070167808869]], [[455.6666666666667], [-0.010641507493952911, 0.002499070167808869]], [[455.6666666666667], [-0.010641507493952911, 0.002499070167808869]], [[455.6666666666667], [-0.010641507493952911, 0.002499070167808869]], [[455.6666666666667], [-0.010641507493952911, 0.002499070167808869]], [[461.1666666666667], [0.11353589594364166, 0.02513085291431281]], [[455.6666666666667], [-0.010641507493952911, 0.002499070167808869]], [[455.6666666666667], [-0.010641507493952911, 0.002499070167808869]], [[455.6666666666667], [-0.010641507493952911, 0.002499070167808869]], [[455.6666666666667], [-0.010641507493952911, 0.002499070167808869]], [[455.6666666666667], [-0.010641507493952911, 0.002499070167808869]]]}