{"103": [[[490.6666666666667], [0.05148020262519519, 0.005499380150515782]], [[360.8333333333333], [-0.15465299288431805, 0.01347843339247852]], [[360.8333333333333], [-0.15465299288431805, 0.01347843339247852]], [[360.8333333333333], [-0.15465299288431805, 0.01347843339247852]], [[360.8333333333333], [-0.15465299288431805, 0.01347843339247852]], [[490.6666666666667], [0.05148020262519519, 0.005499380150515782]], [[490.6666666666667], [0.05148020262519519, 0.005499380150515782]], [[490.6666666666667], [0.05148020262519519, 0.005499380150515782]], [[360.8333333333333], [-0.15465299288431805, 0.01347843339247852]], [[490.6666666666667], [0.05148020262519519, 0.005499380150515782]], [[360.8333333333333], [-0.15465299288431805, 0.01347843339247852]], [[360.8333333333333], [-0.15465299288431805, 0.01347843339247852]], [[360.8333333333333], [-0.15465299288431805, 0.01347843339247852]], [[360.8333333333333], [-0.15465299288431805, 0.01347843339247852]], [[453.8333333333333], [0.35922005772590637, 0.5186402983072272]], [[360.8333333333333], [-0.15465299288431805, 0.01347843339247852]], [[360.8333333333333], [-0.15465299288431805, 0.01347843339247852]], [[490.6666666666667], [0.05148020262519519, 0.005499380150515782]], [[490.6666666666667], [0.05148020262519519, 0.005499380150515782]], [[360.8333333333333], [-0.15465299288431805, 0.01347843339247852]], [[360.8333333333333], [-0.15465299288431805, 0.01347843339247852]], [[360.8333333333333], [-0.15465299288431805, 0.01347843339247852]], [[453.8333333333333], [0.35922005772590637, 0.5186402983072272]], [[360.8333333333333], [-0.15465299288431805, 0.01347843339247852]], [[360.8333333333333], [-0.15465299288431805, 0.01347843339247852]], [[360.8333333333333], [-0.15465299288431805, 0.01347843339247852]], [[360.8333333333333], [-0.15465299288431805, 0.01347843339247852]], [[360.8333333333333], [-0.15465299288431805, 0.01347843339247852]], [[360.8333333333333], [-0.15465299288431805, 0.01347843339247852]], [[490.6666666666667], [0.05148020262519519, 0.005499380150515782]]], "102": [[[500.0], [-0.003090260627989968, 0.00909762735518685]], [[500.0], [-0.003090260627989968, 0.00909762735518685]], [[500.0], [-0.003090260627989968, 0.00909762735518685]], [[500.0], [-0.003090260627989968, 0.00909762735518685]], [[64.83333333333333], [0.03264492998520534, 0.5266923439559754]], [[500.0], [-0.003090260627989968, 0.00909762735518685]], [[500.0], [-0.003090260627989968, 0.00909762735518685]], [[500.0], [-0.003090260627989968, 0.00909762735518685]], [[500.0], [-0.003090260627989968, 0.00909762735518685]], [[500.0], [-0.003090260627989968, 0.00909762735518685]], [[500.0], [-0.003090260627989968, 0.00909762735518685]], [[500.0], [-0.003090260627989968, 0.00909762735518685]], [[500.0], [-0.003090260627989968, 0.00909762735518685]], [[500.0], [-0.003090260627989968, 0.00909762735518685]], [[500.0], [-0.003090260627989968, 0.00909762735518685]], [[500.0], [-0.003090260627989968, 0.00909762735518685]], [[500.0], [-0.003090260627989968, 0.00909762735518685]], [[500.0], [-0.003090260627989968, 0.00909762735518685]], [[500.0], [-0.003090260627989968, 0.00909762735518685]], [[500.0], [-0.003090260627989968, 0.00909762735518685]], [[500.0], [-0.003090260627989968, 0.00909762735518685]], [[500.0], [-0.003090260627989968, 0.00909762735518685]], [[500.0], [-0.003090260627989968, 0.00909762735518685]], [[500.0], [-0.003090260627989968, 0.00909762735518685]], [[500.0], [-0.003090260627989968, 0.00909762735518685]], [[500.0], [-0.003090260627989968, 0.00909762735518685]], [[66.83333333333333], [-0.010726950907458862, -0.5337592018278022]], [[500.0], [-0.003090260627989968, 0.00909762735518685]], [[500.0], [-0.003090260627989968, 0.00909762735518685]], [[500.0], [-0.003090260627989968, 0.00909762735518685]]], "101": [[[500.0], [-0.004578474521016082, 0.0020230312065252563]], [[500.0], [-0.04549302471180757, 0.0015080444967044456]], [[500.0], [-0.04549302471180757, 0.0015080444967044456]], [[500.0], [-0.004578474521016082, 0.0020230312065252563]], [[500.0], [-0.004578474521016082, 0.0020230312065252563]], [[500.0], [-0.04549302471180757, 0.0015080444967044456]], [[488.6666666666667], [-0.06213376298546791, -0.005899564781934736]], [[500.0], [-0.004578474521016082, 0.0020230312065252563]], [[500.0], [-0.004578474521016082, 0.0020230312065252563]], [[500.0], [-0.04549302471180757, 0.0015080444967044456]], [[500.0], [-0.04549302471180757, 0.0015080444967044456]], [[488.6666666666667], [-0.06213376298546791, -0.005899564781934736]], [[500.0], [-0.04549302471180757, 0.0015080444967044456]], [[500.0], [-0.004578474521016082, 0.0020230312065252563]], [[500.0], [-0.04549302471180757, 0.0015080444967044456]], [[500.0], [-0.04549302471180757, 0.0015080444967044456]], [[500.0], [-0.004578474521016082, 0.0020230312065252563]], [[500.0], [-0.04549302471180757, 0.0015080444967044456]], [[500.0], [-0.04549302471180757, 0.0015080444967044456]], [[500.0], [-0.04549302471180757, 0.0015080444967044456]], [[500.0], [-0.04549302471180757, 0.0015080444967044456]], [[488.6666666666667], [-0.06213376298546791, -0.005899564781934736]], [[488.6666666666667], [-0.06213376298546791, -0.005899564781934736]], [[488.6666666666667], [-0.06213376298546791, -0.005899564781934736]], [[500.0], [-0.04549302471180757, 0.0015080444967044456]], [[500.0], [-0.04549302471180757, 0.0015080444967044456]], [[500.0], [-0.04549302471180757, 0.0015080444967044456]], [[488.6666666666667], [-0.06213376298546791, -0.005899564781934736]], [[500.0], [-0.04549302471180757, 0.0015080444967044456]], [[500.0], [-0.04549302471180757, 0.0015080444967044456]]]}