{"102": [[[500.0], [-0.009144113088647526, 0.007074513989522982]], [[500.0], [-0.009144113088647526, 0.007074513989522982]], [[500.0], [-0.009144113088647526, 0.007074513989522982]], [[500.0], [-0.009144113088647526, 0.007074513989522982]], [[500.0], [-0.009144113088647526, 0.007074513989522982]], [[500.0], [-0.009144113088647526, 0.007074513989522982]], [[500.0], [-0.009144113088647526, 0.007074513989522982]], [[500.0], [-0.009144113088647526, 0.007074513989522982]], [[500.0], [-0.009144113088647526, 0.007074513989522982]], [[500.0], [-0.009144113088647526, 0.007074513989522982]], [[500.0], [-0.009144113088647526, 0.007074513989522982]], [[500.0], [-0.009144113088647526, 0.007074513989522982]], [[500.0], [-0.009144113088647526, 0.007074513989522982]], [[500.0], [-0.009144113088647526, 0.007074513989522982]], [[500.0], [-0.009144113088647526, 0.007074513989522982]], [[500.0], [-0.009144113088647526, 0.007074513989522982]], [[500.0], [-0.009144113088647526, 0.007074513989522982]], [[500.0], [-0.009144113088647526, 0.007074513989522982]], [[500.0], [-0.009144113088647526, 0.007074513989522982]], [[500.0], [-0.009144113088647526, 0.007074513989522982]], [[500.0], [-0.009144113088647526, 0.007074513989522982]], [[500.0], [-0.009144113088647526, 0.007074513989522982]], [[500.0], [-0.009144113088647526, 0.007074513989522982]], [[500.0], [-0.009144113088647526, 0.007074513989522982]], [[500.0], [-0.009144113088647526, 0.007074513989522982]], [[500.0], [-0.009144113088647526, 0.007074513989522982]], [[500.0], [-0.009144113088647526, 0.007074513989522982]], [[500.0], [-0.009144113088647526, 0.007074513989522982]], [[500.0], [-0.009144113088647526, 0.007074513989522982]], [[500.0], [-0.009144113088647526, 0.007074513989522982]]], "101": [[[308.6666666666667], [0.5003528296947479, 0.33097992245660446]], [[373.1666666666667], [-0.09697744001944861, -0.008878833391485317]], [[74.0], [-0.03514157608151436, -0.5130911130083805]], [[373.1666666666667], [-0.09697744001944861, -0.008878833391485317]], [[308.6666666666667], [0.5003528296947479, 0.33097992245660446]], [[373.1666666666667], [-0.09697744001944861, -0.008878833391485317]], [[308.6666666666667], [0.5003528296947479, 0.33097992245660446]], [[308.6666666666667], [0.5003528296947479, 0.33097992245660446]], [[308.6666666666667], [0.5003528296947479, 0.33097992245660446]], [[308.6666666666667], [0.5003528296947479, 0.33097992245660446]], [[78.33333333333333], [-0.037257640312115356, -0.5038147480293895]], [[9.666666666666666], [0.0339663897951444, -0.5452829328450289]], [[373.1666666666667], [-0.09697744001944861, -0.008878833391485317]], [[308.6666666666667], [0.5003528296947479, 0.33097992245660446]], [[308.6666666666667], [0.5003528296947479, 0.33097992245660446]], [[373.1666666666667], [-0.09697744001944861, -0.008878833391485317]], [[308.6666666666667], [0.5003528296947479, 0.33097992245660446]], [[308.6666666666667], [0.5003528296947479, 0.33097992245660446]], [[373.1666666666667], [-0.09697744001944861, -0.008878833391485317]], [[308.6666666666667], [0.5003528296947479, 0.33097992245660446]], [[308.6666666666667], [0.5003528296947479, 0.33097992245660446]], [[308.6666666666667], [0.5003528296947479, 0.33097992245660446]], [[308.6666666666667], [0.5003528296947479, 0.33097992245660446]], [[373.1666666666667], [-0.09697744001944861, -0.008878833391485317]], [[373.1666666666667], [-0.09697744001944861, -0.008878833391485317]], [[373.1666666666667], [-0.09697744001944861, -0.008878833391485317]], [[308.6666666666667], [0.5003528296947479, 0.33097992245660446]], [[308.6666666666667], [0.5003528296947479, 0.33097992245660446]], [[373.1666666666667], [-0.09697744001944861, -0.008878833391485317]], [[373.1666666666667], [-0.09697744001944861, -0.008878833391485317]]], "103": [[[500.0], [0.0016506359679624438, -0.04020392556082119]], [[500.0], [0.0016506359679624438, -0.04020392556082119]], [[500.0], [0.0016506359679624438, -0.04020392556082119]], [[500.0], [0.0016506359679624438, -0.04020392556082119]], [[500.0], [0.0016506359679624438, -0.04020392556082119]], [[500.0], [0.0016506359679624438, -0.04020392556082119]], [[500.0], [0.0016506359679624438, -0.04020392556082119]], [[500.0], [0.0016506359679624438, -0.04020392556082119]], [[500.0], [0.0016506359679624438, -0.04020392556082119]], [[500.0], [0.0016506359679624438, -0.04020392556082119]], [[325.5], [-0.02442521508783102, 0.03913086371130921]], [[500.0], [0.0016506359679624438, -0.04020392556082119]], [[500.0], [0.0016506359679624438, -0.04020392556082119]], [[17.666666666666668], [-0.021700730236868065, 0.5150374256823051]], [[500.0], [0.0016506359679624438, -0.04020392556082119]], [[500.0], [0.0016506359679624438, -0.04020392556082119]], [[500.0], [0.001594692391032974, -0.026029632671883234]], [[500.0], [0.0016506359679624438, -0.04020392556082119]], [[500.0], [0.0016506359679624438, -0.04020392556082119]], [[500.0], [0.0016506359679624438, -0.04020392556082119]], [[500.0], [0.0016506359679624438, -0.04020392556082119]], [[325.5], [-0.02442521508783102, 0.03913086371130921]], [[500.0], [0.0016506359679624438, -0.04020392556082119]], [[500.0], [0.0016506359679624438, -0.04020392556082119]], [[500.0], [0.0016506359679624438, -0.04020392556082119]], [[325.5], [-0.02442521508783102, 0.03913086371130921]], [[325.5], [-0.02442521508783102, 0.03913086371130921]], [[500.0], [0.0016506359679624438, -0.04020392556082119]], [[500.0], [0.0016506359679624438, -0.04020392556082119]], [[500.0], [0.0016506359679624438, -0.04020392556082119]]]}