{"103": [[[423.3333333333333], [0.015075954919060072, 0.013629771082809097]], [[423.3333333333333], [0.015075954919060072, 0.013629771082809097]], [[423.3333333333333], [0.015075954919060072, 0.013629771082809097]], [[423.3333333333333], [0.015075954919060072, 0.013629771082809097]], [[423.3333333333333], [0.015075954919060072, 0.013629771082809097]], [[12.333333333333334], [-0.027227215468883514, 0.530935610025123]], [[423.3333333333333], [0.015075954919060072, 0.013629771082809097]], [[423.3333333333333], [0.015075954919060072, 0.013629771082809097]], [[423.3333333333333], [0.015075954919060072, 0.013629771082809097]], [[423.3333333333333], [0.015075954919060072, 0.013629771082809097]], [[84.33333333333333], [-0.3045837332804998, 0.5332171275284873]], [[423.3333333333333], [0.015075954919060072, 0.013629771082809097]], [[423.3333333333333], [0.015075954919060072, 0.013629771082809097]], [[423.3333333333333], [0.015075954919060072, 0.013629771082809097]], [[423.3333333333333], [0.015075954919060072, 0.013629771082809097]], [[423.3333333333333], [0.015075954919060072, 0.013629771082809097]], [[423.3333333333333], [0.015075954919060072, 0.013629771082809097]], [[423.3333333333333], [0.015075954919060072, 0.013629771082809097]], [[423.3333333333333], [0.015075954919060072, 0.013629771082809097]], [[423.3333333333333], [0.015075954919060072, 0.013629771082809097]]], "101": [[[436.1666666666667], [0.4511226713657379, 0.11592704143250389]], [[18.5], [-0.025558777463932834, 0.5382123675072593]], [[436.1666666666667], [0.4511226713657379, 0.11592704143250389]], [[436.1666666666667], [0.4511226713657379, 0.11592704143250389]], [[436.1666666666667], [0.4511226713657379, 0.11592704143250389]], [[436.1666666666667], [0.4511226713657379, 0.11592704143250389]], [[436.1666666666667], [0.4511226713657379, 0.11592704143250389]], [[9.666666666666666], [0.0339663897951444, -0.5452829328450289]], [[436.1666666666667], [0.4511226713657379, 0.11592704143250389]], [[500.0], [-0.0015315028334346912, -0.001872528754352953]], [[500.0], [-0.0015315028334346912, -0.001872528754352953]], [[436.1666666666667], [0.4511226713657379, 0.11592704143250389]], [[436.1666666666667], [0.4511226713657379, 0.11592704143250389]], [[436.1666666666667], [0.4511226713657379, 0.11592704143250389]], [[436.1666666666667], [0.4511226713657379, 0.11592704143250389]], [[436.1666666666667], [0.4511226713657379, 0.11592704143250389]], [[436.1666666666667], [0.4511226713657379, 0.11592704143250389]], [[436.1666666666667], [0.4511226713657379, 0.11592704143250389]], [[436.1666666666667], [0.4511226713657379, 0.11592704143250389]], [[436.1666666666667], [0.4511226713657379, 0.11592704143250389]]], "102": [[[436.1666666666667], [-0.2907518297433853, -0.0597296291561218]], [[436.1666666666667], [-0.2907518297433853, -0.0597296291561218]], [[436.1666666666667], [-0.2907518297433853, -0.0597296291561218]], [[436.1666666666667], [-0.2907518297433853, -0.0597296291561218]], [[436.1666666666667], [-0.2907518297433853, -0.0597296291561218]], [[79.66666666666667], [-0.032430679226915046, -0.5179098918677517]], [[436.1666666666667], [-0.2907518297433853, -0.0597296291561218]], [[436.1666666666667], [-0.2907518297433853, -0.0597296291561218]], [[436.1666666666667], [-0.2907518297433853, -0.0597296291561218]], [[436.1666666666667], [-0.2907518297433853, -0.0597296291561218]], [[436.1666666666667], [-0.2907518297433853, -0.0597296291561218]], [[436.1666666666667], [-0.2907518297433853, -0.0597296291561218]], [[436.1666666666667], [-0.2907518297433853, -0.0597296291561218]], [[436.1666666666667], [-0.2907518297433853, -0.0597296291561218]], [[436.1666666666667], [-0.2907518297433853, -0.0597296291561218]], [[436.1666666666667], [-0.2907518297433853, -0.0597296291561218]], [[436.1666666666667], [-0.2907518297433853, -0.0597296291561218]], [[436.1666666666667], [-0.2907518297433853, -0.0597296291561218]], [[436.1666666666667], [-0.2907518297433853, -0.0597296291561218]], [[436.1666666666667], [-0.2907518297433853, -0.0597296291561218]]]}