{"102": [[[483.6666666666667], [-0.08038510257999103, 0.010794560028391593]], [[483.6666666666667], [-0.08038510257999103, 0.010794560028391593]], [[500.0], [-0.0015278529220571122, -0.0028023735784956714]], [[500.0], [-0.0015278529220571122, -0.0028023735784956714]], [[70.5], [-0.06107942511638006, -0.5193999010410035]], [[218.0], [-0.20860215028127035, -0.5051744255152616]], [[500.0], [-0.0015278529220571122, -0.0028023735784956714]], [[500.0], [-0.0015278529220571122, -0.0028023735784956714]], [[500.0], [-0.0015278529220571122, -0.0028023735784956714]], [[368.8333333333333], [-0.049983325103918716, -0.012706724579254406]], [[483.6666666666667], [-0.08038510257999103, 0.010794560028391593]], [[500.0], [-0.0015278529220571122, -0.0028023735784956714]], [[500.0], [-0.0015278529220571122, -0.0028023735784956714]], [[500.0], [-0.0015278529220571122, -0.0028023735784956714]], [[437.3333333333333], [-0.04086325876414776, -0.019603954743968244]], [[500.0], [-0.0015278529220571122, -0.0028023735784956714]], [[483.6666666666667], [-0.08038510257999103, 0.010794560028391593]], [[500.0], [-0.0015278529220571122, -0.0028023735784956714]], [[500.0], [-0.0015278529220571122, -0.0028023735784956714]], [[71.16666666666667], [-0.036241880928476654, -0.5018511100819236]]], "101": [[[141.0], [0.27110710740089417, 0.5176959283043894]], [[24.666666666666668], [0.030301626150806747, -0.5225135664050089]], [[492.1666666666667], [-0.04383423365652561, -0.03477402976112503]], [[9.666666666666666], [0.0339663897951444, -0.5452829328450289]], [[500.0], [-0.05453779051701228, -0.010635325034554496]], [[500.0], [-0.05453779051701228, -0.010635325034554496]], [[500.0], [-0.07879335433244705, -0.008533079328648212]], [[128.33333333333334], [0.20336532344420752, -0.5066574118924483]], [[128.33333333333334], [0.20336532344420752, -0.5066574118924483]], [[128.33333333333334], [0.20336532344420752, -0.5066574118924483]], [[128.33333333333334], [0.20336532344420752, -0.5066574118924483]], [[22.833333333333332], [0.018656461810072265, -0.5011438040071697]], [[128.33333333333334], [0.20336532344420752, -0.5066574118924483]], [[32.0], [0.02477682506044706, -0.5159462182715749]], [[500.0], [-0.05453779051701228, -0.010635325034554496]], [[360.8333333333333], [-0.11679229636987051, 0.019977698058032536]], [[500.0], [-0.07879335433244705, -0.008533079328648212]], [[500.0], [-0.05453779051701228, -0.010635325034554496]], [[23.166666666666668], [0.022605792619287968, -0.5074954417904028]], [[500.0], [-0.05453779051701228, -0.010635325034554496]]], "103": [[[500.0], [-0.003008766216225922, -0.011546527253882737]], [[500.0], [-0.003008766216225922, -0.011546527253882737]], [[361.1666666666667], [-0.11971615254878998, -0.007145101779349968]], [[9.333333333333334], [-0.03209785247842471, 0.6141351740896417]], [[500.0], [-0.003008766216225922, -0.011546527253882737]], [[9.166666666666666], [0.0339663897951444, -0.5452829328450289]], [[500.0], [-0.003008766216225922, -0.011546527253882737]], [[318.8333333333333], [-0.012206642422825098, 0.015081913526833914]], [[500.0], [-0.003008766216225922, -0.011546527253882737]], [[500.0], [-0.003008766216225922, -0.011546527253882737]], [[500.0], [-0.003008766216225922, -0.011546527253882737]], [[500.0], [-0.003008766216225922, -0.011546527253882737]], [[500.0], [-0.003008766216225922, -0.011546527253882737]], [[500.0], [-0.003008766216225922, -0.011546527253882737]], [[500.0], [-0.003008766216225922, -0.011546527253882737]], [[500.0], [-0.003008766216225922, -0.011546527253882737]], [[500.0], [-0.003008766216225922, -0.011546527253882737]], [[26.666666666666668], [0.023738405046363674, -0.5487941169852846]], [[500.0], [-0.003008766216225922, -0.011546527253882737]], [[500.0], [-0.003008766216225922, -0.011546527253882737]]]}