{"102": [[[500.0], [0.3014923135439555, 0.012970209772293078]], [[500.0], [0.3014923135439555, 0.012970209772293078]], [[500.0], [0.3014923135439555, 0.012970209772293078]], [[500.0], [0.3014923135439555, 0.012970209772293078]], [[500.0], [0.3014923135439555, 0.012970209772293078]], [[500.0], [0.3014923135439555, 0.012970209772293078]], [[26.5], [-0.022134703273574512, 0.5015567586752787]], [[500.0], [0.3014923135439555, 0.012970209772293078]], [[500.0], [0.3014923135439555, 0.012970209772293078]], [[500.0], [0.3014923135439555, 0.012970209772293078]], [[47.166666666666664], [0.014564994101723036, -0.5078947786509135]], [[500.0], [0.3014923135439555, 0.012970209772293078]], [[500.0], [0.3014923135439555, 0.012970209772293078]], [[500.0], [0.3014923135439555, 0.012970209772293078]], [[500.0], [0.3014923135439555, 0.012970209772293078]], [[500.0], [0.3014923135439555, 0.012970209772293078]], [[22.166666666666668], [-0.017407736741006374, 0.5306727720789932]], [[500.0], [0.3014923135439555, 0.012970209772293078]], [[500.0], [0.3014923135439555, 0.012970209772293078]], [[500.0], [0.3014923135439555, 0.012970209772293078]], [[500.0], [0.05145203943053882, 0.012571729594868337]], [[500.0], [0.3014923135439555, 0.012970209772293078]], [[500.0], [0.3014923135439555, 0.012970209772293078]], [[500.0], [0.3014923135439555, 0.012970209772293078]], [[500.0], [0.3014923135439555, 0.012970209772293078]], [[500.0], [0.05145203943053882, 0.012571729594868337]], [[500.0], [0.3014923135439555, 0.012970209772293078]], [[500.0], [0.3014923135439555, 0.012970209772293078]], [[500.0], [0.3014923135439555, 0.012970209772293078]], [[500.0], [0.3014923135439555, 0.012970209772293078]]], "101": [[[473.5], [0.23014691968758902, 0.04494073020927074]], [[473.5], [0.23014691968758902, 0.04494073020927074]], [[473.5], [0.23014691968758902, 0.04494073020927074]], [[38.5], [0.014564994101723036, -0.5078947786509135]], [[473.5], [0.23014691968758902, 0.04494073020927074]], [[473.5], [0.23014691968758902, 0.04494073020927074]], [[473.5], [0.23014691968758902, 0.04494073020927074]], [[473.5], [0.23014691968758902, 0.04494073020927074]], [[473.5], [0.23014691968758902, 0.04494073020927074]], [[473.5], [0.23014691968758902, 0.04494073020927074]], [[473.5], [0.23014691968758902, 0.04494073020927074]], [[473.5], [0.23014691968758902, 0.04494073020927074]], [[473.5], [0.23014691968758902, 0.04494073020927074]], [[473.5], [0.23014691968758902, 0.04494073020927074]], [[473.5], [0.23014691968758902, 0.04494073020927074]], [[473.5], [0.23014691968758902, 0.04494073020927074]], [[473.5], [0.23014691968758902, 0.04494073020927074]], [[473.5], [0.23014691968758902, 0.04494073020927074]], [[473.5], [0.23014691968758902, 0.04494073020927074]], [[473.5], [0.23014691968758902, 0.04494073020927074]], [[163.5], [-0.005457118774453799, 0.5206742711614765]], [[28.333333333333332], [0.047283247113227844, -0.6410836745677383]], [[16.333333333333332], [0.02946067601442337, -0.5365972670071433]], [[473.5], [0.23014691968758902, 0.04494073020927074]], [[473.5], [0.23014691968758902, 0.04494073020927074]], [[41.333333333333336], [0.014564994101723036, -0.5078947786509135]], [[473.5], [0.23014691968758902, 0.04494073020927074]], [[473.5], [0.23014691968758902, 0.04494073020927074]], [[473.5], [0.23014691968758902, 0.04494073020927074]], [[473.5], [0.23014691968758902, 0.04494073020927074]]], "103": [[[500.0], [-0.014017980235318344, 0.090086805906022]], [[500.0], [-0.014017980235318344, 0.090086805906022]], [[500.0], [-0.014017980235318344, 0.090086805906022]], [[500.0], [-0.014017980235318344, 0.090086805906022]], [[500.0], [-0.014017980235318344, 0.090086805906022]], [[18.166666666666668], [0.02777986228466034, -0.5291063320693787]], [[500.0], [-0.014017980235318344, 0.090086805906022]], [[20.5], [0.029338809351126354, -0.5401137984540474]], [[500.0], [-0.014017980235318344, 0.090086805906022]], [[500.0], [-0.014017980235318344, 0.090086805906022]], [[67.33333333333333], [-0.0015751989364313583, -0.5342152201387871]], [[500.0], [-0.014017980235318344, 0.090086805906022]], [[500.0], [-0.014017980235318344, 0.090086805906022]], [[500.0], [-0.014017980235318344, 0.090086805906022]], [[35.666666666666664], [0.018675466999411583, -0.5207110249825072]], [[500.0], [-0.014017980235318344, 0.090086805906022]], [[500.0], [-0.014017980235318344, 0.090086805906022]], [[500.0], [-0.014017980235318344, 0.090086805906022]], [[500.0], [-0.014017980235318344, 0.090086805906022]], [[500.0], [-0.014017980235318344, 0.090086805906022]], [[500.0], [-0.014017980235318344, 0.090086805906022]], [[500.0], [-0.014017980235318344, 0.090086805906022]], [[500.0], [-0.014017980235318344, 0.090086805906022]], [[500.0], [-0.014017980235318344, 0.090086805906022]], [[500.0], [-0.014017980235318344, 0.090086805906022]], [[500.0], [-0.014017980235318344, 0.090086805906022]], [[500.0], [-0.014017980235318344, 0.090086805906022]], [[500.0], [-0.014017980235318344, 0.090086805906022]], [[20.5], [0.029338809351126354, -0.5401137984540474]], [[500.0], [-0.014017980235318344, 0.090086805906022]]]}