{"fitness": {"102": [[[500.0], [-0.004573446931317449, 0.0007826992690465168]], [[500.0], [-0.004573446931317449, 0.0007826992690465168]], [[500.0], [-0.004573446931317449, 0.0007826992690465168]], [[500.0], [-0.004573446931317449, 0.0007826992690465168]], [[500.0], [-0.004573446931317449, 0.0007826992690465168]], [[500.0], [-0.004573446931317449, 0.0007826992690465168]], [[500.0], [-0.004573446931317449, 0.0007826992690465168]], [[500.0], [-0.004573446931317449, 0.0007826992690465168]], [[500.0], [-0.004573446931317449, 0.0007826992690465168]], [[500.0], [-0.004573446931317449, 0.0007826992690465168]], [[500.0], [-0.004573446931317449, 0.0007826992690465168]], [[500.0], [-0.004573446931317449, 0.0007826992690465168]], [[500.0], [-0.004573446931317449, 0.0007826992690465168]], [[500.0], [-0.004573446931317449, 0.0007826992690465168]], [[500.0], [-0.004573446931317449, 0.0007826992690465168]], [[500.0], [-0.004573446931317449, 0.0007826992690465168]], [[500.0], [-0.004573446931317449, 0.0007826992690465168]], [[108.33333333333333], [0.12622571239868802, 0.554598796595797]], [[81.0], [0.030326033011078835, 0.5024833756200434]], [[500.0], [-0.004573446931317449, 0.0007826992690465168]], [[500.0], [-0.004573446931317449, 0.0007826992690465168]], [[500.0], [-0.004573446931317449, 0.0007826992690465168]], [[117.5], [0.07650020842750868, 0.5123380339887154]], [[101.16666666666667], [-0.057966864357392, -0.5171471520474082]], [[500.0], [-0.004573446931317449, 0.0007826992690465168]]], "103": [[[233.33333333333334], [0.2637601892153422, -0.5546622869500704]], [[446.1666666666667], [-0.12273035943508148, -0.01132143349453593]], [[500.0], [-0.003073883126489818, 0.004937666753511965]], [[339.1666666666667], [-0.010674316436052322, 0.01080616256979664]], [[446.1666666666667], [-0.12273035943508148, -0.01132143349453593]], [[446.1666666666667], [-0.12273035943508148, -0.01132143349453593]], [[446.1666666666667], [-0.12273035943508148, -0.01132143349453593]], [[446.1666666666667], [-0.12273035943508148, -0.01132143349453593]], [[446.1666666666667], [-0.12273035943508148, -0.01132143349453593]], [[446.1666666666667], [-0.12273035943508148, -0.01132143349453593]], [[500.0], [-0.003073883126489818, 0.004937666753511965]], [[446.1666666666667], [-0.12273035943508148, -0.01132143349453593]], [[446.1666666666667], [-0.12273035943508148, -0.01132143349453593]], [[446.1666666666667], [-0.12273035943508148, -0.01132143349453593]], [[500.0], [-0.003073883126489818, 0.004937666753511965]], [[500.0], [-0.003073883126489818, 0.004937666753511965]], [[446.1666666666667], [-0.12273035943508148, -0.01132143349453593]], [[446.1666666666667], [-0.12273035943508148, -0.01132143349453593]], [[446.1666666666667], [-0.12273035943508148, -0.01132143349453593]], [[446.1666666666667], [-0.12273035943508148, -0.01132143349453593]], [[446.1666666666667], [-0.12273035943508148, -0.01132143349453593]], [[446.1666666666667], [-0.12273035943508148, -0.01132143349453593]], [[446.1666666666667], [-0.12273035943508148, -0.01132143349453593]], [[446.1666666666667], [-0.12273035943508148, -0.01132143349453593]], [[339.1666666666667], [-0.010674316436052322, 0.01080616256979664]]], "101": [[[500.0], [-0.001486149364306281, -0.013367722978432214]], [[500.0], [-0.001486149364306281, -0.013367722978432214]], [[500.0], [-0.001486149364306281, -0.013367722978432214]], [[500.0], [-0.001486149364306281, -0.013367722978432214]], [[500.0], [-0.012179138914992413, 0.008122990482696222]], [[15.833333333333334], [0.034585067381461464, -0.5800747201203159]], [[500.0], [-0.001486149364306281, -0.013367722978432214]], [[500.0], [-0.001486149364306281, -0.013367722978432214]], [[500.0], [-0.001486149364306281, -0.013367722978432214]], [[500.0], [-0.001486149364306281, -0.013367722978432214]], [[500.0], [-0.001486149364306281, -0.013367722978432214]], [[500.0], [-0.001486149364306281, -0.013367722978432214]], [[500.0], [-0.001486149364306281, -0.013367722978432214]], [[500.0], [-0.001486149364306281, -0.013367722978432214]], [[500.0], [-0.012179138914992413, 0.008122990482696222]], [[500.0], [-0.001486149364306281, -0.013367722978432214]], [[500.0], [-0.001486149364306281, -0.013367722978432214]], [[500.0], [-0.001486149364306281, -0.013367722978432214]], [[500.0], [-0.001486149364306281, -0.013367722978432214]], [[500.0], [-0.012179138914992413, 0.008122990482696222]], [[500.0], [-0.001486149364306281, -0.013367722978432214]], [[500.0], [-0.001486149364306281, -0.013367722978432214]], [[500.0], [-0.001486149364306281, -0.013367722978432214]], [[500.0], [-0.001486149364306281, -0.013367722978432214]], [[139.5], [-0.20675087968508404, 0.549707579555694]]]}, "environment": "cartpole", "algorithm": "lambda", "container": "elite_archiving", "arguments": {"cross_method": "uniform", "l": 25, "m": 30, "mr": 0.08, "cr": 0.8, "mutation_sigma": 1.5, "archiving_period": 3, "archive_batch": 2, "cross_uni": 0.5, "ng": 20}}