{"fitness": {"101": [[[500.0], [-0.008044667386760315, 0.11237764187406696]], [[500.0], [-0.02276028972119093, 0.0012755106007190128]], [[9.833333333333334], [-0.03209785247842471, 0.6141351740896417]], [[500.0], [-0.001486149364306281, -0.013367722978432214]], [[138.33333333333334], [0.08357824136813483, -0.5140961214686125]], [[500.0], [-0.001486149364306281, -0.013367722978432214]], [[78.5], [0.16841575503349304, -0.5040876032633075]], [[500.0], [-0.008044667386760315, 0.11237764187406696]], [[9.666666666666666], [0.0339663897951444, -0.5452829328450289]], [[500.0], [-0.008044667386760315, 0.11237764187406696]], [[500.0], [-0.001486149364306281, -0.013367722978432214]], [[150.16666666666666], [-0.11617746204137802, -0.5067308838857989]], [[500.0], [-0.008044667386760315, 0.11237764187406696]], [[78.5], [0.16841575503349304, -0.5040876032633075]], [[500.0], [-0.02276028972119093, 0.0012755106007190128]], [[500.0], [-0.001486149364306281, -0.013367722978432214]], [[500.0], [-0.001486149364306281, -0.013367722978432214]], [[159.0], [0.2113293359676997, 0.515630049853804]], [[500.0], [-0.001486149364306281, -0.013367722978432214]], [[73.66666666666667], [-0.03214250629146894, -0.5103736117696078]], [[500.0], [-0.001486149364306281, -0.013367722978432214]], [[500.0], [-0.0499889658143123, -0.011274754849561095]], [[100.5], [-0.10760246465603511, 0.511090721239884]], [[500.0], [-0.001486149364306281, -0.013367722978432214]], [[500.0], [-0.001486149364306281, -0.013367722978432214]]], "103": [[[418.5], [2.7260124018842667e-05, -0.01284429406898729]], [[418.5], [2.7260124018842667e-05, -0.01284429406898729]], [[500.0], [-0.006073653542747101, -0.002946916847315987]], [[418.5], [2.7260124018842667e-05, -0.01284429406898729]], [[418.5], [2.7260124018842667e-05, -0.01284429406898729]], [[418.5], [2.7260124018842667e-05, -0.01284429406898729]], [[418.5], [2.7260124018842667e-05, -0.01284429406898729]], [[418.5], [2.7260124018842667e-05, -0.01284429406898729]], [[418.5], [2.7260124018842667e-05, -0.01284429406898729]], [[418.5], [2.7260124018842667e-05, -0.01284429406898729]], [[418.5], [2.7260124018842667e-05, -0.01284429406898729]], [[418.5], [2.7260124018842667e-05, -0.01284429406898729]], [[408.0], [-0.01820952476312717, 0.0001558025869425012]], [[418.5], [2.7260124018842667e-05, -0.01284429406898729]], [[89.66666666666667], [-0.058551213393608734, -0.5065301459942138]], [[418.5], [2.7260124018842667e-05, -0.01284429406898729]], [[408.0], [-0.01820952476312717, 0.0001558025869425012]], [[418.5], [2.7260124018842667e-05, -0.01284429406898729]], [[488.0], [-0.06065734972556432, 0.00398376072048428]], [[408.0], [-0.01820952476312717, 0.0001558025869425012]], [[418.5], [2.7260124018842667e-05, -0.01284429406898729]], [[418.5], [2.7260124018842667e-05, -0.01284429406898729]], [[418.5], [2.7260124018842667e-05, -0.01284429406898729]], [[418.5], [2.7260124018842667e-05, -0.01284429406898729]], [[418.5], [2.7260124018842667e-05, -0.01284429406898729]]], "102": [[[500.0], [-0.05158881967266401, 0.010110301959314985]], [[500.0], [-0.05158881967266401, 0.010110301959314985]], [[9.166666666666666], [-0.03209785247842471, 0.6141351740896417]], [[22.333333333333332], [-0.017407736741006374, 0.5306727720789932]], [[500.0], [-0.05158881967266401, 0.010110301959314985]], [[500.0], [-0.05158881967266401, 0.010110301959314985]], [[500.0], [-0.05158881967266401, 0.010110301959314985]], [[500.0], [-0.05158881967266401, 0.010110301959314985]], [[500.0], [-0.05158881967266401, 0.010110301959314985]], [[500.0], [-0.05158881967266401, 0.010110301959314985]], [[500.0], [-0.05158881967266401, 0.010110301959314985]], [[109.16666666666667], [-0.06231509769956271, -0.5020533452193703]], [[147.5], [-0.303159902493159, 0.5188736904180792]], [[99.5], [0.032402193173766136, 0.5207639989670384]], [[400.0], [0.5012385547161102, 0.10585740351220638]], [[37.666666666666664], [-0.0013801262442333004, 0.511840627524271]], [[500.0], [-0.05158881967266401, 0.010110301959314985]], [[500.0], [-0.05158881967266401, 0.010110301959314985]], [[500.0], [-0.05158881967266401, 0.010110301959314985]], [[500.0], [-0.05158881967266401, 0.010110301959314985]], [[500.0], [-0.05158881967266401, 0.010110301959314985]], [[500.0], [-0.05158881967266401, 0.010110301959314985]], [[500.0], [-0.05158881967266401, 0.010110301959314985]], [[500.0], [-0.05158881967266401, 0.010110301959314985]], [[500.0], [-0.05158881967266401, 0.010110301959314985]]]}, "environment": "cartpole", "algorithm": "lambda", "container": "elite_archiving", "arguments": {"cross_method": "uniform", "l": 25, "m": 30, "mr": 0.08, "cr": 0.9, "mutation_sigma": 1.5, "archiving_period": 3, "archive_batch": 2, "cross_uni": 0.5, "ng": 20}}