{"102": [[[495.8], [0.02427559035519759, 0.0057505994019183245]], [[500.0], [6.967420025224177e-05, -0.004723841328904675]], [[464.73333333333335], [0.2599945664405823, -0.20330083783733788]], [[464.73333333333335], [0.2599945664405823, -0.20330083783733788]], [[464.73333333333335], [0.2599945664405823, -0.20330083783733788]], [[464.73333333333335], [0.2599945664405823, -0.20330083783733788]], [[464.73333333333335], [0.2599945664405823, -0.20330083783733788]], [[464.73333333333335], [0.2599945664405823, -0.20330083783733788]], [[500.0], [6.967420025224177e-05, -0.004723841328904675]], [[464.73333333333335], [0.2599945664405823, -0.20330083783733788]], [[500.0], [6.967420025224177e-05, -0.004723841328904675]], [[464.73333333333335], [0.2599945664405823, -0.20330083783733788]], [[500.0], [6.967420025224177e-05, -0.004723841328904675]], [[500.0], [6.967420025224177e-05, -0.004723841328904675]], [[464.73333333333335], [0.2599945664405823, -0.20330083783733788]], [[500.0], [6.967420025224177e-05, -0.004723841328904675]], [[500.0], [6.967420025224177e-05, -0.004723841328904675]], [[495.8], [0.02427559035519759, 0.0057505994019183245]], [[464.73333333333335], [0.2599945664405823, -0.20330083783733788]], [[500.0], [6.967420025224177e-05, -0.004723841328904675]], [[464.73333333333335], [0.2599945664405823, -0.20330083783733788]], [[500.0], [6.967420025224177e-05, -0.004723841328904675]], [[500.0], [6.967420025224177e-05, -0.004723841328904675]], [[500.0], [6.967420025224177e-05, -0.004723841328904675]], [[464.73333333333335], [0.2599945664405823, -0.20330083783733788]], [[500.0], [6.967420025224177e-05, -0.004723841328904675]], [[500.0], [6.967420025224177e-05, -0.004723841328904675]], [[464.73333333333335], [0.2599945664405823, -0.20330083783733788]], [[464.73333333333335], [0.2599945664405823, -0.20330083783733788]], [[464.73333333333335], [0.2599945664405823, -0.20330083783733788]]], "103": [[[500.0], [0.007918333479513725, -0.07348499176177112]], [[500.0], [0.007918333479513725, -0.07348499176177112]], [[500.0], [0.007918333479513725, -0.07348499176177112]], [[500.0], [0.007918333479513725, -0.07348499176177112]], [[500.0], [0.007918333479513725, -0.07348499176177112]], [[500.0], [0.007918333479513725, -0.07348499176177112]], [[500.0], [0.007918333479513725, -0.07348499176177112]], [[500.0], [0.007918333479513725, -0.07348499176177112]], [[500.0], [0.007918333479513725, -0.07348499176177112]], [[500.0], [0.007918333479513725, -0.07348499176177112]], [[500.0], [0.007918333479513725, -0.07348499176177112]], [[500.0], [0.007918333479513725, -0.07348499176177112]], [[500.0], [0.007918333479513725, -0.07348499176177112]], [[500.0], [0.007918333479513725, -0.07348499176177112]], [[500.0], [0.007918333479513725, -0.07348499176177112]], [[500.0], [0.007918333479513725, -0.07348499176177112]], [[500.0], [0.007918333479513725, -0.07348499176177112]], [[500.0], [0.007918333479513725, -0.07348499176177112]], [[500.0], [0.007918333479513725, -0.07348499176177112]], [[500.0], [0.007918333479513725, -0.07348499176177112]], [[500.0], [0.007918333479513725, -0.07348499176177112]], [[500.0], [0.007918333479513725, -0.07348499176177112]], [[500.0], [0.007918333479513725, -0.07348499176177112]], [[500.0], [0.007918333479513725, -0.07348499176177112]], [[500.0], [0.007918333479513725, -0.07348499176177112]], [[500.0], [0.007918333479513725, -0.07348499176177112]], [[500.0], [0.007918333479513725, -0.07348499176177112]], [[500.0], [0.007918333479513725, -0.07348499176177112]], [[500.0], [0.007918333479513725, -0.07348499176177112]], [[500.0], [0.007918333479513725, -0.07348499176177112]]], "101": [[[416.3333333333333], [0.0015526901309688887, 0.003493023350050575]], [[416.3333333333333], [0.0015526901309688887, 0.003493023350050575]], [[416.3333333333333], [0.0015526901309688887, 0.003493023350050575]], [[416.3333333333333], [0.0015526901309688887, 0.003493023350050575]], [[416.3333333333333], [0.0015526901309688887, 0.003493023350050575]], [[416.3333333333333], [0.0015526901309688887, 0.003493023350050575]], [[367.8666666666667], [0.001631697523407638, -0.016520558477660117]], [[416.3333333333333], [0.0015526901309688887, 0.003493023350050575]], [[416.3333333333333], [0.0015526901309688887, 0.003493023350050575]], [[416.3333333333333], [0.0015526901309688887, 0.003493023350050575]], [[367.8666666666667], [0.001631697523407638, -0.016520558477660117]], [[416.3333333333333], [0.0015526901309688887, 0.003493023350050575]], [[416.3333333333333], [0.0015526901309688887, 0.003493023350050575]], [[416.3333333333333], [0.0015526901309688887, 0.003493023350050575]], [[416.3333333333333], [0.0015526901309688887, 0.003493023350050575]], [[416.3333333333333], [0.0015526901309688887, 0.003493023350050575]], [[367.8666666666667], [0.001631697523407638, -0.016520558477660117]], [[416.3333333333333], [0.0015526901309688887, 0.003493023350050575]], [[9.4], [0.04000722120205562, -0.6141212710923556]], [[416.3333333333333], [0.0015526901309688887, 0.003493023350050575]], [[367.8666666666667], [0.001631697523407638, -0.016520558477660117]], [[416.3333333333333], [0.0015526901309688887, 0.003493023350050575]], [[416.3333333333333], [0.0015526901309688887, 0.003493023350050575]], [[416.3333333333333], [0.0015526901309688887, 0.003493023350050575]], [[416.3333333333333], [0.0015526901309688887, 0.003493023350050575]], [[416.3333333333333], [0.0015526901309688887, 0.003493023350050575]], [[416.3333333333333], [0.0015526901309688887, 0.003493023350050575]], [[416.3333333333333], [0.0015526901309688887, 0.003493023350050575]], [[416.3333333333333], [0.0015526901309688887, 0.003493023350050575]], [[416.3333333333333], [0.0015526901309688887, 0.003493023350050575]]]}