{"102": [[[410.3333333333333], [-0.0014882840332575142, 0.006040138232579642]], [[410.3333333333333], [-0.0014882840332575142, 0.006040138232579642]], [[410.3333333333333], [-0.0014882840332575142, 0.006040138232579642]], [[410.3333333333333], [-0.0014882840332575142, 0.006040138232579642]], [[410.3333333333333], [-0.0014882840332575142, 0.006040138232579642]], [[410.3333333333333], [-0.0014882840332575142, 0.006040138232579642]], [[410.3333333333333], [-0.0014882840332575142, 0.006040138232579642]], [[410.3333333333333], [-0.0014882840332575142, 0.006040138232579642]], [[410.3333333333333], [-0.0014882840332575142, 0.006040138232579642]], [[410.3333333333333], [-0.0014882840332575142, 0.006040138232579642]], [[337.1333333333333], [0.4270295302073161, 0.5044672620353516]], [[410.3333333333333], [-0.0014882840332575142, 0.006040138232579642]], [[410.3333333333333], [-0.0014882840332575142, 0.006040138232579642]], [[410.3333333333333], [-0.0014882840332575142, 0.006040138232579642]], [[410.3333333333333], [-0.0014882840332575142, 0.006040138232579642]], [[410.3333333333333], [-0.0014882840332575142, 0.006040138232579642]], [[410.3333333333333], [-0.0014882840332575142, 0.006040138232579642]], [[410.3333333333333], [-0.0014882840332575142, 0.006040138232579642]], [[79.86666666666666], [0.04896008720000585, -0.5203732890945872]], [[500.0], [7.119468136806972e-05, -0.005109227289173877]], [[410.3333333333333], [-0.0014882840332575142, 0.006040138232579642]], [[410.3333333333333], [-0.0014882840332575142, 0.006040138232579642]], [[337.1333333333333], [0.4270295302073161, 0.5044672620353516]], [[337.1333333333333], [0.4270295302073161, 0.5044672620353516]], [[500.0], [7.119468136806972e-05, -0.005109227289173877]], [[410.3333333333333], [-0.0014882840332575142, 0.006040138232579642]], [[337.1333333333333], [0.4270295302073161, 0.5044672620353516]], [[410.3333333333333], [-0.0014882840332575142, 0.006040138232579642]], [[337.1333333333333], [0.4270295302073161, 0.5044672620353516]], [[410.3333333333333], [-0.0014882840332575142, 0.006040138232579642]]], "101": [[[500.0], [0.0742384729286035, 0.01766071454332206]], [[500.0], [0.0016247311335367462, -0.01475771078082363]], [[500.0], [0.0742384729286035, 0.01766071454332206]], [[500.0], [0.007918333479513725, -0.07348499176177112]], [[500.0], [0.0016247311335367462, -0.01475771078082363]], [[500.0], [0.0016247311335367462, -0.01475771078082363]], [[500.0], [0.0016247311335367462, -0.01475771078082363]], [[500.0], [0.0016247311335367462, -0.01475771078082363]], [[500.0], [0.007918333479513725, -0.07348499176177112]], [[500.0], [0.0016247311335367462, -0.01475771078082363]], [[500.0], [0.0016247311335367462, -0.01475771078082363]], [[500.0], [0.0016247311335367462, -0.01475771078082363]], [[500.0], [0.0016247311335367462, -0.01475771078082363]], [[500.0], [0.0742384729286035, 0.01766071454332206]], [[500.0], [0.0016247311335367462, -0.01475771078082363]], [[500.0], [0.0016247311335367462, -0.01475771078082363]], [[500.0], [0.0016247311335367462, -0.01475771078082363]], [[500.0], [0.007918333479513725, -0.07348499176177112]], [[500.0], [0.007918333479513725, -0.07348499176177112]], [[500.0], [0.0016247311335367462, -0.01475771078082363]], [[500.0], [0.0016247311335367462, -0.01475771078082363]], [[500.0], [0.0016247311335367462, -0.01475771078082363]], [[500.0], [0.0016247311335367462, -0.01475771078082363]], [[500.0], [0.0016247311335367462, -0.01475771078082363]], [[500.0], [0.0016247311335367462, -0.01475771078082363]], [[500.0], [0.0742384729286035, 0.01766071454332206]], [[500.0], [0.0016247311335367462, -0.01475771078082363]], [[500.0], [0.0016247311335367462, -0.01475771078082363]], [[500.0], [0.0016247311335367462, -0.01475771078082363]], [[500.0], [0.0016247311335367462, -0.01475771078082363]]], "103": [[[500.0], [0.013980446383357048, -0.07360091691382194]], [[500.0], [0.013980446383357048, -0.07360091691382194]], [[500.0], [0.013980446383357048, -0.07360091691382194]], [[500.0], [0.013980446383357048, -0.07360091691382194]], [[500.0], [0.013980446383357048, -0.07360091691382194]], [[500.0], [0.013980446383357048, -0.07360091691382194]], [[367.73333333333335], [0.503579576810201, 0.26594285973521514]], [[500.0], [0.013980446383357048, -0.07360091691382194]], [[500.0], [0.013980446383357048, -0.07360091691382194]], [[500.0], [0.013980446383357048, -0.07360091691382194]], [[367.73333333333335], [0.503579576810201, 0.26594285973521514]], [[500.0], [0.013980446383357048, -0.07360091691382194]], [[500.0], [0.013980446383357048, -0.07360091691382194]], [[500.0], [0.013980446383357048, -0.07360091691382194]], [[500.0], [0.013980446383357048, -0.07360091691382194]], [[357.1333333333333], [0.0017896568169817328, -0.05654111041121506]], [[500.0], [0.013980446383357048, -0.07360091691382194]], [[367.73333333333335], [0.503579576810201, 0.26594285973521514]], [[500.0], [0.013980446383357048, -0.07360091691382194]], [[500.0], [0.013980446383357048, -0.07360091691382194]], [[500.0], [0.013980446383357048, -0.07360091691382194]], [[500.0], [0.013980446383357048, -0.07360091691382194]], [[500.0], [0.013980446383357048, -0.07360091691382194]], [[500.0], [0.013980446383357048, -0.07360091691382194]], [[500.0], [0.013980446383357048, -0.07360091691382194]], [[500.0], [0.013980446383357048, -0.07360091691382194]], [[500.0], [0.013980446383357048, -0.07360091691382194]], [[500.0], [0.013980446383357048, -0.07360091691382194]], [[500.0], [0.013980446383357048, -0.07360091691382194]], [[500.0], [0.013980446383357048, -0.07360091691382194]]]}