{"103": [[[403.53333333333336], [-0.001505221201417347, 0.010328880916728359]], [[403.53333333333336], [-0.001505221201417347, 0.010328880916728359]], [[403.53333333333336], [-0.001505221201417347, 0.010328880916728359]], [[403.53333333333336], [-0.001505221201417347, 0.010328880916728359]], [[26.333333333333332], [-0.03119670165081819, 0.5079440451695018]], [[403.53333333333336], [-0.001505221201417347, 0.010328880916728359]], [[403.53333333333336], [-0.001505221201417347, 0.010328880916728359]], [[403.53333333333336], [-0.001505221201417347, 0.010328880916728359]], [[403.53333333333336], [-0.001505221201417347, 0.010328880916728359]], [[403.53333333333336], [-0.001505221201417347, 0.010328880916728359]], [[403.53333333333336], [-0.001505221201417347, 0.010328880916728359]], [[403.53333333333336], [-0.001505221201417347, 0.010328880916728359]], [[403.53333333333336], [-0.001505221201417347, 0.010328880916728359]], [[403.53333333333336], [-0.001505221201417347, 0.010328880916728359]], [[403.53333333333336], [-0.001505221201417347, 0.010328880916728359]], [[403.53333333333336], [-0.001505221201417347, 0.010328880916728359]], [[403.53333333333336], [-0.001505221201417347, 0.010328880916728359]], [[9.266666666666667], [-0.02591668317715327, 0.5459527721245323]], [[403.53333333333336], [-0.001505221201417347, 0.010328880916728359]], [[403.53333333333336], [-0.001505221201417347, 0.010328880916728359]], [[403.53333333333336], [-0.001505221201417347, 0.010328880916728359]], [[403.53333333333336], [-0.001505221201417347, 0.010328880916728359]], [[500.0], [0.0015403040257903438, 0.006630252512020358]], [[403.53333333333336], [-0.001505221201417347, 0.010328880916728359]], [[403.53333333333336], [-0.001505221201417347, 0.010328880916728359]], [[403.53333333333336], [-0.001505221201417347, 0.010328880916728359]], [[403.53333333333336], [-0.001505221201417347, 0.010328880916728359]], [[403.53333333333336], [-0.001505221201417347, 0.010328880916728359]], [[403.53333333333336], [-0.001505221201417347, 0.010328880916728359]], [[403.53333333333336], [-0.001505221201417347, 0.010328880916728359]]], "102": [[[500.0], [0.015163738280534744, 0.010597667741504583]], [[500.0], [0.015163738280534744, 0.010597667741504583]], [[500.0], [0.015163738280534744, 0.010597667741504583]], [[500.0], [0.015163738280534744, 0.010597667741504583]], [[500.0], [0.015163738280534744, 0.010597667741504583]], [[500.0], [0.015163738280534744, 0.010597667741504583]], [[500.0], [0.015163738280534744, 0.010597667741504583]], [[500.0], [0.015163738280534744, 0.010597667741504583]], [[500.0], [0.015163738280534744, 0.010597667741504583]], [[500.0], [0.015163738280534744, 0.010597667741504583]], [[500.0], [0.015163738280534744, 0.010597667741504583]], [[500.0], [0.015163738280534744, 0.010597667741504583]], [[500.0], [0.015163738280534744, 0.010597667741504583]], [[500.0], [0.015163738280534744, 0.010597667741504583]], [[500.0], [0.015163738280534744, 0.010597667741504583]], [[500.0], [0.015163738280534744, 0.010597667741504583]], [[500.0], [0.015163738280534744, 0.010597667741504583]], [[500.0], [0.015163738280534744, 0.010597667741504583]], [[43.46666666666667], [0.01210772820437948, -0.5153459652759242]], [[500.0], [0.015163738280534744, 0.010597667741504583]], [[500.0], [0.015163738280534744, 0.010597667741504583]], [[500.0], [0.015163738280534744, 0.010597667741504583]], [[500.0], [0.015163738280534744, 0.010597667741504583]], [[500.0], [0.015163738280534744, 0.010597667741504583]], [[500.0], [0.015163738280534744, 0.010597667741504583]], [[500.0], [0.015163738280534744, 0.010597667741504583]], [[500.0], [0.015163738280534744, 0.010597667741504583]], [[500.0], [0.015163738280534744, 0.010597667741504583]], [[500.0], [0.015163738280534744, 0.010597667741504583]], [[500.0], [0.015163738280534744, 0.010597667741504583]]], "101": [[[500.0], [0.00010035849603203437, -0.012498311074584295]], [[500.0], [0.00010035849603203437, -0.012498311074584295]], [[500.0], [0.00010035849603203437, -0.012498311074584295]], [[500.0], [0.00010035849603203437, -0.012498311074584295]], [[500.0], [0.00010035849603203437, -0.012498311074584295]], [[500.0], [0.00010035849603203437, -0.012498311074584295]], [[412.2], [0.012242486700415611, -0.017182097177613865]], [[100.06666666666666], [-0.31893158952395123, 0.5038011658705023]], [[500.0], [0.00010035849603203437, -0.012498311074584295]], [[412.2], [0.012242486700415611, -0.017182097177613865]], [[500.0], [0.00010035849603203437, -0.012498311074584295]], [[412.2], [0.012242486700415611, -0.017182097177613865]], [[500.0], [0.00010035849603203437, -0.012498311074584295]], [[500.0], [0.00010035849603203437, -0.012498311074584295]], [[500.0], [0.00010035849603203437, -0.012498311074584295]], [[412.2], [0.012242486700415611, -0.017182097177613865]], [[412.2], [0.012242486700415611, -0.017182097177613865]], [[500.0], [0.00010035849603203437, -0.012498311074584295]], [[412.2], [0.012242486700415611, -0.017182097177613865]], [[412.2], [0.012242486700415611, -0.017182097177613865]], [[500.0], [0.00010035849603203437, -0.012498311074584295]], [[412.2], [0.012242486700415611, -0.017182097177613865]], [[412.2], [0.012242486700415611, -0.017182097177613865]], [[412.2], [0.012242486700415611, -0.017182097177613865]], [[412.2], [0.012242486700415611, -0.017182097177613865]], [[500.0], [0.00010035849603203437, -0.012498311074584295]], [[412.2], [0.012242486700415611, -0.017182097177613865]], [[500.0], [0.00010035849603203437, -0.012498311074584295]], [[500.0], [0.00010035849603203437, -0.012498311074584295]], [[412.2], [0.012242486700415611, -0.017182097177613865]]]}