{"102": [[[382.3333333333333], [-0.0014976441161707044, 0.008409754841022514]], [[382.3333333333333], [-0.0014976441161707044, 0.008409754841022514]], [[382.3333333333333], [-0.0014976441161707044, 0.008409754841022514]], [[264.8], [0.4604072372118632, 0.5012079003895299]], [[264.8], [0.4604072372118632, 0.5012079003895299]], [[371.8666666666667], [0.5015178521474203, 0.26706675664659896]], [[264.8], [0.4604072372118632, 0.5012079003895299]], [[345.0], [-0.0014729267180276415, 0.0021541247458495734]], [[382.3333333333333], [-0.0014976441161707044, 0.008409754841022514]], [[500.0], [-0.0031876490296175084, 0.05262707801241624]], [[264.8], [0.4604072372118632, 0.5012079003895299]], [[264.8], [0.4604072372118632, 0.5012079003895299]], [[382.3333333333333], [-0.0014976441161707044, 0.008409754841022514]], [[500.0], [-0.0031876490296175084, 0.05262707801241624]], [[500.0], [-0.0031876490296175084, 0.05262707801241624]], [[382.3333333333333], [-0.0014976441161707044, 0.008409754841022514]], [[264.8], [0.4604072372118632, 0.5012079003895299]], [[382.3333333333333], [-0.0014976441161707044, 0.008409754841022514]], [[382.3333333333333], [-0.0014976441161707044, 0.008409754841022514]], [[371.8666666666667], [0.5015178521474203, 0.26706675664659896]], [[264.8], [0.4604072372118632, 0.5012079003895299]], [[382.3333333333333], [-0.0014976441161707044, 0.008409754841022514]], [[264.8], [0.4604072372118632, 0.5012079003895299]], [[500.0], [-0.0031876490296175084, 0.05262707801241624]], [[264.8], [0.4604072372118632, 0.5012079003895299]], [[382.3333333333333], [-0.0014976441161707044, 0.008409754841022514]], [[382.3333333333333], [-0.0014976441161707044, 0.008409754841022514]], [[382.3333333333333], [-0.0014976441161707044, 0.008409754841022514]], [[382.3333333333333], [-0.0014976441161707044, 0.008409754841022514]], [[217.4], [0.5014209449291229, 0.34473700956864795]]], "103": [[[500.0], [6.508945565049848e-05, -0.0035666379382450616]], [[500.0], [6.508945565049848e-05, -0.0035666379382450616]], [[500.0], [6.508945565049848e-05, -0.0035666379382450616]], [[500.0], [6.508945565049848e-05, -0.0035666379382450616]], [[500.0], [6.508945565049848e-05, -0.0035666379382450616]], [[500.0], [6.508945565049848e-05, -0.0035666379382450616]], [[500.0], [6.508945565049848e-05, -0.0035666379382450616]], [[500.0], [6.508945565049848e-05, -0.0035666379382450616]], [[500.0], [6.508945565049848e-05, -0.0035666379382450616]], [[66.46666666666667], [-0.026835966855287552, -0.5070435587298927]], [[500.0], [6.508945565049848e-05, -0.0035666379382450616]], [[500.0], [6.508945565049848e-05, -0.0035666379382450616]], [[500.0], [6.508945565049848e-05, -0.0035666379382450616]], [[500.0], [6.508945565049848e-05, -0.0035666379382450616]], [[500.0], [6.508945565049848e-05, -0.0035666379382450616]], [[500.0], [6.508945565049848e-05, -0.0035666379382450616]], [[500.0], [6.508945565049848e-05, -0.0035666379382450616]], [[500.0], [6.508945565049848e-05, -0.0035666379382450616]], [[500.0], [6.508945565049848e-05, -0.0035666379382450616]], [[500.0], [6.508945565049848e-05, -0.0035666379382450616]], [[500.0], [6.508945565049848e-05, -0.0035666379382450616]], [[500.0], [6.508945565049848e-05, -0.0035666379382450616]], [[500.0], [6.508945565049848e-05, -0.0035666379382450616]], [[500.0], [6.508945565049848e-05, -0.0035666379382450616]], [[500.0], [6.508945565049848e-05, -0.0035666379382450616]], [[500.0], [6.508945565049848e-05, -0.0035666379382450616]], [[500.0], [6.508945565049848e-05, -0.0035666379382450616]], [[500.0], [6.508945565049848e-05, -0.0035666379382450616]], [[500.0], [6.508945565049848e-05, -0.0035666379382450616]], [[500.0], [6.508945565049848e-05, -0.0035666379382450616]]], "101": [[[500.0], [0.0032541865948587656, -0.04363686078045357]], [[500.0], [0.0032541865948587656, -0.04363686078045357]], [[500.0], [0.0032541865948587656, -0.04363686078045357]], [[500.0], [0.0032541865948587656, -0.04363686078045357]], [[500.0], [0.0032541865948587656, -0.04363686078045357]], [[500.0], [0.0032541865948587656, -0.04363686078045357]], [[500.0], [0.0032541865948587656, -0.04363686078045357]], [[500.0], [0.0032541865948587656, -0.04363686078045357]], [[500.0], [0.0032541865948587656, -0.04363686078045357]], [[500.0], [0.0032541865948587656, -0.04363686078045357]], [[500.0], [0.0032541865948587656, -0.04363686078045357]], [[500.0], [0.0032541865948587656, -0.04363686078045357]], [[500.0], [0.0032541865948587656, -0.04363686078045357]], [[500.0], [0.0032541865948587656, -0.04363686078045357]], [[500.0], [0.0032541865948587656, -0.04363686078045357]], [[500.0], [0.0032541865948587656, -0.04363686078045357]], [[500.0], [0.0032541865948587656, -0.04363686078045357]], [[500.0], [0.0032541865948587656, -0.04363686078045357]], [[500.0], [0.0032541865948587656, -0.04363686078045357]], [[500.0], [0.0032541865948587656, -0.04363686078045357]], [[500.0], [0.0032541865948587656, -0.04363686078045357]], [[500.0], [0.0032541865948587656, -0.04363686078045357]], [[500.0], [0.0032541865948587656, -0.04363686078045357]], [[500.0], [0.0032541865948587656, -0.04363686078045357]], [[500.0], [0.0032541865948587656, -0.04363686078045357]], [[500.0], [0.0032541865948587656, -0.04363686078045357]], [[500.0], [0.0032541865948587656, -0.04363686078045357]], [[500.0], [0.0032541865948587656, -0.04363686078045357]], [[500.0], [0.0032541865948587656, -0.04363686078045357]], [[500.0], [0.0032541865948587656, -0.04363686078045357]]]}