{"101": [[[500.0], [0.004617159720510244, -0.005007524301774764]], [[500.0], [0.004617159720510244, -0.005007524301774764]], [[500.0], [0.004617159720510244, -0.005007524301774764]], [[500.0], [0.004617159720510244, -0.005007524301774764]], [[500.0], [0.004617159720510244, -0.005007524301774764]], [[500.0], [0.004617159720510244, -0.005007524301774764]], [[500.0], [0.004617159720510244, -0.005007524301774764]], [[500.0], [0.004617159720510244, -0.005007524301774764]], [[500.0], [0.004617159720510244, -0.005007524301774764]], [[500.0], [0.004617159720510244, -0.005007524301774764]], [[500.0], [0.004617159720510244, -0.005007524301774764]], [[500.0], [0.004617159720510244, -0.005007524301774764]], [[500.0], [0.004617159720510244, -0.005007524301774764]], [[500.0], [0.004617159720510244, -0.005007524301774764]], [[500.0], [0.004617159720510244, -0.005007524301774764]], [[500.0], [0.004617159720510244, -0.005007524301774764]], [[500.0], [0.004617159720510244, -0.005007524301774764]], [[500.0], [0.004617159720510244, -0.005007524301774764]], [[500.0], [0.004617159720510244, -0.005007524301774764]], [[500.0], [0.004617159720510244, -0.005007524301774764]], [[500.0], [0.004617159720510244, -0.005007524301774764]], [[500.0], [0.004617159720510244, -0.005007524301774764]], [[500.0], [0.004617159720510244, -0.005007524301774764]], [[500.0], [0.004617159720510244, -0.005007524301774764]], [[500.0], [0.004617159720510244, -0.005007524301774764]], [[500.0], [0.004617159720510244, -0.005007524301774764]], [[500.0], [0.004617159720510244, -0.005007524301774764]], [[500.0], [0.004617159720510244, -0.005007524301774764]], [[500.0], [0.004617159720510244, -0.005007524301774764]], [[500.0], [0.004617159720510244, -0.005007524301774764]]], "103": [[[500.0], [9.010043868329376e-05, -0.009901611063112483]], [[499.1333333333333], [0.0017896568169817328, -0.05654111041121506]], [[499.1333333333333], [0.0017896568169817328, -0.05654111041121506]], [[499.1333333333333], [0.0017896568169817328, -0.05654111041121506]], [[499.1333333333333], [0.0017896568169817328, -0.05654111041121506]], [[499.1333333333333], [0.0017896568169817328, -0.05654111041121506]], [[499.1333333333333], [0.0017896568169817328, -0.05654111041121506]], [[499.1333333333333], [0.0017896568169817328, -0.05654111041121506]], [[499.1333333333333], [0.0017896568169817328, -0.05654111041121506]], [[500.0], [9.010043868329376e-05, -0.009901611063112483]], [[499.1333333333333], [0.0017896568169817328, -0.05654111041121506]], [[499.1333333333333], [0.0017896568169817328, -0.05654111041121506]], [[499.1333333333333], [0.0017896568169817328, -0.05654111041121506]], [[500.0], [9.010043868329376e-05, -0.009901611063112483]], [[499.1333333333333], [0.0017896568169817328, -0.05654111041121506]], [[499.1333333333333], [0.0017896568169817328, -0.05654111041121506]], [[499.1333333333333], [0.0017896568169817328, -0.05654111041121506]], [[499.1333333333333], [0.0017896568169817328, -0.05654111041121506]], [[499.1333333333333], [0.0017896568169817328, -0.05654111041121506]], [[499.1333333333333], [0.0017896568169817328, -0.05654111041121506]], [[499.1333333333333], [0.0017896568169817328, -0.05654111041121506]], [[499.1333333333333], [0.0017896568169817328, -0.05654111041121506]], [[499.1333333333333], [0.0017896568169817328, -0.05654111041121506]], [[499.1333333333333], [0.0017896568169817328, -0.05654111041121506]], [[499.1333333333333], [0.0017896568169817328, -0.05654111041121506]], [[499.1333333333333], [0.0017896568169817328, -0.05654111041121506]], [[499.1333333333333], [0.0017896568169817328, -0.05654111041121506]], [[499.1333333333333], [0.0017896568169817328, -0.05654111041121506]], [[499.1333333333333], [0.0017896568169817328, -0.05654111041121506]], [[499.1333333333333], [0.0017896568169817328, -0.05654111041121506]]], "102": [[[500.0], [0.024346550926566124, -0.01222590479162036]], [[500.0], [0.024346550926566124, -0.01222590479162036]], [[500.0], [0.024346550926566124, -0.01222590479162036]], [[500.0], [0.024346550926566124, -0.01222590479162036]], [[500.0], [0.016787212031582992, -0.01676715620788946]], [[500.0], [0.024346550926566124, -0.01222590479162036]], [[500.0], [0.024346550926566124, -0.01222590479162036]], [[500.0], [0.024346550926566124, -0.01222590479162036]], [[500.0], [0.016787212031582992, -0.01676715620788946]], [[500.0], [0.024346550926566124, -0.01222590479162036]], [[500.0], [0.024346550926566124, -0.01222590479162036]], [[500.0], [0.024346550926566124, -0.01222590479162036]], [[500.0], [0.024346550926566124, -0.01222590479162036]], [[500.0], [0.024346550926566124, -0.01222590479162036]], [[500.0], [0.024346550926566124, -0.01222590479162036]], [[500.0], [0.024346550926566124, -0.01222590479162036]], [[500.0], [0.016787212031582992, -0.01676715620788946]], [[500.0], [0.016787212031582992, -0.01676715620788946]], [[500.0], [0.024346550926566124, -0.01222590479162036]], [[500.0], [0.016787212031582992, -0.01676715620788946]], [[500.0], [0.024346550926566124, -0.01222590479162036]], [[500.0], [0.024346550926566124, -0.01222590479162036]], [[500.0], [0.024346550926566124, -0.01222590479162036]], [[500.0], [0.016787212031582992, -0.01676715620788946]], [[500.0], [0.016787212031582992, -0.01676715620788946]], [[500.0], [0.016787212031582992, -0.01676715620788946]], [[500.0], [0.024346550926566124, -0.01222590479162036]], [[500.0], [0.016787212031582992, -0.01676715620788946]], [[500.0], [0.024346550926566124, -0.01222590479162036]], [[500.0], [0.024346550926566124, -0.01222590479162036]]]}