{"103": [[[500.0], [0.006187447191526493, -0.018898052337209575]], [[500.0], [0.006187447191526493, -0.018898052337209575]], [[500.0], [0.006187447191526493, -0.018898052337209575]], [[500.0], [0.006187447191526493, -0.018898052337209575]], [[500.0], [0.006187447191526493, -0.018898052337209575]], [[500.0], [0.006187447191526493, -0.018898052337209575]], [[500.0], [0.006187447191526493, -0.018898052337209575]], [[500.0], [0.006187447191526493, -0.018898052337209575]], [[500.0], [0.006187447191526493, -0.018898052337209575]], [[500.0], [0.006187447191526493, -0.018898052337209575]], [[500.0], [0.006187447191526493, -0.018898052337209575]], [[500.0], [0.006187447191526493, -0.018898052337209575]], [[500.0], [0.006187447191526493, -0.018898052337209575]], [[500.0], [0.006187447191526493, -0.018898052337209575]], [[500.0], [0.006187447191526493, -0.018898052337209575]], [[500.0], [0.006187447191526493, -0.018898052337209575]], [[500.0], [0.006187447191526493, -0.018898052337209575]], [[500.0], [0.006187447191526493, -0.018898052337209575]], [[500.0], [0.006187447191526493, -0.018898052337209575]], [[500.0], [0.006187447191526493, -0.018898052337209575]], [[500.0], [0.006187447191526493, -0.018898052337209575]], [[500.0], [0.006187447191526493, -0.018898052337209575]], [[500.0], [0.006187447191526493, -0.018898052337209575]], [[500.0], [0.006187447191526493, -0.018898052337209575]], [[500.0], [0.006187447191526493, -0.018898052337209575]], [[500.0], [0.006187447191526493, -0.018898052337209575]], [[500.0], [0.006187447191526493, -0.018898052337209575]], [[500.0], [0.006187447191526493, -0.018898052337209575]], [[500.0], [0.006187447191526493, -0.018898052337209575]], [[500.0], [0.006187447191526493, -0.018898052337209575]]], "102": [[[500.0], [0.0031643762486055493, -0.020884015289932917]], [[500.0], [0.0031643762486055493, -0.020884015289932917]], [[500.0], [0.0031643762486055493, -0.020884015289932917]], [[500.0], [0.0031643762486055493, -0.020884015289932917]], [[500.0], [0.0031643762486055493, -0.020884015289932917]], [[500.0], [0.0031643762486055493, -0.020884015289932917]], [[500.0], [0.0031643762486055493, -0.020884015289932917]], [[315.46666666666664], [0.4543629288673401, 0.5173835742986944]], [[500.0], [0.0031643762486055493, -0.020884015289932917]], [[500.0], [0.0031643762486055493, -0.020884015289932917]], [[500.0], [0.0031643762486055493, -0.020884015289932917]], [[500.0], [0.0031643762486055493, -0.020884015289932917]], [[500.0], [0.0031643762486055493, -0.020884015289932917]], [[500.0], [0.0031643762486055493, -0.020884015289932917]], [[500.0], [0.0031643762486055493, -0.020884015289932917]], [[500.0], [0.0031643762486055493, -0.020884015289932917]], [[500.0], [0.0031643762486055493, -0.020884015289932917]], [[500.0], [0.0031643762486055493, -0.020884015289932917]], [[500.0], [0.0031643762486055493, -0.020884015289932917]], [[500.0], [0.0031643762486055493, -0.020884015289932917]], [[500.0], [0.0031643762486055493, -0.020884015289932917]], [[500.0], [0.0031643762486055493, -0.020884015289932917]], [[500.0], [0.0031643762486055493, -0.020884015289932917]], [[500.0], [0.0031643762486055493, -0.020884015289932917]], [[500.0], [0.0031643762486055493, -0.020884015289932917]], [[500.0], [0.0031643762486055493, -0.020884015289932917]], [[500.0], [0.0031643762486055493, -0.020884015289932917]], [[500.0], [0.0031643762486055493, -0.020884015289932917]], [[500.0], [0.0031643762486055493, -0.020884015289932917]], [[500.0], [0.0031643762486055493, -0.020884015289932917]]], "101": [[[500.0], [0.006292392887795965, -0.04548733635097029]], [[500.0], [0.006292392887795965, -0.04548733635097029]], [[500.0], [0.006292392887795965, -0.04548733635097029]], [[500.0], [0.006292392887795965, -0.04548733635097029]], [[500.0], [0.006292392887795965, -0.04548733635097029]], [[500.0], [0.006292392887795965, -0.04548733635097029]], [[500.0], [0.006292392887795965, -0.04548733635097029]], [[500.0], [0.006292392887795965, -0.04548733635097029]], [[500.0], [0.006292392887795965, -0.04548733635097029]], [[500.0], [0.006292392887795965, -0.04548733635097029]], [[500.0], [0.006292392887795965, -0.04548733635097029]], [[500.0], [0.006292392887795965, -0.04548733635097029]], [[500.0], [0.006292392887795965, -0.04548733635097029]], [[101.53333333333333], [0.06157586971918742, 0.5287390434000481]], [[500.0], [0.006292392887795965, -0.04548733635097029]], [[500.0], [0.006292392887795965, -0.04548733635097029]], [[500.0], [0.006292392887795965, -0.04548733635097029]], [[500.0], [0.006292392887795965, -0.04548733635097029]], [[500.0], [0.006292392887795965, -0.04548733635097029]], [[500.0], [0.006292392887795965, -0.04548733635097029]], [[500.0], [0.006292392887795965, -0.04548733635097029]], [[500.0], [0.006292392887795965, -0.04548733635097029]], [[500.0], [0.006292392887795965, -0.04548733635097029]], [[500.0], [0.006292392887795965, -0.04548733635097029]], [[500.0], [0.006292392887795965, -0.04548733635097029]], [[500.0], [0.006292392887795965, -0.04548733635097029]], [[500.0], [0.006292392887795965, -0.04548733635097029]], [[500.0], [0.006292392887795965, -0.04548733635097029]], [[500.0], [0.006292392887795965, -0.04548733635097029]], [[500.0], [0.006292392887795965, -0.04548733635097029]]]}