{"103": [[[331.6666666666667], [0.036440578599770866, -0.004731670677055868]], [[413.2], [0.09679789965351424, 0.5038747448099857]], [[331.6666666666667], [0.036440578599770866, -0.004731670677055868]], [[367.93333333333334], [-0.0014352004897470276, -0.00740660178479538]], [[367.93333333333334], [-0.0014352004897470276, -0.00740660178479538]], [[367.93333333333334], [-0.0014352004897470276, -0.00740660178479538]], [[367.93333333333334], [-0.0014352004897470276, -0.00740660178479538]], [[367.93333333333334], [-0.0014352004897470276, -0.00740660178479538]], [[331.6666666666667], [0.036440578599770866, -0.004731670677055868]], [[331.6666666666667], [0.036440578599770866, -0.004731670677055868]], [[413.2], [0.09679789965351424, 0.5038747448099857]], [[413.2], [0.09679789965351424, 0.5038747448099857]], [[331.6666666666667], [0.036440578599770866, -0.004731670677055868]], [[331.6666666666667], [0.036440578599770866, -0.004731670677055868]], [[331.6666666666667], [0.036440578599770866, -0.004731670677055868]], [[367.93333333333334], [-0.0014352004897470276, -0.00740660178479538]], [[367.93333333333334], [-0.0014352004897470276, -0.00740660178479538]], [[331.6666666666667], [0.036440578599770866, -0.004731670677055868]], [[367.93333333333334], [-0.0014352004897470276, -0.00740660178479538]], [[367.93333333333334], [-0.0014352004897470276, -0.00740660178479538]], [[331.6666666666667], [0.036440578599770866, -0.004731670677055868]], [[331.6666666666667], [0.036440578599770866, -0.004731670677055868]], [[413.2], [0.09679789965351424, 0.5038747448099857]], [[331.6666666666667], [0.036440578599770866, -0.004731670677055868]], [[413.2], [0.09679789965351424, 0.5038747448099857]], [[331.6666666666667], [0.036440578599770866, -0.004731670677055868]], [[331.6666666666667], [0.036440578599770866, -0.004731670677055868]], [[367.93333333333334], [-0.0014352004897470276, -0.00740660178479538]], [[367.93333333333334], [-0.0014352004897470276, -0.00740660178479538]], [[367.93333333333334], [-0.0014352004897470276, -0.00740660178479538]]], "101": [[[486.6666666666667], [0.0017896568169817328, -0.05654111041121506]], [[496.73333333333335], [0.07298811028401057, -0.04973477777539258]], [[274.8666666666667], [0.36231741309165955, 0.5111972752370333]], [[274.8666666666667], [0.36231741309165955, 0.5111972752370333]], [[486.6666666666667], [0.0017896568169817328, -0.05654111041121506]], [[486.6666666666667], [0.0017896568169817328, -0.05654111041121506]], [[486.6666666666667], [0.0017896568169817328, -0.05654111041121506]], [[274.8666666666667], [0.36231741309165955, 0.5111972752370333]], [[486.6666666666667], [0.0017896568169817328, -0.05654111041121506]], [[486.6666666666667], [0.0017896568169817328, -0.05654111041121506]], [[486.6666666666667], [0.0017896568169817328, -0.05654111041121506]], [[496.73333333333335], [0.07298811028401057, -0.04973477777539258]], [[486.6666666666667], [0.0017896568169817328, -0.05654111041121506]], [[486.6666666666667], [0.0017896568169817328, -0.05654111041121506]], [[486.6666666666667], [0.0017896568169817328, -0.05654111041121506]], [[274.8666666666667], [0.36231741309165955, 0.5111972752370333]], [[274.8666666666667], [0.36231741309165955, 0.5111972752370333]], [[274.8666666666667], [0.36231741309165955, 0.5111972752370333]], [[496.73333333333335], [0.07298811028401057, -0.04973477777539258]], [[463.93333333333334], [0.03335023609300455, 0.010321853664574441]], [[486.6666666666667], [0.0017896568169817328, -0.05654111041121506]], [[463.93333333333334], [0.03335023609300455, 0.010321853664574441]], [[274.8666666666667], [0.36231741309165955, 0.5111972752370333]], [[486.6666666666667], [0.0017896568169817328, -0.05654111041121506]], [[486.6666666666667], [0.0017896568169817328, -0.05654111041121506]], [[486.6666666666667], [0.0017896568169817328, -0.05654111041121506]], [[486.6666666666667], [0.0017896568169817328, -0.05654111041121506]], [[274.8666666666667], [0.36231741309165955, 0.5111972752370333]], [[486.6666666666667], [0.0017896568169817328, -0.05654111041121506]], [[486.6666666666667], [0.0017896568169817328, -0.05654111041121506]]], "102": [[[496.93333333333334], [7.529394376130465e-05, -0.006148799402755129]], [[500.0], [0.0032541865948587656, -0.04363686078045357]], [[496.93333333333334], [7.529394376130465e-05, -0.006148799402755129]], [[496.93333333333334], [7.529394376130465e-05, -0.006148799402755129]], [[496.93333333333334], [7.529394376130465e-05, -0.006148799402755129]], [[500.0], [0.0032541865948587656, -0.04363686078045357]], [[500.0], [0.0032541865948587656, -0.04363686078045357]], [[496.93333333333334], [7.529394376130465e-05, -0.006148799402755129]], [[496.93333333333334], [7.529394376130465e-05, -0.006148799402755129]], [[500.0], [0.0032541865948587656, -0.04363686078045357]], [[500.0], [0.0032541865948587656, -0.04363686078045357]], [[496.93333333333334], [7.529394376130465e-05, -0.006148799402755129]], [[500.0], [0.0032541865948587656, -0.04363686078045357]], [[500.0], [0.0032541865948587656, -0.04363686078045357]], [[500.0], [0.0032541865948587656, -0.04363686078045357]], [[496.93333333333334], [7.529394376130465e-05, -0.006148799402755129]], [[500.0], [0.0032541865948587656, -0.04363686078045357]], [[500.0], [7.927297095496519e-05, -0.00715555966292557]], [[496.93333333333334], [7.529394376130465e-05, -0.006148799402755129]], [[500.0], [0.0032541865948587656, -0.04363686078045357]], [[500.0], [0.0032541865948587656, -0.04363686078045357]], [[500.0], [0.0032541865948587656, -0.04363686078045357]], [[500.0], [0.0032541865948587656, -0.04363686078045357]], [[496.93333333333334], [7.529394376130465e-05, -0.006148799402755129]], [[500.0], [0.0032541865948587656, -0.04363686078045357]], [[496.93333333333334], [7.529394376130465e-05, -0.006148799402755129]], [[500.0], [0.0032541865948587656, -0.04363686078045357]], [[496.93333333333334], [7.529394376130465e-05, -0.006148799402755129]], [[500.0], [0.0032541865948587656, -0.04363686078045357]], [[80.53333333333333], [-0.03051966428756714, -0.5232745237898029]]]}