{"101": [[[500.0], [0.07150514051318169, -0.05773716476973164]], [[85.13333333333334], [0.04845866312583288, 0.5072979122828069]], [[500.0], [0.07150514051318169, -0.05773716476973164]], [[500.0], [0.07150514051318169, -0.05773716476973164]], [[500.0], [0.07150514051318169, -0.05773716476973164]], [[500.0], [0.07150514051318169, -0.05773716476973164]], [[500.0], [0.07150514051318169, -0.05773716476973164]], [[500.0], [0.07150514051318169, -0.05773716476973164]], [[500.0], [0.07150514051318169, -0.05773716476973164]], [[500.0], [0.07150514051318169, -0.05773716476973164]], [[500.0], [0.07150514051318169, -0.05773716476973164]], [[500.0], [0.07150514051318169, -0.05773716476973164]], [[500.0], [0.07150514051318169, -0.05773716476973164]], [[93.13333333333334], [0.08638260886073112, 0.5030314032540938]], [[500.0], [0.07150514051318169, -0.05773716476973164]], [[500.0], [0.07150514051318169, -0.05773716476973164]], [[85.13333333333334], [0.04845866312583288, 0.5072979122828069]], [[500.0], [0.07150514051318169, -0.05773716476973164]], [[500.0], [0.07150514051318169, -0.05773716476973164]], [[500.0], [0.07150514051318169, -0.05773716476973164]], [[500.0], [0.07150514051318169, -0.05773716476973164]], [[500.0], [0.07150514051318169, -0.05773716476973164]], [[500.0], [0.07150514051318169, -0.05773716476973164]], [[500.0], [0.07150514051318169, -0.05773716476973164]], [[500.0], [0.07150514051318169, -0.05773716476973164]], [[500.0], [0.07150514051318169, -0.05773716476973164]], [[500.0], [0.07150514051318169, -0.05773716476973164]], [[500.0], [0.07150514051318169, -0.05773716476973164]], [[500.0], [0.07150514051318169, -0.05773716476973164]], [[500.0], [0.07150514051318169, -0.05773716476973164]]], "102": [[[500.0], [0.003039379953406751, 0.01077999864397437]], [[500.0], [0.003039379953406751, 0.01077999864397437]], [[500.0], [0.003039379953406751, 0.01077999864397437]], [[500.0], [0.003039379953406751, 0.01077999864397437]], [[500.0], [0.003039379953406751, 0.01077999864397437]], [[500.0], [0.003039379953406751, 0.01077999864397437]], [[500.0], [0.003039379953406751, 0.01077999864397437]], [[500.0], [0.02179918500284354, -0.13481421868481705]], [[500.0], [0.003039379953406751, 0.01077999864397437]], [[500.0], [0.003039379953406751, 0.01077999864397437]], [[500.0], [0.003039379953406751, 0.01077999864397437]], [[500.0], [0.003039379953406751, 0.01077999864397437]], [[500.0], [0.003039379953406751, 0.01077999864397437]], [[500.0], [0.003039379953406751, 0.01077999864397437]], [[500.0], [0.003039379953406751, 0.01077999864397437]], [[500.0], [0.003039379953406751, 0.01077999864397437]], [[500.0], [0.003039379953406751, 0.01077999864397437]], [[500.0], [0.003039379953406751, 0.01077999864397437]], [[500.0], [0.003039379953406751, 0.01077999864397437]], [[500.0], [0.003039379953406751, 0.01077999864397437]], [[500.0], [0.003039379953406751, 0.01077999864397437]], [[500.0], [0.003039379953406751, 0.01077999864397437]], [[500.0], [0.003039379953406751, 0.01077999864397437]], [[500.0], [0.02179918500284354, -0.13481421868481705]], [[500.0], [0.003039379953406751, 0.01077999864397437]], [[500.0], [0.003039379953406751, 0.01077999864397437]], [[500.0], [0.003039379953406751, 0.01077999864397437]], [[500.0], [0.02179918500284354, -0.13481421868481705]], [[500.0], [0.003039379953406751, 0.01077999864397437]], [[500.0], [0.003039379953406751, 0.01077999864397437]]], "103": [[[500.0], [-0.0015567720402032137, 0.023393615474256033]], [[500.0], [-0.0015567720402032137, 0.023393615474256033]], [[500.0], [-0.0015567720402032137, 0.023393615474256033]], [[500.0], [-0.0015567720402032137, 0.023393615474256033]], [[500.0], [-0.0015567720402032137, 0.023393615474256033]], [[500.0], [-0.0015567720402032137, 0.023393615474256033]], [[500.0], [-0.0015567720402032137, 0.023393615474256033]], [[500.0], [-0.0015567720402032137, 0.023393615474256033]], [[500.0], [-0.0015567720402032137, 0.023393615474256033]], [[500.0], [-0.0015567720402032137, 0.023393615474256033]], [[500.0], [-0.0015567720402032137, 0.023393615474256033]], [[500.0], [-0.0015567720402032137, 0.023393615474256033]], [[500.0], [-0.0015567720402032137, 0.023393615474256033]], [[500.0], [-0.0015567720402032137, 0.023393615474256033]], [[500.0], [-0.0015567720402032137, 0.023393615474256033]], [[500.0], [-0.0015567720402032137, 0.023393615474256033]], [[500.0], [-0.0015567720402032137, 0.023393615474256033]], [[500.0], [-0.0015567720402032137, 0.023393615474256033]], [[500.0], [-0.0015567720402032137, 0.023393615474256033]], [[500.0], [-0.0015567720402032137, 0.023393615474256033]], [[500.0], [-0.0015567720402032137, 0.023393615474256033]], [[500.0], [-0.0015567720402032137, 0.023393615474256033]], [[500.0], [-0.0015567720402032137, 0.023393615474256033]], [[500.0], [-0.0015567720402032137, 0.023393615474256033]], [[500.0], [-0.0015567720402032137, 0.023393615474256033]], [[500.0], [-0.0015567720402032137, 0.023393615474256033]], [[500.0], [-0.0015567720402032137, 0.023393615474256033]], [[500.0], [-0.0015567720402032137, 0.023393615474256033]], [[500.0], [-0.0015567720402032137, 0.023393615474256033]], [[500.0], [-0.0015567720402032137, 0.023393615474256033]]]}