{"103": [[[500.0], [0.004520845056201021, 0.019392210312864998]], [[500.0], [0.004520845056201021, 0.019392210312864998]], [[400.46666666666664], [5.9595349739538506e-05, -0.0021703092606390638]], [[500.0], [0.004520845056201021, 0.019392210312864998]], [[400.46666666666664], [5.9595349739538506e-05, -0.0021703092606390638]], [[500.0], [0.004520845056201021, 0.019392210312864998]], [[500.0], [0.004520845056201021, 0.019392210312864998]], [[500.0], [0.004520845056201021, 0.019392210312864998]], [[500.0], [0.004520845056201021, 0.019392210312864998]], [[500.0], [0.004520845056201021, 0.019392210312864998]], [[500.0], [0.004520845056201021, 0.019392210312864998]], [[500.0], [0.004520845056201021, 0.019392210312864998]], [[500.0], [0.004520845056201021, 0.019392210312864998]], [[500.0], [0.004520845056201021, 0.019392210312864998]], [[500.0], [0.004520845056201021, 0.019392210312864998]], [[500.0], [0.004520845056201021, 0.019392210312864998]], [[500.0], [0.004520845056201021, 0.019392210312864998]], [[500.0], [0.004520845056201021, 0.019392210312864998]], [[500.0], [0.004520845056201021, 0.019392210312864998]], [[400.46666666666664], [5.9595349739538506e-05, -0.0021703092606390638]], [[500.0], [0.004520845056201021, 0.019392210312864998]], [[400.46666666666664], [5.9595349739538506e-05, -0.0021703092606390638]], [[500.0], [0.004520845056201021, 0.019392210312864998]], [[500.0], [0.004520845056201021, 0.019392210312864998]], [[500.0], [0.004520845056201021, 0.019392210312864998]], [[500.0], [0.004520845056201021, 0.019392210312864998]], [[500.0], [0.004520845056201021, 0.019392210312864998]], [[500.0], [0.004520845056201021, 0.019392210312864998]], [[500.0], [0.004520845056201021, 0.019392210312864998]], [[500.0], [0.004520845056201021, 0.019392210312864998]]], "102": [[[413.2], [0.09679789965351424, 0.5038747448099857]], [[413.2], [0.09679789965351424, 0.5038747448099857]], [[413.2], [0.09679789965351424, 0.5038747448099857]], [[476.0], [0.20906550188859305, 0.0298230922179359]], [[39.8], [0.00351476832292974, 0.5183352522872852]], [[413.2], [0.09679789965351424, 0.5038747448099857]], [[476.0], [0.20906550188859305, 0.0298230922179359]], [[413.2], [0.09679789965351424, 0.5038747448099857]], [[413.2], [0.09679789965351424, 0.5038747448099857]], [[413.2], [0.09679789965351424, 0.5038747448099857]], [[413.2], [0.09679789965351424, 0.5038747448099857]], [[413.2], [0.09679789965351424, 0.5038747448099857]], [[413.2], [0.09679789965351424, 0.5038747448099857]], [[413.2], [0.09679789965351424, 0.5038747448099857]], [[413.2], [0.09679789965351424, 0.5038747448099857]], [[413.2], [0.09679789965351424, 0.5038747448099857]], [[413.2], [0.09679789965351424, 0.5038747448099857]], [[413.2], [0.09679789965351424, 0.5038747448099857]], [[413.2], [0.09679789965351424, 0.5038747448099857]], [[413.2], [0.09679789965351424, 0.5038747448099857]], [[413.2], [0.09679789965351424, 0.5038747448099857]], [[413.2], [0.09679789965351424, 0.5038747448099857]], [[413.2], [0.09679789965351424, 0.5038747448099857]], [[413.2], [0.09679789965351424, 0.5038747448099857]], [[413.2], [0.09679789965351424, 0.5038747448099857]], [[413.2], [0.09679789965351424, 0.5038747448099857]], [[413.2], [0.09679789965351424, 0.5038747448099857]], [[413.2], [0.09679789965351424, 0.5038747448099857]], [[413.2], [0.09679789965351424, 0.5038747448099857]], [[413.2], [0.09679789965351424, 0.5038747448099857]]], "101": [[[481.93333333333334], [0.02471173026909431, -0.10472225052032745]], [[481.93333333333334], [0.02471173026909431, -0.10472225052032745]], [[481.93333333333334], [0.02471173026909431, -0.10472225052032745]], [[481.93333333333334], [0.02471173026909431, -0.10472225052032745]], [[481.93333333333334], [0.02471173026909431, -0.10472225052032745]], [[496.26666666666665], [0.003050194160702328, 0.008042198249348329]], [[481.93333333333334], [0.02471173026909431, -0.10472225052032745]], [[481.93333333333334], [0.02471173026909431, -0.10472225052032745]], [[481.93333333333334], [0.02471173026909431, -0.10472225052032745]], [[481.93333333333334], [0.02471173026909431, -0.10472225052032745]], [[481.93333333333334], [0.02471173026909431, -0.10472225052032745]], [[481.93333333333334], [0.02471173026909431, -0.10472225052032745]], [[481.93333333333334], [0.02471173026909431, -0.10472225052032745]], [[481.93333333333334], [0.02471173026909431, -0.10472225052032745]], [[481.93333333333334], [0.02471173026909431, -0.10472225052032745]], [[481.93333333333334], [0.02471173026909431, -0.10472225052032745]], [[193.93333333333334], [0.15645386030276617, 0.5135098427676699]], [[481.93333333333334], [0.02471173026909431, -0.10472225052032745]], [[481.93333333333334], [0.02471173026909431, -0.10472225052032745]], [[481.93333333333334], [0.02471173026909431, -0.10472225052032745]], [[481.93333333333334], [0.02471173026909431, -0.10472225052032745]], [[481.93333333333334], [0.02471173026909431, -0.10472225052032745]], [[481.93333333333334], [0.02471173026909431, -0.10472225052032745]], [[481.93333333333334], [0.02471173026909431, -0.10472225052032745]], [[481.93333333333334], [0.02471173026909431, -0.10472225052032745]], [[481.93333333333334], [0.02471173026909431, -0.10472225052032745]], [[481.93333333333334], [0.02471173026909431, -0.10472225052032745]], [[481.93333333333334], [0.02471173026909431, -0.10472225052032745]], [[481.93333333333334], [0.02471173026909431, -0.10472225052032745]], [[481.93333333333334], [0.02471173026909431, -0.10472225052032745]]]}