{"102": [[[44.13333333333333], [0.007543180448313555, -0.5160927701224551]], [[212.46666666666667], [-0.04445529232422511, 0.6084094207252613]], [[500.0], [0.0032541865948587656, -0.04363686078045357]], [[53.333333333333336], [0.01843780279159546, 0.540000685094076]], [[500.0], [0.0032541865948587656, -0.04363686078045357]], [[500.0], [0.0032541865948587656, -0.04363686078045357]], [[53.333333333333336], [0.01843780279159546, 0.540000685094076]], [[500.0], [0.0032541865948587656, -0.04363686078045357]], [[264.1333333333333], [0.5010358492533367, 0.2976959865344198]], [[500.0], [0.0032541865948587656, -0.04363686078045357]], [[325.4], [-0.0015088771275865536, 0.011259605261412535]], [[500.0], [0.0032541865948587656, -0.04363686078045357]], [[500.0], [0.0032541865948587656, -0.04363686078045357]], [[500.0], [0.0032541865948587656, -0.04363686078045357]], [[500.0], [0.0032541865948587656, -0.04363686078045357]], [[202.93333333333334], [0.2176991601785024, 0.5132348842598035]], [[500.0], [0.0032541865948587656, -0.04363686078045357]], [[500.0], [0.0032541865948587656, -0.04363686078045357]], [[500.0], [0.0032541865948587656, -0.04363686078045357]], [[219.46666666666667], [0.5056744317213695, 0.4490302367643877]], [[500.0], [0.0032541865948587656, -0.04363686078045357]], [[500.0], [0.0032541865948587656, -0.04363686078045357]], [[500.0], [0.0032541865948587656, -0.04363686078045357]], [[500.0], [0.0032541865948587656, -0.04363686078045357]], [[500.0], [0.0032541865948587656, -0.04363686078045357]], [[500.0], [0.0032541865948587656, -0.04363686078045357]], [[500.0], [0.0032541865948587656, -0.04363686078045357]], [[500.0], [0.0032541865948587656, -0.04363686078045357]], [[500.0], [0.0032541865948587656, -0.04363686078045357]], [[27.333333333333332], [0.01972254520903031, -0.5177022024775236]]], "103": [[[133.73333333333332], [0.06766167158881824, 0.1481869324827879]], [[133.73333333333332], [0.06766167158881824, 0.1481869324827879]], [[349.8], [0.5054886639118195, 0.20157118020445536]], [[133.73333333333332], [0.06766167158881824, 0.1481869324827879]], [[133.73333333333332], [0.06766167158881824, 0.1481869324827879]], [[349.8], [0.5054886639118195, 0.20157118020445536]], [[133.73333333333332], [0.06766167158881824, 0.1481869324827879]], [[63.333333333333336], [-0.016051327499250572, -0.5235417465273844]], [[349.8], [0.5054886639118195, 0.20157118020445536]], [[500.0], [0.0015270507234769564, 0.009989137560770843]], [[133.73333333333332], [0.06766167158881824, 0.1481869324827879]], [[318.06666666666666], [0.11029724031686783, 0.5071444802307056]], [[113.93333333333334], [-0.0897615651289622, 0.5586119858842147]], [[119.8], [0.07231596236427626, 0.5135035329458246]], [[349.8], [0.5054886639118195, 0.20157118020445536]], [[500.0], [0.0015270507234769564, 0.009989137560770843]], [[500.0], [0.0015270507234769564, 0.009989137560770843]], [[133.73333333333332], [0.06766167158881824, 0.1481869324827879]], [[349.8], [0.5054886639118195, 0.20157118020445536]], [[349.8], [0.5054886639118195, 0.20157118020445536]], [[349.8], [0.5054886639118195, 0.20157118020445536]], [[349.8], [0.5054886639118195, 0.20157118020445536]], [[349.8], [0.5054886639118195, 0.20157118020445536]], [[500.0], [0.0015270507234769564, 0.009989137560770843]], [[133.73333333333332], [0.06766167158881824, 0.1481869324827879]], [[349.8], [0.5054886639118195, 0.20157118020445536]], [[167.73333333333332], [-0.07860306650400162, -0.5052490382673638]], [[349.8], [0.5054886639118195, 0.20157118020445536]], [[500.0], [0.0015270507234769564, 0.009989137560770843]], [[500.0], [0.0015270507234769564, 0.009989137560770843]]], "101": [[[73.13333333333334], [0.03384330620368322, 0.5018850476547863]], [[163.8], [0.05460585157076518, 0.0003720560926012695]], [[215.93333333333334], [-0.06008536244432132, 0.5203915412346142]], [[94.26666666666667], [-0.05170980468392372, -0.5228022853153175]], [[78.2], [-0.2567148456970851, 0.5129562182859941]], [[73.13333333333334], [0.03384330620368322, 0.5018850476547863]], [[252.6], [0.10190570106108984, 0.3036659513934377]], [[30.6], [-0.009300684711585443, 0.5249777122547752]], [[14.6], [0.03512095039089521, -0.5284455119137559]], [[163.8], [0.05460585157076518, 0.0003720560926012695]], [[252.6], [0.10190570106108984, 0.3036659513934377]], [[28.666666666666668], [0.0020102407628049455, 0.5405054351929843]], [[94.26666666666667], [-0.05170980468392372, -0.5228022853153175]], [[94.26666666666667], [-0.05170980468392372, -0.5228022853153175]], [[163.8], [0.05460585157076518, 0.0003720560926012695]], [[37.666666666666664], [0.005267835222184658, -0.5191549230990798]], [[163.8], [0.05460585157076518, 0.0003720560926012695]], [[163.8], [0.05460585157076518, 0.0003720560926012695]], [[163.8], [0.05460585157076518, 0.0003720560926012695]], [[94.26666666666667], [-0.05170980468392372, -0.5228022853153175]], [[94.26666666666667], [-0.05170980468392372, -0.5228022853153175]], [[75.53333333333333], [0.03644496823350589, 0.5079927413087142]], [[215.93333333333334], [-0.06008536244432132, 0.5203915412346142]], [[37.666666666666664], [0.005267835222184658, -0.5191549230990798]], [[163.8], [0.05460585157076518, 0.0003720560926012695]], [[163.8], [0.05460585157076518, 0.0003720560926012695]], [[163.8], [0.05460585157076518, 0.0003720560926012695]], [[163.8], [0.05460585157076518, 0.0003720560926012695]], [[226.6], [0.2789376924435298, 0.5013970168013322]], [[215.93333333333334], [-0.06008536244432132, 0.5203915412346142]]]}