{"102": [[[497.73333333333335], [0.06660050402084987, 0.033031598749485885]], [[497.73333333333335], [0.06660050402084987, 0.033031598749485885]], [[497.73333333333335], [0.06660050402084987, 0.033031598749485885]], [[497.73333333333335], [0.06660050402084987, 0.033031598749485885]], [[497.73333333333335], [0.06660050402084987, 0.033031598749485885]], [[497.73333333333335], [0.06660050402084987, 0.033031598749485885]], [[497.73333333333335], [0.06660050402084987, 0.033031598749485885]], [[497.73333333333335], [0.06660050402084987, 0.033031598749485885]], [[497.73333333333335], [0.06660050402084987, 0.033031598749485885]], [[497.73333333333335], [0.06660050402084987, 0.033031598749485885]], [[497.73333333333335], [0.06660050402084987, 0.033031598749485885]], [[497.73333333333335], [0.06660050402084987, 0.033031598749485885]], [[497.73333333333335], [0.06660050402084987, 0.033031598749485885]], [[497.73333333333335], [0.06660050402084987, 0.033031598749485885]], [[497.73333333333335], [0.06660050402084987, 0.033031598749485885]], [[497.73333333333335], [0.06660050402084987, 0.033031598749485885]], [[497.73333333333335], [0.06660050402084987, 0.033031598749485885]], [[497.73333333333335], [0.06660050402084987, 0.033031598749485885]], [[497.73333333333335], [0.06660050402084987, 0.033031598749485885]], [[497.73333333333335], [0.06660050402084987, 0.033031598749485885]], [[497.73333333333335], [0.06660050402084987, 0.033031598749485885]], [[497.73333333333335], [0.06660050402084987, 0.033031598749485885]], [[497.73333333333335], [0.06660050402084987, 0.033031598749485885]], [[497.73333333333335], [0.06660050402084987, 0.033031598749485885]], [[497.73333333333335], [0.06660050402084987, 0.033031598749485885]], [[497.73333333333335], [0.06660050402084987, 0.033031598749485885]], [[497.73333333333335], [0.06660050402084987, 0.033031598749485885]], [[497.73333333333335], [0.06660050402084987, 0.033031598749485885]], [[497.73333333333335], [0.06660050402084987, 0.033031598749485885]], [[497.73333333333335], [0.06660050402084987, 0.033031598749485885]]], "101": [[[500.0], [0.0032541865948587656, -0.04363686078045357]], [[500.0], [0.0032541865948587656, -0.04363686078045357]], [[500.0], [0.0032541865948587656, -0.04363686078045357]], [[500.0], [0.0032541865948587656, -0.04363686078045357]], [[500.0], [0.0032541865948587656, -0.04363686078045357]], [[500.0], [0.0032541865948587656, -0.04363686078045357]], [[500.0], [0.0032541865948587656, -0.04363686078045357]], [[500.0], [0.0032541865948587656, -0.04363686078045357]], [[500.0], [0.0032541865948587656, -0.04363686078045357]], [[500.0], [0.0032541865948587656, -0.04363686078045357]], [[500.0], [0.0032541865948587656, -0.04363686078045357]], [[500.0], [0.0032541865948587656, -0.04363686078045357]], [[500.0], [0.0032541865948587656, -0.04363686078045357]], [[500.0], [0.0032541865948587656, -0.04363686078045357]], [[500.0], [0.0032541865948587656, -0.04363686078045357]], [[500.0], [0.0032541865948587656, -0.04363686078045357]], [[500.0], [0.0032541865948587656, -0.04363686078045357]], [[500.0], [0.0032541865948587656, -0.04363686078045357]], [[500.0], [0.0032541865948587656, -0.04363686078045357]], [[73.6], [-0.0830424390733242, 0.505851323239541]], [[500.0], [0.0032541865948587656, -0.04363686078045357]], [[500.0], [0.0032541865948587656, -0.04363686078045357]], [[500.0], [0.0032541865948587656, -0.04363686078045357]], [[500.0], [0.0032541865948587656, -0.04363686078045357]], [[500.0], [0.0032541865948587656, -0.04363686078045357]], [[500.0], [0.0032541865948587656, -0.04363686078045357]], [[500.0], [0.0032541865948587656, -0.04363686078045357]], [[500.0], [0.0032541865948587656, -0.04363686078045357]], [[500.0], [0.0032541865948587656, -0.04363686078045357]], [[500.0], [0.0032541865948587656, -0.04363686078045357]]], "103": [[[475.3333333333333], [0.006169792419920365, -0.0144261889088382]], [[475.3333333333333], [0.006169792419920365, -0.0144261889088382]], [[475.3333333333333], [0.006169792419920365, -0.0144261889088382]], [[475.3333333333333], [0.006169792419920365, -0.0144261889088382]], [[475.3333333333333], [0.006169792419920365, -0.0144261889088382]], [[475.3333333333333], [0.006169792419920365, -0.0144261889088382]], [[466.73333333333335], [0.14548704028129578, 0.011988629199314916]], [[475.3333333333333], [0.006169792419920365, -0.0144261889088382]], [[475.3333333333333], [0.006169792419920365, -0.0144261889088382]], [[475.3333333333333], [0.006169792419920365, -0.0144261889088382]], [[475.3333333333333], [0.006169792419920365, -0.0144261889088382]], [[466.73333333333335], [0.14548704028129578, 0.011988629199314916]], [[475.3333333333333], [0.006169792419920365, -0.0144261889088382]], [[475.3333333333333], [0.006169792419920365, -0.0144261889088382]], [[466.73333333333335], [0.14548704028129578, 0.011988629199314916]], [[475.3333333333333], [0.006169792419920365, -0.0144261889088382]], [[475.3333333333333], [0.006169792419920365, -0.0144261889088382]], [[475.3333333333333], [0.006169792419920365, -0.0144261889088382]], [[466.73333333333335], [0.14548704028129578, 0.011988629199314916]], [[476.06666666666666], [0.028801963975032173, 0.010812200570220584]], [[475.3333333333333], [0.006169792419920365, -0.0144261889088382]], [[475.3333333333333], [0.006169792419920365, -0.0144261889088382]], [[466.73333333333335], [0.14548704028129578, 0.011988629199314916]], [[466.73333333333335], [0.14548704028129578, 0.011988629199314916]], [[475.3333333333333], [0.006169792419920365, -0.0144261889088382]], [[476.06666666666666], [0.028801963975032173, 0.010812200570220584]], [[466.73333333333335], [0.14548704028129578, 0.011988629199314916]], [[476.06666666666666], [0.028801963975032173, 0.010812200570220584]], [[475.3333333333333], [0.006169792419920365, -0.0144261889088382]], [[475.3333333333333], [0.006169792419920365, -0.0144261889088382]]]}