{"fitness": {"103": [[[239.33333333333334], [0.07372212906678519, -0.5149666273422789]], [[198.0], [0.08665713792045912, -0.5673147274546646]], [[492.6666666666667], [-0.03659280017018318, 0.05023431425031863]], [[492.6666666666667], [-0.03659280017018318, 0.05023431425031863]], [[213.0], [0.25535491605599725, 0.5023760017025414]], [[492.6666666666667], [-0.03659280017018318, 0.05023431425031863]], [[240.83333333333334], [0.10627320657173793, -0.5034750514623652]], [[240.83333333333334], [0.10627320657173793, -0.5034750514623652]], [[105.16666666666667], [-0.059250183403491974, -0.5326774773415196]], [[277.5], [-0.015085916966199875, -0.023330717779802935]], [[105.16666666666667], [-0.059250183403491974, -0.5326774773415196]], [[240.83333333333334], [0.10627320657173793, -0.5034750514623652]], [[105.16666666666667], [-0.059250183403491974, -0.5326774773415196]], [[452.5], [-0.028899572789669037, 0.020912084193748723]], [[122.33333333333333], [-0.08988505229353905, -0.517144264501818]], [[452.5], [-0.028899572789669037, 0.020912084193748723]], [[122.33333333333333], [-0.08988505229353905, -0.517144264501818]], [[105.33333333333333], [-0.05005245717863242, -0.5394933682879763]], [[122.33333333333333], [-0.08988505229353905, -0.517144264501818]], [[122.33333333333333], [-0.08988505229353905, -0.517144264501818]]], "102": [[[156.66666666666666], [0.20522249241669974, 0.5067928056967886]], [[156.66666666666666], [0.20522249241669974, 0.5067928056967886]], [[218.0], [0.4705676933129629, 0.6199879081625688]], [[180.33333333333334], [0.4519753158092499, 0.5013687473735171]], [[180.33333333333334], [0.4519753158092499, 0.5013687473735171]], [[156.66666666666666], [0.20522249241669974, 0.5067928056967886]], [[500.0], [-0.009140242667247852, 0.0061004675488081275]], [[127.0], [-0.051108530412117645, 0.5276254133174294]], [[156.66666666666666], [0.20522249241669974, 0.5067928056967886]], [[115.83333333333333], [-0.10294247418642044, -0.5191949922502326]], [[180.33333333333334], [0.4519753158092499, 0.5013687473735171]], [[115.83333333333333], [-0.10294247418642044, -0.5191949922502326]], [[86.0], [-0.0449873289714257, -0.5237650144043151]], [[117.33333333333333], [0.16684909661610922, 0.5057717553166111]], [[231.5], [-0.05554376790920894, -0.1397242315077896]], [[105.83333333333333], [0.22166905303796133, -0.5223177480355404]], [[156.66666666666666], [0.20522249241669974, 0.5067928056967886]], [[156.66666666666666], [0.20522249241669974, 0.5067928056967886]], [[156.66666666666666], [0.20522249241669974, 0.5067928056967886]], [[156.66666666666666], [0.20522249241669974, 0.5067928056967886]]], "101": [[[433.8333333333333], [-0.0014838799446200332, -0.013941527972594974]], [[113.5], [-0.0561876284579436, -0.5259715270197562]], [[113.5], [-0.0561876284579436, -0.5259715270197562]], [[113.5], [-0.0561876284579436, -0.5259715270197562]], [[113.5], [-0.0561876284579436, -0.5259715270197562]], [[113.5], [-0.0561876284579436, -0.5259715270197562]], [[113.5], [-0.0561876284579436, -0.5259715270197562]], [[433.8333333333333], [-0.0014838799446200332, -0.013941527972594974]], [[433.8333333333333], [-0.0014838799446200332, -0.013941527972594974]], [[113.5], [-0.0561876284579436, -0.5259715270197562]], [[169.66666666666666], [0.19322370489438376, 0.5159955204388742]], [[113.5], [-0.0561876284579436, -0.5259715270197562]], [[113.5], [-0.0561876284579436, -0.5259715270197562]], [[113.5], [-0.0561876284579436, -0.5259715270197562]], [[480.3333333333333], [-0.007555646977076928, -0.011427071765421681]], [[113.5], [-0.0561876284579436, -0.5259715270197562]], [[113.5], [-0.0561876284579436, -0.5259715270197562]], [[113.5], [-0.0561876284579436, -0.5259715270197562]], [[113.5], [-0.0561876284579436, -0.5259715270197562]], [[433.8333333333333], [-0.0014838799446200332, -0.013941527972594974]]]}, "environment": "cartpole", "algorithm": "diff", "container": "fit_archiving", "arguments": {"l": 20, "mr": 1.0, "cr": 0.9000000000000001, "archiving_period": 3, "archive_batch": 3, "ng": 20}}