{"fitness": {"103": [[[184.5], [-0.104543703297774, -0.5112031929230576]], [[272.1666666666667], [-0.17972398549318314, -0.5098534614275517]], [[127.0], [-0.042700174575050674, 0.5029111601519243]], [[215.83333333333334], [0.10524631788333258, -0.5188029990241858]], [[161.0], [-0.0851991151769956, 0.5213822902104501]], [[127.0], [-0.042700174575050674, 0.5029111601519243]], [[204.16666666666666], [0.19380174577236176, -0.5269978177604493]], [[281.6666666666667], [-0.18433411916097006, -0.5027501705730931]], [[215.83333333333334], [0.10524631788333258, -0.5188029990241858]], [[272.1666666666667], [-0.17972398549318314, -0.5098534614275517]], [[215.83333333333334], [0.10524631788333258, -0.5188029990241858]], [[281.6666666666667], [-0.18433411916097006, -0.5027501705730931]], [[215.83333333333334], [0.10524631788333258, -0.5188029990241858]], [[215.33333333333334], [-0.05837332457304001, -0.19081860210336568]], [[272.1666666666667], [-0.17972398549318314, -0.5098534614275517]], [[215.33333333333334], [-0.05837332457304001, -0.19081860210336568]], [[272.1666666666667], [-0.17972398549318314, -0.5098534614275517]], [[176.16666666666666], [-0.03209785247842471, 0.6141351740896417]], [[272.1666666666667], [-0.17972398549318314, -0.5098534614275517]], [[272.1666666666667], [-0.17972398549318314, -0.5098534614275517]]], "101": [[[461.0], [-0.024068324516216915, -0.05127783223059759]], [[305.6666666666667], [-0.05599454666177432, -0.025477599013935436]], [[500.0], [-0.018195793963968754, -0.0033221264931252983]], [[500.0], [-0.021228209758798283, -0.002939337875658388]], [[108.66666666666667], [-0.054664021978775665, -0.513247076118962]], [[305.6666666666667], [-0.05599454666177432, -0.025477599013935436]], [[108.66666666666667], [-0.054664021978775665, -0.513247076118962]], [[369.5], [-0.10162026931842169, 0.015536871288666886]], [[461.0], [-0.024068324516216915, -0.05127783223059759]], [[305.6666666666667], [-0.05599454666177432, -0.025477599013935436]], [[146.0], [-0.07671001677711806, -0.5079174868798142]], [[108.66666666666667], [-0.054664021978775665, -0.513247076118962]], [[305.6666666666667], [-0.05599454666177432, -0.025477599013935436]], [[305.6666666666667], [-0.05599454666177432, -0.025477599013935436]], [[500.0], [-0.062166644881169006, 0.0024175708088578223]], [[108.66666666666667], [-0.054664021978775665, -0.513247076118962]], [[305.6666666666667], [-0.05599454666177432, -0.025477599013935436]], [[500.0], [-0.021228209758798283, -0.002939337875658388]], [[108.66666666666667], [-0.054664021978775665, -0.513247076118962]], [[345.8333333333333], [-0.0015293338219635189, -0.002426318389822564]]], "102": [[[163.83333333333334], [-0.1403500388065974, 0.5588215290074143]], [[163.83333333333334], [-0.1403500388065974, 0.5588215290074143]], [[497.6666666666667], [-0.0393429088095824, -0.020854845732165297]], [[182.16666666666666], [0.5005418260892233, 0.11591275521157461]], [[182.16666666666666], [0.5005418260892233, 0.11591275521157461]], [[163.83333333333334], [-0.1403500388065974, 0.5588215290074143]], [[145.5], [-0.0935130628446738, 0.5121826056087987]], [[182.16666666666666], [0.5005418260892233, 0.11591275521157461]], [[163.83333333333334], [-0.1403500388065974, 0.5588215290074143]], [[182.16666666666666], [0.5005418260892233, 0.11591275521157461]], [[182.16666666666666], [0.5005418260892233, 0.11591275521157461]], [[182.16666666666666], [0.5005418260892233, 0.11591275521157461]], [[206.16666666666666], [-0.27078064779440564, -0.5185180945259532]], [[182.16666666666666], [0.5005418260892233, 0.11591275521157461]], [[500.0], [-0.00614366726949811, 0.014746287596995752]], [[183.16666666666666], [0.2600051462650299, 0.5053728462406323]], [[163.83333333333334], [-0.1403500388065974, 0.5588215290074143]], [[163.83333333333334], [-0.1403500388065974, 0.5588215290074143]], [[163.83333333333334], [-0.1403500388065974, 0.5588215290074143]], [[163.83333333333334], [-0.1403500388065974, 0.5588215290074143]]]}, "environment": "cartpole", "algorithm": "diff", "container": "fit_archiving", "arguments": {"l": 20, "mr": 1.0, "cr": 0.8000000000000002, "archiving_period": 3, "archive_batch": 3, "ng": 20}}