{"fitness": {"102": [[[500.0], [0.007685923483222723, -0.033750715687799686]], [[154.16666666666666], [0.16409715016682944, -0.5043898330350812]], [[311.5], [0.09900497893492381, 0.58318581877713]], [[311.5], [0.09900497893492381, 0.58318581877713]], [[154.16666666666666], [0.16409715016682944, -0.5043898330350812]], [[154.16666666666666], [0.16409715016682944, -0.5043898330350812]], [[90.5], [0.08207413678367934, 0.5066724912971972]], [[311.5], [0.09900497893492381, 0.58318581877713]], [[311.5], [0.09900497893492381, 0.58318581877713]], [[90.5], [0.08207413678367934, 0.5066724912971972]], [[90.5], [0.08207413678367934, 0.5066724912971972]], [[154.16666666666666], [0.16409715016682944, -0.5043898330350812]], [[92.16666666666667], [-0.05321686466534933, 0.612745230848139]], [[154.16666666666666], [0.16409715016682944, -0.5043898330350812]], [[90.5], [0.08207413678367934, 0.5066724912971972]], [[311.5], [0.09900497893492381, 0.58318581877713]], [[154.16666666666666], [0.16409715016682944, -0.5043898330350812]], [[311.5], [0.09900497893492381, 0.58318581877713]], [[311.5], [0.09900497893492381, 0.58318581877713]], [[154.16666666666666], [0.16409715016682944, -0.5043898330350812]], [[154.16666666666666], [0.16409715016682944, -0.5043898330350812]], [[234.83333333333334], [-0.019752189206580322, 0.007041044863003293]], [[311.5], [0.09900497893492381, 0.58318581877713]], [[311.5], [0.09900497893492381, 0.58318581877713]], [[311.5], [0.09900497893492381, 0.58318581877713]]], "103": [[[500.0], [-0.0030732579762116075, 0.004789109105627503]], [[141.16666666666666], [0.15320681035518646, 0.5284626232950311]], [[136.66666666666666], [-0.14249364535013836, -0.5016926515615728]], [[500.0], [-0.0030732579762116075, 0.004789109105627503]], [[115.66666666666667], [-0.05875676249464353, -0.504871304525713]], [[500.0], [-0.0030732579762116075, 0.004789109105627503]], [[361.6666666666667], [-0.04849645930031936, -0.005470117014881812]], [[369.6666666666667], [-0.03635580030580362, -0.00977589922587267]], [[115.66666666666667], [-0.05875676249464353, -0.504871304525713]], [[361.6666666666667], [-0.04849645930031936, -0.005470117014881812]], [[500.0], [0.02734609879553318, -0.023181244962666023]], [[369.6666666666667], [-0.03635580030580362, -0.00977589922587267]], [[500.0], [-0.0030732579762116075, 0.004789109105627503]], [[66.5], [-0.02998930091659228, 0.5145096465160972]], [[500.0], [-0.015178808631996315, 0.00020547666359674988]], [[115.66666666666667], [-0.05875676249464353, -0.504871304525713]], [[500.0], [0.02734609879553318, -0.023181244962666023]], [[361.6666666666667], [-0.04849645930031936, -0.005470117014881812]], [[446.1666666666667], [0.051427269354462624, 0.018890675282079068]], [[361.6666666666667], [-0.04849645930031936, -0.005470117014881812]], [[369.6666666666667], [-0.03635580030580362, -0.00977589922587267]], [[66.5], [-0.02998930091659228, 0.5145096465160972]], [[337.8333333333333], [-0.018222667276859283, 0.003472153257810328]], [[500.0], [-0.0030732579762116075, 0.004789109105627503]], [[115.66666666666667], [-0.05875676249464353, -0.504871304525713]]], "101": [[[147.5], [-0.12076201538244884, -0.5241271696592632]], [[376.1666666666667], [-0.15929542481899261, 0.506436069045911]], [[147.5], [-0.12076201538244884, -0.5241271696592632]], [[187.16666666666666], [0.07910414909323057, -0.5013967672603553]], [[147.5], [-0.12076201538244884, -0.5241271696592632]], [[187.16666666666666], [0.07910414909323057, -0.5013967672603553]], [[147.5], [-0.12076201538244884, -0.5241271696592632]], [[147.5], [-0.12076201538244884, -0.5241271696592632]], [[376.1666666666667], [-0.15929542481899261, 0.506436069045911]], [[376.1666666666667], [-0.15929542481899261, 0.506436069045911]], [[190.16666666666666], [-0.10831968237956366, -0.5199337761367907]], [[376.1666666666667], [-0.15929542481899261, 0.506436069045911]], [[116.16666666666667], [-0.061895580341418587, -0.5353356947739158]], [[190.16666666666666], [-0.10831968237956366, -0.5199337761367907]], [[187.16666666666666], [0.07910414909323057, -0.5013967672603553]], [[109.83333333333333], [-0.0730268843472004, -0.5119394101024245]], [[404.8333333333333], [-0.043928235148390136, -0.01097938077051959]], [[187.16666666666666], [0.07910414909323057, -0.5013967672603553]], [[147.5], [-0.12076201538244884, -0.5241271696592632]], [[187.16666666666666], [0.07910414909323057, -0.5013967672603553]], [[109.83333333333333], [-0.0730268843472004, -0.5119394101024245]], [[167.33333333333334], [0.43185164531071984, 0.5198998029152172]], [[139.5], [-0.08067440241575241, -0.5312848604466927]], [[376.1666666666667], [-0.15929542481899261, 0.506436069045911]], [[109.83333333333333], [-0.0730268843472004, -0.5119394101024245]]]}, "environment": "cartpole", "algorithm": "diff", "container": "fit_archiving", "arguments": {"l": 25, "mr": 0.8, "cr": 0.9000000000000001, "archiving_period": 3, "archive_batch": 3, "ng": 20}}