{"fitness": {"102": [[[437.3333333333333], [-0.031826592360933624, -0.005435568400832455]], [[437.3333333333333], [-0.031826592360933624, -0.005435568400832455]], [[500.0], [-0.02728858031332493, -0.0033026207995970856]], [[148.16666666666666], [0.2619029333194097, -0.5158824783763247]], [[148.16666666666666], [0.2619029333194097, -0.5158824783763247]], [[437.3333333333333], [-0.031826592360933624, -0.005435568400832455]], [[281.3333333333333], [0.5036952098210653, 0.3438321383375871]], [[108.16666666666667], [0.3114644934733709, -0.6203692067753185]], [[437.3333333333333], [-0.031826592360933624, -0.005435568400832455]], [[108.16666666666667], [0.3114644934733709, -0.6203692067753185]], [[148.16666666666666], [0.2619029333194097, -0.5158824783763247]], [[108.16666666666667], [0.3114644934733709, -0.6203692067753185]], [[500.0], [-0.015168137227495512, -0.002498489205221953]], [[108.16666666666667], [0.3114644934733709, -0.6203692067753185]], [[500.0], [-0.02728858031332493, -0.0033026207995970856]], [[500.0], [0.025586366343001526, 0.038707709055768244]], [[437.3333333333333], [-0.031826592360933624, -0.005435568400832455]], [[437.3333333333333], [-0.031826592360933624, -0.005435568400832455]], [[437.3333333333333], [-0.031826592360933624, -0.005435568400832455]], [[437.3333333333333], [-0.031826592360933624, -0.005435568400832455]]], "101": [[[465.1666666666667], [-0.09020969271659851, 0.19684892023008976]], [[465.1666666666667], [-0.09020969271659851, 0.19684892023008976]], [[150.66666666666666], [-0.07732934628923735, -0.5226226514606385]], [[81.16666666666667], [-0.05632822712262472, -0.5115058504793633]], [[31.833333333333332], [0.014564994101723036, -0.5078947786509135]], [[465.1666666666667], [-0.09020969271659851, 0.19684892023008976]], [[41.5], [0.014564994101723036, -0.5078947786509135]], [[465.1666666666667], [-0.09020969271659851, 0.19684892023008976]], [[465.1666666666667], [-0.09020969271659851, 0.19684892023008976]], [[465.1666666666667], [-0.09020969271659851, 0.19684892023008976]], [[347.3333333333333], [0.06471528361241023, -0.5163850895525737]], [[71.83333333333333], [-0.03199523004392783, -0.528104175506026]], [[465.1666666666667], [-0.09020969271659851, 0.19684892023008976]], [[465.1666666666667], [-0.09020969271659851, 0.19684892023008976]], [[312.8333333333333], [-0.29405963917573297, 0.5031350340569419]], [[41.5], [0.014564994101723036, -0.5078947786509135]], [[465.1666666666667], [-0.09020969271659851, 0.19684892023008976]], [[81.16666666666667], [-0.05632822712262472, -0.5115058504793633]], [[71.83333333333333], [-0.03199523004392783, -0.528104175506026]], [[465.1666666666667], [-0.09020969271659851, 0.19684892023008976]]], "103": [[[487.8333333333333], [0.027496948217352234, 0.5073631137752077]], [[406.6666666666667], [0.02850660433371862, -0.3203669803564628]], [[500.0], [-0.21169436474641165, -0.12482053034328389]], [[500.0], [-0.21169436474641165, -0.12482053034328389]], [[500.0], [-0.21169436474641165, -0.12482053034328389]], [[500.0], [-0.21169436474641165, -0.12482053034328389]], [[120.0], [0.08570251986384392, -0.522168629477469]], [[71.0], [-0.02742556855082512, -0.5044890433977666]], [[500.0], [-0.21169436474641165, -0.12482053034328389]], [[406.6666666666667], [0.02850660433371862, -0.3203669803564628]], [[500.0], [-0.21169436474641165, -0.12482053034328389]], [[71.0], [-0.02742556855082512, -0.5044890433977666]], [[500.0], [-0.21169436474641165, -0.12482053034328389]], [[135.0], [0.08772840723395348, 0.5049618522516278]], [[406.6666666666667], [0.02850660433371862, -0.3203669803564628]], [[81.83333333333333], [-0.036405908564726516, -0.5048268149343974]], [[406.6666666666667], [0.02850660433371862, -0.3203669803564628]], [[177.0], [-0.03047466278076172, 0.5865105601589076]], [[406.6666666666667], [0.02850660433371862, -0.3203669803564628]], [[406.6666666666667], [0.02850660433371862, -0.3203669803564628]]]}, "environment": "cartpole", "algorithm": "diff", "container": "fit_archiving", "arguments": {"l": 20, "mr": 0.7000000000000001, "cr": 0.7000000000000002, "archiving_period": 3, "archive_batch": 3, "ng": 20}}