{"fitness": {"103": [[[214.66666666666666], [0.22216277817885083, 0.5096504420184633]], [[127.83333333333333], [-0.08694389835000038, -0.5072602315952903]], [[500.0], [0.01997027856608232, -0.07591637199004872]], [[500.0], [0.012177740378926199, -0.019777354530312798]], [[100.83333333333333], [-0.0569486307601134, -0.514252155876616]], [[500.0], [0.01997027856608232, -0.07591637199004872]], [[500.0], [-0.0015325905405916274, -0.0016639546912306093]], [[500.0], [-0.0015325905405916274, -0.0016639546912306093]], [[500.0], [-0.010694865292559069, 0.016007729489623646]], [[127.83333333333333], [-0.08694389835000038, -0.5072602315952903]], [[500.0], [-0.010694865292559069, 0.016007729489623646]], [[500.0], [-0.0015325905405916274, -0.0016639546912306093]], [[500.0], [-0.010694865292559069, 0.016007729489623646]], [[295.1666666666667], [-0.01667971722781658, -0.003472102569799389]], [[127.83333333333333], [-0.08694389835000038, -0.5072602315952903]], [[146.16666666666666], [0.1673355077703794, 0.5121764027330864]], [[127.83333333333333], [-0.08694389835000038, -0.5072602315952903]], [[127.83333333333333], [-0.08694389835000038, -0.5072602315952903]], [[127.83333333333333], [-0.08694389835000038, -0.5072602315952903]], [[127.83333333333333], [-0.08694389835000038, -0.5072602315952903]]], "102": [[[186.5], [-0.047220479076107345, 0.628316160024068]], [[186.5], [-0.047220479076107345, 0.628316160024068]], [[232.83333333333334], [-0.11136046300331752, 0.504828490423814]], [[417.1666666666667], [-0.09241679683327675, -0.01249742988300951]], [[417.1666666666667], [-0.09241679683327675, -0.01249742988300951]], [[297.3333333333333], [-0.021210688476761184, -0.007389074873232671]], [[443.1666666666667], [-0.02121421042829752, -0.006491076045237375]], [[500.0], [0.02188248559832573, -0.17489983062995107]], [[84.0], [0.15378106385469437, -0.5125555624231768]], [[425.3333333333333], [-0.09398223832249641, 0.00016485521852252694]], [[417.1666666666667], [-0.09241679683327675, -0.01249742988300951]], [[425.3333333333333], [-0.09398223832249641, 0.00016485521852252694]], [[60.5], [-0.018457163435717426, -0.5293879568862002]], [[425.3333333333333], [-0.09398223832249641, 0.00016485521852252694]], [[380.3333333333333], [0.3027827044328054, 0.5209351484285017]], [[500.0], [-0.03084411844611168, 0.12968649027165044]], [[84.0], [0.15378106385469437, -0.5125555624231768]], [[84.0], [0.15378106385469437, -0.5125555624231768]], [[297.3333333333333], [-0.021210688476761184, -0.007389074873232671]], [[297.3333333333333], [-0.021210688476761184, -0.007389074873232671]]], "101": [[[456.1666666666667], [-0.10458456973234813, -0.001312584563884795]], [[294.6666666666667], [-0.502600222826004, -0.21891976800261503]], [[427.6666666666667], [0.36834629873434704, 0.35577755795711535]], [[427.6666666666667], [0.36834629873434704, 0.35577755795711535]], [[171.5], [-0.11211468527714412, -0.506687178566125]], [[294.6666666666667], [-0.502600222826004, -0.21891976800261503]], [[171.5], [-0.11211468527714412, -0.506687178566125]], [[456.1666666666667], [-0.10458456973234813, -0.001312584563884795]], [[456.1666666666667], [-0.10458456973234813, -0.001312584563884795]], [[294.6666666666667], [-0.502600222826004, -0.21891976800261503]], [[371.0], [-0.11071830987930298, 0.016910503016847173]], [[171.5], [-0.11211468527714412, -0.506687178566125]], [[294.6666666666667], [-0.502600222826004, -0.21891976800261503]], [[294.6666666666667], [-0.502600222826004, -0.21891976800261503]], [[500.0], [-0.0318354864915212, -0.0031739704502505837]], [[171.5], [-0.11211468527714412, -0.506687178566125]], [[294.6666666666667], [-0.502600222826004, -0.21891976800261503]], [[427.6666666666667], [0.36834629873434704, 0.35577755795711535]], [[171.5], [-0.11211468527714412, -0.506687178566125]], [[456.1666666666667], [-0.10458456973234813, -0.001312584563884795]]]}, "environment": "cartpole", "algorithm": "diff", "container": "fit_archiving", "arguments": {"l": 20, "mr": 0.7000000000000001, "cr": 1.0000000000000002, "archiving_period": 3, "archive_batch": 3, "ng": 20}}