{"fitness": {"102": [[[148.0], [-0.17618488520383835, 0.5138175980896471]], [[148.0], [-0.17618488520383835, 0.5138175980896471]], [[500.0], [-0.02127187792211771, 0.008124171346247768]], [[172.83333333333334], [0.5061746140321096, 0.0960218082917364]], [[172.83333333333334], [0.5061746140321096, 0.0960218082917364]], [[148.0], [-0.17618488520383835, 0.5138175980896471]], [[157.33333333333334], [-0.10820332914590836, 0.5029724759348272]], [[172.83333333333334], [0.5061746140321096, 0.0960218082917364]], [[148.0], [-0.17618488520383835, 0.5138175980896471]], [[172.83333333333334], [0.5061746140321096, 0.0960218082917364]], [[172.83333333333334], [0.5061746140321096, 0.0960218082917364]], [[172.83333333333334], [0.5061746140321096, 0.0960218082917364]], [[46.0], [0.007787384868909916, 0.5128148711469185]], [[172.83333333333334], [0.5061746140321096, 0.0960218082917364]], [[500.0], [-0.013670461873213451, 0.0020044011344607367]], [[193.83333333333334], [0.04269671315948169, -0.5234049624233155]], [[148.0], [-0.17618488520383835, 0.5138175980896471]], [[148.0], [-0.17618488520383835, 0.5138175980896471]], [[148.0], [-0.17618488520383835, 0.5138175980896471]], [[148.0], [-0.17618488520383835, 0.5138175980896471]]], "101": [[[325.1666666666667], [-0.5059353013833364, -0.2061609160957154]], [[284.8333333333333], [-0.06473074977596602, -0.11581927537918091]], [[500.0], [-0.019734037729601066, 0.0024596903179036943]], [[500.0], [-0.022735274396836758, -0.00505572414408888]], [[96.66666666666667], [-0.047293979053696, -0.535371200890062]], [[284.8333333333333], [-0.06473074977596602, -0.11581927537918091]], [[96.66666666666667], [-0.047293979053696, -0.535371200890062]], [[284.8333333333333], [-0.06473074977596602, -0.11581927537918091]], [[325.1666666666667], [-0.5059353013833364, -0.2061609160957154]], [[284.8333333333333], [-0.06473074977596602, -0.11581927537918091]], [[70.83333333333333], [-0.13351177175839743, 0.5554692311720415]], [[96.66666666666667], [-0.047293979053696, -0.535371200890062]], [[284.8333333333333], [-0.06473074977596602, -0.11581927537918091]], [[284.8333333333333], [-0.06473074977596602, -0.11581927537918091]], [[500.0], [-0.0454326036075751, -0.01380906293266698]], [[96.66666666666667], [-0.047293979053696, -0.535371200890062]], [[284.8333333333333], [-0.06473074977596602, -0.11581927537918091]], [[500.0], [-0.022735274396836758, -0.00505572414408888]], [[96.66666666666667], [-0.047293979053696, -0.535371200890062]], [[500.0], [0.0273169515033563, -0.016087084634309752]]], "103": [[[375.0], [-0.07279342040419579, 0.007127040694133517]], [[390.6666666666667], [-0.40089224775632226, -0.18390155793947466]], [[184.5], [-0.1408959925174713, -0.5011183508275229]], [[184.5], [-0.1408959925174713, -0.5011183508275229]], [[81.83333333333333], [-0.036405908564726516, -0.5048268149343974]], [[184.5], [-0.1408959925174713, -0.5011183508275229]], [[72.16666666666667], [-0.029983622953295708, -0.5010982449545245]], [[72.16666666666667], [-0.029983622953295708, -0.5010982449545245]], [[184.5], [-0.1408959925174713, -0.5011183508275229]], [[475.6666666666667], [-0.00833065016195178, 0.18489713731564975]], [[184.5], [-0.1408959925174713, -0.5011183508275229]], [[72.16666666666667], [-0.029983622953295708, -0.5010982449545245]], [[184.5], [-0.1408959925174713, -0.5011183508275229]], [[121.16666666666667], [-0.08067560692628226, -0.5013184826910211]], [[475.6666666666667], [-0.00833065016195178, 0.18489713731564975]], [[81.83333333333333], [-0.036405908564726516, -0.5048268149343974]], [[475.6666666666667], [-0.00833065016195178, 0.18489713731564975]], [[500.0], [-0.010600980216016373, -0.007770905431591723]], [[475.6666666666667], [-0.00833065016195178, 0.18489713731564975]], [[475.6666666666667], [-0.00833065016195178, 0.18489713731564975]]]}, "environment": "cartpole", "algorithm": "diff", "container": "fit_archiving", "arguments": {"l": 20, "mr": 0.9, "cr": 0.8000000000000002, "archiving_period": 3, "archive_batch": 3, "ng": 20}}