{"fitness": {"102": [[[164.16666666666666], [-0.5004000663757324, -0.034080488544902164]], [[164.16666666666666], [-0.5004000663757324, -0.034080488544902164]], [[448.6666666666667], [-0.07585588221748671, 0.015129932340537533]], [[470.6666666666667], [-0.11575713753700256, 0.14170722670532301]], [[470.6666666666667], [-0.11575713753700256, 0.14170722670532301]], [[164.16666666666666], [-0.5004000663757324, -0.034080488544902164]], [[199.83333333333334], [0.2298545092344284, -0.5197516825210535]], [[168.66666666666666], [-0.3922699640194575, -0.5072343149824006]], [[164.16666666666666], [-0.5004000663757324, -0.034080488544902164]], [[275.0], [0.052685452004273735, -0.5100740556511583]], [[470.6666666666667], [-0.11575713753700256, 0.14170722670532301]], [[168.66666666666666], [-0.3922699640194575, -0.5072343149824006]], [[129.33333333333334], [-0.09786893924077353, 0.59194905621013]], [[168.66666666666666], [-0.3922699640194575, -0.5072343149824006]], [[161.5], [-0.14372505247592926, 0.5041612535002129]], [[81.33333333333333], [0.06067291523019473, 0.5084591690433082]], [[164.16666666666666], [-0.5004000663757324, -0.034080488544902164]], [[125.16666666666667], [-0.17806876450777054, 0.5117301165202017]], [[164.16666666666666], [-0.5004000663757324, -0.034080488544902164]], [[164.16666666666666], [-0.5004000663757324, -0.034080488544902164]]], "101": [[[198.83333333333334], [0.05449362099170685, -0.5984777611408507]], [[325.0], [-0.3105591734250387, -0.5123112618067618]], [[54.166666666666664], [-0.012342120365550121, -0.522742787616675]], [[76.5], [-0.04967642637590568, -0.5032407324850274]], [[76.33333333333333], [-0.035696790243188545, -0.5100618994407107]], [[325.0], [-0.3105591734250387, -0.5123112618067618]], [[381.6666666666667], [-0.010627003697057566, -0.0011761612637619084]], [[108.83333333333333], [-0.07491910209258398, -0.5198955963673204]], [[198.83333333333334], [0.05449362099170685, -0.5984777611408507]], [[325.0], [-0.3105591734250387, -0.5123112618067618]], [[166.0], [0.1494536673029264, -0.6130122396934546]], [[102.33333333333333], [-0.11775138477484386, -0.5031676169787868]], [[325.0], [-0.3105591734250387, -0.5123112618067618]], [[325.0], [-0.3105591734250387, -0.5123112618067618]], [[497.0], [-0.003009802894666791, -0.011296776840775208]], [[381.6666666666667], [-0.010627003697057566, -0.0011761612637619084]], [[325.0], [-0.3105591734250387, -0.5123112618067618]], [[76.5], [-0.04967642637590568, -0.5032407324850274]], [[102.33333333333333], [-0.11775138477484386, -0.5031676169787868]], [[253.66666666666666], [-0.20219415426254272, -0.5033062191671162]]], "103": [[[500.0], [-0.0900655301908652, 0.15984070999770644]], [[257.5], [0.5065387984116873, 0.145933746792483]], [[500.0], [-0.030305106192827225, -0.006946612541612826]], [[500.0], [-0.030305106192827225, -0.006946612541612826]], [[170.83333333333334], [-0.09265447035431862, -0.5081795405543021]], [[500.0], [-0.030305106192827225, -0.006946612541612826]], [[500.0], [0.2129615843296051, -0.2088007031445298]], [[162.66666666666666], [-0.1353640854358673, -0.5061555136904192]], [[500.0], [-0.030305106192827225, -0.006946612541612826]], [[500.0], [-0.06209747865796089, -0.015099653216640346]], [[500.0], [-0.030305106192827225, -0.006946612541612826]], [[162.66666666666666], [-0.1353640854358673, -0.5061555136904192]], [[500.0], [-0.030305106192827225, -0.006946612541612826]], [[237.0], [0.4503514369328817, 0.511377479471088]], [[201.83333333333334], [0.12838983287413916, 0.5051354614741494]], [[237.0], [0.4503514369328817, 0.511377479471088]], [[288.0], [-0.1558397834499677, -0.5347074931888489]], [[500.0], [-0.06824642419815063, 0.006982215020680827]], [[201.83333333333334], [0.12838983287413916, 0.5051354614741494]], [[201.83333333333334], [0.12838983287413916, 0.5051354614741494]]]}, "environment": "cartpole", "algorithm": "diff", "container": "fit_archiving", "arguments": {"l": 20, "mr": 0.6000000000000001, "cr": 0.8000000000000002, "archiving_period": 3, "archive_batch": 3, "ng": 20}}