{"fitness": {"102": [[[249.33333333333334], [-0.042268071944514915, -0.0476224312300317]], [[134.16666666666666], [0.14511854698260626, -0.5208010736264681]], [[500.0], [-0.19098835686842602, 0.004554034542720142]], [[500.0], [-0.19098835686842602, 0.004554034542720142]], [[134.16666666666666], [0.14511854698260626, -0.5208010736264681]], [[134.16666666666666], [0.14511854698260626, -0.5208010736264681]], [[148.16666666666666], [0.10347959895928702, 0.5129771797280562]], [[500.0], [-0.19098835686842602, 0.004554034542720142]], [[500.0], [-0.19098835686842602, 0.004554034542720142]], [[148.16666666666666], [0.10347959895928702, 0.5129771797280562]], [[456.5], [-0.027306846653421722, 0.0013342293193251893]], [[134.16666666666666], [0.14511854698260626, -0.5208010736264681]], [[113.16666666666667], [0.06414797157049179, -0.5080769792127837]], [[134.16666666666666], [0.14511854698260626, -0.5208010736264681]], [[225.0], [0.030149196585019432, 0.034547952320159336]], [[500.0], [-0.19098835686842602, 0.004554034542720142]], [[134.16666666666666], [0.14511854698260626, -0.5208010736264681]], [[500.0], [-0.19098835686842602, 0.004554034542720142]], [[500.0], [-0.19098835686842602, 0.004554034542720142]], [[134.16666666666666], [0.14511854698260626, -0.5208010736264681]], [[134.16666666666666], [0.14511854698260626, -0.5208010736264681]], [[456.5], [-0.027306846653421722, 0.0013342293193251893]], [[500.0], [-0.19098835686842602, 0.004554034542720142]], [[500.0], [-0.19098835686842602, 0.004554034542720142]], [[500.0], [-0.19098835686842602, 0.004554034542720142]]], "101": [[[147.5], [-0.12076201538244884, -0.5241271696592632]], [[390.3333333333333], [-0.13819818695386252, 0.5018721071726968]], [[108.16666666666667], [-0.07100675875941913, -0.511298731468511]], [[144.16666666666666], [0.0652674026787281, -0.501498223491833]], [[108.16666666666667], [-0.07100675875941913, -0.511298731468511]], [[144.16666666666666], [0.0652674026787281, -0.501498223491833]], [[147.5], [-0.12076201538244884, -0.5241271696592632]], [[108.16666666666667], [-0.07100675875941913, -0.511298731468511]], [[390.3333333333333], [-0.13819818695386252, 0.5018721071726968]], [[500.0], [-0.01207256301616629, -0.018873343324404584]], [[500.0], [-6.193003324976114e-06, -0.00467377048627469]], [[390.3333333333333], [-0.13819818695386252, 0.5018721071726968]], [[147.5], [-0.12076201538244884, -0.5241271696592632]], [[500.0], [-6.193003324976114e-06, -0.00467377048627469]], [[144.16666666666666], [0.0652674026787281, -0.501498223491833]], [[108.16666666666667], [-0.07137495403488478, -0.5120876017940101]], [[404.8333333333333], [-0.043928235148390136, -0.01097938077051959]], [[144.16666666666666], [0.0652674026787281, -0.501498223491833]], [[147.5], [-0.12076201538244884, -0.5241271696592632]], [[144.16666666666666], [0.0652674026787281, -0.501498223491833]], [[108.16666666666667], [-0.07137495403488478, -0.5120876017940101]], [[150.5], [0.39959145088990533, 0.501067444468229]], [[147.5], [-0.12076201538244884, -0.5241271696592632]], [[390.3333333333333], [-0.13819818695386252, 0.5018721071726968]], [[108.16666666666667], [-0.07137495403488478, -0.5120876017940101]]], "103": [[[307.1666666666667], [-0.0211757468059659, -0.016241011312275982]], [[9.333333333333334], [0.0339663897951444, -0.5452829328450289]], [[307.1666666666667], [-0.0211757468059659, -0.016241011312275982]], [[307.1666666666667], [-0.0211757468059659, -0.016241011312275982]], [[455.6666666666667], [-0.2878030637900035, -0.03954371143328516]], [[307.1666666666667], [-0.0211757468059659, -0.016241011312275982]], [[262.0], [-0.131951409081618, -0.5152107140664279]], [[500.0], [0.018083817946414154, 0.01931348681877675]], [[141.83333333333334], [0.03527471485237281, 0.5760763250469592]], [[262.0], [-0.131951409081618, -0.5152107140664279]], [[404.0], [-0.2280655751625697, -0.2005163526706148]], [[307.1666666666667], [-0.0211757468059659, -0.016241011312275982]], [[307.1666666666667], [-0.0211757468059659, -0.016241011312275982]], [[500.0], [-0.00151086162077263, -0.007202336341855629]], [[307.1666666666667], [-0.0211757468059659, -0.016241011312275982]], [[455.6666666666667], [-0.2878030637900035, -0.03954371143328516]], [[404.0], [-0.2280655751625697, -0.2005163526706148]], [[262.0], [-0.131951409081618, -0.5152107140664279]], [[357.6666666666667], [-0.11812657117843628, -0.025825608414753773]], [[262.0], [-0.131951409081618, -0.5152107140664279]], [[307.1666666666667], [-0.0211757468059659, -0.016241011312275982]], [[500.0], [-0.00151086162077263, -0.007202336341855629]], [[307.1666666666667], [-0.0211757468059659, -0.016241011312275982]], [[307.1666666666667], [-0.0211757468059659, -0.016241011312275982]], [[61.833333333333336], [-0.01791391211251418, -0.5238163485481409]]]}, "environment": "cartpole", "algorithm": "diff", "container": "fit_archiving", "arguments": {"l": 25, "mr": 0.9, "cr": 0.9000000000000001, "archiving_period": 3, "archive_batch": 3, "ng": 20}}