{"fitness": {"102": [[[165.33333333333334], [-0.1720988874634107, 0.5307529816787209]], [[165.33333333333334], [-0.1720988874634107, 0.5307529816787209]], [[219.0], [0.38335752983887994, 0.5195568979642038]], [[116.16666666666667], [-0.11306401342153549, -0.5193390486913435]], [[116.16666666666667], [-0.11306401342153549, -0.5193390486913435]], [[165.33333333333334], [-0.1720988874634107, 0.5307529816787209]], [[500.0], [-0.07118602593739828, -0.016135682739566958]], [[116.16666666666667], [-0.11306401342153549, -0.5193390486913435]], [[165.33333333333334], [-0.1720988874634107, 0.5307529816787209]], [[116.16666666666667], [-0.11306401342153549, -0.5193390486913435]], [[116.16666666666667], [-0.11306401342153549, -0.5193390486913435]], [[116.16666666666667], [-0.11306401342153549, -0.5193390486913435]], [[37.333333333333336], [0.0007067709035860996, -0.5013156307941419]], [[116.16666666666667], [-0.11306401342153549, -0.5193390486913435]], [[262.1666666666667], [0.3239888449509939, 0.5060913460106371]], [[89.66666666666667], [0.12918484707673392, 0.5076766798370763]], [[165.33333333333334], [-0.1720988874634107, 0.5307529816787209]], [[165.33333333333334], [-0.1720988874634107, 0.5307529816787209]], [[165.33333333333334], [-0.1720988874634107, 0.5307529816787209]], [[165.33333333333334], [-0.1720988874634107, 0.5307529816787209]]], "101": [[[184.0], [-0.13286182036002478, -0.5084525027343532]], [[184.0], [-0.13286182036002478, -0.5084525027343532]], [[96.83333333333333], [-0.04487625633676847, -0.5024894715496228]], [[96.83333333333333], [-0.04487625633676847, -0.5024894715496228]], [[96.83333333333333], [-0.04487625633676847, -0.5024894715496228]], [[184.0], [-0.13286182036002478, -0.5084525027343532]], [[96.83333333333333], [-0.04487625633676847, -0.5024894715496228]], [[184.0], [-0.13286182036002478, -0.5084525027343532]], [[184.0], [-0.13286182036002478, -0.5084525027343532]], [[184.0], [-0.13286182036002478, -0.5084525027343532]], [[313.5], [-0.282202089826266, -0.30729720039230785]], [[96.83333333333333], [-0.04487625633676847, -0.5024894715496228]], [[184.0], [-0.13286182036002478, -0.5084525027343532]], [[184.0], [-0.13286182036002478, -0.5084525027343532]], [[500.0], [-0.010668108394990366, 0.009232255269251942]], [[96.83333333333333], [-0.04487625633676847, -0.5024894715496228]], [[184.0], [-0.13286182036002478, -0.5084525027343532]], [[96.83333333333333], [-0.04487625633676847, -0.5024894715496228]], [[96.83333333333333], [-0.04487625633676847, -0.5024894715496228]], [[500.0], [-0.0030870399981116257, 0.008270212417940775]]], "103": [[[281.0], [-0.06976913660764694, 0.008818784808855878]], [[137.83333333333334], [-0.10904870927333832, -0.5288666657853925]], [[500.0], [-0.07876514767607054, -0.015670396877746833]], [[500.0], [-0.07876514767607054, -0.015670396877746833]], [[403.6666666666667], [0.08907990530133247, -0.510128633827684]], [[500.0], [-0.07876514767607054, -0.015670396877746833]], [[107.33333333333333], [-0.006266875813404719, -0.511359619466882]], [[318.3333333333333], [-0.18697512646516165, -0.5209180370472265]], [[500.0], [-0.07876514767607054, -0.015670396877746833]], [[222.33333333333334], [0.30370446542898816, 0.5098640134460047]], [[500.0], [-0.07876514767607054, -0.015670396877746833]], [[318.3333333333333], [-0.18697512646516165, -0.5209180370472265]], [[500.0], [-0.07876514767607054, -0.015670396877746833]], [[500.0], [0.0449286587536335, -0.25048399228228335]], [[222.33333333333334], [0.30370446542898816, 0.5098640134460047]], [[500.0], [0.0449286587536335, -0.25048399228228335]], [[137.83333333333334], [-0.10904870927333832, -0.5288666657853925]], [[123.33333333333333], [-0.08736717825134596, -0.5250206689515182]], [[222.33333333333334], [0.30370446542898816, 0.5098640134460047]], [[222.33333333333334], [0.30370446542898816, 0.5098640134460047]]]}, "environment": "cartpole", "algorithm": "diff", "container": "fit_archiving", "arguments": {"l": 20, "mr": 0.9, "cr": 0.9000000000000001, "archiving_period": 3, "archive_batch": 3, "ng": 20}}