{"fitness": {"102": [[[195.16666666666666], [0.12846632550160092, 0.521978407955626]], [[195.16666666666666], [0.12846632550160092, 0.521978407955626]], [[483.5], [-0.05304476867119472, -0.004951957430530108]], [[500.0], [-0.0030388333834707737, -0.00393617080533476]], [[500.0], [-0.0030388333834707737, -0.00393617080533476]], [[195.16666666666666], [0.12846632550160092, 0.521978407955626]], [[352.0], [-0.012105766994257769, -0.010475495152852753]], [[500.0], [-0.05308392147223155, 0.004964654498764773]], [[195.16666666666666], [0.12846632550160092, 0.521978407955626]], [[500.0], [-0.05308392147223155, 0.004964654498764773]], [[500.0], [-0.0030388333834707737, -0.00393617080533476]], [[500.0], [-0.05308392147223155, 0.004964654498764773]], [[66.66666666666667], [0.1741858075062434, -0.5043314047977685]], [[500.0], [-0.05308392147223155, 0.004964654498764773]], [[483.5], [-0.05304476867119472, -0.004951957430530108]], [[360.6666666666667], [-0.004593632572020094, 0.006037057961145657]], [[195.16666666666666], [0.12846632550160092, 0.521978407955626]], [[80.16666666666667], [0.1023000106215477, -0.5241668823233062]], [[195.16666666666666], [0.12846632550160092, 0.521978407955626]], [[195.16666666666666], [0.12846632550160092, 0.521978407955626]]], "103": [[[464.3333333333333], [-0.03787059957782428, -0.009941298104644393]], [[152.5], [0.10011984035372734, -0.516373111585681]], [[500.0], [0.021392741861442726, -0.05067143874447882]], [[500.0], [0.021392741861442726, -0.05067143874447882]], [[488.3333333333333], [-0.019687583359579246, -0.009317978721949758]], [[500.0], [0.021392741861442726, -0.05067143874447882]], [[481.1666666666667], [-0.0818582313756148, 7.445231549615603e-05]], [[481.1666666666667], [-0.0818582313756148, 7.445231549615603e-05]], [[500.0], [0.021392741861442726, -0.05067143874447882]], [[97.5], [-0.05742940430839857, -0.5156089458168979]], [[500.0], [0.021392741861442726, -0.05067143874447882]], [[481.1666666666667], [-0.0818582313756148, 7.445231549615603e-05]], [[500.0], [0.021392741861442726, -0.05067143874447882]], [[81.83333333333333], [-0.036405908564726516, -0.5048268149343974]], [[97.5], [-0.05742940430839857, -0.5156089458168979]], [[81.83333333333333], [-0.036405908564726516, -0.5048268149343974]], [[152.5], [0.10011984035372734, -0.516373111585681]], [[195.66666666666666], [-0.2162964145342509, -0.5012815149777243]], [[97.5], [-0.05742940430839857, -0.5156089458168979]], [[97.5], [-0.05742940430839857, -0.5156089458168979]]], "101": [[[209.16666666666666], [0.1493869225184123, -0.5028647455302152]], [[313.3333333333333], [-0.501438726981481, -0.0495523989699674]], [[451.6666666666667], [-0.07124137133359909, -0.002125668440807308]], [[213.33333333333334], [0.10567013174295425, -0.5469284060469085]], [[215.83333333333334], [-0.2725126345952352, -0.5084050543000254]], [[313.3333333333333], [-0.501438726981481, -0.0495523989699674]], [[185.5], [-0.14041428764661154, -0.5181138737920369]], [[500.0], [-0.01064820835987727, 0.004166525256102593]], [[209.16666666666666], [0.1493869225184123, -0.5028647455302152]], [[313.3333333333333], [-0.501438726981481, -0.0495523989699674]], [[387.8333333333333], [-0.2004433423280716, -0.2881133100062466]], [[99.66666666666667], [-0.04364459775388241, -0.525100557712847]], [[313.3333333333333], [-0.501438726981481, -0.0495523989699674]], [[313.3333333333333], [-0.501438726981481, -0.0495523989699674]], [[209.33333333333334], [-0.11793733884890875, -0.5083424908122378]], [[185.5], [-0.14041428764661154, -0.5181138737920369]], [[313.3333333333333], [-0.501438726981481, -0.0495523989699674]], [[213.33333333333334], [0.10567013174295425, -0.5469284060469085]], [[99.66666666666667], [-0.04364459775388241, -0.525100557712847]], [[500.0], [-0.01064820835987727, 0.004166525256102593]]]}, "environment": "cartpole", "algorithm": "diff", "container": "fit_archiving", "arguments": {"l": 20, "mr": 0.8, "cr": 1.0000000000000002, "archiving_period": 3, "archive_batch": 3, "ng": 20}}