{"fitness": {"101": [[[286.1666666666667], [-0.05004652154942354, 0.003297201081504377]], [[87.66666666666667], [-0.042425431311130524, -0.5133008700238461]], [[87.66666666666667], [-0.042425431311130524, -0.5133008700238461]], [[87.66666666666667], [-0.042425431311130524, -0.5133008700238461]], [[87.66666666666667], [-0.042425431311130524, -0.5133008700238461]], [[87.66666666666667], [-0.042425431311130524, -0.5133008700238461]], [[87.66666666666667], [-0.042425431311130524, -0.5133008700238461]], [[108.0], [-0.06435592969258627, -0.508245062885102]], [[286.1666666666667], [-0.05004652154942354, 0.003297201081504377]], [[87.66666666666667], [-0.042425431311130524, -0.5133008700238461]], [[98.0], [0.10317223767439525, -0.5077823782651618]], [[87.66666666666667], [-0.042425431311130524, -0.5133008700238461]], [[87.66666666666667], [-0.042425431311130524, -0.5133008700238461]], [[87.66666666666667], [-0.042425431311130524, -0.5133008700238461]], [[500.0], [-0.010580525267869234, -0.012954895308856188]], [[87.66666666666667], [-0.042425431311130524, -0.5133008700238461]], [[87.66666666666667], [-0.042425431311130524, -0.5133008700238461]], [[87.66666666666667], [-0.042425431311130524, -0.5133008700238461]], [[87.66666666666667], [-0.042425431311130524, -0.5133008700238461]], [[500.0], [-0.0030422354272256298, -0.0030767115759863808]]], "103": [[[123.0], [-0.09754821037252745, -0.5082640636480596]], [[202.5], [0.5032121141751608, 0.17963087801157573]], [[81.83333333333333], [-0.036405908564726516, -0.5048268149343974]], [[81.83333333333333], [-0.036405908564726516, -0.5048268149343974]], [[202.83333333333334], [0.49463282028834027, 0.5095898035610692]], [[81.83333333333333], [-0.036405908564726516, -0.5048268149343974]], [[500.0], [0.1319505274295807, -0.032903120795077685]], [[75.66666666666667], [-0.03154917620122433, -0.5029655244361841]], [[81.83333333333333], [-0.036405908564726516, -0.5048268149343974]], [[277.3333333333333], [-0.5075886348883312, 0.08435310287909074]], [[81.83333333333333], [-0.036405908564726516, -0.5048268149343974]], [[75.66666666666667], [-0.03154917620122433, -0.5029655244361841]], [[81.83333333333333], [-0.036405908564726516, -0.5048268149343974]], [[99.33333333333333], [0.04073901101946831, 0.5248375058744513]], [[277.3333333333333], [-0.5075886348883312, 0.08435310287909074]], [[99.33333333333333], [0.04073901101946831, 0.5248375058744513]], [[202.5], [0.5032121141751608, 0.17963087801157573]], [[500.0], [-0.016748906734089058, 0.014046711722415601]], [[277.3333333333333], [-0.5075886348883312, 0.08435310287909074]], [[277.3333333333333], [-0.5075886348883312, 0.08435310287909074]]], "102": [[[250.0], [0.2399953454732895, -0.5086494618625732]], [[250.0], [0.2399953454732895, -0.5086494618625732]], [[309.3333333333333], [0.14886663605769476, -0.5195081305275694]], [[249.83333333333334], [0.006155476827795307, -0.5068478829552683]], [[249.83333333333334], [0.006155476827795307, -0.5068478829552683]], [[137.5], [0.23026285072167715, 0.501724200670799]], [[160.83333333333334], [0.23284226655960083, -0.5060743772242058]], [[157.0], [-0.27500366171201074, -0.5065446550195868]], [[137.5], [0.23026285072167715, 0.501724200670799]], [[158.66666666666666], [-0.055968742817640305, 0.5198796257447968]], [[249.83333333333334], [0.006155476827795307, -0.5068478829552683]], [[157.0], [-0.27500366171201074, -0.5065446550195868]], [[70.33333333333333], [0.07527296741803488, -0.5295545433126568]], [[157.0], [-0.27500366171201074, -0.5065446550195868]], [[500.0], [0.026770125453670822, 0.12084628727162285]], [[372.0], [-0.057555343955755234, -0.013993878104683886]], [[137.5], [0.23026285072167715, 0.501724200670799]], [[111.5], [-0.14897681772708893, -0.5050985294095637]], [[137.5], [0.23026285072167715, 0.501724200670799]], [[137.5], [0.23026285072167715, 0.501724200670799]]]}, "environment": "cartpole", "algorithm": "diff", "container": "fit_archiving", "arguments": {"l": 20, "mr": 0.7000000000000001, "cr": 0.8000000000000002, "archiving_period": 3, "archive_batch": 3, "ng": 20}}