{"103": [[[9.0], [0.0339663897951444, -0.5452829328450289]], [[9.0], [0.0339663897951444, -0.5452829328450289]], [[9.0], [0.0339663897951444, -0.5452829328450289]], [[9.0], [0.0339663897951444, -0.5452829328450289]], [[9.0], [0.0339663897951444, -0.5452829328450289]], [[9.0], [0.0339663897951444, -0.5452829328450289]], [[9.0], [0.0339663897951444, -0.5452829328450289]], [[9.0], [0.0339663897951444, -0.5452829328450289]], [[9.0], [0.0339663897951444, -0.5452829328450289]], [[9.0], [0.0339663897951444, -0.5452829328450289]], [[9.0], [0.0339663897951444, -0.5452829328450289]], [[9.0], [0.0339663897951444, -0.5452829328450289]], [[9.0], [0.0339663897951444, -0.5452829328450289]], [[9.0], [0.0339663897951444, -0.5452829328450289]], [[9.0], [0.0339663897951444, -0.5452829328450289]], [[9.0], [0.0339663897951444, -0.5452829328450289]], [[9.0], [0.0339663897951444, -0.5452829328450289]], [[9.0], [0.0339663897951444, -0.5452829328450289]], [[9.0], [0.0339663897951444, -0.5452829328450289]], [[9.0], [0.0339663897951444, -0.5452829328450289]], [[9.0], [0.0339663897951444, -0.5452829328450289]], [[9.0], [0.0339663897951444, -0.5452829328450289]], [[9.0], [0.0339663897951444, -0.5452829328450289]], [[9.0], [0.0339663897951444, -0.5452829328450289]], [[9.0], [0.0339663897951444, -0.5452829328450289]], [[9.0], [0.0339663897951444, -0.5452829328450289]], [[9.0], [0.0339663897951444, -0.5452829328450289]], [[9.0], [0.0339663897951444, -0.5452829328450289]], [[9.0], [0.0339663897951444, -0.5452829328450289]], [[9.0], [0.0339663897951444, -0.5452829328450289]], [[9.0], [0.0339663897951444, -0.5452829328450289]], [[9.0], [0.0339663897951444, -0.5452829328450289]], [[9.0], [0.0339663897951444, -0.5452829328450289]], [[9.0], [0.0339663897951444, -0.5452829328450289]], [[9.0], [0.0339663897951444, -0.5452829328450289]], [[9.0], [0.0339663897951444, -0.5452829328450289]], [[9.0], [0.0339663897951444, -0.5452829328450289]], [[9.0], [0.0339663897951444, -0.5452829328450289]], [[9.0], [0.0339663897951444, -0.5452829328450289]], [[9.0], [0.0339663897951444, -0.5452829328450289]]], "101": [[[41.5], [-0.09566836059093475, 0.5962060826817198]], [[41.5], [-0.09566836059093475, 0.5962060826817198]], [[41.5], [-0.09566836059093475, 0.5962060826817198]], [[41.5], [-0.09566836059093475, 0.5962060826817198]], [[41.5], [-0.09566836059093475, 0.5962060826817198]], [[385.5], [0.07188686480124792, -0.17346042480194968]], [[41.5], [-0.09566836059093475, 0.5962060826817198]], [[41.5], [-0.09566836059093475, 0.5962060826817198]], [[41.5], [-0.09566836059093475, 0.5962060826817198]], [[41.5], [-0.09566836059093475, 0.5962060826817198]], [[41.5], [-0.09566836059093475, 0.5962060826817198]], [[41.5], [-0.09566836059093475, 0.5962060826817198]], [[41.5], [-0.09566836059093475, 0.5962060826817198]], [[41.5], [-0.09566836059093475, 0.5962060826817198]], [[41.5], [-0.09566836059093475, 0.5962060826817198]], [[41.5], [-0.09566836059093475, 0.5962060826817198]], [[41.5], [-0.09566836059093475, 0.5962060826817198]], [[41.5], [-0.09566836059093475, 0.5962060826817198]], [[41.5], [-0.09566836059093475, 0.5962060826817198]], [[41.5], [-0.09566836059093475, 0.5962060826817198]], [[41.5], [-0.09566836059093475, 0.5962060826817198]], [[41.5], [-0.09566836059093475, 0.5962060826817198]], [[41.5], [-0.09566836059093475, 0.5962060826817198]], [[41.5], [-0.09566836059093475, 0.5962060826817198]], [[41.5], [-0.09566836059093475, 0.5962060826817198]], [[41.5], [-0.09566836059093475, 0.5962060826817198]], [[41.5], [-0.09566836059093475, 0.5962060826817198]], [[41.5], [-0.09566836059093475, 0.5962060826817198]], [[41.5], [-0.09566836059093475, 0.5962060826817198]], [[41.5], [-0.09566836059093475, 0.5962060826817198]], [[41.5], [-0.09566836059093475, 0.5962060826817198]], [[41.5], [-0.09566836059093475, 0.5962060826817198]], [[41.5], [-0.09566836059093475, 0.5962060826817198]], [[41.5], [-0.09566836059093475, 0.5962060826817198]], [[41.5], [-0.09566836059093475, 0.5962060826817198]], [[41.5], [-0.09566836059093475, 0.5962060826817198]], [[41.5], [-0.09566836059093475, 0.5962060826817198]], [[196.16666666666666], [0.20164610197146735, -0.5147083524311559]], [[41.5], [-0.09566836059093475, 0.5962060826817198]], [[41.5], [-0.09566836059093475, 0.5962060826817198]]], "102": [[[10.0], [-0.03209785247842471, 0.6141351740896417]], [[10.0], [-0.03209785247842471, 0.6141351740896417]], [[9.833333333333334], [0.0339663897951444, -0.5452829328450289]], [[10.0], [-0.03209785247842471, 0.6141351740896417]], [[10.0], [-0.03209785247842471, 0.6141351740896417]], [[10.0], [-0.03209785247842471, 0.6141351740896417]], [[10.0], [-0.03209785247842471, 0.6141351740896417]], [[9.833333333333334], [0.0339663897951444, -0.5452829328450289]], [[10.0], [-0.03209785247842471, 0.6141351740896417]], [[10.0], [-0.03209785247842471, 0.6141351740896417]], [[10.0], [-0.03209785247842471, 0.6141351740896417]], [[10.0], [-0.03209785247842471, 0.6141351740896417]], [[10.0], [-0.03209785247842471, 0.6141351740896417]], [[10.0], [-0.03209785247842471, 0.6141351740896417]], [[10.0], [-0.03209785247842471, 0.6141351740896417]], [[9.833333333333334], [0.0339663897951444, -0.5452829328450289]], [[10.0], [-0.03209785247842471, 0.6141351740896417]], [[10.0], [-0.03209785247842471, 0.6141351740896417]], [[10.0], [-0.03209785247842471, 0.6141351740896417]], [[10.0], [-0.03209785247842471, 0.6141351740896417]], [[10.0], [-0.03209785247842471, 0.6141351740896417]], [[10.0], [-0.03209785247842471, 0.6141351740896417]], [[9.833333333333334], [0.0339663897951444, -0.5452829328450289]], [[9.833333333333334], [0.0339663897951444, -0.5452829328450289]], [[10.0], [-0.03209785247842471, 0.6141351740896417]], [[10.0], [-0.03209785247842471, 0.6141351740896417]], [[10.0], [-0.03209785247842471, 0.6141351740896417]], [[9.833333333333334], [0.0339663897951444, -0.5452829328450289]], [[10.0], [-0.03209785247842471, 0.6141351740896417]], [[9.833333333333334], [0.0339663897951444, -0.5452829328450289]], [[10.0], [-0.03209785247842471, 0.6141351740896417]], [[9.833333333333334], [0.0339663897951444, -0.5452829328450289]], [[9.833333333333334], [0.0339663897951444, -0.5452829328450289]], [[10.0], [-0.03209785247842471, 0.6141351740896417]], [[10.0], [-0.03209785247842471, 0.6141351740896417]], [[10.0], [-0.03209785247842471, 0.6141351740896417]], [[10.0], [-0.03209785247842471, 0.6141351740896417]], [[10.0], [-0.03209785247842471, 0.6141351740896417]], [[9.833333333333334], [0.0339663897951444, -0.5452829328450289]], [[10.0], [-0.03209785247842471, 0.6141351740896417]]]}