{"101": [[[72.0], [-0.02853774776061376, -0.5198207340742412]], [[72.0], [-0.02853774776061376, -0.5198207340742412]], [[72.0], [-0.02853774776061376, -0.5198207340742412]], [[72.0], [-0.02853774776061376, -0.5198207340742412]], [[72.0], [-0.02853774776061376, -0.5198207340742412]], [[72.0], [-0.02853774776061376, -0.5198207340742412]], [[72.0], [-0.02853774776061376, -0.5198207340742412]], [[72.0], [-0.02853774776061376, -0.5198207340742412]], [[72.0], [-0.02853774776061376, -0.5198207340742412]], [[72.0], [-0.02853774776061376, -0.5198207340742412]], [[72.0], [-0.02853774776061376, -0.5198207340742412]], [[72.0], [-0.02853774776061376, -0.5198207340742412]], [[72.0], [-0.02853774776061376, -0.5198207340742412]], [[72.0], [-0.02853774776061376, -0.5198207340742412]], [[72.0], [-0.02853774776061376, -0.5198207340742412]], [[72.0], [-0.02853774776061376, -0.5198207340742412]], [[72.0], [-0.02853774776061376, -0.5198207340742412]], [[72.0], [-0.02853774776061376, -0.5198207340742412]], [[72.0], [-0.02853774776061376, -0.5198207340742412]], [[72.0], [-0.02853774776061376, -0.5198207340742412]]], "103": [[[41.833333333333336], [0.004791793568680684, -0.5076665199544441]], [[41.833333333333336], [0.004791793568680684, -0.5076665199544441]], [[41.833333333333336], [0.004791793568680684, -0.5076665199544441]], [[41.833333333333336], [0.004791793568680684, -0.5076665199544441]], [[41.833333333333336], [0.004791793568680684, -0.5076665199544441]], [[41.833333333333336], [0.004791793568680684, -0.5076665199544441]], [[41.833333333333336], [0.004791793568680684, -0.5076665199544441]], [[41.833333333333336], [0.004791793568680684, -0.5076665199544441]], [[41.833333333333336], [0.004791793568680684, -0.5076665199544441]], [[41.833333333333336], [0.004791793568680684, -0.5076665199544441]], [[41.833333333333336], [0.004791793568680684, -0.5076665199544441]], [[41.833333333333336], [0.004791793568680684, -0.5076665199544441]], [[41.833333333333336], [0.004791793568680684, -0.5076665199544441]], [[41.833333333333336], [0.004791793568680684, -0.5076665199544441]], [[41.833333333333336], [0.004791793568680684, -0.5076665199544441]], [[41.833333333333336], [0.004791793568680684, -0.5076665199544441]], [[41.833333333333336], [0.004791793568680684, -0.5076665199544441]], [[41.833333333333336], [0.004791793568680684, -0.5076665199544441]], [[41.833333333333336], [0.004791793568680684, -0.5076665199544441]], [[41.833333333333336], [0.004791793568680684, -0.5076665199544441]]], "102": [[[9.666666666666666], [0.0339663897951444, -0.5452829328450289]], [[9.666666666666666], [0.0339663897951444, -0.5452829328450289]], [[9.666666666666666], [0.0339663897951444, -0.5452829328450289]], [[9.666666666666666], [0.0339663897951444, -0.5452829328450289]], [[9.666666666666666], [0.0339663897951444, -0.5452829328450289]], [[131.16666666666666], [0.5058287580808004, 0.25573807755155425]], [[9.666666666666666], [0.0339663897951444, -0.5452829328450289]], [[9.666666666666666], [0.0339663897951444, -0.5452829328450289]], [[9.666666666666666], [0.0339663897951444, -0.5452829328450289]], [[9.666666666666666], [0.0339663897951444, -0.5452829328450289]], [[9.666666666666666], [0.0339663897951444, -0.5452829328450289]], [[9.666666666666666], [0.0339663897951444, -0.5452829328450289]], [[9.666666666666666], [0.0339663897951444, -0.5452829328450289]], [[9.666666666666666], [0.0339663897951444, -0.5452829328450289]], [[9.666666666666666], [0.0339663897951444, -0.5452829328450289]], [[9.666666666666666], [0.0339663897951444, -0.5452829328450289]], [[9.666666666666666], [0.0339663897951444, -0.5452829328450289]], [[9.666666666666666], [0.0339663897951444, -0.5452829328450289]], [[9.666666666666666], [0.0339663897951444, -0.5452829328450289]], [[9.666666666666666], [0.0339663897951444, -0.5452829328450289]]]}