{"103": [[[164.8], [0.3785482297341029, 0.5072486814129296]], [[386.7], [0.008821402831623953, 0.0018696164217683973]], [[386.7], [0.008821402831623953, 0.0018696164217683973]], [[386.7], [0.008821402831623953, 0.0018696164217683973]], [[211.3], [0.30619037648042047, 0.5038234463148711]], [[111.0], [0.09361994763215384, 0.5036448819215218]], [[386.7], [0.008821402831623953, 0.0018696164217683973]], [[164.8], [0.3785482297341029, 0.5072486814129296]], [[386.7], [0.008821402831623953, 0.0018696164217683973]], [[9.6], [0.03666744567453861, -0.5957981901305714]], [[164.8], [0.3785482297341029, 0.5072486814129296]], [[111.0], [0.09361994763215384, 0.5036448819215218]], [[164.8], [0.3785482297341029, 0.5072486814129296]], [[386.7], [0.008821402831623953, 0.0018696164217683973]], [[164.8], [0.3785482297341029, 0.5072486814129296]], [[164.8], [0.3785482297341029, 0.5072486814129296]], [[34.6], [0.05098401879270872, -0.5561401042641635]], [[386.7], [0.008821402831623953, 0.0018696164217683973]], [[111.0], [0.09361994763215384, 0.5036448819215218]], [[34.2], [-0.009971804295976957, 0.5164516456959921]], [[111.0], [0.09361994763215384, 0.5036448819215218]], [[386.7], [0.008821402831623953, 0.0018696164217683973]], [[111.0], [0.09361994763215384, 0.5036448819215218]], [[13.3], [-0.03161118676265081, 0.6185000735606874]], [[386.7], [0.008821402831623953, 0.0018696164217683973]], [[164.8], [0.3785482297341029, 0.5072486814129296]], [[386.7], [0.008821402831623953, 0.0018696164217683973]], [[386.7], [0.008821402831623953, 0.0018696164217683973]], [[111.0], [0.09361994763215384, 0.5036448819215218]], [[164.8], [0.3785482297341029, 0.5072486814129296]]], "102": [[[500.0], [0.0043309542040030164, -0.01229798871328671]], [[175.6], [0.21686092019081116, 0.5056655934552827]], [[175.7], [-0.2607029428084692, -0.5116368238435408]], [[175.7], [-0.2607029428084692, -0.5116368238435408]], [[175.7], [-0.2607029428084692, -0.5116368238435408]], [[175.7], [-0.2607029428084692, -0.5116368238435408]], [[484.5], [0.07852985213200252, 0.0024921665721211995]], [[175.7], [-0.2607029428084692, -0.5116368238435408]], [[484.5], [0.07852985213200252, 0.0024921665721211995]], [[378.7], [0.07239386439323425, 0.02128334546631033]], [[76.4], [0.03640700752536456, 0.5286184081620577]], [[500.0], [0.0043309542040030164, -0.01229798871328671]], [[396.3], [0.06942097097635269, 0.006588264457596261]], [[484.5], [0.07852985213200252, 0.0024921665721211995]], [[484.5], [0.07852985213200252, 0.0024921665721211995]], [[175.7], [-0.2607029428084692, -0.5116368238435408]], [[175.7], [-0.2607029428084692, -0.5116368238435408]], [[153.6], [0.2940759062767029, 0.5082311242391048]], [[484.5], [0.07852985213200252, 0.0024921665721211995]], [[396.3], [0.06942097097635269, 0.006588264457596261]], [[175.7], [-0.2607029428084692, -0.5116368238435408]], [[153.6], [0.2940759062767029, 0.5082311242391048]], [[500.0], [0.0043309542040030164, -0.01229798871328671]], [[484.5], [0.07852985213200252, 0.0024921665721211995]], [[484.5], [0.07852985213200252, 0.0024921665721211995]], [[175.7], [-0.2607029428084692, -0.5116368238435408]], [[175.7], [-0.2607029428084692, -0.5116368238435408]], [[153.6], [0.2940759062767029, 0.5082311242391048]], [[484.5], [0.07852985213200252, 0.0024921665721211995]], [[175.7], [-0.2607029428084692, -0.5116368238435408]]], "101": [[[378.8], [-0.13329745580752692, 0.5097074443073364]], [[378.8], [-0.13329745580752692, 0.5097074443073364]], [[378.8], [-0.13329745580752692, 0.5097074443073364]], [[291.9], [0.5008716881275177, 0.07774876920800461]], [[291.9], [0.5008716881275177, 0.07774876920800461]], [[430.5], [0.4804287354151408, -0.5469469433766233]], [[291.9], [0.5008716881275177, 0.07774876920800461]], [[430.5], [0.4804287354151408, -0.5469469433766233]], [[378.8], [-0.13329745580752692, 0.5097074443073364]], [[291.9], [0.5008716881275177, 0.07774876920800461]], [[378.8], [-0.13329745580752692, 0.5097074443073364]], [[378.8], [-0.13329745580752692, 0.5097074443073364]], [[378.8], [-0.13329745580752692, 0.5097074443073364]], [[430.5], [0.4804287354151408, -0.5469469433766233]], [[500.0], [0.004207514381657044, 0.01897212590255806]], [[291.9], [0.5008716881275177, 0.07774876920800461]], [[378.8], [-0.13329745580752692, 0.5097074443073364]], [[291.9], [0.5008716881275177, 0.07774876920800461]], [[291.9], [0.5008716881275177, 0.07774876920800461]], [[378.8], [-0.13329745580752692, 0.5097074443073364]], [[291.9], [0.5008716881275177, 0.07774876920800461]], [[378.8], [-0.13329745580752692, 0.5097074443073364]], [[291.9], [0.5008716881275177, 0.07774876920800461]], [[291.9], [0.5008716881275177, 0.07774876920800461]], [[378.8], [-0.13329745580752692, 0.5097074443073364]], [[378.8], [-0.13329745580752692, 0.5097074443073364]], [[378.8], [-0.13329745580752692, 0.5097074443073364]], [[291.9], [0.5008716881275177, 0.07774876920800461]], [[291.9], [0.5008716881275177, 0.07774876920800461]], [[113.0], [0.25004098812739056, 0.5171185974299052]]]}