{"101": [[[500.0], [0.012118908731887739, -0.06565047900357315]], [[500.0], [-0.014320376018683117, 0.10579601643188148]], [[500.0], [0.023967515056331955, 0.004005378878644209]], [[500.0], [0.012118908731887739, -0.06565047900357315]], [[500.0], [0.023967515056331955, 0.004005378878644209]], [[500.0], [0.012118908731887739, -0.06565047900357315]], [[500.0], [0.023967515056331955, 0.004005378878644209]], [[500.0], [-0.014320376018683117, 0.10579601643188148]], [[500.0], [0.023967515056331955, 0.004005378878644209]], [[500.0], [0.023967515056331955, 0.004005378878644209]], [[500.0], [0.012118908731887739, -0.06565047900357315]], [[500.0], [0.023967515056331955, 0.004005378878644209]], [[500.0], [0.012118908731887739, -0.06565047900357315]], [[500.0], [0.023967515056331955, 0.004005378878644209]], [[500.0], [0.023967515056331955, 0.004005378878644209]], [[500.0], [0.023967515056331955, 0.004005378878644209]], [[500.0], [0.012118908731887739, -0.06565047900357315]], [[500.0], [0.023967515056331955, 0.004005378878644209]], [[500.0], [0.023967515056331955, 0.004005378878644209]], [[500.0], [0.012118908731887739, -0.06565047900357315]], [[500.0], [0.012118908731887739, -0.06565047900357315]], [[500.0], [0.012118908731887739, -0.06565047900357315]], [[500.0], [0.012118908731887739, -0.06565047900357315]], [[500.0], [0.012118908731887739, -0.06565047900357315]], [[500.0], [0.012118908731887739, -0.06565047900357315]], [[276.1], [0.12475637098153433, 0.5179747368730426]], [[500.0], [0.023967515056331955, 0.004005378878644209]], [[500.0], [-0.014320376018683117, 0.10579601643188148]], [[500.0], [0.012118908731887739, -0.06565047900357315]], [[500.0], [0.012118908731887739, -0.06565047900357315]]], "102": [[[500.0], [0.05264750371376674, 0.032793483184427735]], [[500.0], [0.05264750371376674, 0.032793483184427735]], [[500.0], [0.05264750371376674, 0.032793483184427735]], [[500.0], [0.05264750371376674, 0.032793483184427735]], [[500.0], [0.05264750371376674, 0.032793483184427735]], [[500.0], [0.05264750371376674, 0.032793483184427735]], [[500.0], [0.05264750371376674, 0.032793483184427735]], [[500.0], [0.05264750371376674, 0.032793483184427735]], [[500.0], [0.05264750371376674, 0.032793483184427735]], [[500.0], [0.05264750371376674, 0.032793483184427735]], [[500.0], [0.05264750371376674, 0.032793483184427735]], [[500.0], [0.05264750371376674, 0.032793483184427735]], [[500.0], [0.05264750371376674, 0.032793483184427735]], [[500.0], [0.05264750371376674, 0.032793483184427735]], [[500.0], [0.05264750371376674, 0.032793483184427735]], [[500.0], [0.05264750371376674, 0.032793483184427735]], [[500.0], [0.05264750371376674, 0.032793483184427735]], [[500.0], [0.05264750371376674, 0.032793483184427735]], [[500.0], [0.05264750371376674, 0.032793483184427735]], [[500.0], [0.05264750371376674, 0.032793483184427735]], [[500.0], [0.05264750371376674, 0.032793483184427735]], [[500.0], [0.05264750371376674, 0.032793483184427735]], [[500.0], [0.05264750371376674, 0.032793483184427735]], [[500.0], [0.05264750371376674, 0.032793483184427735]], [[500.0], [0.05264750371376674, 0.032793483184427735]], [[500.0], [0.05264750371376674, 0.032793483184427735]], [[500.0], [0.05264750371376674, 0.032793483184427735]], [[426.4], [0.5063639581203461, 0.2572860693532314]], [[500.0], [0.05264750371376674, 0.032793483184427735]], [[500.0], [0.05264750371376674, 0.032793483184427735]]], "103": [[[383.2], [0.046676673615972206, 0.00975761589322364]], [[383.2], [0.046676673615972206, 0.00975761589322364]], [[383.2], [0.046676673615972206, 0.00975761589322364]], [[383.2], [0.046676673615972206, 0.00975761589322364]], [[383.2], [0.046676673615972206, 0.00975761589322364]], [[383.2], [0.046676673615972206, 0.00975761589322364]], [[383.2], [0.046676673615972206, 0.00975761589322364]], [[383.2], [0.046676673615972206, 0.00975761589322364]], [[383.2], [0.046676673615972206, 0.00975761589322364]], [[383.2], [0.046676673615972206, 0.00975761589322364]], [[383.2], [0.046676673615972206, 0.00975761589322364]], [[65.2], [0.03467694235344728, 0.5160438957396877]], [[383.2], [0.046676673615972206, 0.00975761589322364]], [[383.2], [0.046676673615972206, 0.00975761589322364]], [[383.2], [0.046676673615972206, 0.00975761589322364]], [[383.2], [0.046676673615972206, 0.00975761589322364]], [[383.2], [0.046676673615972206, 0.00975761589322364]], [[383.2], [0.046676673615972206, 0.00975761589322364]], [[383.2], [0.046676673615972206, 0.00975761589322364]], [[383.2], [0.046676673615972206, 0.00975761589322364]], [[383.2], [0.046676673615972206, 0.00975761589322364]], [[383.2], [0.046676673615972206, 0.00975761589322364]], [[383.2], [0.046676673615972206, 0.00975761589322364]], [[383.2], [0.046676673615972206, 0.00975761589322364]], [[383.2], [0.046676673615972206, 0.00975761589322364]], [[383.2], [0.046676673615972206, 0.00975761589322364]], [[383.2], [0.046676673615972206, 0.00975761589322364]], [[383.2], [0.046676673615972206, 0.00975761589322364]], [[383.2], [0.046676673615972206, 0.00975761589322364]], [[383.2], [0.046676673615972206, 0.00975761589322364]]]}