{"102": [[[500.0], [-0.0002550434389074023, -0.002161809828123479]], [[500.0], [-0.0002550434389074023, -0.002161809828123479]], [[500.0], [-0.0002550434389074023, -0.002161809828123479]], [[500.0], [-0.0002550434389074023, -0.002161809828123479]], [[481.7], [0.010621158871799707, -0.07005174461591758]], [[500.0], [0.02394873338441054, 0.008924249849286662]], [[500.0], [-0.0002550434389074023, -0.002161809828123479]], [[481.7], [0.010621158871799707, -0.07005174461591758]], [[500.0], [-0.0002550434389074023, -0.002161809828123479]], [[500.0], [-0.0002550434389074023, -0.002161809828123479]], [[481.7], [0.010621158871799707, -0.07005174461591758]], [[481.7], [0.010621158871799707, -0.07005174461591758]], [[9.6], [0.03666744567453861, -0.5957981901305714]], [[500.0], [-0.0002550434389074023, -0.002161809828123479]], [[500.0], [-0.0002550434389074023, -0.002161809828123479]], [[500.0], [-0.0002550434389074023, -0.002161809828123479]], [[500.0], [-0.0002550434389074023, -0.002161809828123479]], [[500.0], [-0.0002550434389074023, -0.002161809828123479]], [[481.7], [0.010621158871799707, -0.07005174461591758]], [[500.0], [-0.0002550434389074023, -0.002161809828123479]], [[500.0], [-0.0002550434389074023, -0.002161809828123479]], [[500.0], [-0.0002550434389074023, -0.002161809828123479]], [[500.0], [-0.0002550434389074023, -0.002161809828123479]], [[481.7], [0.010621158871799707, -0.07005174461591758]], [[500.0], [-0.0002550434389074023, -0.002161809828123479]], [[500.0], [-0.0002550434389074023, -0.002161809828123479]], [[500.0], [-0.0002550434389074023, -0.002161809828123479]], [[500.0], [-0.0002550434389074023, -0.002161809828123479]], [[500.0], [-0.0002550434389074023, -0.002161809828123479]], [[500.0], [-0.0002550434389074023, -0.002161809828123479]]], "101": [[[500.0], [0.046737367908159896, -0.005632509147685966]], [[500.0], [0.03454246558248997, 0.012421813396888488]], [[500.0], [0.03454246558248997, 0.012421813396888488]], [[500.0], [0.046737367908159896, -0.005632509147685966]], [[500.0], [0.03454246558248997, 0.012421813396888488]], [[500.0], [0.03454246558248997, 0.012421813396888488]], [[210.5], [0.20443689078092575, 0.5117705778071755]], [[401.5], [0.339177946249644, 0.5020119570659108]], [[500.0], [0.03454246558248997, 0.012421813396888488]], [[500.0], [0.03454246558248997, 0.012421813396888488]], [[500.0], [0.03454246558248997, 0.012421813396888488]], [[500.0], [0.046737367908159896, -0.005632509147685966]], [[210.5], [0.20443689078092575, 0.5117705778071755]], [[500.0], [0.03454246558248997, 0.012421813396888488]], [[500.0], [0.046737367908159896, -0.005632509147685966]], [[500.0], [0.046737367908159896, -0.005632509147685966]], [[401.5], [0.339177946249644, 0.5020119570659108]], [[500.0], [0.03454246558248997, 0.012421813396888488]], [[500.0], [0.03454246558248997, 0.012421813396888488]], [[401.5], [0.339177946249644, 0.5020119570659108]], [[500.0], [0.03454246558248997, 0.012421813396888488]], [[500.0], [0.046737367908159896, -0.005632509147685966]], [[500.0], [0.03454246558248997, 0.012421813396888488]], [[500.0], [0.03454246558248997, 0.012421813396888488]], [[500.0], [0.03454246558248997, 0.012421813396888488]], [[500.0], [0.03454246558248997, 0.012421813396888488]], [[500.0], [0.03454246558248997, 0.012421813396888488]], [[500.0], [0.03454246558248997, 0.012421813396888488]], [[500.0], [0.03454246558248997, 0.012421813396888488]], [[500.0], [0.03454246558248997, 0.012421813396888488]]], "103": [[[500.0], [-0.0062385364435613155, -0.022058161287501668]], [[500.0], [-0.0062385364435613155, -0.022058161287501668]], [[500.0], [0.002777281333692372, -0.0026133668978818867]], [[500.0], [-0.0062385364435613155, -0.022058161287501668]], [[500.0], [-0.0062385364435613155, -0.022058161287501668]], [[500.0], [-0.0062385364435613155, -0.022058161287501668]], [[500.0], [-0.0062385364435613155, -0.022058161287501668]], [[126.3], [0.06518593057990074, 0.5154202571896275]], [[500.0], [-0.0062385364435613155, -0.022058161287501668]], [[500.0], [-0.0062385364435613155, -0.022058161287501668]], [[500.0], [-0.0062385364435613155, -0.022058161287501668]], [[500.0], [-0.0062385364435613155, -0.022058161287501668]], [[500.0], [-0.0062385364435613155, -0.022058161287501668]], [[500.0], [-0.0062385364435613155, -0.022058161287501668]], [[500.0], [-0.0062385364435613155, -0.022058161287501668]], [[500.0], [-0.0062385364435613155, -0.022058161287501668]], [[500.0], [-0.0062385364435613155, -0.022058161287501668]], [[500.0], [-0.0062385364435613155, -0.022058161287501668]], [[500.0], [0.002777281333692372, -0.0026133668978818867]], [[500.0], [-0.0062385364435613155, -0.022058161287501668]], [[500.0], [-0.0062385364435613155, -0.022058161287501668]], [[500.0], [-0.0062385364435613155, -0.022058161287501668]], [[500.0], [-0.0062385364435613155, -0.022058161287501668]], [[500.0], [-0.0062385364435613155, -0.022058161287501668]], [[425.8], [0.04374153912067413, -0.014513726546718744]], [[500.0], [0.002777281333692372, -0.0026133668978818867]], [[500.0], [-0.0062385364435613155, -0.022058161287501668]], [[500.0], [-0.0062385364435613155, -0.022058161287501668]], [[500.0], [-0.0062385364435613155, -0.022058161287501668]], [[500.0], [0.002777281333692372, -0.0026133668978818867]]]}