{"103": [[[500.0], [-0.0019126333063468337, 0.03378382442813171]], [[500.0], [-0.0019126333063468337, 0.03378382442813171]], [[500.0], [-0.0019126333063468337, 0.03378382442813171]], [[389.1], [0.0482623465359211, -0.008034533776485464]], [[382.6], [0.11788436522086462, 0.014469575618157548]], [[500.0], [-0.0019126333063468337, 0.03378382442813171]], [[500.0], [-0.0019126333063468337, 0.03378382442813171]], [[500.0], [-0.0019126333063468337, 0.03378382442813171]], [[500.0], [-0.0019126333063468337, 0.03378382442813171]], [[500.0], [-0.0019126333063468337, 0.03378382442813171]], [[500.0], [-0.0019126333063468337, 0.03378382442813171]], [[500.0], [-0.0019126333063468337, 0.03378382442813171]], [[500.0], [-0.0019126333063468337, 0.03378382442813171]], [[382.6], [0.11788436522086462, 0.014469575618157548]], [[382.6], [0.11788436522086462, 0.014469575618157548]], [[382.6], [0.11788436522086462, 0.014469575618157548]], [[500.0], [-0.0019126333063468337, 0.03378382442813171]], [[500.0], [-0.0019126333063468337, 0.03378382442813171]], [[500.0], [-0.0019126333063468337, 0.03378382442813171]], [[382.6], [0.11788436522086462, 0.014469575618157548]], [[500.0], [-0.0019126333063468337, 0.03378382442813171]], [[500.0], [-0.0019126333063468337, 0.03378382442813171]], [[500.0], [-0.0019126333063468337, 0.03378382442813171]], [[500.0], [-0.0019126333063468337, 0.03378382442813171]], [[500.0], [-0.0019126333063468337, 0.03378382442813171]], [[500.0], [-0.0019126333063468337, 0.03378382442813171]], [[500.0], [-0.0019126333063468337, 0.03378382442813171]], [[500.0], [-0.0019126333063468337, 0.03378382442813171]], [[500.0], [-0.0019126333063468337, 0.03378382442813171]], [[500.0], [-0.0019126333063468337, 0.03378382442813171]]], "102": [[[500.0], [0.02239440257350604, 0.01860950498632267]], [[500.0], [0.02239440257350604, 0.01860950498632267]], [[500.0], [0.02239440257350604, 0.01860950498632267]], [[500.0], [0.02239440257350604, 0.01860950498632267]], [[500.0], [0.005687092586110036, 0.028087833281339073]], [[500.0], [0.031532132998108864, 0.007212146421511208]], [[500.0], [0.005687092586110036, 0.028087833281339073]], [[500.0], [0.02239440257350604, 0.01860950498632267]], [[500.0], [0.02239440257350604, 0.01860950498632267]], [[500.0], [0.02239440257350604, 0.01860950498632267]], [[500.0], [0.005687092586110036, 0.028087833281339073]], [[500.0], [0.02239440257350604, 0.01860950498632267]], [[500.0], [0.005687092586110036, 0.028087833281339073]], [[500.0], [0.02239440257350604, 0.01860950498632267]], [[500.0], [0.02239440257350604, 0.01860950498632267]], [[500.0], [0.02239440257350604, 0.01860950498632267]], [[500.0], [0.005687092586110036, 0.028087833281339073]], [[500.0], [0.005687092586110036, 0.028087833281339073]], [[500.0], [0.02239440257350604, 0.01860950498632267]], [[500.0], [0.005687092586110036, 0.028087833281339073]], [[500.0], [0.005687092586110036, 0.028087833281339073]], [[22.6], [-0.020055572191874187, 0.5277906807415793]], [[500.0], [0.02239440257350604, 0.01860950498632267]], [[500.0], [0.031532132998108864, 0.007212146421511208]], [[500.0], [0.001266498293261975, -0.0036055187061963755]], [[500.0], [0.02239440257350604, 0.01860950498632267]], [[500.0], [0.02239440257350604, 0.01860950498632267]], [[500.0], [0.02239440257350604, 0.01860950498632267]], [[500.0], [0.02239440257350604, 0.01860950498632267]], [[500.0], [0.02239440257350604, 0.01860950498632267]]], "101": [[[500.0], [-0.00027441189255720627, 0.0026369454566407147]], [[500.0], [-0.0050506946475555505, 0.06094647562532334]], [[500.0], [-0.00027441189255720627, 0.0026369454566407147]], [[500.0], [-0.0050506946475555505, 0.06094647562532334]], [[500.0], [-0.00027441189255720627, 0.0026369454566407147]], [[500.0], [-0.00027441189255720627, 0.0026369454566407147]], [[500.0], [-0.0050506946475555505, 0.06094647562532334]], [[500.0], [-0.0050506946475555505, 0.06094647562532334]], [[500.0], [-0.00027441189255720627, 0.0026369454566407147]], [[500.0], [-0.0050506946475555505, 0.06094647562532334]], [[500.0], [-0.00027441189255720627, 0.0026369454566407147]], [[500.0], [-0.00027441189255720627, 0.0026369454566407147]], [[500.0], [-0.0050506946475555505, 0.06094647562532334]], [[500.0], [-0.0050506946475555505, 0.06094647562532334]], [[500.0], [-0.0050506946475555505, 0.06094647562532334]], [[500.0], [-0.0050506946475555505, 0.06094647562532334]], [[500.0], [-0.0050506946475555505, 0.06094647562532334]], [[500.0], [-0.00027441189255720627, 0.0026369454566407147]], [[500.0], [-0.0050506946475555505, 0.06094647562532334]], [[500.0], [-0.00027441189255720627, 0.0026369454566407147]], [[500.0], [-0.0050506946475555505, 0.06094647562532334]], [[500.0], [-0.0050506946475555505, 0.06094647562532334]], [[500.0], [-0.0050506946475555505, 0.06094647562532334]], [[500.0], [-0.0050506946475555505, 0.06094647562532334]], [[500.0], [-0.00027441189255720627, 0.0026369454566407147]], [[500.0], [-0.0050506946475555505, 0.06094647562532334]], [[53.5], [0.008959433374305567, 0.5119494630389236]], [[500.0], [-0.0050506946475555505, 0.06094647562532334]], [[500.0], [-0.0050506946475555505, 0.06094647562532334]], [[500.0], [-0.0050506946475555505, 0.06094647562532334]]]}