{"101": [[[495.1666666666667], [-0.03938315125803153, -0.010658290602587628]], [[495.1666666666667], [-0.03938315125803153, -0.010658290602587628]], [[495.1666666666667], [-0.03938315125803153, -0.010658290602587628]], [[495.1666666666667], [-0.03938315125803153, -0.010658290602587628]], [[495.1666666666667], [-0.03938315125803153, -0.010658290602587628]], [[495.1666666666667], [-0.03938315125803153, -0.010658290602587628]], [[495.1666666666667], [-0.03938315125803153, -0.010658290602587628]], [[495.1666666666667], [-0.03938315125803153, -0.010658290602587628]], [[495.1666666666667], [-0.03938315125803153, -0.010658290602587628]], [[495.1666666666667], [-0.03938315125803153, -0.010658290602587628]], [[495.1666666666667], [-0.03938315125803153, -0.010658290602587628]], [[495.1666666666667], [-0.03938315125803153, -0.010658290602587628]], [[495.1666666666667], [-0.03938315125803153, -0.010658290602587628]], [[495.1666666666667], [-0.03938315125803153, -0.010658290602587628]], [[495.1666666666667], [-0.03938315125803153, -0.010658290602587628]], [[495.1666666666667], [-0.03938315125803153, -0.010658290602587628]], [[495.1666666666667], [-0.03938315125803153, -0.010658290602587628]], [[495.1666666666667], [-0.03938315125803153, -0.010658290602587628]], [[495.1666666666667], [-0.03938315125803153, -0.010658290602587628]], [[495.1666666666667], [-0.03938315125803153, -0.010658290602587628]], [[495.1666666666667], [-0.03938315125803153, -0.010658290602587628]], [[495.1666666666667], [-0.03938315125803153, -0.010658290602587628]], [[495.1666666666667], [-0.03938315125803153, -0.010658290602587628]], [[495.1666666666667], [-0.03938315125803153, -0.010658290602587628]], [[9.333333333333334], [-0.03209785247842471, 0.6141351740896417]], [[495.1666666666667], [-0.03938315125803153, -0.010658290602587628]], [[495.1666666666667], [-0.03938315125803153, -0.010658290602587628]], [[495.1666666666667], [-0.03938315125803153, -0.010658290602587628]], [[495.1666666666667], [-0.03938315125803153, -0.010658290602587628]], [[495.1666666666667], [-0.03938315125803153, -0.010658290602587628]]], "103": [[[488.5], [-0.07269204904635748, -0.018542296025884208]], [[488.5], [-0.07269204904635748, -0.018542296025884208]], [[488.5], [-0.07269204904635748, -0.018542296025884208]], [[461.8333333333333], [-0.01675936548660199, 0.016696639715484456]], [[488.5], [-0.07269204904635748, -0.018542296025884208]], [[488.5], [-0.07269204904635748, -0.018542296025884208]], [[488.5], [-0.07269204904635748, -0.018542296025884208]], [[461.8333333333333], [-0.01675936548660199, 0.016696639715484456]], [[488.5], [-0.07269204904635748, -0.018542296025884208]], [[488.5], [-0.07269204904635748, -0.018542296025884208]], [[461.8333333333333], [-0.01675936548660199, 0.016696639715484456]], [[488.5], [-0.07269204904635748, -0.018542296025884208]], [[461.8333333333333], [-0.01675936548660199, 0.016696639715484456]], [[488.5], [-0.07269204904635748, -0.018542296025884208]], [[461.8333333333333], [-0.01675936548660199, 0.016696639715484456]], [[461.8333333333333], [-0.01675936548660199, 0.016696639715484456]], [[488.5], [-0.07269204904635748, -0.018542296025884208]], [[488.5], [-0.07269204904635748, -0.018542296025884208]], [[488.5], [-0.07269204904635748, -0.018542296025884208]], [[461.8333333333333], [-0.01675936548660199, 0.016696639715484456]], [[461.8333333333333], [-0.01675936548660199, 0.016696639715484456]], [[461.8333333333333], [-0.01675936548660199, 0.016696639715484456]], [[488.5], [-0.07269204904635748, -0.018542296025884208]], [[461.8333333333333], [-0.01675936548660199, 0.016696639715484456]], [[461.8333333333333], [-0.01675936548660199, 0.016696639715484456]], [[461.8333333333333], [-0.01675936548660199, 0.016696639715484456]], [[488.5], [-0.07269204904635748, -0.018542296025884208]], [[461.8333333333333], [-0.01675936548660199, 0.016696639715484456]], [[461.8333333333333], [-0.01675936548660199, 0.016696639715484456]], [[488.5], [-0.07269204904635748, -0.018542296025884208]]], "102": [[[255.5], [0.27842131753762567, 0.5353632512275112]], [[500.0], [-0.059093249340852104, -0.008338139365699018]], [[255.5], [0.27842131753762567, 0.5353632512275112]], [[255.5], [0.27842131753762567, 0.5353632512275112]], [[255.5], [0.27842131753762567, 0.5353632512275112]], [[255.5], [0.27842131753762567, 0.5353632512275112]], [[255.5], [0.27842131753762567, 0.5353632512275112]], [[255.5], [0.27842131753762567, 0.5353632512275112]], [[255.5], [0.27842131753762567, 0.5353632512275112]], [[255.5], [0.27842131753762567, 0.5353632512275112]], [[255.5], [0.27842131753762567, 0.5353632512275112]], [[255.5], [0.27842131753762567, 0.5353632512275112]], [[255.5], [0.27842131753762567, 0.5353632512275112]], [[255.5], [0.27842131753762567, 0.5353632512275112]], [[255.5], [0.27842131753762567, 0.5353632512275112]], [[255.5], [0.27842131753762567, 0.5353632512275112]], [[500.0], [-0.059093249340852104, -0.008338139365699018]], [[255.5], [0.27842131753762567, 0.5353632512275112]], [[255.5], [0.27842131753762567, 0.5353632512275112]], [[255.5], [0.27842131753762567, 0.5353632512275112]], [[255.5], [0.27842131753762567, 0.5353632512275112]], [[255.5], [0.27842131753762567, 0.5353632512275112]], [[255.5], [0.27842131753762567, 0.5353632512275112]], [[255.5], [0.27842131753762567, 0.5353632512275112]], [[255.5], [0.27842131753762567, 0.5353632512275112]], [[255.5], [0.27842131753762567, 0.5353632512275112]], [[255.5], [0.27842131753762567, 0.5353632512275112]], [[255.5], [0.27842131753762567, 0.5353632512275112]], [[255.5], [0.27842131753762567, 0.5353632512275112]], [[255.5], [0.27842131753762567, 0.5353632512275112]]]}