{"fitness": {"102": [[[-545.7973716699305], [0.40084471702575686, 0.736423904285766]], [[-545.7973716699305], [0.40084471702575686, 0.736423904285766]], [[-543.2951619098053], [0.40084471702575686, 0.736423904285766]], [[-545.7973716699305], [0.40084471702575686, 0.736423904285766]], [[-545.7973716699305], [0.40084471702575686, 0.736423904285766]], [[-543.2951619098053], [0.40084471702575686, 0.736423904285766]], [[-545.7973716699305], [0.40084471702575686, 0.736423904285766]], [[-144.88201688225612], [-0.24057230949401856, -1.0470217551259944]], [[-545.7973716699305], [0.40084471702575686, 0.736423904285766]], [[-543.2951619098053], [0.40084471702575686, 0.736423904285766]], [[-543.2951619098053], [0.40084471702575686, 0.736423904285766]], [[-543.2951619098053], [0.40084471702575686, 0.736423904285766]], [[-543.2951619098053], [0.40084471702575686, 0.736423904285766]], [[-545.7973716699305], [0.40084471702575686, 0.736423904285766]], [[-543.2951619098053], [0.40084471702575686, 0.736423904285766]], [[-543.2951619098053], [0.40084471702575686, 0.736423904285766]], [[-543.2951619098053], [0.40084471702575686, 0.736423904285766]], [[-543.2951619098053], [0.40084471702575686, 0.736423904285766]], [[-545.7973716699305], [0.40084471702575686, 0.736423904285766]], [[-545.7973716699305], [0.40084471702575686, 0.736423904285766]], [[-545.7973716699305], [0.40084471702575686, 0.736423904285766]], [[-286.51335466684236], [0.04629943966865539, -1.0629739383856456]], [[-543.2951619098053], [0.40084471702575686, 0.736423904285766]], [[-543.2951619098053], [0.40084471702575686, 0.736423904285766]], [[-543.2951619098053], [0.40084471702575686, 0.736423904285766]], [[-543.2951619098053], [0.40084471702575686, 0.736423904285766]], [[-543.2951619098053], [0.40084471702575686, 0.736423904285766]], [[-545.7973716699305], [0.40084471702575686, 0.736423904285766]], [[-543.2951619098053], [0.40084471702575686, 0.736423904285766]], [[-543.2951619098053], [0.40084471702575686, 0.736423904285766]], [[-543.2951619098053], [0.40084471702575686, 0.736423904285766]], [[-543.2951619098053], [0.40084471702575686, 0.736423904285766]], [[-543.2951619098053], [0.40084471702575686, 0.736423904285766]], [[-543.2951619098053], [0.40084471702575686, 0.736423904285766]], [[-543.2951619098053], [0.40084471702575686, 0.736423904285766]]], "101": [[[-320.9524443383911], [0.3789166212081909, 0.033019761648029146]], [[-563.7979908391047], [-0.05449779629707337, -1.0480417078782922]], [[-643.4027071259152], [0.4026358604431152, 2.036229195197423]], [[-477.7820157027589], [-0.17974355220794677, -1.0312409823139508]], [[-508.81327889133973], [0.10673729181289673, 2.5209092165033016]], [[-275.3801957261271], [-0.10778898000717163, -0.9822329960142571]], [[-643.4027071259152], [0.4026358604431152, 2.036229195197423]], [[-275.3801957261271], [-0.10778898000717163, -0.9822329960142571]], [[-275.3801957261271], [-0.10778898000717163, -0.9822329960142571]], [[-477.7820157027589], [-0.17974355220794677, -1.0312409823139508]], [[-275.3801957261271], [-0.10778898000717163, -0.9822329960142571]], [[-496.2626519228766], [0.4084475517272949, -0.7734873035612208]], [[-465.97577314403884], [-0.2527871370315552, -1.203761472304662]], [[-275.3801957261271], [-0.10778898000717163, -0.9822329960142571]], [[-643.4027071259152], [0.4026358604431152, 2.036229195197423]], [[-391.8285669262497], [-0.29555387496948243, -1.0464225788911181]], [[-275.3801957261271], [-0.10778898000717163, -0.9822329960142571]], [[-275.3801957261271], [-0.10778898000717163, -0.9822329960142571]], [[-391.8285669262497], [-0.29555387496948243, -1.0464225788911181]], [[-391.8285669262497], [-0.29555387496948243, -1.0464225788911181]], [[-275.3801957261271], [-0.10778898000717163, -0.9822329960142571]], [[-391.8285669262497], [-0.29555387496948243, -1.0464225788911181]], [[-275.3801957261271], [-0.10778898000717163, -0.9822329960142571]], [[-477.7820157027589], [-0.17974355220794677, -1.0312409823139508]], [[-563.7979908391047], [-0.05449779629707337, -1.0480417078782922]], [[-508.81327889133973], [0.10673729181289673, 2.5209092165033016]], [[-275.3801957261271], [-0.10778898000717163, -0.9822329960142571]], [[-391.8285669262497], [-0.29555387496948243, -1.0464225788911181]], [[-391.8285669262497], [-0.29555387496948243, -1.0464225788911181]], [[-477.7820157027589], [-0.17974355220794677, -1.0312409823139508]], [[-508.81327889133973], [0.10673729181289673, 2.5209092165033016]], [[-545.7973716699305], [0.40084471702575686, 0.736423904285766]], [[-391.8285669262497], [-0.29555387496948243, -1.0464225788911181]], [[-320.9524443383911], [0.3789166212081909, 0.033019761648029146]], [[-275.3801957261271], [-0.10778898000717163, -0.9822329960142571]]], "103": [[[-545.7973716699305], [0.40084471702575686, 0.736423904285766]], [[-545.7973716699305], [0.40084471702575686, 0.736423904285766]], [[-545.7973716699305], [0.40084471702575686, 0.736423904285766]], [[-568.6707833389213], [0.2247537136077881, -1.0417549502803012]], [[-143.71845330974918], [0.11956164836883545, -1.0280913410087427]], [[-322.61847140430456], [0.36332619190216064, 3.3492589950561507]], [[-545.7973716699305], [0.40084471702575686, 0.736423904285766]], [[-569.7277410636135], [0.2170713424682617, -1.1967737098534899]], [[-134.61186857105716], [0.11616222858428955, -1.116914975643158]], [[-216.56901322266572], [0.15022990703582764, -1.0763392453547564]], [[-545.7973716699305], [0.40084471702575686, 0.736423904285766]], [[-545.7973716699305], [0.40084471702575686, 0.736423904285766]], [[-545.7973716699305], [0.40084471702575686, 0.736423904285766]], [[-183.60592096977598], [0.1280553460121155, -1.0140941100815932]], [[-145.35684190556196], [0.11956164836883545, -1.0280913410087427]], [[-545.7973716699305], [0.40084471702575686, 0.736423904285766]], [[-143.71845330974918], [0.11956164836883545, -1.0280913410087427]], [[-545.7973716699305], [0.40084471702575686, 0.736423904285766]], [[-545.7973716699305], [0.40084471702575686, 0.736423904285766]], [[-545.7973716699305], [0.40084471702575686, 0.736423904285766]], [[-545.7973716699305], [0.40084471702575686, 0.736423904285766]], [[-291.4340050776358], [0.4084779262542725, 0.9207514032721518]], [[-545.7973716699305], [0.40084471702575686, 0.736423904285766]], [[-545.7973716699305], [0.40084471702575686, 0.736423904285766]], [[-545.7973716699305], [0.40084471702575686, 0.736423904285766]], [[-545.7973716699305], [0.40084471702575686, 0.736423904285766]], [[-545.7973716699305], [0.40084471702575686, 0.736423904285766]], [[-144.92745652385983], [0.11956164836883545, -1.0280913410087427]], [[-545.7973716699305], [0.40084471702575686, 0.736423904285766]], [[-545.7973716699305], [0.40084471702575686, 0.736423904285766]], [[-144.92745652385983], [0.11956164836883545, -1.0280913410087427]], [[-545.7973716699305], [0.40084471702575686, 0.736423904285766]], [[-545.7973716699305], [0.40084471702575686, 0.736423904285766]], [[-545.7973716699305], [0.40084471702575686, 0.736423904285766]], [[-545.7973716699305], [0.40084471702575686, 0.736423904285766]]]}, "environment": "lunarlander", "algorithm": "lambda", "container": "novelty_archiving", "arguments": {"cross_method": "mean", "l": 35, "m": 70, "mr": 0.1, "cr": 0.9, "mutation_sigma": 2.0, "archiving_period": 5, "archive_batch": 3, "ng": 20}}