{"fitness": {"101": [[[66.0], [-0.03782513551414013, -0.5193888499405966]], [[9.0], [0.0339663897951444, -0.5452829328450289]], [[9.0], [0.0339663897951444, -0.5452829328450289]], [[103.66666666666667], [-0.05524074658751488, -0.5194913399846931]], [[9.0], [0.0339663897951444, -0.5452829328450289]], [[87.16666666666667], [-0.04099183094998201, -0.5218380233317471]], [[11.333333333333334], [0.0339663897951444, -0.5452829328450289]], [[9.666666666666666], [-0.03209785247842471, 0.6141351740896417]], [[9.0], [0.0339663897951444, -0.5452829328450289]], [[9.0], [0.0339663897951444, -0.5452829328450289]], [[9.0], [0.0339663897951444, -0.5452829328450289]], [[28.833333333333332], [0.014564994101723036, -0.5078947786509135]], [[75.33333333333333], [0.02852111433943113, 0.5109944340714998]], [[9.166666666666666], [0.0339663897951444, -0.5452829328450289]], [[34.166666666666664], [0.019529694691300392, -0.5105204488101759]], [[9.166666666666666], [-0.03209785247842471, 0.6141351740896417]], [[9.0], [0.0339663897951444, -0.5452829328450289]], [[111.5], [0.011712288639197748, -0.5088134459331275]], [[9.166666666666666], [-0.03209785247842471, 0.6141351740896417]], [[57.666666666666664], [-0.02460547567655643, -0.5163164657839178]]], "102": [[[23.666666666666668], [0.0339663897951444, -0.5452829328450289]], [[104.5], [-0.07115909829735756, -0.516412717303591]], [[9.0], [0.0339663897951444, -0.5452829328450289]], [[48.166666666666664], [-0.006266875813404719, -0.511359619466882]], [[39.833333333333336], [-0.01741170883178711, -0.5131994850897903]], [[96.66666666666667], [-0.07284770409266154, -0.5207457824757225]], [[9.333333333333334], [-0.03209785247842471, 0.6141351740896417]], [[9.0], [0.0339663897951444, -0.5452829328450289]], [[36.666666666666664], [0.018675466999411583, -0.5207110249825072]], [[57.666666666666664], [-0.01741170883178711, -0.5131994850897903]], [[41.5], [0.014564994101723036, -0.5078947786509135]], [[158.66666666666666], [-0.11096790432929993, -0.5135003958592574]], [[9.166666666666666], [-0.03209785247842471, 0.6141351740896417]], [[166.66666666666666], [-0.05484348783890407, -0.5425303176259311]], [[9.166666666666666], [-0.03209785247842471, 0.6141351740896417]], [[57.333333333333336], [-0.01180371657634775, -0.506654987780101]], [[133.83333333333334], [-0.02222309975574414, -0.5094300260384117]], [[9.0], [0.0339663897951444, -0.5452829328450289]], [[9.0], [0.0339663897951444, -0.5452829328450289]], [[9.0], [0.0339663897951444, -0.5452829328450289]]], "103": [[[9.166666666666666], [0.0339663897951444, -0.5452829328450289]], [[9.166666666666666], [-0.03209785247842471, 0.6141351740896417]], [[427.1666666666667], [-0.06364064291119576, -0.008080251020285787]], [[9.666666666666666], [0.0339663897951444, -0.5452829328450289]], [[17.666666666666668], [0.04496338156362375, -0.5504327456346539]], [[16.833333333333332], [0.030963088696201645, -0.5324452616381303]], [[19.166666666666668], [0.030754817028840385, -0.5283326480947613]], [[74.16666666666667], [-0.033092781280477844, -0.5160366947000677]], [[9.333333333333334], [0.0339663897951444, -0.5452829328450289]], [[9.833333333333334], [-0.03209785247842471, 0.6141351740896417]], [[9.166666666666666], [-0.03209785247842471, 0.6141351740896417]], [[9.666666666666666], [0.0339663897951444, -0.5452829328450289]], [[8.833333333333334], [0.0339663897951444, -0.5452829328450289]], [[25.166666666666668], [0.019529694691300392, -0.5105204488101759]], [[130.0], [-0.01185103397195538, -0.5092613719867177]], [[144.66666666666666], [-0.025921304089327656, -0.5312685333370593]], [[10.5], [0.0339663897951444, -0.5452829328450289]], [[24.666666666666668], [-0.03827387777467569, 0.5649333935605282]], [[55.666666666666664], [0.04040188776950042, -0.5108212882822211]], [[9.166666666666666], [-0.03209785247842471, 0.6141351740896417]]]}, "environment": "cartpole", "algorithm": "diff", "container": "novelty", "arguments": {"l": 20, "mr": 0.8, "cr": 1.0, "ng": 20}}