{"fitness": {"102": [[[9.0], [0.0339663897951444, -0.5452829328450289]], [[9.666666666666666], [0.0339663897951444, -0.5452829328450289]], [[9.5], [0.0339663897951444, -0.5452829328450289]], [[9.0], [0.0339663897951444, -0.5452829328450289]], [[89.33333333333333], [0.06690346325437228, 0.5162777156350715]], [[9.333333333333334], [0.0339663897951444, -0.5452829328450289]], [[75.33333333333333], [-0.03449973339835803, -0.5386027565413115]], [[275.3333333333333], [0.1670178398489952, 0.5192322451532172]], [[40.833333333333336], [0.007971884527554115, -0.5110487983557597]], [[9.833333333333334], [-0.03209785247842471, 0.6141351740896417]], [[13.666666666666666], [-0.02678342474003633, 0.5065702864427886]], [[292.8333333333333], [-0.19083516051371893, 0.5097777079166979]], [[273.6666666666667], [0.08864987641572952, -0.5051610215999294]], [[77.33333333333333], [-0.15121541917324066, 0.5627358287715456]], [[9.166666666666666], [0.0339663897951444, -0.5452829328450289]], [[10.0], [0.0339663897951444, -0.5452829328450289]], [[9.333333333333334], [-0.03209785247842471, 0.6141351740896417]], [[321.0], [-0.009079816130300363, -0.009215040840921505]], [[10.0], [-0.03209785247842471, 0.6141351740896417]], [[69.83333333333333], [-0.026581784089406334, -0.5079991937254035]], [[42.833333333333336], [0.004702973722790679, -0.5236516158546557]], [[46.666666666666664], [-0.005887180644397935, -0.5338156337372995]], [[65.0], [0.00398766288223366, 0.5059870735309911]], [[9.166666666666666], [0.0339663897951444, -0.5452829328450289]], [[9.666666666666666], [0.0339663897951444, -0.5452829328450289]]], "103": [[[77.83333333333333], [0.09554915130138397, -0.5013052570192438]], [[9.666666666666666], [-0.03209785247842471, 0.6141351740896417]], [[36.166666666666664], [0.01923619148631891, -0.5253330229572132]], [[10.333333333333334], [-0.03209785247842471, 0.6141351740896417]], [[9.0], [0.0339663897951444, -0.5452829328450289]], [[133.66666666666666], [-0.16841965417067212, -0.5109458092297093]], [[48.333333333333336], [-0.00017985091593194133, -0.5381843476204211]], [[74.5], [-0.03213698975741863, -0.5063313687817332]], [[11.0], [-0.03209785247842471, 0.6141351740896417]], [[129.5], [-0.17986810455719632, -0.5217127894100391]], [[34.5], [0.014564994101723036, -0.5078947786509135]], [[73.16666666666667], [-0.045795406525333725, -0.5068474908194474]], [[128.5], [0.009108344869067272, -0.5463313970839578]], [[203.0], [0.15680222461620968, 0.5228969326429961]], [[10.0], [-0.03209785247842471, 0.6141351740896417]], [[9.166666666666666], [-0.03209785247842471, 0.6141351740896417]], [[62.333333333333336], [-0.016381600871682167, -0.5118023764573787]], [[111.33333333333333], [0.18743368486563367, -0.5273458204771343]], [[61.833333333333336], [-0.018686538872619472, -0.5238506426081133]], [[17.0], [0.03630537539720535, -0.597622548564199]], [[175.33333333333334], [0.23445241153240204, -0.533056601382899]], [[9.166666666666666], [-0.03209785247842471, 0.6141351740896417]], [[9.333333333333334], [-0.03209785247842471, 0.6141351740896417]], [[98.66666666666667], [-0.08593220263719559, 0.5486764049415954]], [[9.333333333333334], [-0.03209785247842471, 0.6141351740896417]]], "101": [[[9.166666666666666], [0.0339663897951444, -0.5452829328450289]], [[75.16666666666667], [-0.08950594812631607, 0.5118628366712178]], [[177.5], [0.08869000400106113, -0.5035086325481177]], [[168.0], [-0.08798943211634955, -0.5327505928477603]], [[9.0], [0.0339663897951444, -0.5452829328450289]], [[32.5], [0.022083489845196407, -0.5127371213082492]], [[9.0], [0.0339663897951444, -0.5452829328450289]], [[91.5], [0.05294053504864375, -0.5017948564159813]], [[103.83333333333333], [-0.12067865580320358, -0.5096743623035377]], [[455.5], [-0.012185182422399521, 0.009651478540384029]], [[18.5], [0.027988624448577564, -0.5623768106031646]], [[28.666666666666668], [0.01618772279471159, -0.5355453804919594]], [[9.0], [0.0339663897951444, -0.5452829328450289]], [[104.33333333333333], [-0.09099988266825676, -0.5099050094636434]], [[91.0], [-0.057216634353001915, -0.5058395235162032]], [[26.666666666666668], [0.018643659229079883, -0.5475992434903195]], [[500.0], [-0.0032682177455474934, 0.054010452978919]], [[31.333333333333332], [0.01967907107124726, -0.5140099585341494]], [[41.5], [0.014564994101723036, -0.5078947786509135]], [[9.333333333333334], [-0.03209785247842471, 0.6141351740896417]], [[26.833333333333332], [0.018643659229079883, -0.5475992434903195]], [[374.6666666666667], [0.04375376117726167, -0.510326270281413]], [[11.166666666666666], [0.033651019136110946, -0.5694000344527396]], [[117.83333333333333], [-0.08691565444072089, -0.5215496965572595]], [[225.16666666666666], [-0.5045382181803386, -0.4648222235971661]]]}, "environment": "cartpole", "algorithm": "diff", "container": "novelty", "arguments": {"l": 25, "mr": 0.9, "cr": 1.0, "ng": 20}}