{"fitness": {"103": [[[9.166666666666666], [-0.03209785247842471, 0.6141351740896417]], [[9.0], [0.0339663897951444, -0.5452829328450289]], [[136.0], [-0.0861615315079689, -0.5042508387109309]], [[9.833333333333334], [-0.03209785247842471, 0.6141351740896417]], [[285.3333333333333], [-0.05761250232656797, 0.0004358544043915872]], [[289.3333333333333], [-0.06213885421554248, -0.004623309735868251]], [[9.333333333333334], [-0.03209785247842471, 0.6141351740896417]], [[9.333333333333334], [0.0339663897951444, -0.5452829328450289]], [[9.666666666666666], [-0.03209785247842471, 0.6141351740896417]], [[69.5], [-0.025666640140116215, -0.5377764550692727]], [[10.5], [-0.03209785247842471, 0.6141351740896417]], [[25.0], [-0.018812576308846474, 0.5073822571330093]], [[34.166666666666664], [0.026404674475391708, -0.5449586008724414]], [[25.833333333333332], [0.018675466999411583, -0.5207110249825072]], [[9.333333333333334], [0.0339663897951444, -0.5452829328450289]], [[123.66666666666667], [-0.05891729146242142, 0.5183995625619113]], [[9.166666666666666], [-0.03209785247842471, 0.6141351740896417]], [[10.0], [0.0339663897951444, -0.5452829328450289]], [[9.833333333333334], [0.0339663897951444, -0.5452829328450289]], [[9.166666666666666], [-0.03209785247842471, 0.6141351740896417]], [[32.166666666666664], [0.010506986485173305, -0.5085949906321804]], [[41.5], [0.014564994101723036, -0.5078947786509135]], [[312.1666666666667], [-0.34304740528265637, -0.5124113990359329]], [[169.16666666666666], [-0.09217240537206332, -0.5017138625446119]], [[9.833333333333334], [0.0339663897951444, -0.5452829328450289]], [[9.166666666666666], [-0.03209785247842471, 0.6141351740896417]], [[9.666666666666666], [-0.03209785247842471, 0.6141351740896417]], [[46.0], [0.003665525776644548, 0.5084323612126437]], [[9.333333333333334], [-0.03209785247842471, 0.6141351740896417]], [[140.0], [-0.13932591925064725, -0.5167817527597601]], [[41.333333333333336], [0.07859762758016586, -0.5325040107138419]], [[9.333333333333334], [-0.03209785247842471, 0.6141351740896417]], [[40.0], [0.021206570478777092, -0.5170367123407611]], [[9.166666666666666], [-0.03209785247842471, 0.6141351740896417]], [[36.166666666666664], [-0.010377430201818546, 0.5019863969401309]]], "102": [[[76.66666666666667], [-0.1528187096118927, 0.5498509943200071]], [[19.0], [-0.02512836518387, 0.5063154338079207]], [[19.5], [-0.032796409601966545, 0.6195202683718011]], [[98.33333333333333], [-0.11787533760070801, -0.5077412396526794]], [[343.0], [-0.03183745158215364, -0.002674664299418196]], [[10.0], [-0.03209785247842471, 0.6141351740896417]], [[120.5], [-0.07992159575223923, -0.5206450748671756]], [[8.833333333333334], [0.0339663897951444, -0.5452829328450289]], [[9.666666666666666], [0.0339663897951444, -0.5452829328450289]], [[27.666666666666668], [0.03103447457154592, -0.5513542648137472]], [[126.0], [0.04813004285097122, -0.5080200125726216]], [[244.16666666666666], [0.24008385837078094, 0.5099266482312144]], [[9.833333333333334], [0.0339663897951444, -0.5452829328450289]], [[76.66666666666667], [-0.03503091943760713, -0.5027050393049797]], [[9.833333333333334], [-0.03209785247842471, 0.6141351740896417]], [[9.666666666666666], [0.0339663897951444, -0.5452829328450289]], [[9.666666666666666], [0.0339663897951444, -0.5452829328450289]], [[165.5], [0.10293589904904366, -0.5444072222595581]], [[11.5], [0.0339663897951444, -0.5452829328450289]], [[53.833333333333336], [-0.0018014178688948355, -0.5107817538617331]], [[9.5], [0.0339663897951444, -0.5452829328450289]], [[170.33333333333334], [-0.19263524562120438, -0.5269794943230004]], [[60.0], [-0.018280199728906155, -0.5086772678571455]], [[186.0], [-0.11197491238514583, -0.5138370622858477]], [[9.833333333333334], [-0.03209785247842471, 0.6141351740896417]], [[56.666666666666664], [0.01759017041573922, 0.5157021671961369]], [[9.166666666666666], [-0.03209785247842471, 0.6141351740896417]], [[113.5], [0.051144470150272056, -0.6133139703832745]], [[9.333333333333334], [0.0339663897951444, -0.5452829328450289]], [[9.333333333333334], [-0.03209785247842471, 0.6141351740896417]], [[9.666666666666666], [0.0339663897951444, -0.5452829328450289]], [[9.333333333333334], [-0.03209785247842471, 0.6141351740896417]], [[49.166666666666664], [-0.009955532538394134, -0.5168852766164752]], [[79.5], [-0.027410189310709637, -0.5218228013321544]], [[27.833333333333332], [0.014564994101723036, -0.5078947786509135]]], "101": [[[69.33333333333333], [0.004922892743100723, 0.5064428066522881]], [[64.16666666666667], [-0.0214031416301926, -0.5442022778200761]], [[9.0], [0.0339663897951444, -0.5452829328450289]], [[9.333333333333334], [-0.03209785247842471, 0.6141351740896417]], [[219.16666666666666], [-0.13859573751688004, -0.5051165676573247]], [[9.666666666666666], [-0.03209785247842471, 0.6141351740896417]], [[9.333333333333334], [-0.03209785247842471, 0.6141351740896417]], [[17.833333333333332], [0.027988624448577564, -0.5623768106031646]], [[8.833333333333334], [0.0339663897951444, -0.5452829328450289]], [[9.166666666666666], [0.0339663897951444, -0.5452829328450289]], [[421.0], [-0.0014930245621750753, -0.011764444482098357]], [[9.333333333333334], [-0.03209785247842471, 0.6141351740896417]], [[10.0], [-0.03209785247842471, 0.6141351740896417]], [[56.333333333333336], [-0.01811216895778974, -0.5170444124623349]], [[9.0], [0.0339663897951444, -0.5452829328450289]], [[9.0], [0.0339663897951444, -0.5452829328450289]], [[500.0], [-0.0274761983503898, 0.044213073176630376]], [[143.33333333333334], [-0.08628130579988162, -0.502951799682453]], [[55.666666666666664], [-0.010726950907458862, -0.5337592018278022]], [[221.16666666666666], [-0.18645587066809338, -0.5145971641015779]], [[41.666666666666664], [0.014564994101723036, -0.5078947786509135]], [[67.66666666666667], [-0.026009397891660534, -0.5138592357840834]], [[9.166666666666666], [-0.03209785247842471, 0.6141351740896417]], [[9.0], [0.0339663897951444, -0.5452829328450289]], [[84.0], [-0.046251487607757255, -0.5223896871343184]], [[11.833333333333334], [0.03157045071323713, -0.563764222786187]], [[370.3333333333333], [0.029430550833543144, -0.5768259817903693]], [[36.5], [-0.03209785247842471, 0.6141351740896417]], [[9.0], [0.0339663897951444, -0.5452829328450289]], [[14.166666666666666], [0.029247229297955833, -0.5160672456453862]], [[9.666666666666666], [0.0339663897951444, -0.5452829328450289]], [[67.0], [-0.021958487729231518, -0.5115482724454414]], [[9.0], [0.0339663897951444, -0.5452829328450289]], [[9.333333333333334], [-0.03209785247842471, 0.6141351740896417]], [[91.33333333333333], [-0.05470953260858854, -0.5109023890997234]]]}, "environment": "cartpole", "algorithm": "diff", "container": "novelty", "arguments": {"l": 35, "mr": 0.7000000000000001, "cr": 1.2000000000000002, "ng": 20}}