{"fitness": {"103": [[[9.666666666666666], [0.0339663897951444, -0.5452829328450289]], [[9.166666666666666], [0.0339663897951444, -0.5452829328450289]], [[9.333333333333334], [-0.03209785247842471, 0.6141351740896417]], [[51.333333333333336], [-0.05729520693421364, 0.5881054834886031]], [[9.0], [0.0339663897951444, -0.5452829328450289]], [[9.0], [0.0339663897951444, -0.5452829328450289]], [[9.666666666666666], [0.0339663897951444, -0.5452829328450289]], [[9.166666666666666], [0.0339663897951444, -0.5452829328450289]], [[16.333333333333332], [0.030301626150806747, -0.5225135664050089]], [[116.83333333333333], [-0.023638632458945118, 0.5076567878563438]], [[500.0], [0.0014672527322545648, 0.006199099176951003]], [[113.33333333333333], [0.047238217666745186, 0.507110827847531]], [[290.3333333333333], [-0.04088491511841615, -0.014162307123889764]], [[17.833333333333332], [0.03151668856541316, -0.585335614293386]], [[9.166666666666666], [-0.03209785247842471, 0.6141351740896417]], [[9.5], [0.0339663897951444, -0.5452829328450289]], [[50.166666666666664], [-0.10137205943465233, 0.5051990944232667]], [[85.33333333333333], [-0.19561486939589184, 0.5094168716640564]], [[9.0], [0.0339663897951444, -0.5452829328450289]], [[12.5], [0.0339663897951444, -0.5452829328450289]], [[9.0], [0.0339663897951444, -0.5452829328450289]], [[9.166666666666666], [0.0339663897951444, -0.5452829328450289]], [[9.666666666666666], [-0.03209785247842471, 0.6141351740896417]], [[30.0], [-0.01870221147934596, 0.5086680704897101]], [[9.166666666666666], [-0.03209785247842471, 0.6141351740896417]]], "102": [[[9.0], [0.0339663897951444, -0.5452829328450289]], [[21.5], [0.02636594076951345, -0.5348211769281962]], [[19.333333333333332], [0.0339663897951444, -0.5452829328450289]], [[9.5], [0.0339663897951444, -0.5452829328450289]], [[54.5], [0.006711264917006096, 0.5248513732230264]], [[9.333333333333334], [-0.03209785247842471, 0.6141351740896417]], [[116.16666666666667], [-0.07610845069090526, -0.5215066685630945]], [[84.0], [-0.09131706009308498, -0.5074713789104845]], [[58.0], [-0.006266875813404719, -0.511359619466882]], [[112.83333333333333], [0.047238217666745186, 0.507110827847531]], [[9.166666666666666], [-0.03209785247842471, 0.6141351740896417]], [[154.83333333333334], [0.41441746056079865, -0.509073788469488]], [[472.6666666666667], [0.2340363959471385, 0.2121671535181657]], [[115.66666666666667], [-0.0652523214618365, -0.5128393618113687]], [[9.5], [-0.03209785247842471, 0.6141351740896417]], [[111.0], [0.4139479498068492, -0.5658679601678438]], [[153.5], [-0.13632324834664664, 0.5050691192229969]], [[9.333333333333334], [-0.03209785247842471, 0.6141351740896417]], [[9.666666666666666], [0.0339663897951444, -0.5452829328450289]], [[52.0], [-0.13701174408197403, 0.5866015356693541]], [[53.5], [0.002328460104763508, -0.5287349794469952]], [[9.0], [0.0339663897951444, -0.5452829328450289]], [[104.33333333333333], [-0.05170137000580629, -0.5105014836959292]], [[71.5], [-0.033092781280477844, -0.5160366947000677]], [[9.0], [0.0339663897951444, -0.5452829328450289]]], "101": [[[9.333333333333334], [-0.03209785247842471, 0.6141351740896417]], [[378.1666666666667], [-0.48783739407857263, -0.4265830990230068]], [[9.166666666666666], [0.0339663897951444, -0.5452829328450289]], [[9.833333333333334], [-0.03209785247842471, 0.6141351740896417]], [[9.0], [0.0339663897951444, -0.5452829328450289]], [[37.833333333333336], [0.014564994101723036, -0.5078947786509135]], [[9.666666666666666], [0.0339663897951444, -0.5452829328450289]], [[9.166666666666666], [0.0339663897951444, -0.5452829328450289]], [[9.333333333333334], [-0.03209785247842471, 0.6141351740896417]], [[40.833333333333336], [0.014564994101723036, -0.5078947786509135]], [[87.5], [-0.036797020584344864, -0.5293055014176803]], [[9.333333333333334], [-0.03209785247842471, 0.6141351740896417]], [[8.833333333333334], [0.0339663897951444, -0.5452829328450289]], [[73.0], [-0.03658877685666084, -0.5066193390691109]], [[41.166666666666664], [0.006442895391955972, -0.5076387852572939]], [[57.0], [0.009630184310177963, 0.5161854567710292]], [[329.1666666666667], [-0.16867097467184067, -0.27491102378334153]], [[9.5], [0.0339663897951444, -0.5452829328450289]], [[9.0], [0.0339663897951444, -0.5452829328450289]], [[423.0], [0.4085768262545268, 0.14474705467669016]], [[9.166666666666666], [-0.03209785247842471, 0.6141351740896417]], [[73.5], [-0.06107942511638006, -0.5193999010410035]], [[9.166666666666666], [-0.03209785247842471, 0.6141351740896417]], [[103.16666666666667], [-0.05573465799291929, -0.5174902708906877]], [[48.666666666666664], [0.005634344415739179, 0.5237225924382369]]]}, "environment": "cartpole", "algorithm": "diff", "container": "novelty", "arguments": {"l": 25, "mr": 0.7000000000000001, "cr": 0.9, "ng": 20}}