{"fitness": {"102": [[[23.666666666666668], [0.0339663897951444, -0.5452829328450289]], [[168.33333333333334], [0.2182666709025701, 0.5108899120508769]], [[9.0], [0.0339663897951444, -0.5452829328450289]], [[49.833333333333336], [-0.00017985091593194133, -0.5381843476204211]], [[44.666666666666664], [-0.02062086326380571, -0.5022438519309013]], [[426.3333333333333], [-0.0333106362571319, -0.013387718563230984]], [[9.0], [0.0339663897951444, -0.5452829328450289]], [[9.0], [0.0339663897951444, -0.5452829328450289]], [[35.666666666666664], [0.019529694691300392, -0.5105204488101759]], [[112.66666666666667], [0.047238217666745186, 0.507110827847531]], [[43.833333333333336], [0.014564994101723036, -0.5078947786509135]], [[104.66666666666667], [0.0853358581662178, 0.5133099960938595]], [[9.166666666666666], [-0.03209785247842471, 0.6141351740896417]], [[51.333333333333336], [-0.0063784688245505095, -0.5175879840075114]], [[9.166666666666666], [-0.03209785247842471, 0.6141351740896417]], [[9.666666666666666], [0.0339663897951444, -0.5452829328450289]], [[92.66666666666667], [-0.38606271147727966, 0.5672644627721687]], [[9.333333333333334], [-0.03209785247842471, 0.6141351740896417]], [[9.166666666666666], [0.0339663897951444, -0.5452829328450289]], [[9.0], [0.0339663897951444, -0.5452829328450289]]], "103": [[[9.166666666666666], [0.0339663897951444, -0.5452829328450289]], [[9.166666666666666], [-0.03209785247842471, 0.6141351740896417]], [[316.5], [-0.5056591331958771, -0.4075615172180833]], [[9.166666666666666], [0.0339663897951444, -0.5452829328450289]], [[500.0], [-0.028752470389008522, -0.016358865950809143]], [[33.833333333333336], [-0.00017985091593194133, -0.5381843476204211]], [[24.166666666666668], [0.031420610224207245, -0.5103287656911822]], [[72.0], [-0.033092781280477844, -0.5160366947000677]], [[9.333333333333334], [0.0339663897951444, -0.5452829328450289]], [[9.666666666666666], [-0.03209785247842471, 0.6141351740896417]], [[9.166666666666666], [-0.03209785247842471, 0.6141351740896417]], [[9.166666666666666], [0.0339663897951444, -0.5452829328450289]], [[8.833333333333334], [0.0339663897951444, -0.5452829328450289]], [[37.666666666666664], [0.014564994101723036, -0.5078947786509135]], [[175.33333333333334], [-0.011859255998084944, 0.5064300444137537]], [[67.83333333333333], [-0.010321595861266058, -0.5190981347024726]], [[10.0], [0.0339663897951444, -0.5452829328450289]], [[12.666666666666666], [-0.02512836518387, 0.5063154338079207]], [[82.0], [-0.10161017999053001, 0.5738100651918986]], [[9.166666666666666], [-0.03209785247842471, 0.6141351740896417]]], "101": [[[9.166666666666666], [0.0339663897951444, -0.5452829328450289]], [[9.0], [0.0339663897951444, -0.5452829328450289]], [[9.0], [0.0339663897951444, -0.5452829328450289]], [[86.16666666666667], [-0.03984199836850166, -0.5084357834888987]], [[9.0], [0.0339663897951444, -0.5452829328450289]], [[117.66666666666667], [-0.09642580524086952, -0.5041569400061832]], [[9.0], [0.0339663897951444, -0.5452829328450289]], [[9.166666666666666], [-0.03209785247842471, 0.6141351740896417]], [[208.33333333333334], [-0.03338274545967579, -0.5073684967305672]], [[9.0], [0.0339663897951444, -0.5452829328450289]], [[9.333333333333334], [0.0339663897951444, -0.5452829328450289]], [[90.83333333333333], [-0.084720179438591, -0.5286716673362769]], [[63.666666666666664], [0.01963856164366007, 0.5308416043742422]], [[9.166666666666666], [0.0339663897951444, -0.5452829328450289]], [[36.0], [0.017016208730638027, -0.5186622222644861]], [[9.166666666666666], [-0.03209785247842471, 0.6141351740896417]], [[9.0], [0.0339663897951444, -0.5452829328450289]], [[81.16666666666667], [0.08301290993889174, -0.5352863213091946]], [[65.66666666666667], [0.03840850045283636, 0.5130259471646906]], [[44.5], [0.006442895391955972, -0.5076387852572939]]]}, "environment": "cartpole", "algorithm": "diff", "container": "novelty", "arguments": {"l": 20, "mr": 0.7000000000000001, "cr": 1.1, "ng": 20}}