{"fitness": {"101": [[[9.333333333333334], [-0.03209785247842471, 0.6141351740896417]], [[12.0], [-0.03209785247842471, 0.6141351740896417]], [[9.166666666666666], [0.0339663897951444, -0.5452829328450289]], [[9.166666666666666], [-0.03209785247842471, 0.6141351740896417]], [[9.0], [0.0339663897951444, -0.5452829328450289]], [[38.0], [0.014564994101723036, -0.5078947786509135]], [[9.666666666666666], [0.0339663897951444, -0.5452829328450289]], [[9.166666666666666], [0.0339663897951444, -0.5452829328450289]], [[9.333333333333334], [-0.03209785247842471, 0.6141351740896417]], [[48.333333333333336], [0.014564994101723036, -0.5078947786509135]], [[72.16666666666667], [0.022632946881155174, 0.513028549520593]], [[9.333333333333334], [0.0339663897951444, -0.5452829328450289]], [[9.0], [0.0339663897951444, -0.5452829328450289]], [[73.0], [-0.03658877685666084, -0.5066193390691109]], [[32.0], [0.014564994101723036, -0.5078947786509135]], [[41.666666666666664], [0.0026405757913986845, 0.5274422858890735]], [[302.3333333333333], [-0.10521200795968375, -0.5022539405161114]], [[9.0], [0.0339663897951444, -0.5452829328450289]], [[9.0], [0.0339663897951444, -0.5452829328450289]], [[408.8333333333333], [0.4447575906912486, 0.1929541024865146]], [[9.166666666666666], [-0.03209785247842471, 0.6141351740896417]], [[77.83333333333333], [-0.04356749976674716, -0.5154513072168998]], [[9.166666666666666], [-0.03209785247842471, 0.6141351740896417]], [[102.16666666666667], [0.10122491667668025, 0.5084089043608123]], [[38.166666666666664], [6.562254687499566e-05, 0.5147577615445881]]], "103": [[[9.666666666666666], [0.0339663897951444, -0.5452829328450289]], [[9.0], [0.0339663897951444, -0.5452829328450289]], [[9.333333333333334], [-0.03209785247842471, 0.6141351740896417]], [[9.833333333333334], [-0.03209785247842471, 0.6141351740896417]], [[9.0], [0.0339663897951444, -0.5452829328450289]], [[9.0], [0.0339663897951444, -0.5452829328450289]], [[47.333333333333336], [0.004791793568680684, -0.5076665199544441]], [[9.0], [0.0339663897951444, -0.5452829328450289]], [[31.5], [0.021206570478777092, -0.5170367123407611]], [[51.666666666666664], [-0.014574645708004635, -0.5074815031444057]], [[500.0], [-0.01504791124413411, -0.03304210843509464]], [[103.33333333333333], [0.17222185929616293, -0.527178021994504]], [[218.33333333333334], [-0.04547574246923129, -0.0028856431187518194]], [[10.833333333333334], [0.0339663897951444, -0.5452829328450289]], [[9.333333333333334], [-0.03209785247842471, 0.6141351740896417]], [[9.666666666666666], [0.0339663897951444, -0.5452829328450289]], [[65.66666666666667], [-0.14092502494653067, 0.5145370960235596]], [[98.66666666666667], [-0.21727447708447775, 0.544472067264849]], [[9.0], [0.0339663897951444, -0.5452829328450289]], [[9.833333333333334], [0.0339663897951444, -0.5452829328450289]], [[9.166666666666666], [0.0339663897951444, -0.5452829328450289]], [[9.666666666666666], [0.0339663897951444, -0.5452829328450289]], [[9.333333333333334], [-0.03209785247842471, 0.6141351740896417]], [[33.833333333333336], [0.07566093156735103, -0.6604117639897543]], [[9.333333333333334], [-0.03209785247842471, 0.6141351740896417]]], "102": [[[9.333333333333334], [-0.03209785247842471, 0.6141351740896417]], [[9.666666666666666], [0.0339663897951444, -0.5452829328450289]], [[41.5], [0.014564994101723036, -0.5078947786509135]], [[10.0], [0.0339663897951444, -0.5452829328450289]], [[112.5], [0.007146030354003112, 0.5099473244835886]], [[9.333333333333334], [-0.03209785247842471, 0.6141351740896417]], [[126.5], [-0.08360875149567923, -0.5211381678375901]], [[57.833333333333336], [-0.021260970582564674, -0.5216813472469458]], [[55.0], [-0.00017985091593194133, -0.5381843476204211]], [[138.83333333333334], [0.5002352595329285, -0.47434723833531284]], [[82.83333333333333], [-0.20692002028226852, 0.6101090799678456]], [[160.0], [0.08691597729921341, 0.5035856337638563]], [[350.0], [-0.04604039403299491, 0.5149109797044235]], [[121.66666666666667], [-0.06118897348642349, -0.5136095165635981]], [[9.166666666666666], [-0.03209785247842471, 0.6141351740896417]], [[70.66666666666667], [0.05243064214785894, 0.5047751599521728]], [[163.0], [0.23545208076635998, -0.5102513723396228]], [[9.166666666666666], [-0.03209785247842471, 0.6141351740896417]], [[216.83333333333334], [0.021206570478777092, -0.5170367123407611]], [[60.333333333333336], [-0.006266875813404719, -0.511359619466882]], [[59.166666666666664], [-0.01185103397195538, -0.5092613719867177]], [[9.0], [0.0339663897951444, -0.5452829328450289]], [[124.83333333333333], [-0.15487854679425558, 0.518853014165705]], [[71.83333333333333], [-0.03705531048278014, -0.5062186475575826]], [[9.0], [0.0339663897951444, -0.5452829328450289]]]}, "environment": "cartpole", "algorithm": "diff", "container": "novelty", "arguments": {"l": 25, "mr": 0.8, "cr": 0.9, "ng": 20}}