{"fitness": {"101": [[[9.333333333333334], [-0.03209785247842471, 0.6141351740896417]], [[188.16666666666666], [0.02927444564799468, 0.5105429074980996]], [[84.66666666666667], [0.058337102333704635, -0.5505125274498497]], [[139.0], [-0.028456086292862892, -0.5096751465751794]], [[8.833333333333334], [0.0339663897951444, -0.5452829328450289]], [[38.0], [0.014564994101723036, -0.5078947786509135]], [[9.0], [0.0339663897951444, -0.5452829328450289]], [[53.666666666666664], [0.009620143876721462, 0.5266921657124205]], [[117.33333333333333], [-0.11869911104440689, -0.5024782065569499]], [[248.33333333333334], [0.12525199602047604, -0.5100128468143883]], [[9.166666666666666], [0.0339663897951444, -0.5452829328450289]], [[64.5], [-0.017043695164223514, -0.5252629019426958]], [[9.0], [0.0339663897951444, -0.5452829328450289]], [[9.166666666666666], [0.0339663897951444, -0.5452829328450289]], [[123.66666666666667], [-0.09391056994597118, -0.5191905361613589]], [[20.166666666666668], [0.027988624448577564, -0.5623768106031646]], [[9.333333333333334], [-0.03209785247842471, 0.6141351740896417]], [[31.0], [0.017112543185551964, -0.5084738919609472]], [[41.5], [0.014564994101723036, -0.5078947786509135]], [[9.166666666666666], [0.0339663897951444, -0.5452829328450289]], [[11.333333333333334], [0.030963088696201645, -0.5324452616381303]], [[410.3333333333333], [-0.004579122566307585, 0.0025959324501633077]], [[10.833333333333334], [-0.026165802652637165, 0.5079189484769648]], [[90.83333333333333], [-0.062103159725666046, -0.5045075094300594]], [[163.66666666666666], [-0.20726416260004044, -0.5020386579504424]]], "102": [[[9.333333333333334], [-0.03209785247842471, 0.6141351740896417]], [[19.833333333333332], [0.028904061764478683, -0.568142633118698]], [[9.5], [0.0339663897951444, -0.5452829328450289]], [[9.0], [0.0339663897951444, -0.5452829328450289]], [[52.0], [0.011782341947158178, 0.5148247454725384]], [[9.0], [0.0339663897951444, -0.5452829328450289]], [[70.5], [-0.028584329411387444, -0.5061916614833631]], [[233.5], [-0.0990102750559648, -0.5382498699512208]], [[23.5], [0.02492788868645827, -0.5688035245717428]], [[9.666666666666666], [-0.03209785247842471, 0.6141351740896417]], [[45.333333333333336], [-0.02156881770739953, 0.5469169984593917]], [[51.5], [0.012516428250819445, -0.5253832876397092]], [[183.66666666666666], [-0.008804319271196922, 0.5067305630473999]], [[77.5], [-0.11619910597801208, 0.5211629080430172]], [[264.0], [-0.04542977549135685, 0.6019716913049872]], [[9.833333333333334], [0.0339663897951444, -0.5452829328450289]], [[9.166666666666666], [-0.03209785247842471, 0.6141351740896417]], [[169.16666666666666], [0.10666277259588242, -0.5360837473253314]], [[500.0], [-0.0030252969978998108, -0.007463546701524246]], [[65.0], [-0.01790205171952645, -0.5268549377268011]], [[82.0], [-0.03728935495018959, -0.5049796409584119]], [[61.666666666666664], [-0.018306189837555092, -0.5113283911960548]], [[52.833333333333336], [0.012574292874584597, 0.5316016348925504]], [[31.0], [0.009684343822300434, -0.5011239120264372]], [[9.666666666666666], [0.0339663897951444, -0.5452829328450289]]], "103": [[[44.833333333333336], [0.04411925561726093, -0.5123886195096102]], [[9.166666666666666], [0.0339663897951444, -0.5452829328450289]], [[500.0], [-0.02590817864984274, 0.030887593920721393]], [[9.333333333333334], [0.0339663897951444, -0.5452829328450289]], [[9.0], [0.0339663897951444, -0.5452829328450289]], [[366.1666666666667], [-0.05766466880838077, 0.013659003025820952]], [[83.5], [0.028126336013277374, 0.5171190252144371]], [[71.5], [-0.027931227038304012, -0.5291031593341007]], [[51.166666666666664], [-0.038306384036938354, 0.564607671288212]], [[92.33333333333333], [-0.06569888442754745, -0.5083506187183435]], [[17.833333333333332], [-0.03209785247842471, 0.6141351740896417]], [[74.0], [-0.024867849424481392, -0.5063491931372283]], [[129.16666666666666], [-0.01185103397195538, -0.5092613719867177]], [[41.5], [0.009150662614653509, 0.5169705483331635]], [[9.666666666666666], [-0.03209785247842471, 0.6141351740896417]], [[36.5], [-0.015538021301229795, 0.5199962326784453]], [[53.666666666666664], [0.014650470887621244, 0.5272409776181125]], [[142.33333333333334], [0.3656710684299469, -0.525979761871995]], [[10.0], [-0.03209785247842471, 0.6141351740896417]], [[217.16666666666666], [-0.06107942511638006, -0.5193999010410035]], [[9.833333333333334], [0.0339663897951444, -0.5452829328450289]], [[9.166666666666666], [-0.03209785247842471, 0.6141351740896417]], [[102.66666666666667], [-0.06541647017002106, -0.5056633119377794]], [[71.16666666666667], [0.04431807125608127, -0.5032738144888262]], [[9.333333333333334], [-0.03209785247842471, 0.6141351740896417]]]}, "environment": "cartpole", "algorithm": "diff", "container": "novelty", "arguments": {"l": 25, "mr": 0.7000000000000001, "cr": 1.2000000000000002, "ng": 20}}