{"fitness": {"101": [[[85.83333333333333], [0.14581484099229178, -0.5026982660498915]], [[9.0], [0.0339663897951444, -0.5452829328450289]], [[160.83333333333334], [-0.12174218893051147, -0.5220276744742143]], [[160.83333333333334], [-0.12174218893051147, -0.5220276744742143]], [[160.83333333333334], [-0.12174218893051147, -0.5220276744742143]], [[160.83333333333334], [-0.12174218893051147, -0.5220276744742143]], [[85.83333333333333], [0.14581484099229178, -0.5026982660498915]], [[9.0], [0.0339663897951444, -0.5452829328450289]], [[9.0], [0.0339663897951444, -0.5452829328450289]], [[85.83333333333333], [0.14581484099229178, -0.5026982660498915]], [[160.83333333333334], [-0.12174218893051147, -0.5220276744742143]], [[9.0], [0.0339663897951444, -0.5452829328450289]], [[160.83333333333334], [-0.12174218893051147, -0.5220276744742143]], [[160.83333333333334], [-0.12174218893051147, -0.5220276744742143]], [[160.83333333333334], [-0.12174218893051147, -0.5220276744742143]], [[160.83333333333334], [-0.12174218893051147, -0.5220276744742143]], [[160.83333333333334], [-0.12174218893051147, -0.5220276744742143]], [[9.0], [0.0339663897951444, -0.5452829328450289]], [[160.83333333333334], [-0.12174218893051147, -0.5220276744742143]], [[9.0], [0.0339663897951444, -0.5452829328450289]]], "102": [[[9.666666666666666], [0.0339663897951444, -0.5452829328450289]], [[9.666666666666666], [0.0339663897951444, -0.5452829328450289]], [[9.166666666666666], [-0.03209785247842471, 0.6141351740896417]], [[9.666666666666666], [0.0339663897951444, -0.5452829328450289]], [[9.666666666666666], [0.0339663897951444, -0.5452829328450289]], [[9.666666666666666], [0.0339663897951444, -0.5452829328450289]], [[9.666666666666666], [0.0339663897951444, -0.5452829328450289]], [[9.666666666666666], [0.0339663897951444, -0.5452829328450289]], [[9.666666666666666], [0.0339663897951444, -0.5452829328450289]], [[9.666666666666666], [0.0339663897951444, -0.5452829328450289]], [[9.166666666666666], [-0.03209785247842471, 0.6141351740896417]], [[9.666666666666666], [0.0339663897951444, -0.5452829328450289]], [[9.666666666666666], [0.0339663897951444, -0.5452829328450289]], [[9.666666666666666], [0.0339663897951444, -0.5452829328450289]], [[9.666666666666666], [0.0339663897951444, -0.5452829328450289]], [[9.666666666666666], [0.0339663897951444, -0.5452829328450289]], [[9.666666666666666], [0.0339663897951444, -0.5452829328450289]], [[9.666666666666666], [0.0339663897951444, -0.5452829328450289]], [[9.666666666666666], [0.0339663897951444, -0.5452829328450289]], [[9.666666666666666], [0.0339663897951444, -0.5452829328450289]]], "103": [[[41.166666666666664], [0.006711264917006096, 0.5248513732230264]], [[41.166666666666664], [0.006711264917006096, 0.5248513732230264]], [[41.166666666666664], [0.006711264917006096, 0.5248513732230264]], [[133.83333333333334], [-0.10707002133131027, 0.5057569254528392]], [[70.83333333333333], [-0.020097213176389538, -0.5196896537639308]], [[41.166666666666664], [0.006711264917006096, 0.5248513732230264]], [[133.83333333333334], [-0.10707002133131027, 0.5057569254528392]], [[70.83333333333333], [-0.020097213176389538, -0.5196896537639308]], [[70.83333333333333], [-0.020097213176389538, -0.5196896537639308]], [[70.83333333333333], [-0.020097213176389538, -0.5196896537639308]], [[70.83333333333333], [-0.020097213176389538, -0.5196896537639308]], [[70.83333333333333], [-0.020097213176389538, -0.5196896537639308]], [[70.83333333333333], [-0.020097213176389538, -0.5196896537639308]], [[70.83333333333333], [-0.020097213176389538, -0.5196896537639308]], [[70.83333333333333], [-0.020097213176389538, -0.5196896537639308]], [[41.166666666666664], [0.006711264917006096, 0.5248513732230264]], [[41.166666666666664], [0.006711264917006096, 0.5248513732230264]], [[41.166666666666664], [0.006711264917006096, 0.5248513732230264]], [[41.166666666666664], [0.006711264917006096, 0.5248513732230264]], [[41.166666666666664], [0.006711264917006096, 0.5248513732230264]]]}, "environment": "cartpole", "algorithm": "diff", "container": "novelty_archiving", "arguments": {"l": 20, "mr": 0.6000000000000001, "cr": 0.8, "archiving_period": 3, "archive_batch": 3, "ng": 20}}