,cr,l,m,mr
add_novelty,0.0,15,0,0.0
sub_novelty,0.09999999999999998,0,-15,0.04999999999999999
