{"103": [[[487.2], [0.3360507388909658, 0.029238945755519365]], [[375.5], [0.16536346326271695, 0.2721548436931446]], [[235.4], [0.14459174126386642, 0.5104793814951153]], [[117.7], [-0.2659804622332255, 0.5183778524969184]], [[487.2], [0.3360507388909658, 0.029238945755519365]], [[487.2], [0.3360507388909658, 0.029238945755519365]], [[375.5], [0.16536346326271695, 0.2721548436931446]], [[500.0], [-0.00823923076192538, 0.10092142060327758]], [[117.7], [-0.2659804622332255, 0.5183778524969184]], [[500.0], [-0.00823923076192538, 0.10092142060327758]], [[423.4], [0.31920842826366425, 0.511151537940833]], [[423.4], [0.31920842826366425, 0.511151537940833]], [[487.2], [0.3360507388909658, 0.029238945755519365]], [[500.0], [-0.00823923076192538, 0.10092142060327758]], [[500.0], [-0.00823923076192538, 0.10092142060327758]], [[487.2], [0.3360507388909658, 0.029238945755519365]], [[500.0], [-0.00823923076192538, 0.10092142060327758]], [[18.9], [-0.01967454173912605, 0.5207513793233479]], [[85.2], [0.04711142120261987, 0.5035555462517807]], [[500.0], [0.005788559016461174, 0.0024111846764906172]], [[457.0], [0.5015884339809418, 0.11971331776329205]], [[182.3], [0.15425768991311392, 0.5010620258641585]], [[18.9], [-0.01967454173912605, 0.5207513793233479]], [[487.2], [0.3360507388909658, 0.029238945755519365]], [[423.4], [0.31920842826366425, 0.511151537940833]], [[487.2], [0.3360507388909658, 0.029238945755519365]], [[117.7], [-0.2659804622332255, 0.5183778524969184]], [[423.4], [0.31920842826366425, 0.511151537940833]], [[161.6], [-0.08786808078487715, 0.5048728374202857]], [[500.0], [-0.00823923076192538, 0.10092142060327758]]], "102": [[[500.0], [0.04974609551330408, -1.6964842749101724e-05]], [[500.0], [0.04974609551330408, -1.6964842749101724e-05]], [[500.0], [0.04974609551330408, -1.6964842749101724e-05]], [[500.0], [0.04974609551330408, -1.6964842749101724e-05]], [[500.0], [0.04974609551330408, -1.6964842749101724e-05]], [[500.0], [0.04974609551330408, -1.6964842749101724e-05]], [[500.0], [0.04974609551330408, -1.6964842749101724e-05]], [[500.0], [0.04974609551330408, -1.6964842749101724e-05]], [[500.0], [0.04974609551330408, -1.6964842749101724e-05]], [[500.0], [0.04974609551330408, -1.6964842749101724e-05]], [[500.0], [0.04974609551330408, -1.6964842749101724e-05]], [[500.0], [0.04974609551330408, -1.6964842749101724e-05]], [[500.0], [0.04974609551330408, -1.6964842749101724e-05]], [[500.0], [0.04974609551330408, -1.6964842749101724e-05]], [[500.0], [0.04974609551330408, -1.6964842749101724e-05]], [[500.0], [0.04974609551330408, -1.6964842749101724e-05]], [[500.0], [0.04974609551330408, -1.6964842749101724e-05]], [[500.0], [0.04974609551330408, -1.6964842749101724e-05]], [[500.0], [0.04974609551330408, -1.6964842749101724e-05]], [[500.0], [0.005779522859180967, 0.004649320483635488]], [[95.0], [0.0524106373389562, 0.5033191952979166]], [[500.0], [0.04974609551330408, -1.6964842749101724e-05]], [[220.8], [-0.5088872214158376, 0.44148454540654236]], [[500.0], [0.04974609551330408, -1.6964842749101724e-05]], [[500.0], [0.04974609551330408, -1.6964842749101724e-05]], [[500.0], [0.04974609551330408, -1.6964842749101724e-05]], [[500.0], [0.04974609551330408, -1.6964842749101724e-05]], [[500.0], [0.04974609551330408, -1.6964842749101724e-05]], [[500.0], [0.005779522859180967, 0.004649320483635488]], [[500.0], [0.04974609551330408, -1.6964842749101724e-05]]], "101": [[[500.0], [-0.015580537728965282, 0.04111015589898853]], [[336.4], [-0.12697589894135794, 0.5317989861565914]], [[500.0], [-0.015580537728965282, 0.04111015589898853]], [[500.0], [-0.015580537728965282, 0.04111015589898853]], [[81.1], [0.05961493899424871, -0.5036316206010335]], [[194.6], [0.10935590912898382, 0.5091800572769494]], [[500.0], [-0.015580537728965282, 0.04111015589898853]], [[500.0], [-0.015580537728965282, 0.04111015589898853]], [[308.5], [0.06387862687309584, -0.5025685760393097]], [[85.8], [0.04899033966163795, 0.5086209428937812]], [[500.0], [-0.015580537728965282, 0.04111015589898853]], [[500.0], [-0.015580537728965282, 0.04111015589898853]], [[500.0], [-0.015580537728965282, 0.04111015589898853]], [[500.0], [-0.015580537728965282, 0.04111015589898853]], [[40.2], [-0.004933252542590102, 0.5424616938572752]], [[500.0], [-0.015580537728965282, 0.04111015589898853]], [[500.0], [-0.015580537728965282, 0.04111015589898853]], [[500.0], [-0.015580537728965282, 0.04111015589898853]], [[500.0], [-0.015580537728965282, 0.04111015589898853]], [[500.0], [-0.015580537728965282, 0.04111015589898853]], [[500.0], [-0.015580537728965282, 0.04111015589898853]], [[500.0], [-0.015580537728965282, 0.04111015589898853]], [[500.0], [-0.015580537728965282, 0.04111015589898853]], [[500.0], [-0.015580537728965282, 0.04111015589898853]], [[500.0], [-0.015580537728965282, 0.04111015589898853]], [[500.0], [-0.015580537728965282, 0.04111015589898853]], [[194.6], [0.10935590912898382, 0.5091800572769494]], [[500.0], [-0.015580537728965282, 0.04111015589898853]], [[500.0], [-0.015580537728965282, 0.04111015589898853]], [[500.0], [-0.015580537728965282, 0.04111015589898853]]]}