{"102": [[[500.0], [-0.02144099989285072, 0.06985421956441049]], [[500.0], [-0.02144099989285072, 0.06985421956441049]], [[500.0], [-0.02144099989285072, 0.06985421956441049]], [[500.0], [-0.02144099989285072, 0.06985421956441049]], [[500.0], [-0.02144099989285072, 0.06985421956441049]], [[500.0], [-0.02144099989285072, 0.06985421956441049]], [[500.0], [-0.02144099989285072, 0.06985421956441049]], [[500.0], [-0.02144099989285072, 0.06985421956441049]], [[500.0], [-0.02144099989285072, 0.06985421956441049]], [[500.0], [-0.02144099989285072, 0.06985421956441049]], [[500.0], [-0.02144099989285072, 0.06985421956441049]], [[500.0], [-0.02144099989285072, 0.06985421956441049]], [[500.0], [-0.02144099989285072, 0.06985421956441049]], [[500.0], [-0.02144099989285072, 0.06985421956441049]], [[500.0], [-0.02144099989285072, 0.06985421956441049]], [[500.0], [-0.02144099989285072, 0.06985421956441049]], [[500.0], [-0.02144099989285072, 0.06985421956441049]], [[500.0], [-0.02144099989285072, 0.06985421956441049]], [[500.0], [-0.02144099989285072, 0.06985421956441049]], [[500.0], [-0.02144099989285072, 0.06985421956441049]], [[500.0], [-0.02144099989285072, 0.06985421956441049]], [[500.0], [-0.02144099989285072, 0.06985421956441049]], [[500.0], [-0.02144099989285072, 0.06985421956441049]], [[500.0], [-0.02144099989285072, 0.06985421956441049]], [[500.0], [-0.02144099989285072, 0.06985421956441049]], [[500.0], [-0.02144099989285072, 0.06985421956441049]], [[500.0], [-0.02144099989285072, 0.06985421956441049]], [[500.0], [-0.02144099989285072, 0.06985421956441049]], [[500.0], [-0.02144099989285072, 0.06985421956441049]], [[500.0], [-0.02144099989285072, 0.06985421956441049]]], "103": [[[500.0], [5.280796661584949e-05, -0.00030349575358545454]], [[500.0], [5.280796661584949e-05, -0.00030349575358545454]], [[381.3333333333333], [3.494573320494965e-05, 0.004072549683821687]], [[381.3333333333333], [3.494573320494965e-05, 0.004072549683821687]], [[500.0], [5.280796661584949e-05, -0.00030349575358545454]], [[381.3333333333333], [3.494573320494965e-05, 0.004072549683821687]], [[500.0], [5.280796661584949e-05, -0.00030349575358545454]], [[500.0], [5.280796661584949e-05, -0.00030349575358545454]], [[381.3333333333333], [3.494573320494965e-05, 0.004072549683821687]], [[500.0], [5.280796661584949e-05, -0.00030349575358545454]], [[381.3333333333333], [3.494573320494965e-05, 0.004072549683821687]], [[381.3333333333333], [3.494573320494965e-05, 0.004072549683821687]], [[381.3333333333333], [3.494573320494965e-05, 0.004072549683821687]], [[381.3333333333333], [3.494573320494965e-05, 0.004072549683821687]], [[381.3333333333333], [3.494573320494965e-05, 0.004072549683821687]], [[381.3333333333333], [3.494573320494965e-05, 0.004072549683821687]], [[381.3333333333333], [3.494573320494965e-05, 0.004072549683821687]], [[500.0], [5.280796661584949e-05, -0.00030349575358545454]], [[381.3333333333333], [3.494573320494965e-05, 0.004072549683821687]], [[500.0], [5.280796661584949e-05, -0.00030349575358545454]], [[381.3333333333333], [3.494573320494965e-05, 0.004072549683821687]], [[381.3333333333333], [3.494573320494965e-05, 0.004072549683821687]], [[381.3333333333333], [3.494573320494965e-05, 0.004072549683821687]], [[381.3333333333333], [3.494573320494965e-05, 0.004072549683821687]], [[381.3333333333333], [3.494573320494965e-05, 0.004072549683821687]], [[381.3333333333333], [3.494573320494965e-05, 0.004072549683821687]], [[500.0], [5.280796661584949e-05, -0.00030349575358545454]], [[381.3333333333333], [3.494573320494965e-05, 0.004072549683821687]], [[381.3333333333333], [3.494573320494965e-05, 0.004072549683821687]], [[381.3333333333333], [3.494573320494965e-05, 0.004072549683821687]]], "101": [[[500.0], [0.027173000077406567, 0.03956448126352575]], [[500.0], [0.07556347797314326, -0.31932999500247283]], [[500.0], [0.027173000077406567, 0.03956448126352575]], [[500.0], [0.007918333479513725, -0.07348499176177112]], [[500.0], [0.027173000077406567, 0.03956448126352575]], [[500.0], [0.027173000077406567, 0.03956448126352575]], [[500.0], [0.027173000077406567, 0.03956448126352575]], [[500.0], [0.027173000077406567, 0.03956448126352575]], [[500.0], [0.027173000077406567, 0.03956448126352575]], [[500.0], [0.027173000077406567, 0.03956448126352575]], [[500.0], [0.027173000077406567, 0.03956448126352575]], [[500.0], [0.027173000077406567, 0.03956448126352575]], [[500.0], [0.027173000077406567, 0.03956448126352575]], [[500.0], [0.027173000077406567, 0.03956448126352575]], [[500.0], [0.07556347797314326, -0.31932999500247283]], [[500.0], [0.027173000077406567, 0.03956448126352575]], [[500.0], [0.027173000077406567, 0.03956448126352575]], [[500.0], [0.027173000077406567, 0.03956448126352575]], [[500.0], [0.027173000077406567, 0.03956448126352575]], [[500.0], [0.027173000077406567, 0.03956448126352575]], [[500.0], [0.027173000077406567, 0.03956448126352575]], [[500.0], [0.027173000077406567, 0.03956448126352575]], [[500.0], [0.007918333479513725, -0.07348499176177112]], [[500.0], [0.027173000077406567, 0.03956448126352575]], [[500.0], [0.027173000077406567, 0.03956448126352575]], [[500.0], [0.027173000077406567, 0.03956448126352575]], [[500.0], [0.027173000077406567, 0.03956448126352575]], [[500.0], [0.027173000077406567, 0.03956448126352575]], [[500.0], [0.027173000077406567, 0.03956448126352575]], [[500.0], [0.027173000077406567, 0.03956448126352575]]]}