{"103": [[[417.9], [0.13764016330242157, 0.000548381579797002]], [[417.9], [0.13764016330242157, 0.000548381579797002]], [[417.9], [0.13764016330242157, 0.000548381579797002]], [[417.9], [0.13764016330242157, 0.000548381579797002]], [[417.9], [0.13764016330242157, 0.000548381579797002]], [[417.9], [0.13764016330242157, 0.000548381579797002]], [[417.9], [0.13764016330242157, 0.000548381579797002]], [[417.9], [0.13764016330242157, 0.000548381579797002]], [[417.9], [0.13764016330242157, 0.000548381579797002]], [[417.9], [0.13764016330242157, 0.000548381579797002]], [[417.9], [0.13764016330242157, 0.000548381579797002]], [[417.9], [0.13764016330242157, 0.000548381579797002]], [[417.9], [0.13764016330242157, 0.000548381579797002]], [[417.9], [0.13764016330242157, 0.000548381579797002]], [[417.9], [0.13764016330242157, 0.000548381579797002]], [[417.9], [0.13764016330242157, 0.000548381579797002]], [[417.9], [0.13764016330242157, 0.000548381579797002]], [[500.0], [0.01186879739786188, -0.002308778601818892]], [[417.9], [0.13764016330242157, 0.000548381579797002]], [[50.7], [0.016569020226597786, 0.5095391823914633]], [[417.9], [0.13764016330242157, 0.000548381579797002]], [[417.9], [0.13764016330242157, 0.000548381579797002]], [[417.9], [0.13764016330242157, 0.000548381579797002]], [[417.9], [0.13764016330242157, 0.000548381579797002]], [[417.9], [0.13764016330242157, 0.000548381579797002]], [[417.9], [0.13764016330242157, 0.000548381579797002]], [[417.9], [0.13764016330242157, 0.000548381579797002]], [[417.9], [0.13764016330242157, 0.000548381579797002]], [[417.9], [0.13764016330242157, 0.000548381579797002]], [[417.9], [0.13764016330242157, 0.000548381579797002]]], "101": [[[500.0], [0.08757747088869414, 0.013912169031050216]], [[500.0], [0.08757747088869414, 0.013912169031050216]], [[500.0], [0.08757747088869414, 0.013912169031050216]], [[500.0], [0.08757747088869414, 0.013912169031050216]], [[500.0], [0.08757747088869414, 0.013912169031050216]], [[500.0], [0.08757747088869414, 0.013912169031050216]], [[500.0], [0.08757747088869414, 0.013912169031050216]], [[500.0], [0.0027513787305603428, 0.0039443758574791215]], [[500.0], [0.08757747088869414, 0.013912169031050216]], [[500.0], [0.08757747088869414, 0.013912169031050216]], [[500.0], [0.08757747088869414, 0.013912169031050216]], [[500.0], [0.08757747088869414, 0.013912169031050216]], [[500.0], [0.08757747088869414, 0.013912169031050216]], [[500.0], [0.08757747088869414, 0.013912169031050216]], [[500.0], [0.08757747088869414, 0.013912169031050216]], [[500.0], [0.08757747088869414, 0.013912169031050216]], [[500.0], [0.08757747088869414, 0.013912169031050216]], [[500.0], [0.08757747088869414, 0.013912169031050216]], [[500.0], [0.08757747088869414, 0.013912169031050216]], [[500.0], [0.08757747088869414, 0.013912169031050216]], [[500.0], [0.08757747088869414, 0.013912169031050216]], [[500.0], [0.08757747088869414, 0.013912169031050216]], [[500.0], [0.08757747088869414, 0.013912169031050216]], [[500.0], [0.08757747088869414, 0.013912169031050216]], [[500.0], [0.08757747088869414, 0.013912169031050216]], [[500.0], [0.08757747088869414, 0.013912169031050216]], [[500.0], [0.08757747088869414, 0.013912169031050216]], [[500.0], [0.08757747088869414, 0.013912169031050216]], [[500.0], [0.08757747088869414, 0.013912169031050216]], [[500.0], [0.08757747088869414, 0.013912169031050216]]], "102": [[[493.6], [0.10863799601793289, 0.05336615154475117]], [[493.6], [0.10863799601793289, 0.05336615154475117]], [[493.6], [0.10863799601793289, 0.05336615154475117]], [[493.6], [0.10863799601793289, 0.05336615154475117]], [[493.6], [0.10863799601793289, 0.05336615154475117]], [[493.6], [0.10863799601793289, 0.05336615154475117]], [[493.6], [0.10863799601793289, 0.05336615154475117]], [[493.6], [0.10863799601793289, 0.05336615154475117]], [[493.6], [0.10863799601793289, 0.05336615154475117]], [[493.6], [0.10863799601793289, 0.05336615154475117]], [[493.6], [0.10863799601793289, 0.05336615154475117]], [[493.6], [0.10863799601793289, 0.05336615154475117]], [[493.6], [0.10863799601793289, 0.05336615154475117]], [[493.6], [0.10863799601793289, 0.05336615154475117]], [[493.6], [0.10863799601793289, 0.05336615154475117]], [[493.6], [0.10863799601793289, 0.05336615154475117]], [[493.6], [0.10863799601793289, 0.05336615154475117]], [[493.6], [0.10863799601793289, 0.05336615154475117]], [[493.6], [0.10863799601793289, 0.05336615154475117]], [[493.6], [0.10863799601793289, 0.05336615154475117]], [[493.6], [0.10863799601793289, 0.05336615154475117]], [[493.6], [0.10863799601793289, 0.05336615154475117]], [[493.6], [0.10863799601793289, 0.05336615154475117]], [[493.6], [0.10863799601793289, 0.05336615154475117]], [[493.6], [0.10863799601793289, 0.05336615154475117]], [[493.6], [0.10863799601793289, 0.05336615154475117]], [[493.6], [0.10863799601793289, 0.05336615154475117]], [[493.6], [0.10863799601793289, 0.05336615154475117]], [[493.6], [0.10863799601793289, 0.05336615154475117]], [[493.6], [0.10863799601793289, 0.05336615154475117]]]}