{"102": [[[500.0], [0.10730249186356863, 0.007817725557388302]], [[80.0], [0.04517718218266964, 0.5209239547332508]], [[500.0], [0.10730249186356863, 0.007817725557388302]], [[500.0], [0.10730249186356863, 0.007817725557388302]], [[500.0], [0.10730249186356863, 0.007817725557388302]], [[500.0], [0.10730249186356863, 0.007817725557388302]], [[500.0], [0.10730249186356863, 0.007817725557388302]], [[500.0], [0.10730249186356863, 0.007817725557388302]], [[500.0], [0.10730249186356863, 0.007817725557388302]], [[235.9], [0.007320890824000041, -0.0019178766997878633]], [[500.0], [0.10730249186356863, 0.007817725557388302]], [[500.0], [0.10730249186356863, 0.007817725557388302]], [[500.0], [0.10730249186356863, 0.007817725557388302]], [[500.0], [0.10730249186356863, 0.007817725557388302]], [[500.0], [0.10730249186356863, 0.007817725557388302]], [[9.6], [0.03666744567453861, -0.5957981901305714]], [[500.0], [0.10730249186356863, 0.007817725557388302]], [[500.0], [0.10730249186356863, 0.007817725557388302]], [[500.0], [0.10730249186356863, 0.007817725557388302]], [[235.9], [0.007320890824000041, -0.0019178766997878633]], [[500.0], [0.10730249186356863, 0.007817725557388302]], [[500.0], [0.10730249186356863, 0.007817725557388302]], [[500.0], [0.10730249186356863, 0.007817725557388302]], [[500.0], [0.10730249186356863, 0.007817725557388302]], [[500.0], [0.10730249186356863, 0.007817725557388302]], [[500.0], [0.10730249186356863, 0.007817725557388302]], [[500.0], [0.10730249186356863, 0.007817725557388302]], [[500.0], [0.10730249186356863, 0.007817725557388302]], [[500.0], [0.10730249186356863, 0.007817725557388302]], [[20.8], [-0.023284124520917736, 0.5784551991800372]]], "101": [[[500.0], [0.007221737566093604, 0.023225213191583396]], [[500.0], [0.007221737566093604, 0.023225213191583396]], [[85.1], [0.02406806219369173, 0.5161636397599033]], [[500.0], [0.007221737566093604, 0.023225213191583396]], [[500.0], [0.007221737566093604, 0.023225213191583396]], [[500.0], [0.007221737566093604, 0.023225213191583396]], [[500.0], [0.007221737566093604, 0.023225213191583396]], [[500.0], [0.007221737566093604, 0.023225213191583396]], [[500.0], [0.007221737566093604, 0.023225213191583396]], [[500.0], [0.007221737566093604, 0.023225213191583396]], [[500.0], [0.007221737566093604, 0.023225213191583396]], [[500.0], [0.007221737566093604, 0.023225213191583396]], [[500.0], [0.007221737566093604, 0.023225213191583396]], [[500.0], [0.007221737566093604, 0.023225213191583396]], [[500.0], [0.007221737566093604, 0.023225213191583396]], [[500.0], [0.007221737566093604, 0.023225213191583396]], [[500.0], [0.007221737566093604, 0.023225213191583396]], [[500.0], [0.007221737566093604, 0.023225213191583396]], [[500.0], [0.007221737566093604, 0.023225213191583396]], [[500.0], [0.007221737566093604, 0.023225213191583396]], [[500.0], [0.007221737566093604, 0.023225213191583396]], [[500.0], [0.007221737566093604, 0.023225213191583396]], [[500.0], [0.007221737566093604, 0.023225213191583396]], [[500.0], [0.007221737566093604, 0.023225213191583396]], [[500.0], [0.007221737566093604, 0.023225213191583396]], [[409.4], [-0.34880382319291436, 2.85115274717657e-05]], [[149.0], [-0.008704309196521839, -0.5082167221598648]], [[500.0], [0.007221737566093604, 0.023225213191583396]], [[500.0], [0.007221737566093604, 0.023225213191583396]], [[500.0], [0.007221737566093604, 0.023225213191583396]]], "103": [[[500.0], [0.2755530426899592, -0.0016776081475398045]], [[500.0], [0.2755530426899592, -0.0016776081475398045]], [[500.0], [0.2755530426899592, -0.0016776081475398045]], [[500.0], [0.2755530426899592, -0.0016776081475398045]], [[500.0], [0.2755530426899592, -0.0016776081475398045]], [[500.0], [0.2755530426899592, -0.0016776081475398045]], [[500.0], [0.2755530426899592, -0.0016776081475398045]], [[500.0], [0.2755530426899592, -0.0016776081475398045]], [[500.0], [0.2755530426899592, -0.0016776081475398045]], [[9.4], [-0.02940102480351925, 0.5648723273186023]], [[500.0], [0.2755530426899592, -0.0016776081475398045]], [[459.6], [0.10591398924589157, -0.024573922014692755]], [[500.0], [0.2755530426899592, -0.0016776081475398045]], [[459.6], [0.10591398924589157, -0.024573922014692755]], [[500.0], [0.2755530426899592, -0.0016776081475398045]], [[500.0], [0.2755530426899592, -0.0016776081475398045]], [[500.0], [0.2755530426899592, -0.0016776081475398045]], [[500.0], [0.2755530426899592, -0.0016776081475398045]], [[500.0], [0.2755530426899592, -0.0016776081475398045]], [[9.4], [-0.02940102480351925, 0.5648723273186023]], [[459.6], [0.10591398924589157, -0.024573922014692755]], [[500.0], [0.2755530426899592, -0.0016776081475398045]], [[500.0], [0.2755530426899592, -0.0016776081475398045]], [[500.0], [0.2755530426899592, -0.0016776081475398045]], [[500.0], [0.2755530426899592, -0.0016776081475398045]], [[500.0], [0.2755530426899592, -0.0016776081475398045]], [[500.0], [0.2755530426899592, -0.0016776081475398045]], [[500.0], [0.2755530426899592, -0.0016776081475398045]], [[500.0], [0.2755530426899592, -0.0016776081475398045]], [[500.0], [0.2755530426899592, -0.0016776081475398045]]]}