{"102": [[[496.3], [0.10425671935081482, 0.01148572837728918]], [[496.3], [0.10425671935081482, 0.01148572837728918]], [[496.3], [0.10425671935081482, 0.01148572837728918]], [[496.3], [0.10425671935081482, 0.01148572837728918]], [[496.3], [0.10425671935081482, 0.01148572837728918]], [[496.3], [0.10425671935081482, 0.01148572837728918]], [[496.3], [0.10425671935081482, 0.01148572837728918]], [[496.3], [0.10425671935081482, 0.01148572837728918]], [[496.3], [0.10425671935081482, 0.01148572837728918]], [[496.3], [0.10425671935081482, 0.01148572837728918]], [[496.3], [0.10425671935081482, 0.01148572837728918]], [[496.3], [0.10425671935081482, 0.01148572837728918]], [[496.3], [0.10425671935081482, 0.01148572837728918]], [[496.3], [0.10425671935081482, 0.01148572837728918]], [[496.3], [0.10425671935081482, 0.01148572837728918]], [[496.3], [0.10425671935081482, 0.01148572837728918]], [[496.3], [0.10425671935081482, 0.01148572837728918]], [[496.3], [0.10425671935081482, 0.01148572837728918]], [[496.3], [0.10425671935081482, 0.01148572837728918]], [[496.3], [0.10425671935081482, 0.01148572837728918]], [[496.3], [0.10425671935081482, 0.01148572837728918]], [[496.3], [0.10425671935081482, 0.01148572837728918]], [[496.3], [0.10425671935081482, 0.01148572837728918]], [[496.3], [0.10425671935081482, 0.01148572837728918]], [[496.3], [0.10425671935081482, 0.01148572837728918]], [[496.3], [0.10425671935081482, 0.01148572837728918]], [[496.3], [0.10425671935081482, 0.01148572837728918]], [[496.3], [0.10425671935081482, 0.01148572837728918]], [[496.3], [0.10425671935081482, 0.01148572837728918]], [[496.3], [0.10425671935081482, 0.01148572837728918]]], "103": [[[500.0], [0.007287355450292429, 0.006584399914520494]], [[500.0], [0.007287355450292429, 0.006584399914520494]], [[358.7], [0.012454967945814133, -0.1506220781061638]], [[500.0], [0.007287355450292429, 0.006584399914520494]], [[500.0], [0.007287355450292429, 0.006584399914520494]], [[500.0], [0.007287355450292429, 0.006584399914520494]], [[500.0], [0.007287355450292429, 0.006584399914520494]], [[500.0], [0.007287355450292429, 0.006584399914520494]], [[500.0], [0.007287355450292429, 0.006584399914520494]], [[500.0], [0.007287355450292429, 0.006584399914520494]], [[500.0], [0.007287355450292429, 0.006584399914520494]], [[500.0], [0.007287355450292429, 0.006584399914520494]], [[500.0], [0.007287355450292429, 0.006584399914520494]], [[500.0], [0.007287355450292429, 0.006584399914520494]], [[500.0], [0.007287355450292429, 0.006584399914520494]], [[358.7], [0.012454967945814133, -0.1506220781061638]], [[500.0], [0.007287355450292429, 0.006584399914520494]], [[500.0], [0.007287355450292429, 0.006584399914520494]], [[500.0], [0.007287355450292429, 0.006584399914520494]], [[500.0], [0.007287355450292429, 0.006584399914520494]], [[500.0], [0.007287355450292429, 0.006584399914520494]], [[500.0], [0.007287355450292429, 0.006584399914520494]], [[500.0], [0.007287355450292429, 0.006584399914520494]], [[500.0], [0.007287355450292429, 0.006584399914520494]], [[500.0], [0.007287355450292429, 0.006584399914520494]], [[500.0], [0.007287355450292429, 0.006584399914520494]], [[500.0], [0.007287355450292429, 0.006584399914520494]], [[500.0], [0.007287355450292429, 0.006584399914520494]], [[500.0], [0.007287355450292429, 0.006584399914520494]], [[500.0], [0.007287355450292429, 0.006584399914520494]]], "101": [[[500.0], [0.007327130685249965, -0.00349972725725559]], [[500.0], [0.007327130685249965, -0.00349972725725559]], [[500.0], [0.007327130685249965, -0.00349972725725559]], [[500.0], [0.007327130685249965, -0.00349972725725559]], [[500.0], [0.007327130685249965, -0.00349972725725559]], [[500.0], [0.007327130685249965, -0.00349972725725559]], [[500.0], [0.007327130685249965, -0.00349972725725559]], [[500.0], [0.007327130685249965, -0.00349972725725559]], [[500.0], [0.007327130685249965, -0.00349972725725559]], [[500.0], [0.007327130685249965, -0.00349972725725559]], [[500.0], [0.007327130685249965, -0.00349972725725559]], [[500.0], [0.007327130685249965, -0.00349972725725559]], [[500.0], [0.007327130685249965, -0.00349972725725559]], [[500.0], [0.007327130685249965, -0.00349972725725559]], [[500.0], [0.007327130685249965, -0.00349972725725559]], [[500.0], [0.007327130685249965, -0.00349972725725559]], [[500.0], [0.007327130685249965, -0.00349972725725559]], [[500.0], [0.007327130685249965, -0.00349972725725559]], [[500.0], [0.007327130685249965, -0.00349972725725559]], [[500.0], [0.007327130685249965, -0.00349972725725559]], [[500.0], [0.007327130685249965, -0.00349972725725559]], [[500.0], [0.007327130685249965, -0.00349972725725559]], [[500.0], [0.007327130685249965, -0.00349972725725559]], [[500.0], [0.007327130685249965, -0.00349972725725559]], [[500.0], [0.007327130685249965, -0.00349972725725559]], [[500.0], [0.007327130685249965, -0.00349972725725559]], [[500.0], [0.007327130685249965, -0.00349972725725559]], [[500.0], [0.007327130685249965, -0.00349972725725559]], [[500.0], [0.007327130685249965, -0.00349972725725559]], [[500.0], [0.007327130685249965, -0.00349972725725559]]]}