{"101": [[[500.0], [0.07703357686599097, -0.0023681288317701464]], [[500.0], [0.03303724961976211, 0.009831486706528367]], [[500.0], [0.03303724961976211, 0.009831486706528367]], [[500.0], [0.03303724961976211, 0.009831486706528367]], [[500.0], [0.07703357686599097, -0.0023681288317701464]], [[500.0], [0.0012506744436298809, 0.00026205750393935227]], [[500.0], [0.03303724961976211, 0.009831486706528367]], [[97.4], [-0.12822389602661133, 0.5023243823690278]], [[500.0], [0.03303724961976211, 0.009831486706528367]], [[500.0], [0.03303724961976211, 0.009831486706528367]], [[500.0], [0.07703357686599097, -0.0023681288317701464]], [[500.0], [0.03303724961976211, 0.009831486706528367]], [[500.0], [0.07703357686599097, -0.0023681288317701464]], [[500.0], [0.07703357686599097, -0.0023681288317701464]], [[500.0], [0.07703357686599097, -0.0023681288317701464]], [[500.0], [0.03303724961976211, 0.009831486706528367]], [[16.3], [0.03057920994857947, -0.5419642160954088]], [[500.0], [0.07703357686599097, -0.0023681288317701464]], [[500.0], [0.03303724961976211, 0.009831486706528367]], [[500.0], [0.07703357686599097, -0.0023681288317701464]], [[500.0], [0.03303724961976211, 0.009831486706528367]], [[130.1], [-0.4589652518431346, 0.5209032071834546]], [[500.0], [0.03303724961976211, 0.009831486706528367]], [[500.0], [0.03303724961976211, 0.009831486706528367]], [[500.0], [0.03303724961976211, 0.009831486706528367]], [[111.8], [0.14394868165254593, -0.5288441714487578]], [[500.0], [0.03303724961976211, 0.009831486706528367]], [[500.0], [0.03303724961976211, 0.009831486706528367]], [[500.0], [0.03303724961976211, 0.009831486706528367]], [[500.0], [0.03303724961976211, 0.009831486706528367]]], "102": [[[500.0], [0.026956911509235702, 0.014518004392037553]], [[500.0], [0.026956911509235702, 0.014518004392037553]], [[500.0], [0.026956911509235702, 0.014518004392037553]], [[500.0], [0.026956911509235702, 0.014518004392037553]], [[500.0], [0.026956911509235702, 0.014518004392037553]], [[500.0], [0.026956911509235702, 0.014518004392037553]], [[500.0], [0.026956911509235702, 0.014518004392037553]], [[500.0], [0.014894939959049225, -0.0011013495890673196]], [[500.0], [0.026956911509235702, 0.014518004392037553]], [[287.8], [0.12831635773181915, 0.5345195175357983]], [[500.0], [0.026956911509235702, 0.014518004392037553]], [[500.0], [0.026956911509235702, 0.014518004392037553]], [[500.0], [0.026956911509235702, 0.014518004392037553]], [[500.0], [0.026956911509235702, 0.014518004392037553]], [[500.0], [0.014894939959049225, -0.0011013495890673196]], [[500.0], [0.026956911509235702, 0.014518004392037553]], [[500.0], [0.026956911509235702, 0.014518004392037553]], [[500.0], [0.026956911509235702, 0.014518004392037553]], [[500.0], [0.026956911509235702, 0.014518004392037553]], [[500.0], [0.026956911509235702, 0.014518004392037553]], [[500.0], [0.026956911509235702, 0.014518004392037553]], [[269.9], [0.005847197414065401, -0.01249831441665095]], [[124.0], [0.1122116670012474, 0.5169775711292285]], [[500.0], [0.026956911509235702, 0.014518004392037553]], [[500.0], [0.026956911509235702, 0.014518004392037553]], [[500.0], [0.026956911509235702, 0.014518004392037553]], [[124.0], [0.1122116670012474, 0.5169775711292285]], [[500.0], [0.014894939959049225, -0.0011013495890673196]], [[500.0], [0.026956911509235702, 0.014518004392037553]], [[500.0], [0.026956911509235702, 0.014518004392037553]]], "103": [[[379.3], [0.12700663258632025, 0.006989512423222715]], [[379.3], [0.12700663258632025, 0.006989512423222715]], [[379.3], [0.12700663258632025, 0.006989512423222715]], [[343.5], [0.008822052429119747, 0.001715224639525967]], [[388.9], [0.12852427860101065, 0.006425909087525316]], [[164.6], [-0.2222885439793269, -0.5086779808313653]], [[379.3], [0.12700663258632025, 0.006989512423222715]], [[147.2], [0.026700493569175403, 0.5067433252859344]], [[343.5], [0.008822052429119747, 0.001715224639525967]], [[379.3], [0.12700663258632025, 0.006989512423222715]], [[379.3], [0.12700663258632025, 0.006989512423222715]], [[379.3], [0.12700663258632025, 0.006989512423222715]], [[9.8], [0.03666744567453861, -0.5957981901305714]], [[343.5], [0.008822052429119747, 0.001715224639525967]], [[379.3], [0.12700663258632025, 0.006989512423222715]], [[379.3], [0.12700663258632025, 0.006989512423222715]], [[379.3], [0.12700663258632025, 0.006989512423222715]], [[343.5], [0.008822052429119747, 0.001715224639525967]], [[379.3], [0.12700663258632025, 0.006989512423222715]], [[58.7], [0.021120086312294006, 0.5082725123925643]], [[343.5], [0.008822052429119747, 0.001715224639525967]], [[224.9], [0.2967165658871333, 0.5094917696058465]], [[379.3], [0.12700663258632025, 0.006989512423222715]], [[379.3], [0.12700663258632025, 0.006989512423222715]], [[379.3], [0.12700663258632025, 0.006989512423222715]], [[489.1], [0.00890035725509127, 0.3672604355515476]], [[379.3], [0.12700663258632025, 0.006989512423222715]], [[147.2], [0.026700493569175403, 0.5067433252859344]], [[379.3], [0.12700663258632025, 0.006989512423222715]], [[164.6], [-0.2222885439793269, -0.5086779808313653]]]}