{"101": [[[500.0], [0.0043309542040030164, -0.01229798871328671]], [[500.0], [0.0043309542040030164, -0.01229798871328671]], [[76.6], [0.03278815187513828, 0.5214131976428785]], [[500.0], [0.0043309542040030164, -0.01229798871328671]], [[500.0], [0.0043309542040030164, -0.01229798871328671]], [[500.0], [0.0043309542040030164, -0.01229798871328671]], [[500.0], [0.0043309542040030164, -0.01229798871328671]], [[500.0], [0.0043309542040030164, -0.01229798871328671]], [[500.0], [0.0043309542040030164, -0.01229798871328671]], [[500.0], [0.0043309542040030164, -0.01229798871328671]], [[500.0], [0.0043309542040030164, -0.01229798871328671]], [[500.0], [0.0043309542040030164, -0.01229798871328671]], [[500.0], [0.0043309542040030164, -0.01229798871328671]], [[500.0], [0.0043309542040030164, -0.01229798871328671]], [[500.0], [0.0043309542040030164, -0.01229798871328671]], [[500.0], [0.0043309542040030164, -0.01229798871328671]], [[500.0], [0.05578411743044853, 0.0060017690793321464]], [[500.0], [0.0043309542040030164, -0.01229798871328671]], [[70.4], [0.11554004003604254, -0.542986193342072]], [[500.0], [0.0043309542040030164, -0.01229798871328671]], [[500.0], [0.0043309542040030164, -0.01229798871328671]], [[500.0], [0.0043309542040030164, -0.01229798871328671]], [[500.0], [0.0043309542040030164, -0.01229798871328671]], [[500.0], [0.0043309542040030164, -0.01229798871328671]], [[500.0], [0.0043309542040030164, -0.01229798871328671]], [[500.0], [0.0043309542040030164, -0.01229798871328671]], [[500.0], [0.0043309542040030164, -0.01229798871328671]], [[500.0], [0.0043309542040030164, -0.01229798871328671]], [[500.0], [0.0043309542040030164, -0.01229798871328671]], [[115.9], [0.14003142714500427, 0.5029941859998202]]], "102": [[[500.0], [0.046909128626187645, -0.04914617745214672]], [[500.0], [0.046909128626187645, -0.04914617745214672]], [[500.0], [0.046909128626187645, -0.04914617745214672]], [[500.0], [0.046909128626187645, -0.04914617745214672]], [[500.0], [0.046909128626187645, -0.04914617745214672]], [[500.0], [0.046909128626187645, -0.04914617745214672]], [[500.0], [0.046909128626187645, -0.04914617745214672]], [[500.0], [0.046909128626187645, -0.04914617745214672]], [[500.0], [0.046909128626187645, -0.04914617745214672]], [[500.0], [0.046909128626187645, -0.04914617745214672]], [[26.6], [-0.03228972665965557, 0.5561027444150459]], [[500.0], [0.046909128626187645, -0.04914617745214672]], [[500.0], [0.046909128626187645, -0.04914617745214672]], [[500.0], [0.046909128626187645, -0.04914617745214672]], [[500.0], [0.046909128626187645, -0.04914617745214672]], [[500.0], [0.046909128626187645, -0.04914617745214672]], [[500.0], [0.046909128626187645, -0.04914617745214672]], [[500.0], [0.046909128626187645, -0.04914617745214672]], [[500.0], [0.046909128626187645, -0.04914617745214672]], [[500.0], [0.046909128626187645, -0.04914617745214672]], [[500.0], [0.046909128626187645, -0.04914617745214672]], [[500.0], [0.046909128626187645, -0.04914617745214672]], [[500.0], [0.046909128626187645, -0.04914617745214672]], [[500.0], [0.046909128626187645, -0.04914617745214672]], [[140.2], [-0.33812130490938824, 0.5301056010871413]], [[500.0], [0.046909128626187645, -0.04914617745214672]], [[500.0], [0.046909128626187645, -0.04914617745214672]], [[500.0], [0.046909128626187645, -0.04914617745214672]], [[9.6], [0.03666744567453861, -0.5957981901305714]], [[500.0], [0.046909128626187645, -0.04914617745214672]]], "103": [[[484.3], [0.09215053170919418, 0.0071489106213148135]], [[484.3], [0.09215053170919418, 0.0071489106213148135]], [[484.3], [0.09215053170919418, 0.0071489106213148135]], [[484.3], [0.09215053170919418, 0.0071489106213148135]], [[38.9], [0.003874156391248107, 0.511625095417625]], [[305.7], [0.3382490823666255, 0.51388251439236]], [[484.3], [0.09215053170919418, 0.0071489106213148135]], [[282.2], [0.5036960045496623, 0.3995157813911803]], [[484.3], [0.09215053170919418, 0.0071489106213148135]], [[484.3], [0.09215053170919418, 0.0071489106213148135]], [[484.3], [0.09215053170919418, 0.0071489106213148135]], [[484.3], [0.09215053170919418, 0.0071489106213148135]], [[484.3], [0.09215053170919418, 0.0071489106213148135]], [[484.3], [0.09215053170919418, 0.0071489106213148135]], [[484.3], [0.09215053170919418, 0.0071489106213148135]], [[484.3], [0.09215053170919418, 0.0071489106213148135]], [[484.3], [0.09215053170919418, 0.0071489106213148135]], [[484.3], [0.09215053170919418, 0.0071489106213148135]], [[484.3], [0.09215053170919418, 0.0071489106213148135]], [[484.3], [0.09215053170919418, 0.0071489106213148135]], [[484.3], [0.09215053170919418, 0.0071489106213148135]], [[484.3], [0.09215053170919418, 0.0071489106213148135]], [[484.3], [0.09215053170919418, 0.0071489106213148135]], [[484.3], [0.09215053170919418, 0.0071489106213148135]], [[484.3], [0.09215053170919418, 0.0071489106213148135]], [[484.3], [0.09215053170919418, 0.0071489106213148135]], [[35.5], [-0.009971804295976957, 0.5164516456959921]], [[137.0], [0.08992878099282584, 0.5099544898744975]], [[484.3], [0.09215053170919418, 0.0071489106213148135]], [[484.3], [0.09215053170919418, 0.0071489106213148135]]]}