{"101": [[[489.0], [0.05079379305243492, -0.2660559374464756]], [[489.0], [0.05079379305243492, -0.2660559374464756]], [[489.0], [0.05079379305243492, -0.2660559374464756]], [[489.0], [0.05079379305243492, -0.2660559374464756]], [[489.0], [0.05079379305243492, -0.2660559374464756]], [[489.0], [0.05079379305243492, -0.2660559374464756]], [[489.0], [0.05079379305243492, -0.2660559374464756]], [[489.0], [0.05079379305243492, -0.2660559374464756]], [[489.0], [0.05079379305243492, -0.2660559374464756]], [[489.0], [0.05079379305243492, -0.2660559374464756]], [[489.0], [0.05079379305243492, -0.2660559374464756]], [[489.0], [0.05079379305243492, -0.2660559374464756]], [[489.0], [0.05079379305243492, -0.2660559374464756]], [[489.0], [0.05079379305243492, -0.2660559374464756]], [[489.0], [0.05079379305243492, -0.2660559374464756]], [[489.0], [0.05079379305243492, -0.2660559374464756]], [[489.0], [0.05079379305243492, -0.2660559374464756]], [[489.0], [0.05079379305243492, -0.2660559374464756]], [[489.0], [0.05079379305243492, -0.2660559374464756]], [[500.0], [0.01946362666785717, -0.006758032531508704]], [[489.0], [0.05079379305243492, -0.2660559374464756]], [[489.0], [0.05079379305243492, -0.2660559374464756]], [[9.3], [0.03666744567453861, -0.5957981901305714]], [[489.0], [0.05079379305243492, -0.2660559374464756]], [[489.0], [0.05079379305243492, -0.2660559374464756]], [[489.0], [0.05079379305243492, -0.2660559374464756]], [[489.0], [0.05079379305243492, -0.2660559374464756]], [[489.0], [0.05079379305243492, -0.2660559374464756]], [[416.4], [0.5009356141090393, 0.32023850240205465]], [[489.0], [0.05079379305243492, -0.2660559374464756]]], "102": [[[500.0], [0.03166648869713148, -0.02681500273957207]], [[500.0], [0.0042839383240789175, -0.0003847421598665274]], [[100.6], [0.056075068811575576, 0.5099123887468183]], [[500.0], [0.0042839383240789175, -0.0003847421598665274]], [[54.2], [0.025149181795616947, 0.5237394899272463]], [[500.0], [0.03166648869713148, -0.02681500273957207]], [[500.0], [0.0042839383240789175, -0.0003847421598665274]], [[500.0], [0.042217668766776725, -0.012390172937840366]], [[500.0], [0.03166648869713148, -0.02681500273957207]], [[500.0], [0.0042839383240789175, -0.0003847421598665274]], [[500.0], [0.0042839383240789175, -0.0003847421598665274]], [[500.0], [0.042217668766776725, -0.012390172937840366]], [[500.0], [0.03166648869713148, -0.02681500273957207]], [[72.9], [0.053144743045171104, 0.5111578121139673]], [[205.5], [0.09178894882400832, 0.51962805279134]], [[500.0], [0.0042839383240789175, -0.0003847421598665274]], [[500.0], [0.03166648869713148, -0.02681500273957207]], [[500.0], [0.03166648869713148, -0.02681500273957207]], [[500.0], [0.0042839383240789175, -0.0003847421598665274]], [[500.0], [0.03166648869713148, -0.02681500273957207]], [[500.0], [0.03166648869713148, -0.02681500273957207]], [[500.0], [0.03166648869713148, -0.02681500273957207]], [[500.0], [0.0042839383240789175, -0.0003847421598665274]], [[500.0], [0.0042839383240789175, -0.0003847421598665274]], [[500.0], [0.0042839383240789175, -0.0003847421598665274]], [[500.0], [0.042217668766776725, -0.012390172937840366]], [[500.0], [0.0042839383240789175, -0.0003847421598665274]], [[500.0], [0.0042839383240789175, -0.0003847421598665274]], [[500.0], [0.0042839383240789175, -0.0003847421598665274]], [[500.0], [0.03166648869713148, -0.02681500273957207]]], "103": [[[47.5], [-0.0018086839312066636, 0.5047684223457958]], [[391.0], [0.005735790667434534, 0.015729638351279013]], [[391.0], [0.005735790667434534, 0.015729638351279013]], [[423.6], [0.11040862649679184, -0.011249511106091254]], [[391.0], [0.005735790667434534, 0.015729638351279013]], [[500.0], [0.014184553486605486, -0.20668434611918254]], [[500.0], [0.03607110120356083, 0.009049299957328722]], [[103.8], [0.12302890419960022, -0.5511818319986882]], [[47.5], [-0.0018086839312066636, 0.5047684223457958]], [[391.0], [0.005735790667434534, 0.015729638351279013]], [[23.2], [-0.0201828187952439, 0.5259128848901776]], [[391.0], [0.005735790667434534, 0.015729638351279013]], [[500.0], [0.03607110120356083, 0.009049299957328722]], [[47.5], [-0.0018086839312066636, 0.5047684223457958]], [[391.0], [0.005735790667434534, 0.015729638351279013]], [[500.0], [0.03607110120356083, 0.009049299957328722]], [[423.6], [0.11040862649679184, -0.011249511106091254]], [[391.0], [0.005735790667434534, 0.015729638351279013]], [[9.3], [0.03666744567453861, -0.5957981901305714]], [[131.1], [-0.07767363140980403, 0.5224136787168147]], [[9.3], [0.03666744567453861, -0.5957981901305714]], [[500.0], [0.03607110120356083, 0.009049299957328722]], [[500.0], [0.03607110120356083, 0.009049299957328722]], [[500.0], [0.03607110120356083, 0.009049299957328722]], [[223.2], [0.502598782380422, 0.15835619072594712]], [[500.0], [0.014184553486605486, -0.20668434611918254]], [[69.4], [0.030636293813586235, 0.5385585164909729]], [[391.0], [0.005735790667434534, 0.015729638351279013]], [[391.0], [0.005735790667434534, 0.015729638351279013]], [[391.0], [0.005735790667434534, 0.015729638351279013]]]}