{"101": [[[488.53333333333336], [-0.16040685276190442, 0.33946196285731484]], [[488.53333333333336], [-0.16040685276190442, 0.33946196285731484]], [[488.53333333333336], [-0.16040685276190442, 0.33946196285731484]], [[488.53333333333336], [-0.16040685276190442, 0.33946196285731484]], [[488.53333333333336], [-0.16040685276190442, 0.33946196285731484]], [[488.53333333333336], [-0.16040685276190442, 0.33946196285731484]], [[488.53333333333336], [-0.16040685276190442, 0.33946196285731484]], [[488.53333333333336], [-0.16040685276190442, 0.33946196285731484]], [[488.53333333333336], [-0.16040685276190442, 0.33946196285731484]], [[488.53333333333336], [-0.16040685276190442, 0.33946196285731484]], [[488.53333333333336], [-0.16040685276190442, 0.33946196285731484]], [[488.53333333333336], [-0.16040685276190442, 0.33946196285731484]], [[488.53333333333336], [-0.16040685276190442, 0.33946196285731484]], [[488.53333333333336], [-0.16040685276190442, 0.33946196285731484]], [[488.53333333333336], [-0.16040685276190442, 0.33946196285731484]], [[488.53333333333336], [-0.16040685276190442, 0.33946196285731484]], [[488.53333333333336], [-0.16040685276190442, 0.33946196285731484]], [[488.53333333333336], [-0.16040685276190442, 0.33946196285731484]], [[488.53333333333336], [-0.16040685276190442, 0.33946196285731484]], [[488.53333333333336], [-0.16040685276190442, 0.33946196285731484]], [[488.53333333333336], [-0.16040685276190442, 0.33946196285731484]], [[488.53333333333336], [-0.16040685276190442, 0.33946196285731484]], [[488.53333333333336], [-0.16040685276190442, 0.33946196285731484]], [[488.53333333333336], [-0.16040685276190442, 0.33946196285731484]], [[488.53333333333336], [-0.16040685276190442, 0.33946196285731484]], [[488.53333333333336], [-0.16040685276190442, 0.33946196285731484]], [[488.53333333333336], [-0.16040685276190442, 0.33946196285731484]], [[488.53333333333336], [-0.16040685276190442, 0.33946196285731484]], [[488.53333333333336], [-0.16040685276190442, 0.33946196285731484]], [[488.53333333333336], [-0.16040685276190442, 0.33946196285731484]]], "103": [[[500.0], [-0.0170859523738424, 0.11839923497877623]], [[500.0], [-0.0170859523738424, 0.11839923497877623]], [[500.0], [-0.0170859523738424, 0.11839923497877623]], [[500.0], [-0.0170859523738424, 0.11839923497877623]], [[500.0], [-0.0170859523738424, 0.11839923497877623]], [[500.0], [-0.0170859523738424, 0.11839923497877623]], [[500.0], [-0.0170859523738424, 0.11839923497877623]], [[500.0], [-0.0170859523738424, 0.11839923497877623]], [[500.0], [-0.0170859523738424, 0.11839923497877623]], [[500.0], [-0.0170859523738424, 0.11839923497877623]], [[500.0], [-0.0170859523738424, 0.11839923497877623]], [[500.0], [-0.0170859523738424, 0.11839923497877623]], [[500.0], [-0.0170859523738424, 0.11839923497877623]], [[500.0], [-0.0170859523738424, 0.11839923497877623]], [[500.0], [-0.0170859523738424, 0.11839923497877623]], [[500.0], [-0.0170859523738424, 0.11839923497877623]], [[500.0], [-0.0170859523738424, 0.11839923497877623]], [[500.0], [-0.0170859523738424, 0.11839923497877623]], [[500.0], [-0.0170859523738424, 0.11839923497877623]], [[500.0], [-0.0170859523738424, 0.11839923497877623]], [[500.0], [-0.0170859523738424, 0.11839923497877623]], [[500.0], [-0.0170859523738424, 0.11839923497877623]], [[500.0], [-0.0170859523738424, 0.11839923497877623]], [[500.0], [-0.0170859523738424, 0.11839923497877623]], [[500.0], [-0.0170859523738424, 0.11839923497877623]], [[500.0], [-0.0170859523738424, 0.11839923497877623]], [[500.0], [-0.0170859523738424, 0.11839923497877623]], [[500.0], [-0.0170859523738424, 0.11839923497877623]], [[500.0], [-0.0170859523738424, 0.11839923497877623]], [[500.0], [-0.0170859523738424, 0.11839923497877623]]], "102": [[[500.0], [0.003130421197662751, -0.012280238997280313]], [[500.0], [0.004601174732670188, -0.000957445281615668]], [[500.0], [0.003130421197662751, -0.012280238997280313]], [[445.6], [-0.0014905214387302599, 0.006607279145831697]], [[500.0], [0.004601174732670188, -0.000957445281615668]], [[500.0], [0.003130421197662751, -0.012280238997280313]], [[500.0], [0.003130421197662751, -0.012280238997280313]], [[500.0], [0.003130421197662751, -0.012280238997280313]], [[500.0], [0.003130421197662751, -0.012280238997280313]], [[500.0], [0.003130421197662751, -0.012280238997280313]], [[500.0], [0.003130421197662751, -0.012280238997280313]], [[500.0], [0.003130421197662751, -0.012280238997280313]], [[500.0], [0.003130421197662751, -0.012280238997280313]], [[500.0], [0.003130421197662751, -0.012280238997280313]], [[500.0], [0.003130421197662751, -0.012280238997280313]], [[500.0], [0.004601174732670188, -0.000957445281615668]], [[500.0], [0.003130421197662751, -0.012280238997280313]], [[500.0], [0.003130421197662751, -0.012280238997280313]], [[500.0], [0.003130421197662751, -0.012280238997280313]], [[162.53333333333333], [0.09851038455963135, -0.5017937869546516]], [[500.0], [0.003130421197662751, -0.012280238997280313]], [[500.0], [0.003130421197662751, -0.012280238997280313]], [[500.0], [0.003130421197662751, -0.012280238997280313]], [[500.0], [0.003130421197662751, -0.012280238997280313]], [[500.0], [0.003130421197662751, -0.012280238997280313]], [[500.0], [0.003130421197662751, -0.012280238997280313]], [[500.0], [0.003130421197662751, -0.012280238997280313]], [[500.0], [0.003130421197662751, -0.012280238997280313]], [[500.0], [0.003130421197662751, -0.012280238997280313]], [[500.0], [0.003130421197662751, -0.012280238997280313]]]}