{"103": [[[9.4], [-0.02940102480351925, 0.5648723273186023]], [[50.0], [-0.08592393870155017, 0.5393248924798373]], [[500.0], [0.14987431466579437, -0.027473142557737362]], [[500.0], [0.14987431466579437, -0.027473142557737362]], [[500.0], [0.14987431466579437, -0.027473142557737362]], [[412.3], [0.03307410205403964, 0.0005014967362721714]], [[500.0], [0.14987431466579437, -0.027473142557737362]], [[500.0], [0.14987431466579437, -0.027473142557737362]], [[500.0], [0.14987431466579437, -0.027473142557737362]], [[500.0], [0.14987431466579437, -0.027473142557737362]], [[500.0], [0.14987431466579437, -0.027473142557737362]], [[9.6], [0.03666744567453861, -0.5957981901305714]], [[500.0], [0.14987431466579437, -0.027473142557737362]], [[500.0], [0.14987431466579437, -0.027473142557737362]], [[412.3], [0.03307410205403964, 0.0005014967362721714]], [[500.0], [0.14987431466579437, -0.027473142557737362]], [[500.0], [0.14987431466579437, -0.027473142557737362]], [[500.0], [0.14987431466579437, -0.027473142557737362]], [[412.3], [0.03307410205403964, 0.0005014967362721714]], [[500.0], [0.14987431466579437, -0.027473142557737362]], [[498.4], [0.06570950150489807, -0.20515446386268835]], [[500.0], [0.14987431466579437, -0.027473142557737362]], [[500.0], [0.14987431466579437, -0.027473142557737362]], [[11.3], [-0.025138574031492077, 0.5131281520190992]], [[500.0], [0.14987431466579437, -0.027473142557737362]], [[15.3], [-0.021572327241301537, 0.5147817887757954]], [[9.4], [-0.02940102480351925, 0.5648723273186023]], [[500.0], [0.14987431466579437, -0.027473142557737362]], [[92.3], [0.043377503752708435, 0.5186097473619087]], [[50.0], [-0.08592393870155017, 0.5393248924798373]]], "102": [[[500.0], [-0.02446467677752177, -0.011723703575547802]], [[500.0], [-0.02446467677752177, -0.011723703575547802]], [[500.0], [-0.02446467677752177, -0.011723703575547802]], [[162.4], [0.20943604409694672, 0.5011976335607647]], [[500.0], [-0.02446467677752177, -0.011723703575547802]], [[500.0], [-0.02446467677752177, -0.011723703575547802]], [[500.0], [-0.02446467677752177, -0.011723703575547802]], [[500.0], [-0.02446467677752177, -0.011723703575547802]], [[500.0], [-0.02446467677752177, -0.011723703575547802]], [[500.0], [-0.02446467677752177, -0.011723703575547802]], [[500.0], [-0.02446467677752177, -0.011723703575547802]], [[500.0], [-0.02446467677752177, -0.011723703575547802]], [[373.7], [0.06354383503397307, 0.34502833083485873]], [[500.0], [-0.02446467677752177, -0.011723703575547802]], [[500.0], [-0.02446467677752177, -0.011723703575547802]], [[500.0], [-0.02446467677752177, -0.011723703575547802]], [[500.0], [-0.02446467677752177, -0.011723703575547802]], [[500.0], [-0.02446467677752177, -0.011723703575547802]], [[500.0], [-0.02446467677752177, -0.011723703575547802]], [[34.7], [-0.004295963638772568, 0.5252042241644062]], [[500.0], [-0.02446467677752177, -0.011723703575547802]], [[500.0], [-0.02446467677752177, -0.011723703575547802]], [[373.7], [0.06354383503397307, 0.34502833083485873]], [[500.0], [-0.02446467677752177, -0.011723703575547802]], [[500.0], [-0.02446467677752177, -0.011723703575547802]], [[500.0], [-0.02446467677752177, -0.011723703575547802]], [[500.0], [-0.02446467677752177, -0.011723703575547802]], [[500.0], [-0.02446467677752177, -0.011723703575547802]], [[500.0], [-0.02446467677752177, -0.011723703575547802]], [[500.0], [-0.02446467677752177, -0.011723703575547802]]], "101": [[[93.0], [-0.18555956582228345, 0.5015460640619817]], [[129.1], [0.09883504981795947, 0.5138393438033511]], [[129.1], [0.09883504981795947, 0.5138393438033511]], [[129.1], [0.09883504981795947, 0.5138393438033511]], [[129.1], [0.09883504981795947, 0.5138393438033511]], [[298.2], [0.5015309154987335, 0.10434269869441622]], [[129.1], [0.09883504981795947, 0.5138393438033511]], [[129.1], [0.09883504981795947, 0.5138393438033511]], [[129.1], [0.09883504981795947, 0.5138393438033511]], [[129.1], [0.09883504981795947, 0.5138393438033511]], [[129.1], [0.09883504981795947, 0.5138393438033511]], [[129.1], [0.09883504981795947, 0.5138393438033511]], [[129.1], [0.09883504981795947, 0.5138393438033511]], [[129.1], [0.09883504981795947, 0.5138393438033511]], [[129.1], [0.09883504981795947, 0.5138393438033511]], [[129.1], [0.09883504981795947, 0.5138393438033511]], [[129.1], [0.09883504981795947, 0.5138393438033511]], [[129.1], [0.09883504981795947, 0.5138393438033511]], [[129.1], [0.09883504981795947, 0.5138393438033511]], [[129.1], [0.09883504981795947, 0.5138393438033511]], [[129.1], [0.09883504981795947, 0.5138393438033511]], [[129.1], [0.09883504981795947, 0.5138393438033511]], [[129.1], [0.09883504981795947, 0.5138393438033511]], [[129.1], [0.09883504981795947, 0.5138393438033511]], [[129.1], [0.09883504981795947, 0.5138393438033511]], [[129.1], [0.09883504981795947, 0.5138393438033511]], [[129.1], [0.09883504981795947, 0.5138393438033511]], [[129.1], [0.09883504981795947, 0.5138393438033511]], [[129.1], [0.09883504981795947, 0.5138393438033511]], [[129.1], [0.09883504981795947, 0.5138393438033511]]]}