{"103": [[[461.5], [-0.5026854574680328, 0.08456641585347756]], [[461.5], [-0.5026854574680328, 0.08456641585347756]], [[461.5], [-0.5026854574680328, 0.08456641585347756]], [[38.9], [-0.009971804295976957, 0.5164516456959921]], [[461.5], [-0.5026854574680328, 0.08456641585347756]], [[461.5], [-0.5026854574680328, 0.08456641585347756]], [[461.5], [-0.5026854574680328, 0.08456641585347756]], [[461.5], [-0.5026854574680328, 0.08456641585347756]], [[461.5], [-0.5026854574680328, 0.08456641585347756]], [[461.5], [-0.5026854574680328, 0.08456641585347756]], [[461.5], [-0.5026854574680328, 0.08456641585347756]], [[461.5], [-0.5026854574680328, 0.08456641585347756]], [[461.5], [-0.5026854574680328, 0.08456641585347756]], [[461.5], [-0.5026854574680328, 0.08456641585347756]], [[461.5], [-0.5026854574680328, 0.08456641585347756]], [[461.5], [-0.5026854574680328, 0.08456641585347756]], [[461.5], [-0.5026854574680328, 0.08456641585347756]], [[461.5], [-0.5026854574680328, 0.08456641585347756]], [[461.5], [-0.5026854574680328, 0.08456641585347756]], [[461.5], [-0.5026854574680328, 0.08456641585347756]], [[461.5], [-0.5026854574680328, 0.08456641585347756]], [[461.5], [-0.5026854574680328, 0.08456641585347756]], [[461.5], [-0.5026854574680328, 0.08456641585347756]], [[461.5], [-0.5026854574680328, 0.08456641585347756]], [[461.5], [-0.5026854574680328, 0.08456641585347756]], [[461.5], [-0.5026854574680328, 0.08456641585347756]], [[461.5], [-0.5026854574680328, 0.08456641585347756]], [[461.5], [-0.5026854574680328, 0.08456641585347756]], [[461.5], [-0.5026854574680328, 0.08456641585347756]], [[461.5], [-0.5026854574680328, 0.08456641585347756]]], "102": [[[500.0], [-0.02984586482246717, -0.18381698137265073]], [[500.0], [-0.02984586482246717, -0.18381698137265073]], [[500.0], [-0.02984586482246717, -0.18381698137265073]], [[500.0], [-0.02984586482246717, -0.18381698137265073]], [[500.0], [-0.02984586482246717, -0.18381698137265073]], [[500.0], [-0.02984586482246717, -0.18381698137265073]], [[500.0], [-0.02984586482246717, -0.18381698137265073]], [[500.0], [-0.02984586482246717, -0.18381698137265073]], [[500.0], [-0.02984586482246717, -0.18381698137265073]], [[500.0], [-0.02984586482246717, -0.18381698137265073]], [[500.0], [-0.02984586482246717, -0.18381698137265073]], [[500.0], [-0.02984586482246717, -0.18381698137265073]], [[500.0], [-0.02984586482246717, -0.18381698137265073]], [[500.0], [-0.02984586482246717, -0.18381698137265073]], [[500.0], [-0.02984586482246717, -0.18381698137265073]], [[500.0], [-0.02984586482246717, -0.18381698137265073]], [[500.0], [-0.02984586482246717, -0.18381698137265073]], [[59.9], [0.009481825400143862, -0.5049327272547489]], [[500.0], [-0.02984586482246717, -0.18381698137265073]], [[500.0], [-0.02984586482246717, -0.18381698137265073]], [[500.0], [-0.02984586482246717, -0.18381698137265073]], [[500.0], [-0.02984586482246717, -0.18381698137265073]], [[500.0], [-0.02984586482246717, -0.18381698137265073]], [[500.0], [-0.02984586482246717, -0.18381698137265073]], [[500.0], [-0.02984586482246717, -0.18381698137265073]], [[500.0], [-0.02984586482246717, -0.18381698137265073]], [[500.0], [-0.02984586482246717, -0.18381698137265073]], [[500.0], [-0.02984586482246717, -0.18381698137265073]], [[500.0], [-0.02984586482246717, -0.18381698137265073]], [[500.0], [-0.02984586482246717, -0.18381698137265073]]], "101": [[[500.0], [0.13452527423699698, 0.021776460717169294]], [[500.0], [0.13452527423699698, 0.021776460717169294]], [[500.0], [0.13452527423699698, 0.021776460717169294]], [[500.0], [0.13452527423699698, 0.021776460717169294]], [[500.0], [0.13452527423699698, 0.021776460717169294]], [[500.0], [0.13452527423699698, 0.021776460717169294]], [[500.0], [0.13452527423699698, 0.021776460717169294]], [[500.0], [0.13452527423699698, 0.021776460717169294]], [[500.0], [0.13452527423699698, 0.021776460717169294]], [[500.0], [0.13452527423699698, 0.021776460717169294]], [[500.0], [0.13452527423699698, 0.021776460717169294]], [[500.0], [0.13452527423699698, 0.021776460717169294]], [[500.0], [0.13452527423699698, 0.021776460717169294]], [[500.0], [0.13452527423699698, 0.021776460717169294]], [[500.0], [0.13452527423699698, 0.021776460717169294]], [[500.0], [0.13452527423699698, 0.021776460717169294]], [[35.3], [-0.0018887322706480822, 0.5255072382078216]], [[500.0], [0.13452527423699698, 0.021776460717169294]], [[500.0], [0.13452527423699698, 0.021776460717169294]], [[500.0], [0.13452527423699698, 0.021776460717169294]], [[500.0], [0.13452527423699698, 0.021776460717169294]], [[500.0], [0.13452527423699698, 0.021776460717169294]], [[500.0], [0.13452527423699698, 0.021776460717169294]], [[500.0], [0.13452527423699698, 0.021776460717169294]], [[500.0], [0.13452527423699698, 0.021776460717169294]], [[500.0], [0.13452527423699698, 0.021776460717169294]], [[500.0], [0.13452527423699698, 0.021776460717169294]], [[500.0], [0.13452527423699698, 0.021776460717169294]], [[500.0], [0.13452527423699698, 0.021776460717169294]], [[500.0], [0.13452527423699698, 0.021776460717169294]]]}