{"103": [[[419.5], [0.0073385533566276235, -0.006390949399277354]], [[419.5], [0.0073385533566276235, -0.006390949399277354]], [[419.5], [0.0073385533566276235, -0.006390949399277354]], [[419.5], [0.0073385533566276235, -0.006390949399277354]], [[419.5], [0.0073385533566276235, -0.006390949399277354]], [[419.5], [0.0073385533566276235, -0.006390949399277354]], [[419.5], [0.0073385533566276235, -0.006390949399277354]], [[419.5], [0.0073385533566276235, -0.006390949399277354]], [[419.5], [0.0073385533566276235, -0.006390949399277354]], [[419.5], [0.0073385533566276235, -0.006390949399277354]], [[419.5], [0.0073385533566276235, -0.006390949399277354]], [[419.5], [0.0073385533566276235, -0.006390949399277354]], [[419.5], [0.0073385533566276235, -0.006390949399277354]], [[419.5], [0.0073385533566276235, -0.006390949399277354]], [[419.5], [0.0073385533566276235, -0.006390949399277354]], [[419.5], [0.0073385533566276235, -0.006390949399277354]], [[419.5], [0.0073385533566276235, -0.006390949399277354]], [[419.5], [0.0073385533566276235, -0.006390949399277354]], [[419.5], [0.0073385533566276235, -0.006390949399277354]], [[419.5], [0.0073385533566276235, -0.006390949399277354]], [[419.5], [0.0073385533566276235, -0.006390949399277354]], [[419.5], [0.0073385533566276235, -0.006390949399277354]], [[419.5], [0.0073385533566276235, -0.006390949399277354]], [[419.5], [0.0073385533566276235, -0.006390949399277354]], [[419.5], [0.0073385533566276235, -0.006390949399277354]], [[419.5], [0.0073385533566276235, -0.006390949399277354]], [[419.5], [0.0073385533566276235, -0.006390949399277354]], [[419.5], [0.0073385533566276235, -0.006390949399277354]], [[419.5], [0.0073385533566276235, -0.006390949399277354]], [[419.5], [0.0073385533566276235, -0.006390949399277354]]], "101": [[[456.2], [0.1964712142944336, 0.06928380453985844]], [[456.2], [0.1964712142944336, 0.06928380453985844]], [[456.2], [0.1964712142944336, 0.06928380453985844]], [[456.2], [0.1964712142944336, 0.06928380453985844]], [[456.2], [0.1964712142944336, 0.06928380453985844]], [[456.2], [0.1964712142944336, 0.06928380453985844]], [[500.0], [0.12086567779382071, 0.027002203033158655]], [[500.0], [0.12086567779382071, 0.027002203033158655]], [[456.2], [0.1964712142944336, 0.06928380453985844]], [[456.2], [0.1964712142944336, 0.06928380453985844]], [[456.2], [0.1964712142944336, 0.06928380453985844]], [[456.2], [0.1964712142944336, 0.06928380453985844]], [[456.2], [0.1964712142944336, 0.06928380453985844]], [[456.2], [0.1964712142944336, 0.06928380453985844]], [[456.2], [0.1964712142944336, 0.06928380453985844]], [[456.2], [0.1964712142944336, 0.06928380453985844]], [[456.2], [0.1964712142944336, 0.06928380453985844]], [[456.2], [0.1964712142944336, 0.06928380453985844]], [[456.2], [0.1964712142944336, 0.06928380453985844]], [[456.2], [0.1964712142944336, 0.06928380453985844]], [[456.2], [0.1964712142944336, 0.06928380453985844]], [[456.2], [0.1964712142944336, 0.06928380453985844]], [[456.2], [0.1964712142944336, 0.06928380453985844]], [[456.2], [0.1964712142944336, 0.06928380453985844]], [[456.2], [0.1964712142944336, 0.06928380453985844]], [[456.2], [0.1964712142944336, 0.06928380453985844]], [[456.2], [0.1964712142944336, 0.06928380453985844]], [[456.2], [0.1964712142944336, 0.06928380453985844]], [[456.2], [0.1964712142944336, 0.06928380453985844]], [[456.2], [0.1964712142944336, 0.06928380453985844]]], "102": [[[493.8], [-0.17270230998595557, 0.30291002047689336]], [[493.8], [-0.17270230998595557, 0.30291002047689336]], [[493.8], [-0.17270230998595557, 0.30291002047689336]], [[493.8], [-0.17270230998595557, 0.30291002047689336]], [[493.8], [-0.17270230998595557, 0.30291002047689336]], [[493.8], [-0.17270230998595557, 0.30291002047689336]], [[493.8], [-0.17270230998595557, 0.30291002047689336]], [[493.8], [-0.17270230998595557, 0.30291002047689336]], [[493.8], [-0.17270230998595557, 0.30291002047689336]], [[493.8], [-0.17270230998595557, 0.30291002047689336]], [[493.8], [-0.17270230998595557, 0.30291002047689336]], [[493.8], [-0.17270230998595557, 0.30291002047689336]], [[493.8], [-0.17270230998595557, 0.30291002047689336]], [[493.8], [-0.17270230998595557, 0.30291002047689336]], [[493.8], [-0.17270230998595557, 0.30291002047689336]], [[493.8], [-0.17270230998595557, 0.30291002047689336]], [[493.8], [-0.17270230998595557, 0.30291002047689336]], [[493.8], [-0.17270230998595557, 0.30291002047689336]], [[493.8], [-0.17270230998595557, 0.30291002047689336]], [[493.8], [-0.17270230998595557, 0.30291002047689336]], [[493.8], [-0.17270230998595557, 0.30291002047689336]], [[493.8], [-0.17270230998595557, 0.30291002047689336]], [[493.8], [-0.17270230998595557, 0.30291002047689336]], [[493.8], [-0.17270230998595557, 0.30291002047689336]], [[493.8], [-0.17270230998595557, 0.30291002047689336]], [[493.8], [-0.17270230998595557, 0.30291002047689336]], [[493.8], [-0.17270230998595557, 0.30291002047689336]], [[493.8], [-0.17270230998595557, 0.30291002047689336]], [[493.8], [-0.17270230998595557, 0.30291002047689336]], [[493.8], [-0.17270230998595557, 0.30291002047689336]]]}