{"102": [[[500.0], [0.04087366163730621, -0.05581363607821853]], [[500.0], [0.04087366163730621, -0.05581363607821853]], [[500.0], [0.04087366163730621, -0.05581363607821853]], [[500.0], [0.04087366163730621, -0.05581363607821853]], [[500.0], [0.04087366163730621, -0.05581363607821853]], [[500.0], [0.04087366163730621, -0.05581363607821853]], [[500.0], [0.04087366163730621, -0.05581363607821853]], [[500.0], [0.04087366163730621, -0.05581363607821853]], [[500.0], [0.04087366163730621, -0.05581363607821853]], [[500.0], [0.04087366163730621, -0.05581363607821853]], [[500.0], [0.04087366163730621, -0.05581363607821853]], [[500.0], [0.04087366163730621, -0.05581363607821853]], [[500.0], [0.04087366163730621, -0.05581363607821853]], [[500.0], [0.04087366163730621, -0.05581363607821853]], [[500.0], [0.0012420376879163086, 0.0024661276952929476]], [[500.0], [0.04087366163730621, -0.05581363607821853]], [[500.0], [0.04087366163730621, -0.05581363607821853]], [[500.0], [0.04087366163730621, -0.05581363607821853]], [[12.5], [-0.025867981215318046, 0.5408032445245953]], [[500.0], [0.0012420376879163086, 0.0024661276952929476]], [[500.0], [0.04087366163730621, -0.05581363607821853]], [[500.0], [0.04087366163730621, -0.05581363607821853]], [[500.0], [0.04087366163730621, -0.05581363607821853]], [[500.0], [0.04087366163730621, -0.05581363607821853]], [[500.0], [0.04087366163730621, -0.05581363607821853]], [[500.0], [0.04087366163730621, -0.05581363607821853]], [[500.0], [0.04087366163730621, -0.05581363607821853]], [[500.0], [0.04087366163730621, -0.05581363607821853]], [[500.0], [0.04087366163730621, -0.05581363607821853]], [[500.0], [0.04087366163730621, -0.05581363607821853]]], "103": [[[500.0], [0.002822082218093177, -0.013965258873892173]], [[500.0], [0.002822082218093177, -0.013965258873892173]], [[500.0], [0.002822082218093177, -0.013965258873892173]], [[500.0], [0.002822082218093177, -0.013965258873892173]], [[500.0], [0.002822082218093177, -0.013965258873892173]], [[500.0], [0.002822082218093177, -0.013965258873892173]], [[500.0], [0.002822082218093177, -0.013965258873892173]], [[500.0], [0.002822082218093177, -0.013965258873892173]], [[500.0], [0.002822082218093177, -0.013965258873892173]], [[500.0], [0.002822082218093177, -0.013965258873892173]], [[500.0], [0.002822082218093177, -0.013965258873892173]], [[500.0], [0.002822082218093177, -0.013965258873892173]], [[500.0], [0.002822082218093177, -0.013965258873892173]], [[500.0], [0.002822082218093177, -0.013965258873892173]], [[500.0], [0.002822082218093177, -0.013965258873892173]], [[500.0], [0.002822082218093177, -0.013965258873892173]], [[500.0], [0.002822082218093177, -0.013965258873892173]], [[500.0], [0.002822082218093177, -0.013965258873892173]], [[500.0], [0.002822082218093177, -0.013965258873892173]], [[500.0], [0.002822082218093177, -0.013965258873892173]], [[500.0], [0.002822082218093177, -0.013965258873892173]], [[500.0], [0.002822082218093177, -0.013965258873892173]], [[500.0], [0.002822082218093177, -0.013965258873892173]], [[500.0], [0.002822082218093177, -0.013965258873892173]], [[500.0], [0.002822082218093177, -0.013965258873892173]], [[500.0], [0.002822082218093177, -0.013965258873892173]], [[500.0], [0.002822082218093177, -0.013965258873892173]], [[500.0], [0.002822082218093177, -0.013965258873892173]], [[9.5], [-0.02940102480351925, 0.5648723273186023]], [[500.0], [0.002822082218093177, -0.013965258873892173]]], "101": [[[489.7], [-0.09058243284622829, -0.15416789496914624]], [[489.7], [-0.09058243284622829, -0.15416789496914624]], [[489.7], [-0.09058243284622829, -0.15416789496914624]], [[489.7], [-0.09058243284622829, -0.15416789496914624]], [[489.7], [-0.09058243284622829, -0.15416789496914624]], [[489.7], [-0.09058243284622829, -0.15416789496914624]], [[74.8], [-0.018060017998019855, -0.5219526339375802]], [[489.7], [-0.09058243284622829, -0.15416789496914624]], [[489.7], [-0.09058243284622829, -0.15416789496914624]], [[489.7], [-0.09058243284622829, -0.15416789496914624]], [[489.7], [-0.09058243284622829, -0.15416789496914624]], [[489.7], [-0.09058243284622829, -0.15416789496914624]], [[489.7], [-0.09058243284622829, -0.15416789496914624]], [[489.7], [-0.09058243284622829, -0.15416789496914624]], [[489.7], [-0.09058243284622829, -0.15416789496914624]], [[74.8], [-0.018060017998019855, -0.5219526339375802]], [[489.7], [-0.09058243284622829, -0.15416789496914624]], [[489.7], [-0.09058243284622829, -0.15416789496914624]], [[489.7], [-0.09058243284622829, -0.15416789496914624]], [[132.2], [0.17109312117099762, 0.5025845110131223]], [[489.7], [-0.09058243284622829, -0.15416789496914624]], [[489.7], [-0.09058243284622829, -0.15416789496914624]], [[489.7], [-0.09058243284622829, -0.15416789496914624]], [[489.7], [-0.09058243284622829, -0.15416789496914624]], [[489.7], [-0.09058243284622829, -0.15416789496914624]], [[500.0], [0.0967889279127121, -0.016178785373220605]], [[489.7], [-0.09058243284622829, -0.15416789496914624]], [[489.7], [-0.09058243284622829, -0.15416789496914624]], [[9.2], [-0.02940102480351925, 0.5648723273186023]], [[489.7], [-0.09058243284622829, -0.15416789496914624]]]}