{"103": [[[425.8], [0.501743753751119, 0.34945878828541516]], [[425.8], [0.501743753751119, 0.34945878828541516]], [[425.8], [0.501743753751119, 0.34945878828541516]], [[425.8], [0.501743753751119, 0.34945878828541516]], [[425.8], [0.501743753751119, 0.34945878828541516]], [[18.8], [-0.024752377842863403, 0.5530805892921521]], [[425.8], [0.501743753751119, 0.34945878828541516]], [[425.8], [0.501743753751119, 0.34945878828541516]], [[425.8], [0.501743753751119, 0.34945878828541516]], [[425.8], [0.501743753751119, 0.34945878828541516]], [[69.4], [0.008959433374305567, 0.5119494630389236]], [[425.8], [0.501743753751119, 0.34945878828541516]], [[425.8], [0.501743753751119, 0.34945878828541516]], [[17.8], [-0.020679578495522342, 0.5148331942170431]], [[425.8], [0.501743753751119, 0.34945878828541516]], [[425.8], [0.501743753751119, 0.34945878828541516]], [[425.8], [0.501743753751119, 0.34945878828541516]], [[425.8], [0.501743753751119, 0.34945878828541516]], [[425.8], [0.501743753751119, 0.34945878828541516]], [[425.8], [0.501743753751119, 0.34945878828541516]], [[425.8], [0.501743753751119, 0.34945878828541516]], [[425.8], [0.501743753751119, 0.34945878828541516]], [[425.8], [0.501743753751119, 0.34945878828541516]], [[51.3], [0.03124518319964409, 0.514901889283121]], [[425.8], [0.501743753751119, 0.34945878828541516]], [[425.8], [0.501743753751119, 0.34945878828541516]], [[425.8], [0.501743753751119, 0.34945878828541516]], [[425.8], [0.501743753751119, 0.34945878828541516]], [[425.8], [0.501743753751119, 0.34945878828541516]], [[425.8], [0.501743753751119, 0.34945878828541516]]], "101": [[[397.1], [0.5022811889648438, 0.030927736597340643]], [[498.0], [-0.4412182172139486, -0.010463499361604595]], [[397.1], [0.5022811889648438, 0.030927736597340643]], [[498.0], [-0.4412182172139486, -0.010463499361604595]], [[498.0], [-0.4412182172139486, -0.010463499361604595]], [[498.0], [-0.4412182172139486, -0.010463499361604595]], [[397.1], [0.5022811889648438, 0.030927736597340643]], [[397.1], [0.5022811889648438, 0.030927736597340643]], [[397.1], [0.5022811889648438, 0.030927736597340643]], [[498.0], [-0.4412182172139486, -0.010463499361604595]], [[498.0], [-0.4412182172139486, -0.010463499361604595]], [[397.1], [0.5022811889648438, 0.030927736597340643]], [[397.1], [0.5022811889648438, 0.030927736597340643]], [[498.0], [-0.4412182172139486, -0.010463499361604595]], [[397.1], [0.5022811889648438, 0.030927736597340643]], [[498.0], [-0.4412182172139486, -0.010463499361604595]], [[498.0], [-0.4412182172139486, -0.010463499361604595]], [[397.1], [0.5022811889648438, 0.030927736597340643]], [[397.1], [0.5022811889648438, 0.030927736597340643]], [[498.0], [-0.4412182172139486, -0.010463499361604595]], [[397.1], [0.5022811889648438, 0.030927736597340643]], [[498.0], [-0.4412182172139486, -0.010463499361604595]], [[397.1], [0.5022811889648438, 0.030927736597340643]], [[498.0], [-0.4412182172139486, -0.010463499361604595]], [[498.0], [-0.4412182172139486, -0.010463499361604595]], [[498.0], [-0.4412182172139486, -0.010463499361604595]], [[498.0], [-0.4412182172139486, -0.010463499361604595]], [[397.1], [0.5022811889648438, 0.030927736597340643]], [[397.1], [0.5022811889648438, 0.030927736597340643]], [[397.1], [0.5022811889648438, 0.030927736597340643]]], "102": [[[500.0], [-0.049564739068349205, 0.20422226789465361]], [[40.2], [-0.00020618957933038473, 0.5171753858265125]], [[500.0], [-0.049564739068349205, 0.20422226789465361]], [[500.0], [-0.049564739068349205, 0.20422226789465361]], [[500.0], [0.4452227056026459, 0.01310249768268834]], [[500.0], [0.4452227056026459, 0.01310249768268834]], [[500.0], [0.4452227056026459, 0.01310249768268834]], [[500.0], [-0.049564739068349205, 0.20422226789465361]], [[500.0], [-0.049564739068349205, 0.20422226789465361]], [[500.0], [-0.15331805994113287, 0.0063100234832632485]], [[500.0], [-0.049564739068349205, 0.20422226789465361]], [[500.0], [-0.049564739068349205, 0.20422226789465361]], [[500.0], [-0.049564739068349205, 0.20422226789465361]], [[500.0], [-0.049564739068349205, 0.20422226789465361]], [[500.0], [-0.15331805994113287, 0.0063100234832632485]], [[500.0], [-0.049564739068349205, 0.20422226789465361]], [[500.0], [-0.049564739068349205, 0.20422226789465361]], [[500.0], [-0.049564739068349205, 0.20422226789465361]], [[500.0], [-0.049564739068349205, 0.20422226789465361]], [[500.0], [0.4452227056026459, 0.01310249768268834]], [[500.0], [0.4452227056026459, 0.01310249768268834]], [[500.0], [0.4452227056026459, 0.01310249768268834]], [[500.0], [0.4452227056026459, 0.01310249768268834]], [[500.0], [-0.049564739068349205, 0.20422226789465361]], [[500.0], [-0.049564739068349205, 0.20422226789465361]], [[500.0], [-0.049564739068349205, 0.20422226789465361]], [[500.0], [-0.049564739068349205, 0.20422226789465361]], [[500.0], [-0.049564739068349205, 0.20422226789465361]], [[500.0], [-0.049564739068349205, 0.20422226789465361]], [[500.0], [-0.049564739068349205, 0.20422226789465361]]]}