{"103": [[[500.0], [0.0043309542040030164, -0.01229798871328671]], [[500.0], [0.0043309542040030164, -0.01229798871328671]], [[500.0], [0.010299266626437506, 0.011389506936215899]], [[219.8], [0.4676828781763713, 0.519405283996363]], [[500.0], [-0.10245677704612415, 0.1667546705480968]], [[500.0], [0.010299266626437506, 0.011389506936215899]], [[500.0], [-0.10245677704612415, 0.1667546705480968]], [[500.0], [0.010299266626437506, 0.011389506936215899]], [[500.0], [0.0043309542040030164, -0.01229798871328671]], [[500.0], [0.0043309542040030164, -0.01229798871328671]], [[500.0], [0.0043309542040030164, -0.01229798871328671]], [[500.0], [-0.10245677704612415, 0.1667546705480968]], [[500.0], [0.0043309542040030164, -0.01229798871328671]], [[500.0], [0.0043309542040030164, -0.01229798871328671]], [[500.0], [0.0043309542040030164, -0.01229798871328671]], [[500.0], [0.0043309542040030164, -0.01229798871328671]], [[500.0], [0.010299266626437506, 0.011389506936215899]], [[500.0], [0.0043309542040030164, -0.01229798871328671]], [[500.0], [0.0043309542040030164, -0.01229798871328671]], [[500.0], [0.010299266626437506, 0.011389506936215899]], [[500.0], [-0.10245677704612415, 0.1667546705480968]], [[500.0], [0.0043309542040030164, -0.01229798871328671]], [[500.0], [0.0043309542040030164, -0.01229798871328671]], [[500.0], [0.0043309542040030164, -0.01229798871328671]], [[500.0], [0.0043309542040030164, -0.01229798871328671]], [[500.0], [0.010299266626437506, 0.011389506936215899]], [[500.0], [0.0043309542040030164, -0.01229798871328671]], [[500.0], [0.010299266626437506, 0.011389506936215899]], [[500.0], [0.010299266626437506, 0.011389506936215899]], [[500.0], [0.0043309542040030164, -0.01229798871328671]]], "101": [[[485.2], [-0.14071394999821982, 0.261012643005289]], [[485.2], [-0.14071394999821982, 0.261012643005289]], [[485.2], [-0.14071394999821982, 0.261012643005289]], [[485.2], [-0.14071394999821982, 0.261012643005289]], [[9.6], [0.03666744567453861, -0.5957981901305714]], [[485.2], [-0.14071394999821982, 0.261012643005289]], [[485.2], [-0.14071394999821982, 0.261012643005289]], [[485.2], [-0.14071394999821982, 0.261012643005289]], [[485.2], [-0.14071394999821982, 0.261012643005289]], [[485.2], [-0.14071394999821982, 0.261012643005289]], [[485.2], [-0.14071394999821982, 0.261012643005289]], [[485.2], [-0.14071394999821982, 0.261012643005289]], [[485.2], [-0.14071394999821982, 0.261012643005289]], [[485.2], [-0.14071394999821982, 0.261012643005289]], [[485.2], [-0.14071394999821982, 0.261012643005289]], [[485.2], [-0.14071394999821982, 0.261012643005289]], [[485.2], [-0.14071394999821982, 0.261012643005289]], [[485.2], [-0.14071394999821982, 0.261012643005289]], [[485.2], [-0.14071394999821982, 0.261012643005289]], [[485.2], [-0.14071394999821982, 0.261012643005289]], [[485.2], [-0.14071394999821982, 0.261012643005289]], [[485.2], [-0.14071394999821982, 0.261012643005289]], [[485.2], [-0.14071394999821982, 0.261012643005289]], [[485.2], [-0.14071394999821982, 0.261012643005289]], [[485.2], [-0.14071394999821982, 0.261012643005289]], [[485.2], [-0.14071394999821982, 0.261012643005289]], [[485.2], [-0.14071394999821982, 0.261012643005289]], [[485.2], [-0.14071394999821982, 0.261012643005289]], [[485.2], [-0.14071394999821982, 0.261012643005289]], [[485.2], [-0.14071394999821982, 0.261012643005289]]], "102": [[[500.0], [0.06040859967470169, -0.013774426867873476]], [[500.0], [0.06040859967470169, -0.013774426867873476]], [[500.0], [0.06040859967470169, -0.013774426867873476]], [[500.0], [0.002800873674762746, -0.008594474764139744]], [[500.0], [0.06040859967470169, -0.013774426867873476]], [[500.0], [0.06040859967470169, -0.013774426867873476]], [[500.0], [0.06040859967470169, -0.013774426867873476]], [[500.0], [0.002800873674762746, -0.008594474764139744]], [[500.0], [0.06040859967470169, -0.013774426867873476]], [[500.0], [0.06040859967470169, -0.013774426867873476]], [[500.0], [0.06040859967470169, -0.013774426867873476]], [[500.0], [0.06040859967470169, -0.013774426867873476]], [[500.0], [0.06040859967470169, -0.013774426867873476]], [[500.0], [0.002800873674762746, -0.008594474764139744]], [[500.0], [0.06040859967470169, -0.013774426867873476]], [[500.0], [0.002800873674762746, -0.008594474764139744]], [[500.0], [0.06040859967470169, -0.013774426867873476]], [[500.0], [0.06040859967470169, -0.013774426867873476]], [[500.0], [0.06040859967470169, -0.013774426867873476]], [[500.0], [0.002800873674762746, -0.008594474764139744]], [[500.0], [0.06040859967470169, -0.013774426867873476]], [[500.0], [0.06040859967470169, -0.013774426867873476]], [[500.0], [0.002800873674762746, -0.008594474764139744]], [[500.0], [0.06040859967470169, -0.013774426867873476]], [[500.0], [0.06040859967470169, -0.013774426867873476]], [[500.0], [0.06040859967470169, -0.013774426867873476]], [[500.0], [0.002800873674762746, -0.008594474764139744]], [[500.0], [0.06040859967470169, -0.013774426867873476]], [[500.0], [0.002800873674762746, -0.008594474764139744]], [[500.0], [0.06040859967470169, -0.013774426867873476]]]}