{"101": [[[500.0], [0.019465256482362747, -0.007159772337944599]], [[500.0], [0.019465256482362747, -0.007159772337944599]], [[500.0], [0.019465256482362747, -0.007159772337944599]], [[500.0], [0.019465256482362747, -0.007159772337944599]], [[500.0], [0.019465256482362747, -0.007159772337944599]], [[500.0], [0.019465256482362747, -0.007159772337944599]], [[500.0], [0.019465256482362747, -0.007159772337944599]], [[500.0], [0.019465256482362747, -0.007159772337944599]], [[500.0], [0.019465256482362747, -0.007159772337944599]], [[500.0], [0.019465256482362747, -0.007159772337944599]], [[282.1], [0.3972552716732025, 0.5055534426105079]], [[500.0], [0.019465256482362747, -0.007159772337944599]], [[500.0], [0.019465256482362747, -0.007159772337944599]], [[54.4], [0.01959145379563173, 0.5194538731894425]], [[39.7], [-0.0059161936709036436, 0.517370847708871]], [[500.0], [0.019465256482362747, -0.007159772337944599]], [[232.5], [0.14569652577241263, 0.513595720512445]], [[500.0], [0.019465256482362747, -0.007159772337944599]], [[125.7], [0.05272882059216499, -0.5112525307390678]], [[480.0], [0.10579203565915427, 0.006522140554798562]], [[500.0], [0.019465256482362747, -0.007159772337944599]], [[125.7], [0.05272882059216499, -0.5112525307390678]], [[500.0], [0.019465256482362747, -0.007159772337944599]], [[24.9], [-0.016611156364281975, 0.525829146068062]], [[480.0], [0.10579203565915427, 0.006522140554798562]], [[500.0], [0.019465256482362747, -0.007159772337944599]], [[500.0], [0.019465256482362747, -0.007159772337944599]], [[500.0], [0.019465256482362747, -0.007159772337944599]], [[500.0], [0.019465256482362747, -0.007159772337944599]], [[500.0], [0.019465256482362747, -0.007159772337944599]]], "103": [[[500.0], [0.0012128607098323605, 0.009779621174104476]], [[52.0], [0.010823134798556566, 0.5266375875358947]], [[500.0], [0.0012128607098323605, 0.009779621174104476]], [[500.0], [0.0012128607098323605, 0.009779621174104476]], [[500.0], [0.0012128607098323605, 0.009779621174104476]], [[500.0], [0.0012128607098323605, 0.009779621174104476]], [[500.0], [0.0012128607098323605, 0.009779621174104476]], [[119.5], [0.043377503752708435, 0.5186097473619087]], [[500.0], [0.0026851593671987457, 0.020744517427739917]], [[500.0], [0.0012128607098323605, 0.009779621174104476]], [[500.0], [0.0012128607098323605, 0.009779621174104476]], [[500.0], [0.0026851593671987457, 0.020744517427739917]], [[500.0], [0.0012128607098323605, 0.009779621174104476]], [[500.0], [0.0012128607098323605, 0.009779621174104476]], [[155.5], [0.037809383744994804, 0.5170256255916431]], [[500.0], [0.0012128607098323605, 0.009779621174104476]], [[500.0], [0.0012128607098323605, 0.009779621174104476]], [[500.0], [0.0012128607098323605, 0.009779621174104476]], [[397.8], [0.045683616772294044, -0.5167672437343871]], [[500.0], [0.0012128607098323605, 0.009779621174104476]], [[500.0], [0.0012128607098323605, 0.009779621174104476]], [[500.0], [0.0012128607098323605, 0.009779621174104476]], [[500.0], [0.0012128607098323605, 0.009779621174104476]], [[27.0], [-0.014080706362922987, 0.5292724550625925]], [[500.0], [0.0026851593671987457, 0.020744517427739917]], [[500.0], [0.0012128607098323605, 0.009779621174104476]], [[500.0], [0.0012128607098323605, 0.009779621174104476]], [[103.0], [-0.0018697224246958892, -0.504462199918391]], [[134.8], [0.4293474058310191, -0.5111165309066408]], [[500.0], [0.0012128607098323605, 0.009779621174104476]]], "102": [[[500.0], [0.001297087874263525, -0.011587102171122743]], [[500.0], [0.001297087874263525, -0.011587102171122743]], [[500.0], [0.001297087874263525, -0.011587102171122743]], [[500.0], [0.0058088230434805155, -0.0027735059207492467]], [[500.0], [0.001297087874263525, -0.011587102171122743]], [[500.0], [0.001297087874263525, -0.011587102171122743]], [[500.0], [0.001297087874263525, -0.011587102171122743]], [[500.0], [0.001297087874263525, -0.011587102171122743]], [[500.0], [0.001297087874263525, -0.011587102171122743]], [[500.0], [0.001297087874263525, -0.011587102171122743]], [[195.8], [-0.12113144000371298, 0.5326365169725921]], [[500.0], [0.001297087874263525, -0.011587102171122743]], [[500.0], [0.001297087874263525, -0.011587102171122743]], [[500.0], [0.0058088230434805155, -0.0027735059207492467]], [[500.0], [0.0058088230434805155, -0.0027735059207492467]], [[500.0], [0.001297087874263525, -0.011587102171122743]], [[500.0], [0.0058088230434805155, -0.0027735059207492467]], [[500.0], [0.0058088230434805155, -0.0027735059207492467]], [[500.0], [0.001297087874263525, -0.011587102171122743]], [[500.0], [0.001297087874263525, -0.011587102171122743]], [[500.0], [0.001297087874263525, -0.011587102171122743]], [[500.0], [0.001297087874263525, -0.011587102171122743]], [[500.0], [0.001297087874263525, -0.011587102171122743]], [[500.0], [0.001297087874263525, -0.011587102171122743]], [[500.0], [0.0058088230434805155, -0.0027735059207492467]], [[500.0], [0.001297087874263525, -0.011587102171122743]], [[64.9], [0.01848808489739895, 0.5176355037392611]], [[500.0], [0.0058088230434805155, -0.0027735059207492467]], [[500.0], [0.001297087874263525, -0.011587102171122743]], [[500.0], [0.001297087874263525, -0.011587102171122743]]]}