{"101": [[[500.0], [0.1361197605729103, 0.0017715646421902203]], [[500.0], [0.1361197605729103, 0.0017715646421902203]], [[500.0], [0.1361197605729103, 0.0017715646421902203]], [[500.0], [0.1361197605729103, 0.0017715646421902203]], [[500.0], [0.1361197605729103, 0.0017715646421902203]], [[500.0], [0.1361197605729103, 0.0017715646421902203]], [[500.0], [0.1361197605729103, 0.0017715646421902203]], [[500.0], [0.1361197605729103, 0.0017715646421902203]], [[500.0], [0.1361197605729103, 0.0017715646421902203]], [[500.0], [0.1361197605729103, 0.0017715646421902203]], [[500.0], [0.1361197605729103, 0.0017715646421902203]], [[500.0], [0.1361197605729103, 0.0017715646421902203]], [[500.0], [0.1361197605729103, 0.0017715646421902203]], [[500.0], [0.1361197605729103, 0.0017715646421902203]], [[500.0], [0.1361197605729103, 0.0017715646421902203]], [[500.0], [0.1361197605729103, 0.0017715646421902203]], [[500.0], [0.1361197605729103, 0.0017715646421902203]], [[500.0], [0.1361197605729103, 0.0017715646421902203]], [[500.0], [0.1361197605729103, 0.0017715646421902203]], [[500.0], [0.1361197605729103, 0.0017715646421902203]], [[500.0], [0.1361197605729103, 0.0017715646421902203]], [[500.0], [0.1361197605729103, 0.0017715646421902203]], [[500.0], [0.1361197605729103, 0.0017715646421902203]], [[500.0], [0.1361197605729103, 0.0017715646421902203]], [[500.0], [0.1361197605729103, 0.0017715646421902203]], [[500.0], [0.1361197605729103, 0.0017715646421902203]], [[500.0], [0.1361197605729103, 0.0017715646421902203]], [[500.0], [0.1361197605729103, 0.0017715646421902203]], [[500.0], [0.1361197605729103, 0.0017715646421902203]], [[500.0], [0.1361197605729103, 0.0017715646421902203]]], "102": [[[364.7], [-0.5006794631481171, -0.17881733877807143]], [[364.7], [-0.5006794631481171, -0.17881733877807143]], [[364.7], [-0.5006794631481171, -0.17881733877807143]], [[364.7], [-0.5006794631481171, -0.17881733877807143]], [[364.7], [-0.5006794631481171, -0.17881733877807143]], [[364.7], [-0.5006794631481171, -0.17881733877807143]], [[364.7], [-0.5006794631481171, -0.17881733877807143]], [[364.7], [-0.5006794631481171, -0.17881733877807143]], [[364.7], [-0.5006794631481171, -0.17881733877807143]], [[364.7], [-0.5006794631481171, -0.17881733877807143]], [[364.7], [-0.5006794631481171, -0.17881733877807143]], [[364.7], [-0.5006794631481171, -0.17881733877807143]], [[364.7], [-0.5006794631481171, -0.17881733877807143]], [[364.7], [-0.5006794631481171, -0.17881733877807143]], [[364.7], [-0.5006794631481171, -0.17881733877807143]], [[364.7], [-0.5006794631481171, -0.17881733877807143]], [[364.7], [-0.5006794631481171, -0.17881733877807143]], [[364.7], [-0.5006794631481171, -0.17881733877807143]], [[364.7], [-0.5006794631481171, -0.17881733877807143]], [[364.7], [-0.5006794631481171, -0.17881733877807143]], [[364.7], [-0.5006794631481171, -0.17881733877807143]], [[364.7], [-0.5006794631481171, -0.17881733877807143]], [[364.7], [-0.5006794631481171, -0.17881733877807143]], [[364.7], [-0.5006794631481171, -0.17881733877807143]], [[364.7], [-0.5006794631481171, -0.17881733877807143]], [[364.7], [-0.5006794631481171, -0.17881733877807143]], [[364.7], [-0.5006794631481171, -0.17881733877807143]], [[364.7], [-0.5006794631481171, -0.17881733877807143]], [[364.7], [-0.5006794631481171, -0.17881733877807143]], [[364.7], [-0.5006794631481171, -0.17881733877807143]]], "103": [[[500.0], [-0.2805638064940771, -0.009903460339995092]], [[500.0], [-0.2805638064940771, -0.009903460339995092]], [[500.0], [-0.2805638064940771, -0.009903460339995092]], [[500.0], [-0.2805638064940771, -0.009903460339995092]], [[500.0], [-0.2805638064940771, -0.009903460339995092]], [[500.0], [-0.2805638064940771, -0.009903460339995092]], [[500.0], [-0.2805638064940771, -0.009903460339995092]], [[500.0], [-0.2805638064940771, -0.009903460339995092]], [[500.0], [-0.2805638064940771, -0.009903460339995092]], [[500.0], [-0.2805638064940771, -0.009903460339995092]], [[500.0], [-0.2805638064940771, -0.009903460339995092]], [[500.0], [-0.2805638064940771, -0.009903460339995092]], [[500.0], [-0.2805638064940771, -0.009903460339995092]], [[500.0], [-0.2805638064940771, -0.009903460339995092]], [[500.0], [-0.2805638064940771, -0.009903460339995092]], [[500.0], [-0.2805638064940771, -0.009903460339995092]], [[500.0], [-0.2805638064940771, -0.009903460339995092]], [[500.0], [-0.2805638064940771, -0.009903460339995092]], [[500.0], [-0.2805638064940771, -0.009903460339995092]], [[500.0], [-0.2805638064940771, -0.009903460339995092]], [[500.0], [-0.2805638064940771, -0.009903460339995092]], [[500.0], [-0.2805638064940771, -0.009903460339995092]], [[500.0], [-0.2805638064940771, -0.009903460339995092]], [[500.0], [-0.2805638064940771, -0.009903460339995092]], [[500.0], [-0.2805638064940771, -0.009903460339995092]], [[500.0], [-0.2805638064940771, -0.009903460339995092]], [[500.0], [-0.2805638064940771, -0.009903460339995092]], [[500.0], [-0.2805638064940771, -0.009903460339995092]], [[500.0], [-0.2805638064940771, -0.009903460339995092]], [[9.6], [0.03666744567453861, -0.5957981901305714]]]}