{"102": [[[500.0], [0.054253519823153816, 0.009630669719365796]], [[500.0], [0.054253519823153816, 0.009630669719365796]], [[500.0], [0.054253519823153816, 0.009630669719365796]], [[500.0], [0.054253519823153816, 0.009630669719365796]], [[500.0], [0.054253519823153816, 0.009630669719365796]], [[500.0], [0.054253519823153816, 0.009630669719365796]], [[500.0], [0.054253519823153816, 0.009630669719365796]], [[500.0], [0.054253519823153816, 0.009630669719365796]], [[500.0], [0.054253519823153816, 0.009630669719365796]], [[500.0], [0.054253519823153816, 0.009630669719365796]], [[500.0], [0.054253519823153816, 0.009630669719365796]], [[500.0], [0.054253519823153816, 0.009630669719365796]], [[500.0], [0.054253519823153816, 0.009630669719365796]], [[500.0], [0.054253519823153816, 0.009630669719365796]], [[500.0], [0.054253519823153816, 0.009630669719365796]], [[500.0], [0.054253519823153816, 0.009630669719365796]], [[500.0], [0.054253519823153816, 0.009630669719365796]], [[500.0], [0.054253519823153816, 0.009630669719365796]], [[500.0], [0.054253519823153816, 0.009630669719365796]], [[500.0], [0.054253519823153816, 0.009630669719365796]], [[500.0], [0.054253519823153816, 0.009630669719365796]], [[500.0], [0.054253519823153816, 0.009630669719365796]], [[500.0], [0.054253519823153816, 0.009630669719365796]], [[500.0], [0.054253519823153816, 0.009630669719365796]], [[500.0], [0.054253519823153816, 0.009630669719365796]], [[500.0], [0.054253519823153816, 0.009630669719365796]], [[500.0], [0.054253519823153816, 0.009630669719365796]], [[500.0], [0.054253519823153816, 0.009630669719365796]], [[500.0], [0.054253519823153816, 0.009630669719365796]], [[500.0], [0.054253519823153816, 0.009630669719365796]]], "103": [[[500.0], [0.0467143456141154, 0.00019996484719845132]], [[500.0], [0.0467143456141154, 0.00019996484719845132]], [[500.0], [0.0467143456141154, 0.00019996484719845132]], [[500.0], [0.0467143456141154, 0.00019996484719845132]], [[500.0], [0.0467143456141154, 0.00019996484719845132]], [[500.0], [0.0467143456141154, 0.00019996484719845132]], [[500.0], [0.0467143456141154, 0.00019996484719845132]], [[500.0], [0.0467143456141154, 0.00019996484719845132]], [[500.0], [0.0467143456141154, 0.00019996484719845132]], [[500.0], [0.0467143456141154, 0.00019996484719845132]], [[500.0], [0.0467143456141154, 0.00019996484719845132]], [[500.0], [0.0467143456141154, 0.00019996484719845132]], [[500.0], [0.0467143456141154, 0.00019996484719845132]], [[500.0], [0.0467143456141154, 0.00019996484719845132]], [[500.0], [0.0467143456141154, 0.00019996484719845132]], [[500.0], [0.0467143456141154, 0.00019996484719845132]], [[500.0], [0.0467143456141154, 0.00019996484719845132]], [[500.0], [0.0467143456141154, 0.00019996484719845132]], [[500.0], [0.0467143456141154, 0.00019996484719845132]], [[500.0], [0.0467143456141154, 0.00019996484719845132]], [[500.0], [0.0467143456141154, 0.00019996484719845132]], [[500.0], [0.0467143456141154, 0.00019996484719845132]], [[500.0], [0.0467143456141154, 0.00019996484719845132]], [[500.0], [0.0467143456141154, 0.00019996484719845132]], [[500.0], [0.0467143456141154, 0.00019996484719845132]], [[500.0], [0.0467143456141154, 0.00019996484719845132]], [[500.0], [0.0467143456141154, 0.00019996484719845132]], [[500.0], [0.0467143456141154, 0.00019996484719845132]], [[500.0], [0.0467143456141154, 0.00019996484719845132]], [[500.0], [0.0467143456141154, 0.00019996484719845132]]], "101": [[[500.0], [-0.006693293495724599, 0.09315828102057061]], [[500.0], [-0.006693293495724599, 0.09315828102057061]], [[500.0], [-0.006693293495724599, 0.09315828102057061]], [[500.0], [-0.006693293495724599, 0.09315828102057061]], [[500.0], [-0.006693293495724599, 0.09315828102057061]], [[47.3], [0.016576658623913925, -0.5198727098948648]], [[500.0], [-0.006693293495724599, 0.09315828102057061]], [[500.0], [-0.006693293495724599, 0.09315828102057061]], [[500.0], [-0.006693293495724599, 0.09315828102057061]], [[500.0], [-0.006693293495724599, 0.09315828102057061]], [[500.0], [-0.006693293495724599, 0.09315828102057061]], [[47.3], [0.016576658623913925, -0.5198727098948648]], [[500.0], [-0.006693293495724599, 0.09315828102057061]], [[500.0], [-0.006693293495724599, 0.09315828102057061]], [[500.0], [-0.006693293495724599, 0.09315828102057061]], [[44.3], [0.10953006645043692, -0.5473005072922228]], [[500.0], [-0.006693293495724599, 0.09315828102057061]], [[500.0], [-0.006693293495724599, 0.09315828102057061]], [[500.0], [-0.006693293495724599, 0.09315828102057061]], [[500.0], [-0.006693293495724599, 0.09315828102057061]], [[500.0], [-0.006693293495724599, 0.09315828102057061]], [[500.0], [-0.006693293495724599, 0.09315828102057061]], [[500.0], [-0.006693293495724599, 0.09315828102057061]], [[500.0], [-0.006693293495724599, 0.09315828102057061]], [[500.0], [-0.006693293495724599, 0.09315828102057061]], [[9.6], [-0.02940102480351925, 0.5648723273186023]], [[500.0], [-0.006693293495724599, 0.09315828102057061]], [[500.0], [-0.006693293495724599, 0.09315828102057061]], [[47.3], [0.016576658623913925, -0.5198727098948648]], [[500.0], [-0.006693293495724599, 0.09315828102057061]]]}