{"101": [[[500.0], [-0.3727473318576813, -0.07988980405353474]], [[500.0], [-0.3727473318576813, -0.07988980405353474]], [[500.0], [-0.3727473318576813, -0.07988980405353474]], [[500.0], [0.004321708499143521, -0.009952694551939029]], [[500.0], [-0.3727473318576813, -0.07988980405353474]], [[47.9], [-0.023458702489733696, -0.5034416129714564]], [[180.8], [-0.5088682969411215, -0.42644610102667196]], [[500.0], [0.004321708499143521, -0.009952694551939029]], [[59.5], [0.001480668530954669, -0.5077561051651622]], [[500.0], [-0.3727473318576813, -0.07988980405353474]], [[500.0], [0.004321708499143521, -0.009952694551939029]], [[500.0], [-0.3727473318576813, -0.07988980405353474]], [[59.5], [0.001480668530954669, -0.5077561051651622]], [[48.2], [0.014405051867167156, -0.511226970613288]], [[500.0], [-0.3727473318576813, -0.07988980405353474]], [[500.0], [-0.3727473318576813, -0.07988980405353474]], [[500.0], [-0.3727473318576813, -0.07988980405353474]], [[500.0], [-0.3727473318576813, -0.07988980405353474]], [[500.0], [-0.3727473318576813, -0.07988980405353474]], [[500.0], [-0.3727473318576813, -0.07988980405353474]], [[500.0], [-0.3727473318576813, -0.07988980405353474]], [[500.0], [-0.3727473318576813, -0.07988980405353474]], [[65.4], [-0.021747831876079243, -0.5131135716963042]], [[500.0], [-0.3727473318576813, -0.07988980405353474]], [[180.8], [-0.5088682969411215, -0.42644610102667196]], [[500.0], [0.004321708499143521, -0.009952694551939029]], [[29.1], [-0.01404940461119016, 0.5561094463727121]], [[500.0], [-0.3727473318576813, -0.07988980405353474]], [[500.0], [-0.3727473318576813, -0.07988980405353474]], [[500.0], [-0.3727473318576813, -0.07988980405353474]]], "103": [[[381.2], [0.04367649555206299, 0.0019714379132809963]], [[381.2], [0.04367649555206299, 0.0019714379132809963]], [[44.7], [-0.00020618957933038473, 0.5171753858265125]], [[110.4], [0.08545120557149252, 0.5168844210474115]], [[500.0], [0.06789150958259901, 0.010123807250669128]], [[465.2], [0.013341271939376991, 0.00859435612077348]], [[465.2], [0.013341271939376991, 0.00859435612077348]], [[207.5], [0.07606204599142075, -0.5308827073380138]], [[465.2], [0.013341271939376991, 0.00859435612077348]], [[500.0], [0.06789150958259901, 0.010123807250669128]], [[104.4], [-0.13871975243091583, 0.5638152717403248]], [[381.2], [0.04367649555206299, 0.0019714379132809963]], [[381.2], [0.04367649555206299, 0.0019714379132809963]], [[381.2], [0.04367649555206299, 0.0019714379132809963]], [[500.0], [0.06789150958259901, 0.010123807250669128]], [[500.0], [0.06789150958259901, 0.010123807250669128]], [[465.2], [0.013341271939376991, 0.00859435612077348]], [[381.2], [0.04367649555206299, 0.0019714379132809963]], [[381.2], [0.04367649555206299, 0.0019714379132809963]], [[57.8], [0.01913151393334071, 0.5045746003041427]], [[9.9], [0.03666744567453861, -0.5957981901305714]], [[381.2], [0.04367649555206299, 0.0019714379132809963]], [[500.0], [0.06789150958259901, 0.010123807250669128]], [[465.2], [0.013341271939376991, 0.00859435612077348]], [[381.2], [0.04367649555206299, 0.0019714379132809963]], [[381.2], [0.04367649555206299, 0.0019714379132809963]], [[381.2], [0.04367649555206299, 0.0019714379132809963]], [[381.2], [0.04367649555206299, 0.0019714379132809963]], [[381.2], [0.04367649555206299, 0.0019714379132809963]], [[381.2], [0.04367649555206299, 0.0019714379132809963]]], "102": [[[500.0], [-0.006693293495724599, 0.09315828102057061]], [[500.0], [0.037649491180976234, -0.006862624735531339]], [[500.0], [-0.006693293495724599, 0.09315828102057061]], [[500.0], [0.037649491180976234, -0.006862624735531339]], [[500.0], [0.04672284548481306, -0.001952153492415921]], [[500.0], [-0.006693293495724599, 0.09315828102057061]], [[500.0], [0.037649491180976234, -0.006862624735531339]], [[500.0], [-0.006693293495724599, 0.09315828102057061]], [[500.0], [-0.006693293495724599, 0.09315828102057061]], [[367.0], [0.5058713754018148, 0.48733691564587317]], [[500.0], [0.037649491180976234, -0.006862624735531339]], [[500.0], [-0.006693293495724599, 0.09315828102057061]], [[500.0], [-0.006693293495724599, 0.09315828102057061]], [[9.5], [-0.02940102480351925, 0.5648723273186023]], [[500.0], [0.037649491180976234, -0.006862624735531339]], [[500.0], [-0.0003150347280704106, 0.01290270002585564]], [[500.0], [-0.006693293495724599, 0.09315828102057061]], [[9.6], [0.03666744567453861, -0.5957981901305714]], [[499.8], [0.008864036450783413, -0.008932802754868732]], [[9.6], [0.03666744567453861, -0.5957981901305714]], [[500.0], [0.037649491180976234, -0.006862624735531339]], [[500.0], [0.037649491180976234, -0.006862624735531339]], [[500.0], [-0.006693293495724599, 0.09315828102057061]], [[500.0], [-0.0003150347280704106, 0.01290270002585564]], [[500.0], [-0.0003150347280704106, 0.01290270002585564]], [[500.0], [-0.006693293495724599, 0.09315828102057061]], [[500.0], [-0.006693293495724599, 0.09315828102057061]], [[500.0], [0.037649491180976234, -0.006862624735531339]], [[500.0], [0.037649491180976234, -0.006862624735531339]], [[500.0], [-0.006693293495724599, 0.09315828102057061]]]}