{"101": [[[500.0], [-0.10151357079545657, -0.072660962895058]], [[500.0], [-0.10151357079545657, -0.072660962895058]], [[500.0], [-0.10151357079545657, -0.072660962895058]], [[500.0], [-0.10151357079545657, -0.072660962895058]], [[500.0], [-0.10151357079545657, -0.072660962895058]], [[500.0], [-0.10151357079545657, -0.072660962895058]], [[500.0], [-0.10151357079545657, -0.072660962895058]], [[500.0], [-0.10151357079545657, -0.072660962895058]], [[500.0], [-0.10151357079545657, -0.072660962895058]], [[500.0], [-0.10151357079545657, -0.072660962895058]], [[500.0], [-0.10151357079545657, -0.072660962895058]], [[500.0], [-0.10151357079545657, -0.072660962895058]], [[500.0], [-0.10151357079545657, -0.072660962895058]], [[500.0], [-0.10151357079545657, -0.072660962895058]], [[73.6], [0.0298949982970953, -0.5045175980152696]], [[500.0], [-0.10151357079545657, -0.072660962895058]], [[500.0], [-0.10151357079545657, -0.072660962895058]], [[500.0], [-0.10151357079545657, -0.072660962895058]], [[500.0], [-0.10151357079545657, -0.072660962895058]], [[11.8], [-0.02514785621315241, 0.5155667377430857]], [[500.0], [-0.10151357079545657, -0.072660962895058]], [[500.0], [-0.10151357079545657, -0.072660962895058]], [[500.0], [-0.10151357079545657, -0.072660962895058]], [[500.0], [-0.10151357079545657, -0.072660962895058]], [[500.0], [-0.10151357079545657, -0.072660962895058]], [[500.0], [-0.10151357079545657, -0.072660962895058]], [[500.0], [-0.10151357079545657, -0.072660962895058]], [[500.0], [-0.10151357079545657, -0.072660962895058]], [[500.0], [-0.10151357079545657, -0.072660962895058]], [[500.0], [-0.10151357079545657, -0.072660962895058]]], "102": [[[500.0], [-0.10386398062109947, 0.1394119487995166]], [[500.0], [-0.10386398062109947, 0.1394119487995166]], [[500.0], [-0.10386398062109947, 0.1394119487995166]], [[500.0], [-0.10386398062109947, 0.1394119487995166]], [[500.0], [-0.10386398062109947, 0.1394119487995166]], [[500.0], [-0.10386398062109947, 0.1394119487995166]], [[500.0], [-0.10386398062109947, 0.1394119487995166]], [[500.0], [-0.10386398062109947, 0.1394119487995166]], [[500.0], [-0.10386398062109947, 0.1394119487995166]], [[500.0], [-0.10386398062109947, 0.1394119487995166]], [[11.1], [-0.026862376059095066, 0.5318051533835927]], [[500.0], [-0.10386398062109947, 0.1394119487995166]], [[500.0], [-0.10386398062109947, 0.1394119487995166]], [[500.0], [-0.10386398062109947, 0.1394119487995166]], [[500.0], [-0.10386398062109947, 0.1394119487995166]], [[500.0], [-0.10386398062109947, 0.1394119487995166]], [[500.0], [-0.10386398062109947, 0.1394119487995166]], [[500.0], [-0.10386398062109947, 0.1394119487995166]], [[500.0], [-0.10386398062109947, 0.1394119487995166]], [[9.4], [-0.02940102480351925, 0.5648723273186023]], [[500.0], [-0.10386398062109947, 0.1394119487995166]], [[500.0], [-0.10386398062109947, 0.1394119487995166]], [[500.0], [-0.10386398062109947, 0.1394119487995166]], [[500.0], [-0.10386398062109947, 0.1394119487995166]], [[500.0], [-0.10386398062109947, 0.1394119487995166]], [[500.0], [-0.10386398062109947, 0.1394119487995166]], [[9.6], [0.03666744567453861, -0.5957981901305714]], [[500.0], [-0.10386398062109947, 0.1394119487995166]], [[500.0], [-0.10386398062109947, 0.1394119487995166]], [[500.0], [-0.10386398062109947, 0.1394119487995166]]], "103": [[[494.5], [0.0770331360399723, -0.0022652420565111644]], [[494.5], [0.0770331360399723, -0.0022652420565111644]], [[494.5], [0.0770331360399723, -0.0022652420565111644]], [[494.5], [0.0770331360399723, -0.0022652420565111644]], [[9.4], [-0.02940102480351925, 0.5648723273186023]], [[494.5], [0.0770331360399723, -0.0022652420565111644]], [[130.0], [-0.0777381348113219, -0.5103161460474918]], [[494.5], [0.0770331360399723, -0.0022652420565111644]], [[494.5], [0.0770331360399723, -0.0022652420565111644]], [[494.5], [0.0770331360399723, -0.0022652420565111644]], [[9.4], [-0.02940102480351925, 0.5648723273186023]], [[494.5], [0.0770331360399723, -0.0022652420565111644]], [[494.5], [0.0770331360399723, -0.0022652420565111644]], [[494.5], [0.0770331360399723, -0.0022652420565111644]], [[500.0], [0.01321042732646068, 0.04475135980040263]], [[500.0], [0.01321042732646068, 0.04475135980040263]], [[483.3], [-0.22477666536966961, 0.057252052654489946]], [[494.5], [0.0770331360399723, -0.0022652420565111644]], [[9.4], [-0.02940102480351925, 0.5648723273186023]], [[494.5], [0.0770331360399723, -0.0022652420565111644]], [[130.0], [-0.0777381348113219, -0.5103161460474918]], [[129.6], [-0.07639739662408829, 0.5020483543998316]], [[494.5], [0.0770331360399723, -0.0022652420565111644]], [[494.5], [0.0770331360399723, -0.0022652420565111644]], [[494.5], [0.0770331360399723, -0.0022652420565111644]], [[494.5], [0.0770331360399723, -0.0022652420565111644]], [[494.5], [0.0770331360399723, -0.0022652420565111644]], [[494.5], [0.0770331360399723, -0.0022652420565111644]], [[494.5], [0.0770331360399723, -0.0022652420565111644]], [[494.5], [0.0770331360399723, -0.0022652420565111644]]]}