{"102": [[[500.0], [0.008862686809152365, -0.008589307929090621]], [[500.0], [0.008862686809152365, -0.008589307929090621]], [[70.9], [0.07668020203709602, 0.5145998734036131]], [[500.0], [0.008862686809152365, -0.008589307929090621]], [[500.0], [0.008862686809152365, -0.008589307929090621]], [[500.0], [0.008862686809152365, -0.008589307929090621]], [[500.0], [0.03156083015104135, -5.784342351617987e-05]], [[500.0], [0.008862686809152365, -0.008589307929090621]], [[70.9], [0.07668020203709602, 0.5145998734036131]], [[9.6], [0.03666744567453861, -0.5957981901305714]], [[500.0], [0.008862686809152365, -0.008589307929090621]], [[500.0], [0.008862686809152365, -0.008589307929090621]], [[500.0], [0.03156083015104135, -5.784342351617987e-05]], [[500.0], [0.008862686809152365, -0.008589307929090621]], [[500.0], [0.03156083015104135, -5.784342351617987e-05]], [[500.0], [0.03156083015104135, -5.784342351617987e-05]], [[500.0], [0.008862686809152365, -0.008589307929090621]], [[500.0], [0.03156083015104135, -5.784342351617987e-05]], [[500.0], [0.008862686809152365, -0.008589307929090621]], [[500.0], [0.03156083015104135, -5.784342351617987e-05]], [[500.0], [0.008862686809152365, -0.008589307929090621]], [[500.0], [0.03156083015104135, -5.784342351617987e-05]], [[500.0], [0.008862686809152365, -0.008589307929090621]], [[500.0], [0.008862686809152365, -0.008589307929090621]], [[65.9], [0.09848658616344134, 0.5016730447705283]], [[500.0], [0.008862686809152365, -0.008589307929090621]], [[500.0], [0.008862686809152365, -0.008589307929090621]], [[500.0], [0.008862686809152365, -0.008589307929090621]], [[500.0], [0.03156083015104135, -5.784342351617987e-05]], [[500.0], [0.008862686809152365, -0.008589307929090621]]], "103": [[[118.8], [0.05955799172321956, 0.5020548424652319]], [[9.9], [0.03666744567453861, -0.5957981901305714]], [[379.9], [0.058864063272873565, -0.00639482898165307]], [[500.0], [-0.021813143976032734, 0.08438310126938889]], [[379.9], [0.058864063272873565, -0.00639482898165307]], [[500.0], [-0.021813143976032734, 0.08438310126938889]], [[500.0], [-0.021813143976032734, 0.08438310126938889]], [[500.0], [0.05880846952398618, 0.007676336085468388]], [[500.0], [-0.021813143976032734, 0.08438310126938889]], [[379.9], [0.058864063272873565, -0.00639482898165307]], [[489.5], [0.1314592982331912, 0.030662345312286222]], [[379.9], [0.058864063272873565, -0.00639482898165307]], [[500.0], [-0.021813143976032734, 0.08438310126938889]], [[379.9], [0.058864063272873565, -0.00639482898165307]], [[164.2], [-0.04942120673755805, -0.5054765126921914]], [[379.9], [0.058864063272873565, -0.00639482898165307]], [[379.9], [0.058864063272873565, -0.00639482898165307]], [[379.9], [0.058864063272873565, -0.00639482898165307]], [[489.5], [0.1314592982331912, 0.030662345312286222]], [[500.0], [-0.021813143976032734, 0.08438310126938889]], [[379.9], [0.058864063272873565, -0.00639482898165307]], [[379.9], [0.058864063272873565, -0.00639482898165307]], [[379.9], [0.058864063272873565, -0.00639482898165307]], [[79.7], [0.04223757113019626, 0.5109069164860192]], [[379.9], [0.058864063272873565, -0.00639482898165307]], [[379.9], [0.058864063272873565, -0.00639482898165307]], [[379.9], [0.058864063272873565, -0.00639482898165307]], [[54.2], [0.01959145379563173, 0.5194538731894425]], [[379.9], [0.058864063272873565, -0.00639482898165307]], [[379.9], [0.058864063272873565, -0.00639482898165307]]], "101": [[[500.0], [0.008780207329740128, 0.012304873370596667]], [[500.0], [0.016158951135973137, 0.06257394622815284]], [[34.7], [-0.009971804295976957, 0.5164516456959921]], [[455.3], [0.001249859924428165, 0.0005597952248096359]], [[455.3], [0.001249859924428165, 0.0005597952248096359]], [[24.2], [-0.01550476842870315, 0.5271046569472865]], [[30.4], [-0.017488102118174236, 0.5217355332876507]], [[455.3], [0.001249859924428165, 0.0005597952248096359]], [[500.0], [0.008780207329740128, 0.012304873370596667]], [[500.0], [0.008780207329740128, 0.012304873370596667]], [[250.6], [0.15504561364650726, 0.5265214440354891]], [[455.3], [0.001249859924428165, 0.0005597952248096359]], [[500.0], [0.008780207329740128, 0.012304873370596667]], [[500.0], [0.016158951135973137, 0.06257394622815284]], [[500.0], [0.008780207329740128, 0.012304873370596667]], [[59.0], [-0.06702059879899025, 0.6112968237206127]], [[500.0], [0.016158951135973137, 0.06257394622815284]], [[455.3], [0.001249859924428165, 0.0005597952248096359]], [[500.0], [0.008780207329740128, 0.012304873370596667]], [[146.6], [-0.16283250103394192, 0.5068069582350516]], [[500.0], [0.008780207329740128, 0.012304873370596667]], [[455.3], [0.001249859924428165, 0.0005597952248096359]], [[500.0], [0.008780207329740128, 0.012304873370596667]], [[500.0], [0.016158951135973137, 0.06257394622815284]], [[455.3], [0.001249859924428165, 0.0005597952248096359]], [[455.3], [0.001249859924428165, 0.0005597952248096359]], [[500.0], [0.008780207329740128, 0.012304873370596667]], [[160.8], [0.15596721321344376, 0.5018587389060756]], [[500.0], [0.008780207329740128, 0.012304873370596667]], [[479.4], [-0.11986876527468364, -0.02928240599030513]]]}