{"102": [[[345.3], [-0.11121285458405814, 0.5128743331968499]], [[345.3], [-0.11121285458405814, 0.5128743331968499]], [[15.6], [0.03057920994857947, -0.5419642160954088]], [[345.3], [-0.11121285458405814, 0.5128743331968499]], [[345.3], [-0.11121285458405814, 0.5128743331968499]], [[345.3], [-0.11121285458405814, 0.5128743331968499]], [[345.3], [-0.11121285458405814, 0.5128743331968499]], [[345.3], [-0.11121285458405814, 0.5128743331968499]], [[345.3], [-0.11121285458405814, 0.5128743331968499]], [[345.3], [-0.11121285458405814, 0.5128743331968499]], [[345.3], [-0.11121285458405814, 0.5128743331968499]], [[47.2], [0.030636293813586235, 0.5385585164909729]], [[345.3], [-0.11121285458405814, 0.5128743331968499]], [[345.3], [-0.11121285458405814, 0.5128743331968499]], [[345.3], [-0.11121285458405814, 0.5128743331968499]], [[345.3], [-0.11121285458405814, 0.5128743331968499]], [[345.3], [-0.11121285458405814, 0.5128743331968499]], [[345.3], [-0.11121285458405814, 0.5128743331968499]], [[32.4], [-0.015667229890823364, 0.582378375473205]], [[345.3], [-0.11121285458405814, 0.5128743331968499]], [[345.3], [-0.11121285458405814, 0.5128743331968499]], [[345.3], [-0.11121285458405814, 0.5128743331968499]], [[53.4], [0.016931677237153053, 0.5146324206767471]], [[345.3], [-0.11121285458405814, 0.5128743331968499]], [[345.3], [-0.11121285458405814, 0.5128743331968499]], [[9.6], [0.03666744567453861, -0.5957981901305714]], [[345.3], [-0.11121285458405814, 0.5128743331968499]], [[345.3], [-0.11121285458405814, 0.5128743331968499]], [[345.3], [-0.11121285458405814, 0.5128743331968499]], [[345.3], [-0.11121285458405814, 0.5128743331968499]]], "101": [[[500.0], [0.4437304039796194, 0.0071282237857295]], [[500.0], [0.4437304039796194, 0.0071282237857295]], [[500.0], [0.4437304039796194, 0.0071282237857295]], [[500.0], [0.4437304039796194, 0.0071282237857295]], [[500.0], [0.4437304039796194, 0.0071282237857295]], [[500.0], [0.4437304039796194, 0.0071282237857295]], [[500.0], [0.4437304039796194, 0.0071282237857295]], [[500.0], [0.4437304039796194, 0.0071282237857295]], [[500.0], [0.4437304039796194, 0.0071282237857295]], [[500.0], [0.4437304039796194, 0.0071282237857295]], [[12.3], [-0.02422912201533715, 0.5089496953065316]], [[500.0], [0.4437304039796194, 0.0071282237857295]], [[500.0], [0.4437304039796194, 0.0071282237857295]], [[38.6], [0.010959618569662174, -0.5301634945937892]], [[500.0], [0.4437304039796194, 0.0071282237857295]], [[500.0], [0.4437304039796194, 0.0071282237857295]], [[500.0], [0.4437304039796194, 0.0071282237857295]], [[9.6], [0.03666744567453861, -0.5957981901305714]], [[500.0], [0.4437304039796194, 0.0071282237857295]], [[500.0], [0.4437304039796194, 0.0071282237857295]], [[500.0], [0.4437304039796194, 0.0071282237857295]], [[500.0], [0.4437304039796194, 0.0071282237857295]], [[500.0], [0.4437304039796194, 0.0071282237857295]], [[500.0], [0.4437304039796194, 0.0071282237857295]], [[500.0], [0.4437304039796194, 0.0071282237857295]], [[500.0], [0.4437304039796194, 0.0071282237857295]], [[9.6], [0.035043939327200256, -0.5681308333953602]], [[56.9], [0.05852511152625084, -0.5069795692936656]], [[56.9], [0.05852511152625084, -0.5069795692936656]], [[500.0], [0.4437304039796194, 0.0071282237857295]]], "103": [[[9.4], [-0.02940102480351925, 0.5648723273186023]], [[290.3], [-0.4968109726905823, 0.5406236819673383]], [[500.0], [0.01634125908215841, 0.016431085783186142]], [[78.1], [0.026700493569175403, 0.5067433252859344]], [[500.0], [0.01634125908215841, 0.016431085783186142]], [[500.0], [0.01634125908215841, 0.016431085783186142]], [[500.0], [0.01634125908215841, 0.016431085783186142]], [[500.0], [0.01634125908215841, 0.016431085783186142]], [[500.0], [0.01634125908215841, 0.016431085783186142]], [[500.0], [0.01634125908215841, 0.016431085783186142]], [[290.3], [-0.4968109726905823, 0.5406236819673383]], [[500.0], [0.01634125908215841, 0.016431085783186142]], [[15.8], [-0.023193925929566227, 0.5421887673259352]], [[9.4], [-0.02940102480351925, 0.5648723273186023]], [[500.0], [0.01634125908215841, 0.016431085783186142]], [[500.0], [0.01634125908215841, 0.016431085783186142]], [[500.0], [0.01634125908215841, 0.016431085783186142]], [[500.0], [0.01634125908215841, 0.016431085783186142]], [[290.3], [-0.4968109726905823, 0.5406236819673383]], [[500.0], [0.01634125908215841, 0.016431085783186142]], [[290.3], [-0.4968109726905823, 0.5406236819673383]], [[78.1], [0.026700493569175403, 0.5067433252859344]], [[500.0], [0.01634125908215841, 0.016431085783186142]], [[500.0], [0.01634125908215841, 0.016431085783186142]], [[500.0], [0.01634125908215841, 0.016431085783186142]], [[500.0], [0.01634125908215841, 0.016431085783186142]], [[500.0], [0.01634125908215841, 0.016431085783186142]], [[500.0], [0.01634125908215841, 0.016431085783186142]], [[500.0], [0.01634125908215841, 0.016431085783186142]], [[500.0], [0.01634125908215841, 0.016431085783186142]]]}