{"101": [[[357.2], [-0.5033974349498749, -0.03563262228118746]], [[357.2], [-0.5033974349498749, -0.03563262228118746]], [[20.5], [0.027376161888241768, -0.5188838146520003]], [[357.2], [-0.5033974349498749, -0.03563262228118746]], [[357.2], [-0.5033974349498749, -0.03563262228118746]], [[357.2], [-0.5033974349498749, -0.03563262228118746]], [[357.2], [-0.5033974349498749, -0.03563262228118746]], [[357.2], [-0.5033974349498749, -0.03563262228118746]], [[357.2], [-0.5033974349498749, -0.03563262228118746]], [[357.2], [-0.5033974349498749, -0.03563262228118746]], [[20.5], [0.027376161888241768, -0.5188838146520003]], [[357.2], [-0.5033974349498749, -0.03563262228118746]], [[357.2], [-0.5033974349498749, -0.03563262228118746]], [[357.2], [-0.5033974349498749, -0.03563262228118746]], [[357.2], [-0.5033974349498749, -0.03563262228118746]], [[20.5], [0.027376161888241768, -0.5188838146520003]], [[357.2], [-0.5033974349498749, -0.03563262228118746]], [[500.0], [-0.21089004973570508, 0.005000521558109653]], [[32.5], [-0.0018553379535054169, 0.5168461343318081]], [[357.2], [-0.5033974349498749, -0.03563262228118746]], [[357.2], [-0.5033974349498749, -0.03563262228118746]], [[357.2], [-0.5033974349498749, -0.03563262228118746]], [[357.2], [-0.5033974349498749, -0.03563262228118746]], [[357.2], [-0.5033974349498749, -0.03563262228118746]], [[349.3], [0.017869267612695694, 0.013233852042464548]], [[357.2], [-0.5033974349498749, -0.03563262228118746]], [[357.2], [-0.5033974349498749, -0.03563262228118746]], [[357.2], [-0.5033974349498749, -0.03563262228118746]], [[357.2], [-0.5033974349498749, -0.03563262228118746]], [[357.2], [-0.5033974349498749, -0.03563262228118746]]], "102": [[[500.0], [0.0028062584654738507, -0.009945476801985759]], [[500.0], [0.0012082537674965959, 0.010997622884346537]], [[500.0], [0.0028062584654738507, -0.009945476801985759]], [[38.6], [-0.009971804295976957, 0.5164516456959921]], [[500.0], [0.0028062584654738507, -0.009945476801985759]], [[500.0], [0.0028062584654738507, -0.009945476801985759]], [[500.0], [0.0028062584654738507, -0.009945476801985759]], [[500.0], [0.0028062584654738507, -0.009945476801985759]], [[500.0], [0.0028062584654738507, -0.009945476801985759]], [[500.0], [0.0028062584654738507, -0.009945476801985759]], [[500.0], [0.0028062584654738507, -0.009945476801985759]], [[500.0], [0.0028062584654738507, -0.009945476801985759]], [[9.6], [0.03666744567453861, -0.5957981901305714]], [[500.0], [0.0028062584654738507, -0.009945476801985759]], [[500.0], [0.0028062584654738507, -0.009945476801985759]], [[35.8], [-0.011594390186170738, 0.54408431623541]], [[500.0], [0.0028062584654738507, -0.009945476801985759]], [[35.8], [-0.011594390186170738, 0.54408431623541]], [[500.0], [0.0028062584654738507, -0.009945476801985759]], [[500.0], [0.0028062584654738507, -0.009945476801985759]], [[500.0], [0.0028062584654738507, -0.009945476801985759]], [[500.0], [0.0028062584654738507, -0.009945476801985759]], [[500.0], [0.0028062584654738507, -0.009945476801985759]], [[500.0], [0.0028062584654738507, -0.009945476801985759]], [[500.0], [0.0028062584654738507, -0.009945476801985759]], [[500.0], [0.0028062584654738507, -0.009945476801985759]], [[500.0], [0.0028062584654738507, -0.009945476801985759]], [[63.5], [0.01848808489739895, 0.5176355037392611]], [[500.0], [0.0028062584654738507, -0.009945476801985759]], [[500.0], [0.0028062584654738507, -0.009945476801985759]]], "103": [[[420.7], [0.19474228223164877, 0.12338050066284016]], [[500.0], [-0.0030550252025326094, -0.06030527117292277]], [[420.7], [0.19474228223164877, 0.12338050066284016]], [[500.0], [-0.0030550252025326094, -0.06030527117292277]], [[500.0], [-0.0030550252025326094, -0.06030527117292277]], [[24.0], [-0.017488102118174236, 0.5217355332876507]], [[420.7], [0.19474228223164877, 0.12338050066284016]], [[500.0], [-0.0030550252025326094, -0.06030527117292277]], [[500.0], [-0.0030550252025326094, -0.06030527117292277]], [[500.0], [-0.0030550252025326094, -0.06030527117292277]], [[500.0], [-0.0030550252025326094, -0.06030527117292277]], [[420.7], [0.19474228223164877, 0.12338050066284016]], [[420.7], [0.19474228223164877, 0.12338050066284016]], [[500.0], [-0.0030550252025326094, -0.06030527117292277]], [[24.0], [-0.017488102118174236, 0.5217355332876507]], [[500.0], [-0.0030550252025326094, -0.06030527117292277]], [[420.7], [0.19474228223164877, 0.12338050066284016]], [[500.0], [-0.0030550252025326094, -0.06030527117292277]], [[14.9], [0.03105493262410164, -0.5388277355563698]], [[420.7], [0.19474228223164877, 0.12338050066284016]], [[500.0], [-0.0030550252025326094, -0.06030527117292277]], [[500.0], [-0.0030550252025326094, -0.06030527117292277]], [[500.0], [-0.0030550252025326094, -0.06030527117292277]], [[500.0], [-0.0030550252025326094, -0.06030527117292277]], [[500.0], [-0.0030550252025326094, -0.06030527117292277]], [[500.0], [-0.0030550252025326094, -0.06030527117292277]], [[420.7], [0.19474228223164877, 0.12338050066284016]], [[500.0], [-0.0030550252025326094, -0.06030527117292277]], [[163.4], [-0.42610347270965576, -0.504229092997227]], [[35.4], [-0.0018553379535054169, 0.5168461343318081]]]}