{"101": [[[500.0], [0.03555215274294218, -0.16368845361841924]], [[500.0], [-0.04681478875378768, -0.028639909272131166]], [[500.0], [0.03555215274294218, -0.16368845361841924]], [[500.0], [-0.04681478875378768, -0.028639909272131166]], [[500.0], [0.03555215274294218, -0.16368845361841924]], [[500.0], [-0.04681478875378768, -0.028639909272131166]], [[500.0], [0.03555215274294218, -0.16368845361841924]], [[500.0], [0.03555215274294218, -0.16368845361841924]], [[500.0], [0.03555215274294218, -0.16368845361841924]], [[500.0], [0.03555215274294218, -0.16368845361841924]], [[500.0], [0.03555215274294218, -0.16368845361841924]], [[500.0], [0.03555215274294218, -0.16368845361841924]], [[500.0], [0.03555215274294218, -0.16368845361841924]], [[500.0], [0.03555215274294218, -0.16368845361841924]], [[500.0], [-0.04681478875378768, -0.028639909272131166]], [[500.0], [0.03555215274294218, -0.16368845361841924]], [[500.0], [-0.04681478875378768, -0.028639909272131166]], [[500.0], [-0.04681478875378768, -0.028639909272131166]], [[500.0], [-0.04681478875378768, -0.028639909272131166]], [[500.0], [0.03555215274294218, -0.16368845361841924]], [[500.0], [0.03555215274294218, -0.16368845361841924]], [[500.0], [0.03555215274294218, -0.16368845361841924]], [[500.0], [0.03555215274294218, -0.16368845361841924]], [[500.0], [0.03555215274294218, -0.16368845361841924]], [[500.0], [0.03555215274294218, -0.16368845361841924]], [[500.0], [0.03555215274294218, -0.16368845361841924]], [[500.0], [0.03555215274294218, -0.16368845361841924]], [[18.333333333333332], [0.03054444988568624, -0.5346073559596778]], [[500.0], [0.03555215274294218, -0.16368845361841924]], [[500.0], [0.03555215274294218, -0.16368845361841924]]], "102": [[[500.0], [-0.04660399009784063, -0.08214417506348004]], [[500.0], [-0.04660399009784063, -0.08214417506348004]], [[500.0], [-0.04660399009784063, -0.08214417506348004]], [[500.0], [-0.04660399009784063, -0.08214417506348004]], [[500.0], [-0.04660399009784063, -0.08214417506348004]], [[500.0], [-0.04660399009784063, -0.08214417506348004]], [[500.0], [-0.04660399009784063, -0.08214417506348004]], [[500.0], [-0.04660399009784063, -0.08214417506348004]], [[500.0], [-0.04660399009784063, -0.08214417506348004]], [[500.0], [-0.04660399009784063, -0.08214417506348004]], [[500.0], [-0.04660399009784063, -0.08214417506348004]], [[500.0], [-0.04660399009784063, -0.08214417506348004]], [[500.0], [-0.04660399009784063, -0.08214417506348004]], [[500.0], [-0.04660399009784063, -0.08214417506348004]], [[500.0], [-0.04660399009784063, -0.08214417506348004]], [[500.0], [-0.04660399009784063, -0.08214417506348004]], [[500.0], [-0.04660399009784063, -0.08214417506348004]], [[500.0], [-0.04660399009784063, -0.08214417506348004]], [[500.0], [-0.04660399009784063, -0.08214417506348004]], [[500.0], [-0.04660399009784063, -0.08214417506348004]], [[500.0], [-0.04660399009784063, -0.08214417506348004]], [[9.4], [0.04000722120205562, -0.6141212710923556]], [[500.0], [-0.04660399009784063, -0.08214417506348004]], [[500.0], [-0.04660399009784063, -0.08214417506348004]], [[500.0], [-0.04660399009784063, -0.08214417506348004]], [[500.0], [-0.04660399009784063, -0.08214417506348004]], [[500.0], [-0.04660399009784063, -0.08214417506348004]], [[500.0], [-0.04660399009784063, -0.08214417506348004]], [[500.0], [-0.04660399009784063, -0.08214417506348004]], [[500.0], [-0.04660399009784063, -0.08214417506348004]]], "103": [[[427.8666666666667], [0.018299037280182045, -0.015848883289540785]], [[427.8666666666667], [0.018299037280182045, -0.015848883289540785]], [[427.8666666666667], [0.018299037280182045, -0.015848883289540785]], [[500.0], [-0.0031710503390058875, 0.05037914605089352]], [[427.8666666666667], [0.018299037280182045, -0.015848883289540785]], [[427.8666666666667], [0.018299037280182045, -0.015848883289540785]], [[427.8666666666667], [0.018299037280182045, -0.015848883289540785]], [[349.06666666666666], [5.197015222317229e-05, -0.00014605715538878618]], [[500.0], [-0.0031710503390058875, 0.05037914605089352]], [[427.8666666666667], [0.018299037280182045, -0.015848883289540785]], [[500.0], [-0.0031710503390058875, 0.05037914605089352]], [[427.8666666666667], [0.018299037280182045, -0.015848883289540785]], [[427.8666666666667], [0.018299037280182045, -0.015848883289540785]], [[427.8666666666667], [0.018299037280182045, -0.015848883289540785]], [[427.8666666666667], [0.018299037280182045, -0.015848883289540785]], [[427.8666666666667], [0.018299037280182045, -0.015848883289540785]], [[427.8666666666667], [0.018299037280182045, -0.015848883289540785]], [[427.8666666666667], [0.018299037280182045, -0.015848883289540785]], [[427.8666666666667], [0.018299037280182045, -0.015848883289540785]], [[349.06666666666666], [5.197015222317229e-05, -0.00014605715538878618]], [[427.8666666666667], [0.018299037280182045, -0.015848883289540785]], [[427.8666666666667], [0.018299037280182045, -0.015848883289540785]], [[427.8666666666667], [0.018299037280182045, -0.015848883289540785]], [[349.06666666666666], [5.197015222317229e-05, -0.00014605715538878618]], [[427.8666666666667], [0.018299037280182045, -0.015848883289540785]], [[500.0], [-0.0031710503390058875, 0.05037914605089352]], [[427.8666666666667], [0.018299037280182045, -0.015848883289540785]], [[427.8666666666667], [0.018299037280182045, -0.015848883289540785]], [[427.8666666666667], [0.018299037280182045, -0.015848883289540785]], [[427.8666666666667], [0.018299037280182045, -0.015848883289540785]]]}