{"102": [[[16.0], [0.03037220487991969, -0.523277589578948]], [[200.9], [-0.5060418446858724, -0.47196547665664457]], [[500.0], [0.09364549691478412, 0.012552312187600934]], [[500.0], [0.08614258840680122, -0.007709098364890477]], [[500.0], [0.08614258840680122, -0.007709098364890477]], [[500.0], [0.09364549691478412, 0.012552312187600934]], [[16.0], [0.03037220487991969, -0.523277589578948]], [[78.0], [-0.033366267258922264, -0.504046393353403]], [[500.0], [0.08614258840680122, -0.007709098364890477]], [[500.0], [0.08614258840680122, -0.007709098364890477]], [[500.0], [0.09364549691478412, 0.012552312187600934]], [[101.8], [0.028983022396763168, 0.5439542340890072]], [[126.4], [0.3783023109038671, -0.5093661435483176]], [[126.4], [0.3783023109038671, -0.5093661435483176]], [[500.0], [0.08614258840680122, -0.007709098364890477]], [[500.0], [0.08614258840680122, -0.007709098364890477]], [[121.6], [0.3335246443748474, 0.5097364980067933]], [[126.4], [0.3783023109038671, -0.5093661435483176]], [[200.9], [-0.5060418446858724, -0.47196547665664457]], [[33.0], [-0.008346095370749634, 0.5229243821504584]], [[121.6], [0.3335246443748474, 0.5097364980067933]], [[500.0], [0.08614258840680122, -0.007709098364890477]], [[500.0], [0.08614258840680122, -0.007709098364890477]], [[500.0], [0.09364549691478412, 0.012552312187600934]], [[14.1], [-0.024876988803346954, 0.5504739198958475]], [[500.0], [0.08614258840680122, -0.007709098364890477]], [[500.0], [0.08614258840680122, -0.007709098364890477]], [[78.0], [-0.033366267258922264, -0.504046393353403]], [[13.9], [0.03104235976934433, -0.5355587844072917]], [[121.6], [0.3335246443748474, 0.5097364980067933]]], "101": [[[12.2], [0.03131717133025329, -0.5152181289983138]], [[500.0], [0.24220777054627737, -0.003948086386983189]], [[500.0], [0.24220777054627737, -0.003948086386983189]], [[500.0], [0.24220777054627737, -0.003948086386983189]], [[500.0], [0.24220777054627737, -0.003948086386983189]], [[500.0], [0.24220777054627737, -0.003948086386983189]], [[500.0], [0.24220777054627737, -0.003948086386983189]], [[32.7], [0.011855180685718855, -0.5018790230226289]], [[40.1], [0.020454948147137962, 0.513455549780832]], [[500.0], [-0.24875973661740622, -0.006851688936424028]], [[12.2], [0.03131717133025329, -0.5152181289983138]], [[500.0], [-0.24875973661740622, -0.006851688936424028]], [[500.0], [0.24220777054627737, -0.003948086386983189]], [[500.0], [0.24220777054627737, -0.003948086386983189]], [[500.0], [0.24220777054627737, -0.003948086386983189]], [[9.6], [0.03666744567453861, -0.5957981901305714]], [[52.4], [0.008761823798219364, 0.5281660616683047]], [[232.9], [-0.5009238421916962, 0.0876440314584942]], [[9.6], [0.03666744567453861, -0.5957981901305714]], [[500.0], [0.15892568975687027, -0.016999183641523835]], [[55.4], [0.014405051867167156, -0.511226970613288]], [[500.0], [0.24220777054627737, -0.003948086386983189]], [[500.0], [0.24220777054627737, -0.003948086386983189]], [[500.0], [-0.2805880208810171, -0.00865450329436925]], [[232.9], [-0.5009238421916962, 0.0876440314584942]], [[500.0], [0.24220777054627737, -0.003948086386983189]], [[500.0], [-0.2805880208810171, -0.00865450329436925]], [[500.0], [-0.2805880208810171, -0.00865450329436925]], [[500.0], [-0.24875973661740622, -0.006851688936424028]], [[9.6], [0.03666744567453861, -0.5957981901305714]]], "103": [[[500.0], [-0.06552273407578468, 0.024657438032364733]], [[500.0], [-0.06552273407578468, 0.024657438032364733]], [[500.0], [-0.06552273407578468, 0.024657438032364733]], [[500.0], [-0.06552273407578468, 0.024657438032364733]], [[500.0], [-0.06552273407578468, 0.024657438032364733]], [[500.0], [-0.06552273407578468, 0.024657438032364733]], [[28.4], [-0.008881793667872747, 0.5217762084668903]], [[500.0], [-0.06552273407578468, 0.024657438032364733]], [[500.0], [-0.06552273407578468, 0.024657438032364733]], [[500.0], [-0.06552273407578468, 0.024657438032364733]], [[9.4], [-0.02940102480351925, 0.5648723273186023]], [[500.0], [-0.06552273407578468, 0.024657438032364733]], [[55.8], [0.11213410645723343, -0.5145058677527323]], [[500.0], [-0.06552273407578468, 0.024657438032364733]], [[55.8], [0.11213410645723343, -0.5145058677527323]], [[500.0], [-0.06552273407578468, 0.024657438032364733]], [[55.8], [0.11213410645723343, -0.5145058677527323]], [[500.0], [-0.06552273407578468, 0.024657438032364733]], [[118.5], [-0.23547363777955374, 0.5038373849608682]], [[500.0], [-0.06552273407578468, 0.024657438032364733]], [[500.0], [-0.06552273407578468, 0.024657438032364733]], [[118.5], [-0.23547363777955374, 0.5038373849608682]], [[21.9], [0.027376161888241768, -0.5188838146520003]], [[500.0], [-0.06552273407578468, 0.024657438032364733]], [[500.0], [-0.06552273407578468, 0.024657438032364733]], [[55.8], [0.11213410645723343, -0.5145058677527323]], [[500.0], [-0.06552273407578468, 0.024657438032364733]], [[500.0], [-0.06552273407578468, 0.024657438032364733]], [[118.5], [-0.23547363777955374, 0.5038373849608682]], [[20.4], [-0.017166252558430038, 0.5299070021182156]]]}