{"102": [[[37.0], [0.02008833301564058, -0.5180679226035707]], [[59.0], [0.01848808489739895, 0.5176355037392611]], [[365.1], [-0.5025532841682434, -0.23302375272130282]], [[394.9], [0.5000865459442139, 0.19757675996237395]], [[500.0], [0.005739862487340967, 0.01469230876442348]], [[500.0], [0.005739862487340967, 0.01469230876442348]], [[500.0], [0.005739862487340967, 0.01469230876442348]], [[365.1], [-0.5025532841682434, -0.23302375272130282]], [[365.1], [-0.5025532841682434, -0.23302375272130282]], [[461.2], [0.4708148042360942, 0.05710816108866742]], [[394.9], [0.5000865459442139, 0.19757675996237395]], [[500.0], [0.005739862487340967, 0.01469230876442348]], [[16.1], [-0.023221736773848534, 0.5143354669141997]], [[365.1], [-0.5025532841682434, -0.23302375272130282]], [[500.0], [0.005739862487340967, 0.01469230876442348]], [[365.1], [-0.5025532841682434, -0.23302375272130282]], [[365.1], [-0.5025532841682434, -0.23302375272130282]], [[365.1], [-0.5025532841682434, -0.23302375272130282]], [[365.1], [-0.5025532841682434, -0.23302375272130282]], [[365.1], [-0.5025532841682434, -0.23302375272130282]], [[365.1], [-0.5025532841682434, -0.23302375272130282]], [[365.1], [-0.5025532841682434, -0.23302375272130282]], [[500.0], [-0.15028218428293866, -0.002756793637933771]], [[500.0], [0.005739862487340967, 0.01469230876442348]], [[365.1], [-0.5025532841682434, -0.23302375272130282]], [[500.0], [0.005739862487340967, 0.01469230876442348]], [[500.0], [0.005739862487340967, 0.01469230876442348]], [[365.1], [-0.5025532841682434, -0.23302375272130282]], [[500.0], [0.005739862487340967, 0.01469230876442348]], [[365.1], [-0.5025532841682434, -0.23302375272130282]]], "103": [[[500.0], [0.0012931909683781366, -0.010501050822543757]], [[129.3], [-0.38759559392929077, 0.5180398670680215]], [[500.0], [0.0012931909683781366, -0.010501050822543757]], [[383.5], [0.06487625961502394, 0.006172074111953877]], [[382.6], [0.11953689157962799, -0.0202563774001085]], [[500.0], [0.0012931909683781366, -0.010501050822543757]], [[500.0], [0.0012931909683781366, -0.010501050822543757]], [[500.0], [0.0012931909683781366, -0.010501050822543757]], [[471.8], [0.11911721279223761, 0.08672790414693823]], [[500.0], [0.0012931909683781366, -0.010501050822543757]], [[500.0], [0.0012931909683781366, -0.010501050822543757]], [[382.6], [0.11953689157962799, -0.0202563774001085]], [[9.2], [-0.02940102480351925, 0.5648723273186023]], [[70.6], [0.03278815187513828, 0.5214131976428785]], [[500.0], [0.0012931909683781366, -0.010501050822543757]], [[471.8], [0.11911721279223761, 0.08672790414693823]], [[69.6], [0.02728298306465149, 0.5035226781402479]], [[500.0], [0.0012931909683781366, -0.010501050822543757]], [[500.0], [-0.014118392330904802, 0.05459696339648306]], [[382.6], [0.11953689157962799, -0.0202563774001085]], [[500.0], [0.0012931909683781366, -0.010501050822543757]], [[382.6], [0.11953689157962799, -0.0202563774001085]], [[500.0], [0.0012931909683781366, -0.010501050822543757]], [[471.8], [0.11911721279223761, 0.08672790414693823]], [[500.0], [0.0012931909683781366, -0.010501050822543757]], [[382.6], [0.11953689157962799, -0.0202563774001085]], [[137.0], [0.31890422105789185, 0.5250374594943946]], [[500.0], [0.0012931909683781366, -0.010501050822543757]], [[382.6], [0.11953689157962799, -0.0202563774001085]], [[382.6], [0.11953689157962799, -0.0202563774001085]]], "101": [[[500.0], [-0.0018261611694470048, 0.012018200919103396]], [[500.0], [-0.0018261611694470048, 0.012018200919103396]], [[500.0], [-0.0018261611694470048, 0.012018200919103396]], [[85.9], [0.03999873685340087, 0.5233103150956369]], [[340.6], [0.1787135750055313, 0.5050865514426711]], [[194.7], [0.33074552814165753, 0.5151696467513673]], [[500.0], [-0.0018261611694470048, 0.012018200919103396]], [[171.7], [0.19404524316390356, 0.5137044490809646]], [[500.0], [-0.0018261611694470048, 0.012018200919103396]], [[500.0], [-0.0018261611694470048, 0.012018200919103396]], [[500.0], [-0.0018261611694470048, 0.012018200919103396]], [[500.0], [-0.0018261611694470048, 0.012018200919103396]], [[500.0], [-0.0018261611694470048, 0.012018200919103396]], [[194.7], [0.33074552814165753, 0.5151696467513673]], [[500.0], [-0.0018261611694470048, 0.012018200919103396]], [[500.0], [-0.0018261611694470048, 0.012018200919103396]], [[114.3], [0.08304039637247722, 0.5098748506541457]], [[9.6], [0.03666744567453861, -0.5957981901305714]], [[500.0], [-0.0018261611694470048, 0.012018200919103396]], [[500.0], [-0.0018261611694470048, 0.012018200919103396]], [[500.0], [-0.0018261611694470048, 0.012018200919103396]], [[500.0], [-0.0018261611694470048, 0.012018200919103396]], [[500.0], [-0.0018261611694470048, 0.012018200919103396]], [[500.0], [-0.0018261611694470048, 0.012018200919103396]], [[500.0], [-0.0018261611694470048, 0.012018200919103396]], [[500.0], [-0.0018261611694470048, 0.012018200919103396]], [[500.0], [-0.0018261611694470048, 0.012018200919103396]], [[500.0], [-0.0018261611694470048, 0.012018200919103396]], [[500.0], [-0.0018261611694470048, 0.012018200919103396]], [[500.0], [-0.0018261611694470048, 0.012018200919103396]]]}