{"102": [[[490.6], [0.001285821005391578, -0.008697866052210903]], [[490.6], [0.001285821005391578, -0.008697866052210903]], [[490.6], [0.001285821005391578, -0.008697866052210903]], [[490.6], [0.001285821005391578, -0.008697866052210903]], [[490.6], [0.001285821005391578, -0.008697866052210903]], [[490.6], [0.001285821005391578, -0.008697866052210903]], [[490.6], [0.001285821005391578, -0.008697866052210903]], [[490.6], [0.001285821005391578, -0.008697866052210903]], [[490.6], [0.001285821005391578, -0.008697866052210903]], [[490.6], [0.001285821005391578, -0.008697866052210903]], [[490.6], [0.001285821005391578, -0.008697866052210903]], [[490.6], [0.001285821005391578, -0.008697866052210903]], [[490.6], [0.001285821005391578, -0.008697866052210903]], [[490.6], [0.001285821005391578, -0.008697866052210903]], [[490.6], [0.001285821005391578, -0.008697866052210903]], [[490.6], [0.001285821005391578, -0.008697866052210903]], [[490.6], [0.001285821005391578, -0.008697866052210903]], [[490.6], [0.001285821005391578, -0.008697866052210903]], [[490.6], [0.001285821005391578, -0.008697866052210903]], [[490.6], [0.001285821005391578, -0.008697866052210903]], [[490.6], [0.001285821005391578, -0.008697866052210903]], [[490.6], [0.001285821005391578, -0.008697866052210903]], [[490.6], [0.001285821005391578, -0.008697866052210903]], [[490.6], [0.001285821005391578, -0.008697866052210903]], [[490.6], [0.001285821005391578, -0.008697866052210903]], [[490.6], [0.001285821005391578, -0.008697866052210903]], [[490.6], [0.001285821005391578, -0.008697866052210903]], [[490.6], [0.001285821005391578, -0.008697866052210903]], [[490.6], [0.001285821005391578, -0.008697866052210903]], [[490.6], [0.001285821005391578, -0.008697866052210903]]], "103": [[[500.0], [0.0043309542040030164, -0.01229798871328671]], [[500.0], [0.0043309542040030164, -0.01229798871328671]], [[500.0], [0.0043309542040030164, -0.01229798871328671]], [[500.0], [0.0043309542040030164, -0.01229798871328671]], [[500.0], [0.0043309542040030164, -0.01229798871328671]], [[500.0], [0.0043309542040030164, -0.01229798871328671]], [[500.0], [0.0043309542040030164, -0.01229798871328671]], [[500.0], [0.0043309542040030164, -0.01229798871328671]], [[500.0], [0.0043309542040030164, -0.01229798871328671]], [[500.0], [0.0043309542040030164, -0.01229798871328671]], [[500.0], [0.0043309542040030164, -0.01229798871328671]], [[500.0], [0.0043309542040030164, -0.01229798871328671]], [[500.0], [0.0043309542040030164, -0.01229798871328671]], [[500.0], [0.0043309542040030164, -0.01229798871328671]], [[500.0], [0.0043309542040030164, -0.01229798871328671]], [[500.0], [0.0043309542040030164, -0.01229798871328671]], [[500.0], [0.0043309542040030164, -0.01229798871328671]], [[500.0], [0.0043309542040030164, -0.01229798871328671]], [[500.0], [0.0043309542040030164, -0.01229798871328671]], [[500.0], [0.0043309542040030164, -0.01229798871328671]], [[39.9], [-9.792391210794449e-05, 0.5027117056139349]], [[9.7], [0.03666744567453861, -0.5957981901305714]], [[500.0], [0.0043309542040030164, -0.01229798871328671]], [[500.0], [0.0043309542040030164, -0.01229798871328671]], [[500.0], [0.0043309542040030164, -0.01229798871328671]], [[500.0], [0.0043309542040030164, -0.01229798871328671]], [[500.0], [0.0043309542040030164, -0.01229798871328671]], [[500.0], [0.0043309542040030164, -0.01229798871328671]], [[500.0], [0.0043309542040030164, -0.01229798871328671]], [[500.0], [0.0043309542040030164, -0.01229798871328671]]], "101": [[[500.0], [0.040637829030553504, 0.003927179532009734]], [[500.0], [0.040637829030553504, 0.003927179532009734]], [[500.0], [0.040637829030553504, 0.003927179532009734]], [[500.0], [0.040637829030553504, 0.003927179532009734]], [[500.0], [0.040637829030553504, 0.003927179532009734]], [[500.0], [0.040637829030553504, 0.003927179532009734]], [[500.0], [0.040637829030553504, 0.003927179532009734]], [[500.0], [0.040637829030553504, 0.003927179532009734]], [[500.0], [0.040637829030553504, 0.003927179532009734]], [[500.0], [0.040637829030553504, 0.003927179532009734]], [[500.0], [0.040637829030553504, 0.003927179532009734]], [[500.0], [0.040637829030553504, 0.003927179532009734]], [[500.0], [0.040637829030553504, 0.003927179532009734]], [[500.0], [0.040637829030553504, 0.003927179532009734]], [[500.0], [0.040637829030553504, 0.003927179532009734]], [[500.0], [0.040637829030553504, 0.003927179532009734]], [[500.0], [0.040637829030553504, 0.003927179532009734]], [[500.0], [0.040637829030553504, 0.003927179532009734]], [[500.0], [0.040637829030553504, 0.003927179532009734]], [[500.0], [0.040637829030553504, 0.003927179532009734]], [[500.0], [0.040637829030553504, 0.003927179532009734]], [[500.0], [0.040637829030553504, 0.003927179532009734]], [[187.7], [0.1960053046544393, 0.5257088316684705]], [[500.0], [0.040637829030553504, 0.003927179532009734]], [[500.0], [0.040637829030553504, 0.003927179532009734]], [[500.0], [0.040637829030553504, 0.003927179532009734]], [[500.0], [0.040637829030553504, 0.003927179532009734]], [[500.0], [0.040637829030553504, 0.003927179532009734]], [[500.0], [0.040637829030553504, 0.003927179532009734]], [[500.0], [0.040637829030553504, 0.003927179532009734]]]}