{"102": [[[500.0], [0.004582748515531421, 0.003708883257734291]], [[500.0], [0.004582748515531421, 0.003708883257734291]], [[500.0], [0.004582748515531421, 0.003708883257734291]], [[500.0], [0.004582748515531421, 0.003708883257734291]], [[500.0], [0.004582748515531421, 0.003708883257734291]], [[500.0], [0.004582748515531421, 0.003708883257734291]], [[500.0], [0.004582748515531421, 0.003708883257734291]], [[500.0], [0.004582748515531421, 0.003708883257734291]], [[500.0], [0.004582748515531421, 0.003708883257734291]], [[500.0], [0.004582748515531421, 0.003708883257734291]], [[500.0], [0.004582748515531421, 0.003708883257734291]], [[500.0], [0.004582748515531421, 0.003708883257734291]], [[500.0], [0.004582748515531421, 0.003708883257734291]], [[500.0], [0.004582748515531421, 0.003708883257734291]], [[500.0], [0.004582748515531421, 0.003708883257734291]], [[500.0], [0.004582748515531421, 0.003708883257734291]], [[500.0], [0.004582748515531421, 0.003708883257734291]], [[500.0], [0.004582748515531421, 0.003708883257734291]], [[500.0], [0.004582748515531421, 0.003708883257734291]], [[500.0], [0.004582748515531421, 0.003708883257734291]], [[500.0], [0.004582748515531421, 0.003708883257734291]], [[500.0], [0.004582748515531421, 0.003708883257734291]], [[500.0], [0.004582748515531421, 0.003708883257734291]], [[500.0], [0.004582748515531421, 0.003708883257734291]], [[500.0], [0.004582748515531421, 0.003708883257734291]], [[500.0], [0.004582748515531421, 0.003708883257734291]], [[500.0], [0.004582748515531421, 0.003708883257734291]], [[500.0], [0.004582748515531421, 0.003708883257734291]], [[500.0], [0.004582748515531421, 0.003708883257734291]], [[500.0], [0.004582748515531421, 0.003708883257734291]]], "101": [[[500.0], [-0.04177674651145935, 0.23104551662668657]], [[498.6666666666667], [0.004691330250352621, -0.02380132309771611]], [[500.0], [-0.04177674651145935, 0.23104551662668657]], [[498.6666666666667], [0.004691330250352621, -0.02380132309771611]], [[500.0], [-0.04177674651145935, 0.23104551662668657]], [[498.6666666666667], [0.004691330250352621, -0.02380132309771611]], [[500.0], [-0.04177674651145935, 0.23104551662668657]], [[500.0], [-0.04177674651145935, 0.23104551662668657]], [[500.0], [-0.04177674651145935, 0.23104551662668657]], [[500.0], [-0.04177674651145935, 0.23104551662668657]], [[500.0], [-0.04177674651145935, 0.23104551662668657]], [[498.6666666666667], [0.004691330250352621, -0.02380132309771611]], [[498.6666666666667], [0.004691330250352621, -0.02380132309771611]], [[500.0], [-0.04177674651145935, 0.23104551662668657]], [[498.6666666666667], [0.004691330250352621, -0.02380132309771611]], [[500.0], [-0.04177674651145935, 0.23104551662668657]], [[500.0], [-0.04177674651145935, 0.23104551662668657]], [[500.0], [-0.04177674651145935, 0.23104551662668657]], [[498.6666666666667], [0.004691330250352621, -0.02380132309771611]], [[498.6666666666667], [0.004691330250352621, -0.02380132309771611]], [[500.0], [-0.04177674651145935, 0.23104551662668657]], [[498.6666666666667], [0.004691330250352621, -0.02380132309771611]], [[498.6666666666667], [0.004691330250352621, -0.02380132309771611]], [[500.0], [-0.04177674651145935, 0.23104551662668657]], [[498.6666666666667], [0.004691330250352621, -0.02380132309771611]], [[498.6666666666667], [0.004691330250352621, -0.02380132309771611]], [[500.0], [-0.04177674651145935, 0.23104551662668657]], [[498.6666666666667], [0.004691330250352621, -0.02380132309771611]], [[498.6666666666667], [0.004691330250352621, -0.02380132309771611]], [[500.0], [-0.04177674651145935, 0.23104551662668657]]], "103": [[[499.53333333333336], [0.019657903661330543, 0.023818561477524244]], [[499.53333333333336], [0.019657903661330543, 0.023818561477524244]], [[499.53333333333336], [0.019657903661330543, 0.023818561477524244]], [[499.53333333333336], [0.019657903661330543, 0.023818561477524244]], [[499.53333333333336], [0.019657903661330543, 0.023818561477524244]], [[499.53333333333336], [0.019657903661330543, 0.023818561477524244]], [[499.53333333333336], [0.019657903661330543, 0.023818561477524244]], [[499.53333333333336], [0.019657903661330543, 0.023818561477524244]], [[499.53333333333336], [0.019657903661330543, 0.023818561477524244]], [[175.8], [0.3404085586468379, 0.5210645532493957]], [[499.53333333333336], [0.019657903661330543, 0.023818561477524244]], [[499.53333333333336], [0.019657903661330543, 0.023818561477524244]], [[499.53333333333336], [0.019657903661330543, 0.023818561477524244]], [[499.53333333333336], [0.019657903661330543, 0.023818561477524244]], [[499.53333333333336], [0.019657903661330543, 0.023818561477524244]], [[499.53333333333336], [0.019657903661330543, 0.023818561477524244]], [[499.53333333333336], [0.019657903661330543, 0.023818561477524244]], [[500.0], [9.169269105768763e-05, -0.010305437433163516]], [[499.53333333333336], [0.019657903661330543, 0.023818561477524244]], [[499.53333333333336], [0.019657903661330543, 0.023818561477524244]], [[499.53333333333336], [0.019657903661330543, 0.023818561477524244]], [[499.53333333333336], [0.019657903661330543, 0.023818561477524244]], [[499.53333333333336], [0.019657903661330543, 0.023818561477524244]], [[499.53333333333336], [0.019657903661330543, 0.023818561477524244]], [[499.53333333333336], [0.019657903661330543, 0.023818561477524244]], [[499.53333333333336], [0.019657903661330543, 0.023818561477524244]], [[499.53333333333336], [0.019657903661330543, 0.023818561477524244]], [[499.53333333333336], [0.019657903661330543, 0.023818561477524244]], [[499.53333333333336], [0.019657903661330543, 0.023818561477524244]], [[499.53333333333336], [0.019657903661330543, 0.023818561477524244]]]}