{"103": [[[397.9], [0.05432629336913427, -0.008572623218325052]], [[85.6], [0.11339684327443442, -0.5340666719600915]], [[436.5], [0.036088821167747184, 0.004602377258383771]], [[436.5], [0.036088821167747184, 0.004602377258383771]], [[436.5], [0.036088821167747184, 0.004602377258383771]], [[397.9], [0.05432629336913427, -0.008572623218325052]], [[436.5], [0.036088821167747184, 0.004602377258383771]], [[500.0], [0.001385980770767977, -0.034123656905866696]], [[436.5], [0.036088821167747184, 0.004602377258383771]], [[477.4], [-0.22494445244471234, 0.0998937306506782]], [[436.5], [0.036088821167747184, 0.004602377258383771]], [[397.9], [0.05432629336913427, -0.008572623218325052]], [[408.1], [0.11951424181461334, -0.014524934724258464]], [[397.9], [0.05432629336913427, -0.008572623218325052]], [[397.9], [0.05432629336913427, -0.008572623218325052]], [[436.5], [0.036088821167747184, 0.004602377258383771]], [[397.9], [0.05432629336913427, -0.008572623218325052]], [[436.5], [0.036088821167747184, 0.004602377258383771]], [[397.9], [0.05432629336913427, -0.008572623218325052]], [[408.1], [0.11951424181461334, -0.014524934724258464]], [[436.5], [0.036088821167747184, 0.004602377258383771]], [[436.5], [0.036088821167747184, 0.004602377258383771]], [[436.5], [0.036088821167747184, 0.004602377258383771]], [[500.0], [0.001385980770767977, -0.034123656905866696]], [[436.5], [0.036088821167747184, 0.004602377258383771]], [[408.1], [0.11951424181461334, -0.014524934724258464]], [[500.0], [0.001385980770767977, -0.034123656905866696]], [[436.5], [0.036088821167747184, 0.004602377258383771]], [[408.1], [0.11951424181461334, -0.014524934724258464]], [[436.5], [0.036088821167747184, 0.004602377258383771]]], "101": [[[500.0], [0.03605434360603492, 0.013346452952215546]], [[37.7], [-0.0017167449307938418, 0.5023160762193671]], [[33.9], [-0.0059161936709036436, 0.517370847708871]], [[500.0], [0.03605434360603492, 0.013346452952215546]], [[500.0], [0.03605434360603492, 0.013346452952215546]], [[500.0], [0.03605434360603492, 0.013346452952215546]], [[500.0], [0.03605434360603492, 0.013346452952215546]], [[500.0], [0.03605434360603492, 0.013346452952215546]], [[500.0], [0.03605434360603492, 0.013346452952215546]], [[119.6], [-0.1331671824057897, -0.5060418655997828]], [[500.0], [0.03605434360603492, 0.013346452952215546]], [[500.0], [0.03605434360603492, 0.013346452952215546]], [[252.8], [0.5044723053773245, -0.3246454673520686]], [[500.0], [0.03605434360603492, 0.013346452952215546]], [[500.0], [0.03605434360603492, 0.013346452952215546]], [[500.0], [0.03605434360603492, 0.013346452952215546]], [[500.0], [0.03605434360603492, 0.013346452952215546]], [[24.5], [-0.013019782491028309, 0.5072953099269046]], [[500.0], [0.03605434360603492, 0.013346452952215546]], [[500.0], [0.03605434360603492, 0.013346452952215546]], [[39.7], [-0.004391887923702598, 0.5013493901234495]], [[500.0], [0.03605434360603492, 0.013346452952215546]], [[500.0], [0.03605434360603492, 0.013346452952215546]], [[500.0], [0.03605434360603492, 0.013346452952215546]], [[500.0], [0.03605434360603492, 0.013346452952215546]], [[500.0], [0.03605434360603492, 0.013346452952215546]], [[500.0], [0.03605434360603492, 0.013346452952215546]], [[500.0], [0.03605434360603492, 0.013346452952215546]], [[500.0], [0.03605434360603492, 0.013346452952215546]], [[500.0], [0.03605434360603492, 0.013346452952215546]]], "102": [[[500.0], [0.03440124293168386, 0.048200697883179315]], [[500.0], [0.03440124293168386, 0.048200697883179315]], [[38.2], [-0.008346095370749634, 0.5229243821504584]], [[500.0], [0.03440124293168386, 0.048200697883179315]], [[500.0], [0.03440124293168386, 0.048200697883179315]], [[500.0], [0.03440124293168386, 0.048200697883179315]], [[15.3], [-0.02645037757853667, 0.5651370189977034]], [[500.0], [0.03440124293168386, 0.048200697883179315]], [[30.0], [-0.009971804295976957, 0.5164516456959921]], [[500.0], [0.03440124293168386, 0.048200697883179315]], [[500.0], [0.03440124293168386, 0.048200697883179315]], [[500.0], [-0.006390371903156241, 0.016400162754446695]], [[500.0], [0.03440124293168386, 0.048200697883179315]], [[22.4], [-0.022331029176712036, 0.5978143386293256]], [[500.0], [0.03440124293168386, 0.048200697883179315]], [[500.0], [0.03440124293168386, 0.048200697883179315]], [[500.0], [0.03440124293168386, 0.048200697883179315]], [[500.0], [0.03440124293168386, 0.048200697883179315]], [[500.0], [0.03440124293168386, 0.048200697883179315]], [[500.0], [-0.006390371903156241, 0.016400162754446695]], [[500.0], [0.03440124293168386, 0.048200697883179315]], [[130.7], [0.22227853536605835, 0.5026882844108144]], [[15.2], [0.03037220487991969, -0.523277589578948]], [[500.0], [0.03440124293168386, 0.048200697883179315]], [[500.0], [0.03440124293168386, 0.048200697883179315]], [[500.0], [-0.006390371903156241, 0.016400162754446695]], [[9.6], [0.03666744567453861, -0.5957981901305714]], [[500.0], [0.03440124293168386, 0.048200697883179315]], [[9.7], [0.03666744567453861, -0.5957981901305714]], [[500.0], [0.03440124293168386, 0.048200697883179315]]]}