{"101": [[[500.0], [-0.03769249655306339, 0.2685214022985486]], [[500.0], [-0.03769249655306339, 0.2685214022985486]], [[484.4], [-0.029771036158005398, 0.1807735974423623]], [[154.2], [0.23842881123224896, -0.5293719149662547]], [[484.6], [0.06762395923336348, -0.306898398262462]], [[484.6], [0.06762395923336348, -0.306898398262462]], [[484.6], [0.06762395923336348, -0.306898398262462]], [[484.6], [0.06762395923336348, -0.306898398262462]], [[484.4], [-0.029771036158005398, 0.1807735974423623]], [[484.6], [0.06762395923336348, -0.306898398262462]], [[484.6], [0.06762395923336348, -0.306898398262462]], [[484.4], [-0.029771036158005398, 0.1807735974423623]], [[484.6], [0.06762395923336348, -0.306898398262462]], [[484.6], [0.06762395923336348, -0.306898398262462]], [[484.6], [0.06762395923336348, -0.306898398262462]], [[500.0], [-0.03769249655306339, 0.2685214022985486]], [[500.0], [-0.03769249655306339, 0.2685214022985486]], [[500.0], [-0.03769249655306339, 0.2685214022985486]], [[484.6], [0.06762395923336348, -0.306898398262462]], [[484.4], [-0.029771036158005398, 0.1807735974423623]], [[484.6], [0.06762395923336348, -0.306898398262462]], [[484.6], [0.06762395923336348, -0.306898398262462]], [[500.0], [-0.03769249655306339, 0.2685214022985486]], [[484.6], [0.06762395923336348, -0.306898398262462]], [[121.6], [0.01429237114886443, -0.5127837498222242]], [[484.6], [0.06762395923336348, -0.306898398262462]], [[500.0], [-0.03769249655306339, 0.2685214022985486]], [[484.6], [0.06762395923336348, -0.306898398262462]], [[500.0], [-0.03769249655306339, 0.2685214022985486]], [[484.6], [0.06762395923336348, -0.306898398262462]]], "102": [[[500.0], [-0.08970250065128009, 0.0074667762519355025]], [[500.0], [-0.08970250065128009, 0.0074667762519355025]], [[274.0], [0.2553398410479228, -0.5541190005945817]], [[500.0], [-0.08970250065128009, 0.0074667762519355025]], [[500.0], [-0.08970250065128009, 0.0074667762519355025]], [[500.0], [-0.08970250065128009, 0.0074667762519355025]], [[162.8], [-0.5064955850442251, 0.4732912165696541]], [[500.0], [-0.08970250065128009, 0.0074667762519355025]], [[500.0], [-0.08970250065128009, 0.0074667762519355025]], [[500.0], [-0.08970250065128009, 0.0074667762519355025]], [[500.0], [-0.08970250065128009, 0.0074667762519355025]], [[500.0], [-0.08970250065128009, 0.0074667762519355025]], [[500.0], [-0.08970250065128009, 0.0074667762519355025]], [[500.0], [-0.08970250065128009, 0.0074667762519355025]], [[500.0], [-0.08970250065128009, 0.0074667762519355025]], [[500.0], [-0.08970250065128009, 0.0074667762519355025]], [[500.0], [-0.08970250065128009, 0.0074667762519355025]], [[500.0], [-0.08970250065128009, 0.0074667762519355025]], [[9.9], [0.03666744567453861, -0.5957981901305714]], [[500.0], [-0.08970250065128009, 0.0074667762519355025]], [[500.0], [-0.08970250065128009, 0.0074667762519355025]], [[500.0], [-0.08970250065128009, 0.0074667762519355025]], [[500.0], [-0.08970250065128009, 0.0074667762519355025]], [[500.0], [-0.08970250065128009, 0.0074667762519355025]], [[500.0], [-0.08970250065128009, 0.0074667762519355025]], [[500.0], [-0.08970250065128009, 0.0074667762519355025]], [[500.0], [-0.08970250065128009, 0.0074667762519355025]], [[274.0], [0.2553398410479228, -0.5541190005945817]], [[500.0], [-0.08970250065128009, 0.0074667762519355025]], [[500.0], [-0.08970250065128009, 0.0074667762519355025]]], "103": [[[500.0], [0.03911032651861509, 0.006972176009459359]], [[500.0], [0.07404247919718425, -0.012462945325237713]], [[500.0], [0.04823729395866394, -0.001691479952203814]], [[500.0], [0.07404247919718425, -0.012462945325237713]], [[500.0], [0.07404247919718425, -0.012462945325237713]], [[500.0], [0.03911032651861509, 0.006972176009459359]], [[500.0], [0.07404247919718425, -0.012462945325237713]], [[500.0], [0.07404247919718425, -0.012462945325237713]], [[500.0], [0.03911032651861509, 0.006972176009459359]], [[412.2], [0.016445720878740154, -0.010047785260460594]], [[500.0], [0.03911032651861509, 0.006972176009459359]], [[409.4], [0.16716040670871735, 0.20052369630507877]], [[500.0], [0.07404247919718425, -0.012462945325237713]], [[500.0], [0.03911032651861509, 0.006972176009459359]], [[500.0], [0.03911032651861509, 0.006972176009459359]], [[412.2], [0.016445720878740154, -0.010047785260460594]], [[500.0], [0.07404247919718425, -0.012462945325237713]], [[278.0], [0.31985002259413403, 0.5010699755267093]], [[500.0], [0.07404247919718425, -0.012462945325237713]], [[500.0], [0.07404247919718425, -0.012462945325237713]], [[500.0], [0.03911032651861509, 0.006972176009459359]], [[500.0], [0.03911032651861509, 0.006972176009459359]], [[500.0], [0.03911032651861509, 0.006972176009459359]], [[500.0], [0.07404247919718425, -0.012462945325237713]], [[500.0], [0.03911032651861509, 0.006972176009459359]], [[500.0], [0.03911032651861509, 0.006972176009459359]], [[500.0], [0.03911032651861509, 0.006972176009459359]], [[500.0], [0.07404247919718425, -0.012462945325237713]], [[500.0], [0.03911032651861509, 0.006972176009459359]], [[500.0], [0.03911032651861509, 0.006972176009459359]]]}