{"103": [[[374.8], [0.07700754329562187, 0.004246780530741198]], [[374.8], [0.07700754329562187, 0.004246780530741198]], [[374.8], [0.07700754329562187, 0.004246780530741198]], [[374.8], [0.07700754329562187, 0.004246780530741198]], [[374.8], [0.07700754329562187, 0.004246780530741198]], [[374.8], [0.07700754329562187, 0.004246780530741198]], [[374.8], [0.07700754329562187, 0.004246780530741198]], [[374.8], [0.07700754329562187, 0.004246780530741198]], [[374.8], [0.07700754329562187, 0.004246780530741198]], [[374.8], [0.07700754329562187, 0.004246780530741198]], [[374.8], [0.07700754329562187, 0.004246780530741198]], [[374.8], [0.07700754329562187, 0.004246780530741198]], [[374.8], [0.07700754329562187, 0.004246780530741198]], [[374.8], [0.07700754329562187, 0.004246780530741198]], [[374.8], [0.07700754329562187, 0.004246780530741198]], [[374.8], [0.07700754329562187, 0.004246780530741198]], [[374.8], [0.07700754329562187, 0.004246780530741198]], [[374.8], [0.07700754329562187, 0.004246780530741198]], [[374.8], [0.07700754329562187, 0.004246780530741198]], [[374.8], [0.07700754329562187, 0.004246780530741198]], [[374.8], [0.07700754329562187, 0.004246780530741198]], [[374.8], [0.07700754329562187, 0.004246780530741198]], [[491.2], [-0.04102006244162719, -0.04078083756295118]], [[374.8], [0.07700754329562187, 0.004246780530741198]], [[374.8], [0.07700754329562187, 0.004246780530741198]], [[374.8], [0.07700754329562187, 0.004246780530741198]], [[491.2], [-0.04102006244162719, -0.04078083756295118]], [[374.8], [0.07700754329562187, 0.004246780530741198]], [[374.8], [0.07700754329562187, 0.004246780530741198]], [[374.8], [0.07700754329562187, 0.004246780530741198]]], "102": [[[500.0], [0.02242690728356441, 0.010373265789955427]], [[500.0], [0.02242690728356441, 0.010373265789955427]], [[500.0], [0.02242690728356441, 0.010373265789955427]], [[500.0], [0.02242690728356441, 0.010373265789955427]], [[500.0], [0.02242690728356441, 0.010373265789955427]], [[500.0], [0.02242690728356441, 0.010373265789955427]], [[500.0], [0.02242690728356441, 0.010373265789955427]], [[500.0], [0.02242690728356441, 0.010373265789955427]], [[500.0], [0.02242690728356441, 0.010373265789955427]], [[500.0], [0.02242690728356441, 0.010373265789955427]], [[500.0], [0.02242690728356441, 0.010373265789955427]], [[500.0], [0.02242690728356441, 0.010373265789955427]], [[500.0], [0.02242690728356441, 0.010373265789955427]], [[500.0], [0.02242690728356441, 0.010373265789955427]], [[500.0], [0.02242690728356441, 0.010373265789955427]], [[500.0], [0.02242690728356441, 0.010373265789955427]], [[500.0], [0.02242690728356441, 0.010373265789955427]], [[500.0], [0.02242690728356441, 0.010373265789955427]], [[500.0], [0.02242690728356441, 0.010373265789955427]], [[500.0], [0.02242690728356441, 0.010373265789955427]], [[500.0], [0.02242690728356441, 0.010373265789955427]], [[500.0], [0.02242690728356441, 0.010373265789955427]], [[500.0], [0.02242690728356441, 0.010373265789955427]], [[76.6], [0.04010309465229511, 0.5176521160385825]], [[500.0], [0.02242690728356441, 0.010373265789955427]], [[500.0], [0.02242690728356441, 0.010373265789955427]], [[500.0], [0.02242690728356441, 0.010373265789955427]], [[500.0], [0.02242690728356441, 0.010373265789955427]], [[500.0], [0.02242690728356441, 0.010373265789955427]], [[500.0], [0.02242690728356441, 0.010373265789955427]]], "101": [[[500.0], [0.02686723756293456, 0.037249839423518435]], [[500.0], [0.02686723756293456, 0.037249839423518435]], [[500.0], [0.005787538054088752, 0.0026155030354857445]], [[500.0], [0.005787538054088752, 0.0026155030354857445]], [[500.0], [0.005787538054088752, 0.0026155030354857445]], [[500.0], [0.005787538054088752, 0.0026155030354857445]], [[500.0], [0.02686723756293456, 0.037249839423518435]], [[500.0], [0.02686723756293456, 0.037249839423518435]], [[61.1], [0.014017693077524504, 0.5193034356290644]], [[500.0], [0.02686723756293456, 0.037249839423518435]], [[500.0], [0.02686723756293456, 0.037249839423518435]], [[500.0], [0.005787538054088752, 0.0026155030354857445]], [[500.0], [0.02686723756293456, 0.037249839423518435]], [[500.0], [0.005787538054088752, 0.0026155030354857445]], [[500.0], [0.005787538054088752, 0.0026155030354857445]], [[500.0], [0.02686723756293456, 0.037249839423518435]], [[500.0], [0.005787538054088752, 0.0026155030354857445]], [[500.0], [0.02686723756293456, 0.037249839423518435]], [[500.0], [0.02686723756293456, 0.037249839423518435]], [[500.0], [0.005787538054088752, 0.0026155030354857445]], [[500.0], [0.005787538054088752, 0.0026155030354857445]], [[500.0], [0.005787538054088752, 0.0026155030354857445]], [[39.0], [0.005397091154009104, 0.5097392429575396]], [[500.0], [0.005787538054088752, 0.0026155030354857445]], [[500.0], [0.005787538054088752, 0.0026155030354857445]], [[500.0], [0.02686723756293456, 0.037249839423518435]], [[500.0], [0.02686723756293456, 0.037249839423518435]], [[24.6], [-0.019187647849321365, 0.534348581966601]], [[500.0], [0.02686723756293456, 0.037249839423518435]], [[116.5], [-0.025180938343207043, 0.5306856769123717]]]}