{"102": [[[144.6], [0.12413296848535538, 0.5113613306050095]], [[500.0], [-0.08538651590545973, 0.06521364861127862]], [[500.0], [-0.08538651590545973, 0.06521364861127862]], [[500.0], [-0.08538651590545973, 0.06521364861127862]], [[500.0], [-0.08538651590545973, 0.06521364861127862]], [[500.0], [-0.08538651590545973, 0.06521364861127862]], [[500.0], [-0.08538651590545973, 0.06521364861127862]], [[500.0], [-0.08538651590545973, 0.06521364861127862]], [[500.0], [-0.08538651590545973, 0.06521364861127862]], [[500.0], [-0.08538651590545973, 0.06521364861127862]], [[500.0], [-0.08538651590545973, 0.06521364861127862]], [[500.0], [-0.08538651590545973, 0.06521364861127862]], [[500.0], [-0.08538651590545973, 0.06521364861127862]], [[500.0], [-0.08538651590545973, 0.06521364861127862]], [[500.0], [-0.08538651590545973, 0.06521364861127862]], [[500.0], [-0.08538651590545973, 0.06521364861127862]], [[500.0], [-0.08538651590545973, 0.06521364861127862]], [[500.0], [-0.08538651590545973, 0.06521364861127862]], [[500.0], [-0.08538651590545973, 0.06521364861127862]], [[500.0], [-0.08538651590545973, 0.06521364861127862]], [[500.0], [-0.08538651590545973, 0.06521364861127862]], [[500.0], [-0.08538651590545973, 0.06521364861127862]], [[500.0], [-0.08538651590545973, 0.06521364861127862]], [[500.0], [-0.08538651590545973, 0.06521364861127862]], [[500.0], [-0.08538651590545973, 0.06521364861127862]], [[500.0], [-0.08538651590545973, 0.06521364861127862]], [[500.0], [-0.08538651590545973, 0.06521364861127862]], [[500.0], [-0.08538651590545973, 0.06521364861127862]], [[500.0], [-0.08538651590545973, 0.06521364861127862]], [[500.0], [-0.08538651590545973, 0.06521364861127862]]], "101": [[[497.7], [0.08452656368414561, 0.01897061974451873]], [[497.7], [0.08452656368414561, 0.01897061974451873]], [[497.7], [0.08452656368414561, 0.01897061974451873]], [[497.7], [0.08452656368414561, 0.01897061974451873]], [[497.7], [0.08452656368414561, 0.01897061974451873]], [[497.7], [0.08452656368414561, 0.01897061974451873]], [[497.7], [0.08452656368414561, 0.01897061974451873]], [[497.7], [0.08452656368414561, 0.01897061974451873]], [[497.7], [0.08452656368414561, 0.01897061974451873]], [[497.7], [0.08452656368414561, 0.01897061974451873]], [[497.7], [0.08452656368414561, 0.01897061974451873]], [[497.7], [0.08452656368414561, 0.01897061974451873]], [[497.7], [0.08452656368414561, 0.01897061974451873]], [[497.7], [0.08452656368414561, 0.01897061974451873]], [[497.7], [0.08452656368414561, 0.01897061974451873]], [[497.7], [0.08452656368414561, 0.01897061974451873]], [[497.7], [0.08452656368414561, 0.01897061974451873]], [[497.7], [0.08452656368414561, 0.01897061974451873]], [[497.7], [0.08452656368414561, 0.01897061974451873]], [[497.7], [0.08452656368414561, 0.01897061974451873]], [[497.7], [0.08452656368414561, 0.01897061974451873]], [[497.7], [0.08452656368414561, 0.01897061974451873]], [[497.7], [0.08452656368414561, 0.01897061974451873]], [[497.7], [0.08452656368414561, 0.01897061974451873]], [[497.7], [0.08452656368414561, 0.01897061974451873]], [[497.7], [0.08452656368414561, 0.01897061974451873]], [[27.5], [-0.009971804295976957, 0.5164516456959921]], [[10.4], [-0.026862376059095066, 0.5318051533835927]], [[497.7], [0.08452656368414561, 0.01897061974451873]], [[497.7], [0.08452656368414561, 0.01897061974451873]]], "103": [[[500.0], [-0.2409835159778595, -0.060095478508746226]], [[500.0], [-0.2409835159778595, -0.060095478508746226]], [[500.0], [-0.2409835159778595, -0.060095478508746226]], [[500.0], [-0.2409835159778595, -0.060095478508746226]], [[500.0], [-0.2409835159778595, -0.060095478508746226]], [[500.0], [-0.2409835159778595, -0.060095478508746226]], [[500.0], [-0.2409835159778595, -0.060095478508746226]], [[500.0], [-0.2409835159778595, -0.060095478508746226]], [[500.0], [-0.2409835159778595, -0.060095478508746226]], [[500.0], [-0.2409835159778595, -0.060095478508746226]], [[500.0], [-0.2409835159778595, -0.060095478508746226]], [[500.0], [-0.2409835159778595, -0.060095478508746226]], [[500.0], [-0.2409835159778595, -0.060095478508746226]], [[500.0], [-0.2409835159778595, -0.060095478508746226]], [[500.0], [-0.2409835159778595, -0.060095478508746226]], [[500.0], [-0.2409835159778595, -0.060095478508746226]], [[500.0], [-0.2409835159778595, -0.060095478508746226]], [[500.0], [-0.2409835159778595, -0.060095478508746226]], [[500.0], [-0.2409835159778595, -0.060095478508746226]], [[500.0], [-0.2409835159778595, -0.060095478508746226]], [[500.0], [-0.2409835159778595, -0.060095478508746226]], [[500.0], [-0.2409835159778595, -0.060095478508746226]], [[500.0], [-0.2409835159778595, -0.060095478508746226]], [[500.0], [-0.2409835159778595, -0.060095478508746226]], [[500.0], [-0.2409835159778595, -0.060095478508746226]], [[500.0], [-0.2409835159778595, -0.060095478508746226]], [[500.0], [-0.2409835159778595, -0.060095478508746226]], [[500.0], [-0.2409835159778595, -0.060095478508746226]], [[500.0], [-0.2409835159778595, -0.060095478508746226]], [[500.0], [-0.2409835159778595, -0.060095478508746226]]]}