{"103": [[[400.9], [0.12983483572800955, 0.05831610429229919]], [[400.9], [0.12983483572800955, 0.05831610429229919]], [[22.2], [-0.021129671173791092, 0.5048611446430809]], [[400.9], [0.12983483572800955, 0.05831610429229919]], [[400.9], [0.12983483572800955, 0.05831610429229919]], [[400.9], [0.12983483572800955, 0.05831610429229919]], [[240.7], [0.03384327826400598, 0.5279512781845896]], [[400.9], [0.12983483572800955, 0.05831610429229919]], [[400.9], [0.12983483572800955, 0.05831610429229919]], [[400.9], [0.12983483572800955, 0.05831610429229919]], [[400.9], [0.12983483572800955, 0.05831610429229919]], [[17.9], [-0.016572318660716217, 0.5023927209479957]], [[400.9], [0.12983483572800955, 0.05831610429229919]], [[400.9], [0.12983483572800955, 0.05831610429229919]], [[400.9], [0.12983483572800955, 0.05831610429229919]], [[400.9], [0.12983483572800955, 0.05831610429229919]], [[400.9], [0.12983483572800955, 0.05831610429229919]], [[400.9], [0.12983483572800955, 0.05831610429229919]], [[400.9], [0.12983483572800955, 0.05831610429229919]], [[400.9], [0.12983483572800955, 0.05831610429229919]], [[400.9], [0.12983483572800955, 0.05831610429229919]], [[400.9], [0.12983483572800955, 0.05831610429229919]], [[400.9], [0.12983483572800955, 0.05831610429229919]], [[400.9], [0.12983483572800955, 0.05831610429229919]], [[400.9], [0.12983483572800955, 0.05831610429229919]], [[400.9], [0.12983483572800955, 0.05831610429229919]], [[400.9], [0.12983483572800955, 0.05831610429229919]], [[400.9], [0.12983483572800955, 0.05831610429229919]], [[400.9], [0.12983483572800955, 0.05831610429229919]], [[400.9], [0.12983483572800955, 0.05831610429229919]]], "102": [[[500.0], [0.016359020955860615, 0.011912606095084164]], [[500.0], [0.016359020955860615, 0.011912606095084164]], [[500.0], [0.016359020955860615, 0.011912606095084164]], [[500.0], [0.016359020955860615, 0.011912606095084164]], [[500.0], [0.016359020955860615, 0.011912606095084164]], [[500.0], [0.016359020955860615, 0.011912606095084164]], [[500.0], [0.016359020955860615, 0.011912606095084164]], [[500.0], [0.016359020955860615, 0.011912606095084164]], [[500.0], [0.013360662075380485, 0.0036580111546236933]], [[500.0], [0.016359020955860615, 0.011912606095084164]], [[500.0], [0.016359020955860615, 0.011912606095084164]], [[9.4], [0.03666744567453861, -0.5957981901305714]], [[500.0], [0.016359020955860615, 0.011912606095084164]], [[500.0], [0.016359020955860615, 0.011912606095084164]], [[500.0], [0.016359020955860615, 0.011912606095084164]], [[500.0], [0.016359020955860615, 0.011912606095084164]], [[500.0], [0.016359020955860615, 0.011912606095084164]], [[500.0], [0.016359020955860615, 0.011912606095084164]], [[500.0], [0.016359020955860615, 0.011912606095084164]], [[500.0], [0.016359020955860615, 0.011912606095084164]], [[500.0], [0.013360662075380485, 0.0036580111546236933]], [[115.2], [0.14833908528089523, -0.5098330703648654]], [[500.0], [0.016359020955860615, 0.011912606095084164]], [[500.0], [0.016359020955860615, 0.011912606095084164]], [[500.0], [0.016359020955860615, 0.011912606095084164]], [[500.0], [0.013360662075380485, 0.0036580111546236933]], [[500.0], [0.016359020955860615, 0.011912606095084164]], [[500.0], [0.016359020955860615, 0.011912606095084164]], [[232.3], [0.47276243567466736, 0.5153024738485164]], [[147.5], [-0.2222885439793269, -0.5086779808313653]]], "101": [[[485.4], [-0.09361807877818744, 0.23098797960714862]], [[485.4], [-0.09361807877818744, 0.23098797960714862]], [[485.4], [-0.09361807877818744, 0.23098797960714862]], [[485.4], [-0.09361807877818744, 0.23098797960714862]], [[485.4], [-0.09361807877818744, 0.23098797960714862]], [[485.4], [-0.09361807877818744, 0.23098797960714862]], [[485.4], [-0.09361807877818744, 0.23098797960714862]], [[485.4], [-0.09361807877818744, 0.23098797960714862]], [[485.4], [-0.09361807877818744, 0.23098797960714862]], [[485.4], [-0.09361807877818744, 0.23098797960714862]], [[9.7], [0.03666744567453861, -0.5957981901305714]], [[485.4], [-0.09361807877818744, 0.23098797960714862]], [[485.4], [-0.09361807877818744, 0.23098797960714862]], [[485.4], [-0.09361807877818744, 0.23098797960714862]], [[500.0], [0.017949100583791733, -0.006992368219179685]], [[485.4], [-0.09361807877818744, 0.23098797960714862]], [[485.4], [-0.09361807877818744, 0.23098797960714862]], [[485.4], [-0.09361807877818744, 0.23098797960714862]], [[485.4], [-0.09361807877818744, 0.23098797960714862]], [[500.0], [0.017949100583791733, -0.006992368219179685]], [[485.4], [-0.09361807877818744, 0.23098797960714862]], [[21.7], [0.027376161888241768, -0.5188838146520003]], [[109.4], [-0.05260607227683067, 0.5424272572024588]], [[485.4], [-0.09361807877818744, 0.23098797960714862]], [[485.4], [-0.09361807877818744, 0.23098797960714862]], [[485.4], [-0.09361807877818744, 0.23098797960714862]], [[24.7], [-0.021129671173791092, 0.5048611446430809]], [[485.4], [-0.09361807877818744, 0.23098797960714862]], [[485.4], [-0.09361807877818744, 0.23098797960714862]], [[485.4], [-0.09361807877818744, 0.23098797960714862]]]}