{"102": [[[500.0], [0.06486837441722552, 0.008160712946045912]], [[500.0], [0.06486837441722552, 0.008160712946045912]], [[500.0], [0.06486837441722552, 0.008160712946045912]], [[500.0], [0.06486837441722552, 0.008160712946045912]], [[500.0], [0.06486837441722552, 0.008160712946045912]], [[500.0], [0.06486837441722552, 0.008160712946045912]], [[500.0], [0.06486837441722552, 0.008160712946045912]], [[500.0], [0.06486837441722552, 0.008160712946045912]], [[500.0], [0.06486837441722552, 0.008160712946045912]], [[500.0], [0.06486837441722552, 0.008160712946045912]], [[500.0], [0.06486837441722552, 0.008160712946045912]], [[500.0], [0.06486837441722552, 0.008160712946045912]], [[500.0], [0.06486837441722552, 0.008160712946045912]], [[500.0], [0.06486837441722552, 0.008160712946045912]], [[500.0], [0.06486837441722552, 0.008160712946045912]], [[500.0], [0.06486837441722552, 0.008160712946045912]], [[500.0], [0.06486837441722552, 0.008160712946045912]], [[500.0], [0.06486837441722552, 0.008160712946045912]], [[500.0], [0.06486837441722552, 0.008160712946045912]], [[500.0], [0.06486837441722552, 0.008160712946045912]], [[500.0], [0.06486837441722552, 0.008160712946045912]], [[500.0], [0.06486837441722552, 0.008160712946045912]], [[500.0], [0.06486837441722552, 0.008160712946045912]], [[500.0], [0.06486837441722552, 0.008160712946045912]], [[500.0], [0.06486837441722552, 0.008160712946045912]], [[500.0], [0.06486837441722552, 0.008160712946045912]], [[500.0], [0.06486837441722552, 0.008160712946045912]], [[500.0], [0.06486837441722552, 0.008160712946045912]], [[500.0], [0.06486837441722552, 0.008160712946045912]], [[500.0], [0.06486837441722552, 0.008160712946045912]]], "103": [[[500.0], [0.002812865811089675, -0.011630933375307248]], [[500.0], [0.002812865811089675, -0.011630933375307248]], [[500.0], [0.002812865811089675, -0.011630933375307248]], [[500.0], [0.002812865811089675, -0.011630933375307248]], [[500.0], [0.002812865811089675, -0.011630933375307248]], [[500.0], [0.002812865811089675, -0.011630933375307248]], [[500.0], [0.002812865811089675, -0.011630933375307248]], [[500.0], [0.002812865811089675, -0.011630933375307248]], [[500.0], [0.002812865811089675, -0.011630933375307248]], [[500.0], [0.002812865811089675, -0.011630933375307248]], [[500.0], [0.002812865811089675, -0.011630933375307248]], [[500.0], [0.002812865811089675, -0.011630933375307248]], [[500.0], [0.002812865811089675, -0.011630933375307248]], [[500.0], [0.002812865811089675, -0.011630933375307248]], [[500.0], [0.002812865811089675, -0.011630933375307248]], [[500.0], [0.002812865811089675, -0.011630933375307248]], [[500.0], [0.002812865811089675, -0.011630933375307248]], [[500.0], [0.002812865811089675, -0.011630933375307248]], [[500.0], [0.002812865811089675, -0.011630933375307248]], [[500.0], [0.002812865811089675, -0.011630933375307248]], [[500.0], [0.002812865811089675, -0.011630933375307248]], [[500.0], [0.002812865811089675, -0.011630933375307248]], [[500.0], [0.002812865811089675, -0.011630933375307248]], [[500.0], [0.002812865811089675, -0.011630933375307248]], [[500.0], [0.002812865811089675, -0.011630933375307248]], [[500.0], [0.002812865811089675, -0.011630933375307248]], [[500.0], [0.002812865811089675, -0.011630933375307248]], [[500.0], [0.002812865811089675, -0.011630933375307248]], [[500.0], [0.002812865811089675, -0.011630933375307248]], [[500.0], [0.002812865811089675, -0.011630933375307248]]], "101": [[[14.6], [-0.0279136219372352, 0.5511124952558125]], [[500.0], [0.13909690082073212, 0.015385504633758628]], [[500.0], [0.13909690082073212, 0.015385504633758628]], [[500.0], [0.13909690082073212, 0.015385504633758628]], [[500.0], [0.13909690082073212, 0.015385504633758628]], [[500.0], [0.13909690082073212, 0.015385504633758628]], [[500.0], [0.13909690082073212, 0.015385504633758628]], [[500.0], [0.13909690082073212, 0.015385504633758628]], [[500.0], [0.13909690082073212, 0.015385504633758628]], [[500.0], [0.13909690082073212, 0.015385504633758628]], [[500.0], [0.13909690082073212, 0.015385504633758628]], [[500.0], [0.13909690082073212, 0.015385504633758628]], [[500.0], [0.13909690082073212, 0.015385504633758628]], [[500.0], [0.13909690082073212, 0.015385504633758628]], [[500.0], [0.13909690082073212, 0.015385504633758628]], [[500.0], [0.13909690082073212, 0.015385504633758628]], [[500.0], [0.13909690082073212, 0.015385504633758628]], [[500.0], [0.13909690082073212, 0.015385504633758628]], [[500.0], [0.13909690082073212, 0.015385504633758628]], [[500.0], [0.13909690082073212, 0.015385504633758628]], [[500.0], [0.13909690082073212, 0.015385504633758628]], [[500.0], [0.13909690082073212, 0.015385504633758628]], [[500.0], [0.13909690082073212, 0.015385504633758628]], [[500.0], [0.13909690082073212, 0.015385504633758628]], [[500.0], [0.13909690082073212, 0.015385504633758628]], [[500.0], [0.13909690082073212, 0.015385504633758628]], [[500.0], [0.13909690082073212, 0.015385504633758628]], [[500.0], [0.13909690082073212, 0.015385504633758628]], [[500.0], [0.13909690082073212, 0.015385504633758628]], [[500.0], [0.13909690082073212, 0.015385504633758628]]]}