{"102": [[[500.0], [-0.007727626555909714, -0.028729166960316983]], [[500.0], [0.01798114118476709, -0.015106513365461496]], [[500.0], [-0.007727626555909714, -0.028729166960316983]], [[500.0], [-0.007727626555909714, -0.028729166960316983]], [[500.0], [-0.007727626555909714, -0.028729166960316983]], [[500.0], [-0.007727626555909714, -0.028729166960316983]], [[500.0], [0.01798114118476709, -0.015106513365461496]], [[500.0], [-0.007727626555909714, -0.028729166960316983]], [[500.0], [-0.007727626555909714, -0.028729166960316983]], [[500.0], [-0.007727626555909714, -0.028729166960316983]], [[452.2], [0.049706172818938896, 0.010049154393767057]], [[500.0], [0.01798114118476709, -0.015106513365461496]], [[500.0], [0.01798114118476709, -0.015106513365461496]], [[500.0], [0.01798114118476709, -0.015106513365461496]], [[500.0], [-0.007727626555909714, -0.028729166960316983]], [[500.0], [0.01798114118476709, -0.015106513365461496]], [[500.0], [0.01798114118476709, -0.015106513365461496]], [[500.0], [-0.007727626555909714, -0.028729166960316983]], [[500.0], [0.01798114118476709, -0.015106513365461496]], [[500.0], [0.01798114118476709, -0.015106513365461496]], [[500.0], [-0.007727626555909714, -0.028729166960316983]], [[500.0], [-0.007727626555909714, -0.028729166960316983]], [[500.0], [0.01798114118476709, -0.015106513365461496]], [[500.0], [-0.007727626555909714, -0.028729166960316983]], [[500.0], [-0.007727626555909714, -0.028729166960316983]], [[500.0], [0.01798114118476709, -0.015106513365461496]], [[500.0], [-0.007727626555909714, -0.028729166960316983]], [[500.0], [-0.007727626555909714, -0.028729166960316983]], [[500.0], [0.01798114118476709, -0.015106513365461496]], [[500.0], [0.01798114118476709, -0.015106513365461496]]], "101": [[[500.0], [0.021037457821269832, -0.021541446589967282]], [[500.0], [0.021037457821269832, -0.021541446589967282]], [[500.0], [0.021037457821269832, -0.021541446589967282]], [[500.0], [0.021037457821269832, -0.021541446589967282]], [[500.0], [0.0300486416866382, -0.0008846664885905657]], [[500.0], [0.021037457821269832, -0.021541446589967282]], [[500.0], [0.07105817397435507, -0.024261273907132126]], [[500.0], [0.0300486416866382, -0.0008846664885905657]], [[500.0], [0.021037457821269832, -0.021541446589967282]], [[500.0], [0.021037457821269832, -0.021541446589967282]], [[500.0], [0.021037457821269832, -0.021541446589967282]], [[500.0], [0.07105817397435507, -0.024261273907132126]], [[500.0], [0.0300486416866382, -0.0008846664885905657]], [[500.0], [0.07105817397435507, -0.024261273907132126]], [[500.0], [0.0300486416866382, -0.0008846664885905657]], [[500.0], [0.07105817397435507, -0.024261273907132126]], [[500.0], [0.0300486416866382, -0.0008846664885905657]], [[135.7], [0.5020015438397726, 0.329058029149708]], [[500.0], [0.0300486416866382, -0.0008846664885905657]], [[500.0], [0.0300486416866382, -0.0008846664885905657]], [[500.0], [0.021037457821269832, -0.021541446589967282]], [[500.0], [0.0300486416866382, -0.0008846664885905657]], [[500.0], [0.0028187985299155116, -0.013133619007382667]], [[500.0], [0.021037457821269832, -0.021541446589967282]], [[500.0], [0.0300486416866382, -0.0008846664885905657]], [[500.0], [0.021037457821269832, -0.021541446589967282]], [[500.0], [0.021037457821269832, -0.021541446589967282]], [[500.0], [0.021037457821269832, -0.021541446589967282]], [[500.0], [0.021037457821269832, -0.021541446589967282]], [[500.0], [0.021037457821269832, -0.021541446589967282]]], "103": [[[500.0], [-0.0686288004120191, 0.04295601941752092]], [[500.0], [-0.0686288004120191, 0.04295601941752092]], [[500.0], [-0.0686288004120191, 0.04295601941752092]], [[500.0], [-0.0686288004120191, 0.04295601941752092]], [[393.4], [0.03637011783818404, -0.06665764866690888]], [[500.0], [-0.0686288004120191, 0.04295601941752092]], [[500.0], [-0.0686288004120191, 0.04295601941752092]], [[500.0], [-0.0686288004120191, 0.04295601941752092]], [[500.0], [-0.0686288004120191, 0.04295601941752092]], [[500.0], [-0.0686288004120191, 0.04295601941752092]], [[500.0], [-0.0686288004120191, 0.04295601941752092]], [[393.4], [0.03637011783818404, -0.06665764866690888]], [[500.0], [-0.0686288004120191, 0.04295601941752092]], [[66.6], [0.021120086312294006, 0.5082725123925643]], [[393.4], [0.03637011783818404, -0.06665764866690888]], [[500.0], [-0.0686288004120191, 0.04295601941752092]], [[500.0], [0.03918633175392946, -0.012231621953645392]], [[393.4], [0.03637011783818404, -0.06665764866690888]], [[500.0], [0.03918633175392946, -0.012231621953645392]], [[500.0], [-0.0686288004120191, 0.04295601941752092]], [[500.0], [-0.0686288004120191, 0.04295601941752092]], [[500.0], [-0.0686288004120191, 0.04295601941752092]], [[500.0], [-0.0686288004120191, 0.04295601941752092]], [[500.0], [-0.0686288004120191, 0.04295601941752092]], [[500.0], [-0.0686288004120191, 0.04295601941752092]], [[500.0], [-0.0686288004120191, 0.04295601941752092]], [[500.0], [-0.0686288004120191, 0.04295601941752092]], [[500.0], [-0.0686288004120191, 0.04295601941752092]], [[500.0], [-0.0686288004120191, 0.04295601941752092]], [[500.0], [-0.0686288004120191, 0.04295601941752092]]]}