{"101": [[[500.0], [0.03145926011105379, 0.02566202316415367]], [[500.0], [0.017898306250572205, 0.005867451420454888]], [[500.0], [0.017898306250572205, 0.005867451420454888]], [[500.0], [0.03145926011105379, 0.02566202316415367]], [[500.0], [0.06677163143952689, -0.0902509949566645]], [[500.0], [0.017898306250572205, 0.005867451420454888]], [[500.0], [0.03145926011105379, 0.02566202316415367]], [[27.8], [-0.030574497456351917, 0.5098163154707]], [[500.0], [0.03145926011105379, 0.02566202316415367]], [[14.2], [0.03037220487991969, -0.523277589578948]], [[500.0], [0.03145926011105379, 0.02566202316415367]], [[500.0], [0.06677163143952689, -0.0902509949566645]], [[500.0], [0.017898306250572205, 0.005867451420454888]], [[500.0], [0.03145926011105379, 0.02566202316415367]], [[500.0], [0.03145926011105379, 0.02566202316415367]], [[500.0], [0.017898306250572205, 0.005867451420454888]], [[500.0], [0.03145926011105379, 0.02566202316415367]], [[500.0], [0.017898306250572205, 0.005867451420454888]], [[500.0], [0.03145926011105379, 0.02566202316415367]], [[500.0], [0.017898306250572205, 0.005867451420454888]], [[500.0], [0.03145926011105379, 0.02566202316415367]], [[500.0], [0.03145926011105379, 0.02566202316415367]], [[500.0], [0.03145926011105379, 0.02566202316415367]], [[500.0], [0.06677163143952689, -0.0902509949566645]], [[500.0], [0.03145926011105379, 0.02566202316415367]], [[500.0], [0.017898306250572205, 0.005867451420454888]], [[500.0], [0.03145926011105379, 0.02566202316415367]], [[500.0], [0.06677163143952689, -0.0902509949566645]], [[500.0], [0.017898306250572205, 0.005867451420454888]], [[500.0], [0.017898306250572205, 0.005867451420454888]]], "103": [[[498.3], [0.07599869122107825, -0.518034555410084]], [[498.3], [0.07599869122107825, -0.518034555410084]], [[498.3], [0.07599869122107825, -0.518034555410084]], [[498.3], [0.07599869122107825, -0.518034555410084]], [[500.0], [0.004240193326647083, 0.010696472600102425]], [[498.3], [0.07599869122107825, -0.518034555410084]], [[498.3], [0.07599869122107825, -0.518034555410084]], [[498.3], [0.07599869122107825, -0.518034555410084]], [[498.3], [0.07599869122107825, -0.518034555410084]], [[498.3], [0.07599869122107825, -0.518034555410084]], [[500.0], [0.03005310893058777, -0.0020222928882999854]], [[498.3], [0.07599869122107825, -0.518034555410084]], [[498.3], [0.07599869122107825, -0.518034555410084]], [[498.3], [0.07599869122107825, -0.518034555410084]], [[498.3], [0.07599869122107825, -0.518034555410084]], [[498.3], [0.07599869122107825, -0.518034555410084]], [[498.3], [0.07599869122107825, -0.518034555410084]], [[498.3], [0.07599869122107825, -0.518034555410084]], [[498.3], [0.07599869122107825, -0.518034555410084]], [[498.3], [0.07599869122107825, -0.518034555410084]], [[498.3], [0.07599869122107825, -0.518034555410084]], [[498.3], [0.07599869122107825, -0.518034555410084]], [[498.3], [0.07599869122107825, -0.518034555410084]], [[498.3], [0.07599869122107825, -0.518034555410084]], [[498.3], [0.07599869122107825, -0.518034555410084]], [[498.3], [0.07599869122107825, -0.518034555410084]], [[498.3], [0.07599869122107825, -0.518034555410084]], [[498.3], [0.07599869122107825, -0.518034555410084]], [[498.3], [0.07599869122107825, -0.518034555410084]], [[498.3], [0.07599869122107825, -0.518034555410084]]], "102": [[[500.0], [-0.006693293495724599, 0.09315828102057061]], [[500.0], [-0.006693293495724599, 0.09315828102057061]], [[500.0], [-0.006693293495724599, 0.09315828102057061]], [[500.0], [-0.006693293495724599, 0.09315828102057061]], [[500.0], [-0.006693293495724599, 0.09315828102057061]], [[500.0], [-0.006693293495724599, 0.09315828102057061]], [[500.0], [-0.006693293495724599, 0.09315828102057061]], [[500.0], [-0.006693293495724599, 0.09315828102057061]], [[500.0], [-0.006693293495724599, 0.09315828102057061]], [[500.0], [-0.006693293495724599, 0.09315828102057061]], [[500.0], [-0.006693293495724599, 0.09315828102057061]], [[500.0], [-0.006693293495724599, 0.09315828102057061]], [[500.0], [-0.006693293495724599, 0.09315828102057061]], [[500.0], [-0.006693293495724599, 0.09315828102057061]], [[500.0], [-0.006693293495724599, 0.09315828102057061]], [[500.0], [-0.006693293495724599, 0.09315828102057061]], [[500.0], [-0.006693293495724599, 0.09315828102057061]], [[500.0], [-0.006693293495724599, 0.09315828102057061]], [[500.0], [-0.006693293495724599, 0.09315828102057061]], [[500.0], [-0.006693293495724599, 0.09315828102057061]], [[500.0], [-0.006693293495724599, 0.09315828102057061]], [[500.0], [-0.006693293495724599, 0.09315828102057061]], [[500.0], [-0.006693293495724599, 0.09315828102057061]], [[500.0], [-0.006693293495724599, 0.09315828102057061]], [[500.0], [-0.006693293495724599, 0.09315828102057061]], [[52.1], [0.007337873491148154, 0.5393510229849929]], [[500.0], [-0.006693293495724599, 0.09315828102057061]], [[500.0], [-0.006693293495724599, 0.09315828102057061]], [[500.0], [-0.006693293495724599, 0.09315828102057061]], [[500.0], [-0.006693293495724599, 0.09315828102057061]]]}