{"101": [[[500.0], [-0.03053125614921252, -0.006800184347198911]], [[500.0], [-0.03053125614921252, -0.006800184347198911]], [[500.0], [-0.03053125614921252, -0.006800184347198911]], [[500.0], [-0.03053125614921252, -0.006800184347198911]], [[500.0], [-0.03053125614921252, -0.006800184347198911]], [[500.0], [-0.03053125614921252, -0.006800184347198911]], [[500.0], [-0.03053125614921252, -0.006800184347198911]], [[500.0], [-0.03053125614921252, -0.006800184347198911]], [[23.6], [0.025409641675651073, -0.5284213064389937]], [[500.0], [-0.03053125614921252, -0.006800184347198911]], [[43.1], [0.0377634447067976, 0.509221160240721]], [[39.8], [-0.0018553379535054169, 0.5168461343318081]], [[500.0], [-0.03053125614921252, -0.006800184347198911]], [[500.0], [-0.03053125614921252, -0.006800184347198911]], [[500.0], [-0.03053125614921252, -0.006800184347198911]], [[500.0], [-0.03053125614921252, -0.006800184347198911]], [[500.0], [-0.03053125614921252, -0.006800184347198911]], [[500.0], [-0.03053125614921252, -0.006800184347198911]], [[500.0], [-0.03053125614921252, -0.006800184347198911]], [[500.0], [-0.03053125614921252, -0.006800184347198911]], [[500.0], [-0.03053125614921252, -0.006800184347198911]], [[500.0], [-0.03053125614921252, -0.006800184347198911]], [[500.0], [-0.03053125614921252, -0.006800184347198911]], [[500.0], [-0.03053125614921252, -0.006800184347198911]], [[9.6], [0.03666744567453861, -0.5957981901305714]], [[500.0], [-0.03053125614921252, -0.006800184347198911]], [[500.0], [-0.03053125614921252, -0.006800184347198911]], [[500.0], [-0.03053125614921252, -0.006800184347198911]], [[9.6], [0.03666744567453861, -0.5957981901305714]], [[500.0], [-0.03053125614921252, -0.006800184347198911]]], "103": [[[9.4], [-0.02940102480351925, 0.5648723273186023]], [[500.0], [-0.07911083598931631, 0.011473229047998287]], [[33.0], [0.00932063131282727, 0.509794926244106]], [[76.9], [0.2582890788714091, -0.5083394250230926]], [[18.7], [-0.01967454173912605, 0.5207513793233479]], [[33.0], [0.00932063131282727, 0.509794926244106]], [[500.0], [-0.07911083598931631, 0.011473229047998287]], [[105.4], [-0.21233635644117993, -0.5023877657771681]], [[500.0], [-0.07911083598931631, 0.011473229047998287]], [[500.0], [-0.07911083598931631, 0.011473229047998287]], [[500.0], [-0.07911083598931631, 0.011473229047998287]], [[500.0], [-0.07911083598931631, 0.011473229047998287]], [[500.0], [-0.07911083598931631, 0.011473229047998287]], [[500.0], [-0.07911083598931631, 0.011473229047998287]], [[500.0], [-0.07911083598931631, 0.011473229047998287]], [[500.0], [-0.07911083598931631, 0.011473229047998287]], [[38.6], [0.05351303145289421, -0.5394416420083297]], [[500.0], [-0.07911083598931631, 0.011473229047998287]], [[500.0], [-0.07911083598931631, 0.011473229047998287]], [[500.0], [-0.07911083598931631, 0.011473229047998287]], [[37.5], [-0.00020618957933038473, 0.5171753858265125]], [[9.4], [-0.02777745947241783, 0.5371965574875973]], [[500.0], [-0.07911083598931631, 0.011473229047998287]], [[500.0], [-0.07911083598931631, 0.011473229047998287]], [[24.2], [0.01883211856087049, -0.5212564859093661]], [[500.0], [-0.07911083598931631, 0.011473229047998287]], [[500.0], [-0.07911083598931631, 0.011473229047998287]], [[305.5], [0.0298949982970953, -0.5045175980152696]], [[50.3], [0.0175132742151618, 0.5252995488175936]], [[500.0], [-0.07911083598931631, 0.011473229047998287]]], "102": [[[321.7], [0.5008367697397869, 0.3850949152805018]], [[321.7], [0.5008367697397869, 0.3850949152805018]], [[321.7], [0.5008367697397869, 0.3850949152805018]], [[500.0], [0.034623099491000175, -0.008000505410812118]], [[18.7], [-0.01967454173912605, 0.5207513793233479]], [[321.7], [0.5008367697397869, 0.3850949152805018]], [[321.7], [0.5008367697397869, 0.3850949152805018]], [[321.7], [0.5008367697397869, 0.3850949152805018]], [[132.9], [0.13470298300186795, 0.5016363978956305]], [[321.7], [0.5008367697397869, 0.3850949152805018]], [[321.7], [0.5008367697397869, 0.3850949152805018]], [[9.4], [-0.02940102480351925, 0.5648723273186023]], [[321.7], [0.5008367697397869, 0.3850949152805018]], [[46.2], [0.011955833372970423, 0.5209384637586237]], [[321.7], [0.5008367697397869, 0.3850949152805018]], [[9.6], [0.03666744567453861, -0.5957981901305714]], [[321.7], [0.5008367697397869, 0.3850949152805018]], [[500.0], [0.034623099491000175, -0.008000505410812118]], [[18.7], [-0.01967454173912605, 0.5207513793233479]], [[321.7], [0.5008367697397869, 0.3850949152805018]], [[321.7], [0.5008367697397869, 0.3850949152805018]], [[12.5], [0.031495122238993645, -0.526399561092614]], [[321.7], [0.5008367697397869, 0.3850949152805018]], [[9.6], [0.03666744567453861, -0.5957981901305714]], [[321.7], [0.5008367697397869, 0.3850949152805018]], [[321.7], [0.5008367697397869, 0.3850949152805018]], [[9.6], [0.03666744567453861, -0.5957981901305714]], [[11.0], [-0.026866719126701355, 0.5329589239147862]], [[53.3], [0.021209797511498134, 0.5064548202678918]], [[500.0], [0.034623099491000175, -0.008000505410812118]]]}