{"103": [[[405.8], [0.02097674490263065, -0.006160165214438758]], [[405.8], [0.02097674490263065, -0.006160165214438758]], [[405.8], [0.02097674490263065, -0.006160165214438758]], [[405.8], [0.02097674490263065, -0.006160165214438758]], [[405.8], [0.02097674490263065, -0.006160165214438758]], [[405.8], [0.02097674490263065, -0.006160165214438758]], [[405.8], [0.02097674490263065, -0.006160165214438758]], [[405.8], [0.02097674490263065, -0.006160165214438758]], [[405.8], [0.02097674490263065, -0.006160165214438758]], [[405.8], [0.02097674490263065, -0.006160165214438758]], [[405.8], [0.02097674490263065, -0.006160165214438758]], [[33.5], [-0.009971804295976957, 0.5164516456959921]], [[405.8], [0.02097674490263065, -0.006160165214438758]], [[405.8], [0.02097674490263065, -0.006160165214438758]], [[405.8], [0.02097674490263065, -0.006160165214438758]], [[106.8], [-0.013538839605947336, -0.5291059042848468]], [[405.8], [0.02097674490263065, -0.006160165214438758]], [[405.8], [0.02097674490263065, -0.006160165214438758]], [[405.8], [0.02097674490263065, -0.006160165214438758]], [[405.8], [0.02097674490263065, -0.006160165214438758]], [[405.8], [0.02097674490263065, -0.006160165214438758]], [[405.8], [0.02097674490263065, -0.006160165214438758]], [[405.8], [0.02097674490263065, -0.006160165214438758]], [[405.8], [0.02097674490263065, -0.006160165214438758]], [[405.8], [0.02097674490263065, -0.006160165214438758]], [[405.8], [0.02097674490263065, -0.006160165214438758]], [[405.8], [0.02097674490263065, -0.006160165214438758]], [[405.8], [0.02097674490263065, -0.006160165214438758]], [[405.8], [0.02097674490263065, -0.006160165214438758]], [[405.8], [0.02097674490263065, -0.006160165214438758]]], "101": [[[500.0], [0.007301695489635071, 0.0029697052858163866]], [[500.0], [0.007301695489635071, 0.0029697052858163866]], [[500.0], [0.007301695489635071, 0.0029697052858163866]], [[500.0], [0.007301695489635071, 0.0029697052858163866]], [[500.0], [0.007301695489635071, 0.0029697052858163866]], [[500.0], [0.007301695489635071, 0.0029697052858163866]], [[500.0], [0.007301695489635071, 0.0029697052858163866]], [[500.0], [0.007301695489635071, 0.0029697052858163866]], [[500.0], [0.007301695489635071, 0.0029697052858163866]], [[487.1], [0.0815226323902607, 0.012143346833056241]], [[500.0], [0.007301695489635071, 0.0029697052858163866]], [[500.0], [0.007301695489635071, 0.0029697052858163866]], [[500.0], [0.007301695489635071, 0.0029697052858163866]], [[500.0], [0.007301695489635071, 0.0029697052858163866]], [[500.0], [0.007301695489635071, 0.0029697052858163866]], [[487.1], [0.0815226323902607, 0.012143346833056241]], [[487.1], [0.0815226323902607, 0.012143346833056241]], [[500.0], [0.007301695489635071, 0.0029697052858163866]], [[108.4], [0.1276250183582306, 0.502004328241759]], [[487.1], [0.0815226323902607, 0.012143346833056241]], [[500.0], [0.007301695489635071, 0.0029697052858163866]], [[500.0], [0.007301695489635071, 0.0029697052858163866]], [[487.1], [0.0815226323902607, 0.012143346833056241]], [[500.0], [0.007301695489635071, 0.0029697052858163866]], [[500.0], [0.007301695489635071, 0.0029697052858163866]], [[500.0], [0.007301695489635071, 0.0029697052858163866]], [[500.0], [0.007301695489635071, 0.0029697052858163866]], [[11.3], [0.034564274052778884, -0.5708690465352182]], [[500.0], [0.007301695489635071, 0.0029697052858163866]], [[500.0], [0.007301695489635071, 0.0029697052858163866]]], "102": [[[500.0], [0.036128709713617965, -0.005513839601900019]], [[500.0], [0.036128709713617965, -0.005513839601900019]], [[9.6], [0.03666744567453861, -0.5957981901305714]], [[500.0], [0.036128709713617965, -0.005513839601900019]], [[500.0], [0.036128709713617965, -0.005513839601900019]], [[500.0], [0.036128709713617965, -0.005513839601900019]], [[500.0], [0.036128709713617965, -0.005513839601900019]], [[500.0], [0.036128709713617965, -0.005513839601900019]], [[500.0], [0.036128709713617965, -0.005513839601900019]], [[500.0], [0.036128709713617965, -0.005513839601900019]], [[500.0], [0.036128709713617965, -0.005513839601900019]], [[500.0], [0.036128709713617965, -0.005513839601900019]], [[500.0], [0.036128709713617965, -0.005513839601900019]], [[500.0], [0.036128709713617965, -0.005513839601900019]], [[500.0], [0.036128709713617965, -0.005513839601900019]], [[500.0], [0.036128709713617965, -0.005513839601900019]], [[500.0], [0.036128709713617965, -0.005513839601900019]], [[500.0], [0.036128709713617965, -0.005513839601900019]], [[500.0], [0.036128709713617965, -0.005513839601900019]], [[500.0], [0.054276883602142334, 0.003929540423596162]], [[500.0], [0.036128709713617965, -0.005513839601900019]], [[500.0], [0.036128709713617965, -0.005513839601900019]], [[10.0], [0.03666744567453861, -0.5957981901305714]], [[500.0], [0.036128709713617965, -0.005513839601900019]], [[500.0], [0.036128709713617965, -0.005513839601900019]], [[500.0], [0.036128709713617965, -0.005513839601900019]], [[500.0], [0.036128709713617965, -0.005513839601900019]], [[500.0], [0.036128709713617965, -0.005513839601900019]], [[500.0], [0.036128709713617965, -0.005513839601900019]], [[500.0], [0.036128709713617965, -0.005513839601900019]]]}