{"102": [[[500.0], [0.0012092714314348996, 0.010771089808293508]], [[500.0], [0.07096900294224422, -0.0016678300960230059]], [[500.0], [0.0012092714314348996, 0.010771089808293508]], [[500.0], [0.07096900294224422, -0.0016678300960230059]], [[500.0], [0.0012092714314348996, 0.010771089808293508]], [[500.0], [0.0012092714314348996, 0.010771089808293508]], [[230.4], [0.2618039896090826, 0.5107517376470794]], [[500.0], [0.07096900294224422, -0.0016678300960230059]], [[500.0], [0.0012092714314348996, 0.010771089808293508]], [[500.0], [0.07406181966265044, -0.01736223679837998]], [[500.0], [0.1133805513381958, 0.003677170665747526]], [[500.0], [0.07096900294224422, -0.0016678300960230059]], [[500.0], [0.0012092714314348996, 0.010771089808293508]], [[500.0], [0.07406181966265044, -0.01736223679837998]], [[500.0], [0.07096900294224422, -0.0016678300960230059]], [[125.5], [0.15706587582826614, -0.5200210085325835]], [[140.9], [-0.5020624399185181, -0.03350483538787901]], [[500.0], [0.0012092714314348996, 0.010771089808293508]], [[28.3], [-0.009971804295976957, 0.5164516456959921]], [[500.0], [0.0012092714314348996, 0.010771089808293508]], [[500.0], [0.07096900294224422, -0.0016678300960230059]], [[500.0], [0.07096900294224422, -0.0016678300960230059]], [[500.0], [0.0012092714314348996, 0.010771089808293508]], [[500.0], [0.07096900294224422, -0.0016678300960230059]], [[500.0], [0.07406181966265044, -0.01736223679837998]], [[500.0], [0.1133805513381958, 0.003677170665747526]], [[9.6], [0.03666744567453861, -0.5957981901305714]], [[119.1], [0.08947196106115977, -0.5089345089556498]], [[500.0], [0.0012092714314348996, 0.010771089808293508]], [[500.0], [0.07096900294224422, -0.0016678300960230059]]], "103": [[[410.8], [0.5060494442780813, 0.26539761270062207]], [[500.0], [-0.006693293495724599, 0.09315828102057061]], [[500.0], [-0.006693293495724599, 0.09315828102057061]], [[500.0], [-0.006693293495724599, 0.09315828102057061]], [[500.0], [-0.006693293495724599, 0.09315828102057061]], [[500.0], [0.008875390825172266, -0.011810355565764688]], [[252.5], [0.08703850209712982, -0.5090716851955396]], [[500.0], [-0.006693293495724599, 0.09315828102057061]], [[500.0], [-0.006693293495724599, 0.09315828102057061]], [[500.0], [-0.006693293495724599, 0.09315828102057061]], [[500.0], [-0.006693293495724599, 0.09315828102057061]], [[500.0], [0.008875390825172266, -0.011810355565764688]], [[500.0], [-0.006693293495724599, 0.09315828102057061]], [[400.0], [0.14191935459772748, 0.06821422735184574]], [[500.0], [-0.006693293495724599, 0.09315828102057061]], [[500.0], [0.008875390825172266, -0.011810355565764688]], [[178.0], [0.16870971769094467, 0.5020754474201842]], [[21.9], [-0.015667229890823364, 0.582378375473205]], [[500.0], [0.008875390825172266, -0.011810355565764688]], [[500.0], [-0.006693293495724599, 0.09315828102057061]], [[180.7], [0.16558716694513959, 0.5223039163356763]], [[178.0], [0.16870971769094467, 0.5020754474201842]], [[500.0], [0.014904319929579895, -0.0034800388640835525]], [[500.0], [-0.006693293495724599, 0.09315828102057061]], [[500.0], [-0.006693293495724599, 0.09315828102057061]], [[500.0], [-0.006693293495724599, 0.09315828102057061]], [[86.6], [0.059796043982108436, 0.525717850792351]], [[500.0], [-0.006693293495724599, 0.09315828102057061]], [[500.0], [0.014904319929579895, -0.0034800388640835525]], [[500.0], [0.008875390825172266, -0.011810355565764688]]], "101": [[[500.0], [0.0061468814965337515, -0.08710277707953203]], [[500.0], [0.0061468814965337515, -0.08710277707953203]], [[101.4], [0.08051653703053793, 0.5082540107115604]], [[500.0], [-0.006693293495724599, 0.09315828102057061]], [[500.0], [0.006023844859252374, -0.05720685008895454]], [[500.0], [-0.006693293495724599, 0.09315828102057061]], [[500.0], [0.006023844859252374, -0.05720685008895454]], [[500.0], [0.0061468814965337515, -0.08710277707953203]], [[101.4], [0.08051653703053793, 0.5082540107115604]], [[500.0], [0.006023844859252374, -0.05720685008895454]], [[273.2], [0.5068059762318929, -0.33909192923723797]], [[500.0], [0.006023844859252374, -0.05720685008895454]], [[273.2], [0.5068059762318929, -0.33909192923723797]], [[500.0], [0.0061468814965337515, -0.08710277707953203]], [[500.0], [-0.006693293495724599, 0.09315828102057061]], [[500.0], [-0.006693293495724599, 0.09315828102057061]], [[500.0], [0.0061468814965337515, -0.08710277707953203]], [[101.4], [0.08051653703053793, 0.5082540107115604]], [[230.2], [0.24988782902558646, -0.5073668212411506]], [[273.2], [0.5068059762318929, -0.33909192923723797]], [[500.0], [-0.006693293495724599, 0.09315828102057061]], [[500.0], [0.0061468814965337515, -0.08710277707953203]], [[210.4], [-0.2607029428084692, -0.5116368238435408]], [[500.0], [0.0061468814965337515, -0.08710277707953203]], [[101.4], [0.08051653703053793, 0.5082540107115604]], [[500.0], [0.0061468814965337515, -0.08710277707953203]], [[500.0], [-0.006693293495724599, 0.09315828102057061]], [[500.0], [0.0061468814965337515, -0.08710277707953203]], [[500.0], [0.0061468814965337515, -0.08710277707953203]], [[500.0], [0.0061468814965337515, -0.08710277707953203]]]}