{"101": [[[15.7], [0.03057920994857947, -0.5419642160954088]], [[500.0], [0.012118908731887739, -0.06565047900357315]], [[500.0], [0.012118908731887739, -0.06565047900357315]], [[500.0], [0.012118908731887739, -0.06565047900357315]], [[500.0], [0.012118908731887739, -0.06565047900357315]], [[500.0], [0.012118908731887739, -0.06565047900357315]], [[500.0], [0.012118908731887739, -0.06565047900357315]], [[500.0], [0.012118908731887739, -0.06565047900357315]], [[500.0], [0.012118908731887739, -0.06565047900357315]], [[500.0], [0.012118908731887739, -0.06565047900357315]], [[500.0], [0.012118908731887739, -0.06565047900357315]], [[500.0], [0.012118908731887739, -0.06565047900357315]], [[500.0], [0.012118908731887739, -0.06565047900357315]], [[500.0], [0.012118908731887739, -0.06565047900357315]], [[500.0], [0.012118908731887739, -0.06565047900357315]], [[500.0], [0.012118908731887739, -0.06565047900357315]], [[500.0], [0.012118908731887739, -0.06565047900357315]], [[500.0], [0.012118908731887739, -0.06565047900357315]], [[500.0], [0.012118908731887739, -0.06565047900357315]], [[500.0], [0.012118908731887739, -0.06565047900357315]], [[500.0], [0.012118908731887739, -0.06565047900357315]], [[500.0], [0.012118908731887739, -0.06565047900357315]], [[500.0], [0.012118908731887739, -0.06565047900357315]], [[500.0], [0.012118908731887739, -0.06565047900357315]], [[500.0], [0.012118908731887739, -0.06565047900357315]], [[500.0], [0.012118908731887739, -0.06565047900357315]], [[500.0], [0.012118908731887739, -0.06565047900357315]], [[500.0], [0.012118908731887739, -0.06565047900357315]], [[47.4], [0.027032714957992237, 0.5197480820012434]], [[500.0], [0.012118908731887739, -0.06565047900357315]]], "103": [[[500.0], [0.06186543653408687, 0.0010924860801654712]], [[500.0], [0.06186543653408687, 0.0010924860801654712]], [[500.0], [0.06186543653408687, 0.0010924860801654712]], [[500.0], [0.06186543653408687, 0.0010924860801654712]], [[500.0], [0.06186543653408687, 0.0010924860801654712]], [[500.0], [0.06186543653408687, 0.0010924860801654712]], [[500.0], [0.06186543653408687, 0.0010924860801654712]], [[500.0], [0.06186543653408687, 0.0010924860801654712]], [[500.0], [0.06186543653408687, 0.0010924860801654712]], [[500.0], [0.06186543653408687, 0.0010924860801654712]], [[500.0], [0.06186543653408687, 0.0010924860801654712]], [[500.0], [0.06186543653408687, 0.0010924860801654712]], [[500.0], [0.06186543653408687, 0.0010924860801654712]], [[500.0], [0.06186543653408687, 0.0010924860801654712]], [[500.0], [0.06186543653408687, 0.0010924860801654712]], [[47.2], [0.0175132742151618, 0.5252995488175936]], [[500.0], [0.06186543653408687, 0.0010924860801654712]], [[500.0], [0.06186543653408687, 0.0010924860801654712]], [[500.0], [0.06186543653408687, 0.0010924860801654712]], [[500.0], [0.06186543653408687, 0.0010924860801654712]], [[500.0], [0.06186543653408687, 0.0010924860801654712]], [[500.0], [0.06186543653408687, 0.0010924860801654712]], [[500.0], [0.06186543653408687, 0.0010924860801654712]], [[500.0], [0.06186543653408687, 0.0010924860801654712]], [[500.0], [0.06186543653408687, 0.0010924860801654712]], [[500.0], [0.06186543653408687, 0.0010924860801654712]], [[500.0], [0.06186543653408687, 0.0010924860801654712]], [[500.0], [0.06186543653408687, 0.0010924860801654712]], [[500.0], [0.06186543653408687, 0.0010924860801654712]], [[500.0], [0.06186543653408687, 0.0010924860801654712]]], "102": [[[500.0], [0.08304751167694728, 0.009760897802679162]], [[500.0], [0.08304751167694728, 0.009760897802679162]], [[500.0], [0.08304751167694728, 0.009760897802679162]], [[500.0], [0.08304751167694728, 0.009760897802679162]], [[500.0], [-0.42307833830515545, 0.009779431790327342]], [[500.0], [0.08304751167694728, 0.009760897802679162]], [[500.0], [0.08304751167694728, 0.009760897802679162]], [[500.0], [0.08304751167694728, 0.009760897802679162]], [[500.0], [0.08304751167694728, 0.009760897802679162]], [[500.0], [0.08304751167694728, 0.009760897802679162]], [[500.0], [0.08304751167694728, 0.009760897802679162]], [[500.0], [0.08304751167694728, 0.009760897802679162]], [[500.0], [0.08304751167694728, 0.009760897802679162]], [[500.0], [0.08304751167694728, 0.009760897802679162]], [[500.0], [0.08304751167694728, 0.009760897802679162]], [[500.0], [0.08304751167694728, 0.009760897802679162]], [[9.3], [0.03666744567453861, -0.5957981901305714]], [[500.0], [-0.42307833830515545, 0.009779431790327342]], [[500.0], [0.08304751167694728, 0.009760897802679162]], [[500.0], [0.08304751167694728, 0.009760897802679162]], [[500.0], [0.08304751167694728, 0.009760897802679162]], [[500.0], [-0.42307833830515545, 0.009779431790327342]], [[500.0], [0.08304751167694728, 0.009760897802679162]], [[500.0], [0.08304751167694728, 0.009760897802679162]], [[500.0], [0.08304751167694728, 0.009760897802679162]], [[500.0], [0.08304751167694728, 0.009760897802679162]], [[500.0], [0.08304751167694728, 0.009760897802679162]], [[500.0], [0.08304751167694728, 0.009760897802679162]], [[500.0], [0.08304751167694728, 0.009760897802679162]], [[500.0], [-0.42307833830515545, 0.009779431790327342]]]}