{"101": [[[10.7], [0.03357960221668085, -0.5468902619261491]], [[500.0], [0.030077453702688217, -0.008093793631384247]], [[500.0], [0.030077453702688217, -0.008093793631384247]], [[500.0], [0.030077453702688217, -0.008093793631384247]], [[23.8], [-0.01550476842870315, 0.5271046569472865]], [[500.0], [0.030077453702688217, -0.008093793631384247]], [[500.0], [0.030077453702688217, -0.008093793631384247]], [[500.0], [0.030077453702688217, -0.008093793631384247]], [[500.0], [0.030077453702688217, -0.008093793631384247]], [[500.0], [0.030077453702688217, -0.008093793631384247]], [[500.0], [0.030077453702688217, -0.008093793631384247]], [[500.0], [0.030077453702688217, -0.008093793631384247]], [[500.0], [0.030077453702688217, -0.008093793631384247]], [[500.0], [0.030077453702688217, -0.008093793631384247]], [[500.0], [0.030077453702688217, -0.008093793631384247]], [[9.6], [0.03666744567453861, -0.5957981901305714]], [[9.6], [0.03666744567453861, -0.5957981901305714]], [[500.0], [0.030077453702688217, -0.008093793631384247]], [[500.0], [0.030077453702688217, -0.008093793631384247]], [[500.0], [0.030077453702688217, -0.008093793631384247]], [[500.0], [0.030077453702688217, -0.008093793631384247]], [[500.0], [0.030077453702688217, -0.008093793631384247]], [[500.0], [0.030077453702688217, -0.008093793631384247]], [[500.0], [0.030077453702688217, -0.008093793631384247]], [[26.9], [-0.020997362832228344, 0.5051712527799834]], [[500.0], [0.030077453702688217, -0.008093793631384247]], [[500.0], [0.030077453702688217, -0.008093793631384247]], [[500.0], [0.030077453702688217, -0.008093793631384247]], [[500.0], [0.030077453702688217, -0.008093793631384247]], [[500.0], [0.030077453702688217, -0.008093793631384247]]], "103": [[[500.0], [-0.01695497116694848, 0.005394522809205158]], [[500.0], [-0.01695497116694848, 0.005394522809205158]], [[500.0], [-0.01695497116694848, 0.005394522809205158]], [[500.0], [-0.01695497116694848, 0.005394522809205158]], [[500.0], [-0.01695497116694848, 0.005394522809205158]], [[500.0], [-0.01695497116694848, 0.005394522809205158]], [[500.0], [-0.01695497116694848, 0.005394522809205158]], [[500.0], [-0.01695497116694848, 0.005394522809205158]], [[500.0], [-0.01695497116694848, 0.005394522809205158]], [[500.0], [-0.01695497116694848, 0.005394522809205158]], [[19.9], [-0.01801305295278629, 0.517991598713341]], [[500.0], [-0.01695497116694848, 0.005394522809205158]], [[500.0], [-0.01695497116694848, 0.005394522809205158]], [[500.0], [-0.01695497116694848, 0.005394522809205158]], [[500.0], [-0.01695497116694848, 0.005394522809205158]], [[500.0], [-0.01695497116694848, 0.005394522809205158]], [[500.0], [-0.01695497116694848, 0.005394522809205158]], [[500.0], [-0.01695497116694848, 0.005394522809205158]], [[500.0], [-0.01695497116694848, 0.005394522809205158]], [[500.0], [-0.01695497116694848, 0.005394522809205158]], [[500.0], [-0.01695497116694848, 0.005394522809205158]], [[500.0], [-0.01695497116694848, 0.005394522809205158]], [[500.0], [-0.01695497116694848, 0.005394522809205158]], [[500.0], [-0.01695497116694848, 0.005394522809205158]], [[15.9], [0.03037220487991969, -0.523277589578948]], [[500.0], [-0.01695497116694848, 0.005394522809205158]], [[500.0], [-0.01695497116694848, 0.005394522809205158]], [[9.4], [-0.02940102480351925, 0.5648723273186023]], [[500.0], [-0.01695497116694848, 0.005394522809205158]], [[500.0], [-0.01695497116694848, 0.005394522809205158]]], "102": [[[500.0], [-0.0032743586537738643, -0.005159907501957348]], [[500.0], [-0.0032743586537738643, -0.005159907501957348]], [[500.0], [-0.0032743586537738643, -0.005159907501957348]], [[500.0], [-0.0032743586537738643, -0.005159907501957348]], [[80.2], [-0.08587397014101347, -0.5020933074243902]], [[500.0], [-0.0032743586537738643, -0.005159907501957348]], [[500.0], [-0.0032743586537738643, -0.005159907501957348]], [[500.0], [-0.0032743586537738643, -0.005159907501957348]], [[500.0], [-0.0032743586537738643, -0.005159907501957348]], [[500.0], [-0.0032743586537738643, -0.005159907501957348]], [[500.0], [-0.0032743586537738643, -0.005159907501957348]], [[500.0], [-0.0032743586537738643, -0.005159907501957348]], [[500.0], [-0.0032743586537738643, -0.005159907501957348]], [[500.0], [-0.0032743586537738643, -0.005159907501957348]], [[500.0], [-0.0032743586537738643, -0.005159907501957348]], [[500.0], [-0.0032743586537738643, -0.005159907501957348]], [[500.0], [-0.0032743586537738643, -0.005159907501957348]], [[500.0], [-0.0032743586537738643, -0.005159907501957348]], [[500.0], [-0.0032743586537738643, -0.005159907501957348]], [[9.6], [0.03666744567453861, -0.5957981901305714]], [[500.0], [-0.0032743586537738643, -0.005159907501957348]], [[188.9], [0.5049959818522136, 0.19818510521541943]], [[500.0], [-0.0032743586537738643, -0.005159907501957348]], [[500.0], [-0.0032743586537738643, -0.005159907501957348]], [[500.0], [-0.0032743586537738643, -0.005159907501957348]], [[11.8], [-0.025138574031492077, 0.5131281520190992]], [[500.0], [-0.0032743586537738643, -0.005159907501957348]], [[500.0], [-0.0032743586537738643, -0.005159907501957348]], [[500.0], [-0.0032743586537738643, -0.005159907501957348]], [[500.0], [-0.0032743586537738643, -0.005159907501957348]]]}