{"102": [[[410.9], [0.012599469628185034, -0.560214894525172]], [[410.9], [0.012599469628185034, -0.560214894525172]], [[410.9], [0.012599469628185034, -0.560214894525172]], [[410.9], [0.012599469628185034, -0.560214894525172]], [[410.9], [0.012599469628185034, -0.560214894525172]], [[248.5], [-0.5066514015197754, -0.4655830027384051]], [[410.9], [0.012599469628185034, -0.560214894525172]], [[410.9], [0.012599469628185034, -0.560214894525172]], [[248.5], [-0.5066514015197754, -0.4655830027384051]], [[410.9], [0.012599469628185034, -0.560214894525172]], [[410.9], [0.012599469628185034, -0.560214894525172]], [[33.0], [0.012260280394305786, -0.5018695404655055]], [[410.9], [0.012599469628185034, -0.560214894525172]], [[410.9], [0.012599469628185034, -0.560214894525172]], [[410.9], [0.012599469628185034, -0.560214894525172]], [[410.9], [0.012599469628185034, -0.560214894525172]], [[248.5], [-0.5066514015197754, -0.4655830027384051]], [[410.9], [0.012599469628185034, -0.560214894525172]], [[410.9], [0.012599469628185034, -0.560214894525172]], [[410.9], [0.012599469628185034, -0.560214894525172]], [[12.8], [0.031478526070714, -0.5220403297666157]], [[410.9], [0.012599469628185034, -0.560214894525172]], [[410.9], [0.012599469628185034, -0.560214894525172]], [[410.9], [0.012599469628185034, -0.560214894525172]], [[410.9], [0.012599469628185034, -0.560214894525172]], [[9.6], [0.03666744567453861, -0.5957981901305714]], [[410.9], [0.012599469628185034, -0.560214894525172]], [[410.9], [0.012599469628185034, -0.560214894525172]], [[248.5], [-0.5066514015197754, -0.4655830027384051]], [[51.4], [0.020101101448138557, 0.5137769229104074]]], "101": [[[500.0], [0.0073063272672394914, 0.001797654207029411]], [[500.0], [0.0073063272672394914, 0.001797654207029411]], [[69.8], [-0.013013179413974285, -0.5252874639045679]], [[31.0], [-0.04375269636511803, 0.5380562974505447]], [[500.0], [0.0073063272672394914, 0.001797654207029411]], [[500.0], [0.0073063272672394914, 0.001797654207029411]], [[500.0], [0.0073063272672394914, 0.001797654207029411]], [[500.0], [0.0073063272672394914, 0.001797654207029411]], [[9.4], [-0.02940102480351925, 0.5648723273186023]], [[500.0], [0.0073063272672394914, 0.001797654207029411]], [[9.4], [-0.02940102480351925, 0.5648723273186023]], [[500.0], [0.0073063272672394914, 0.001797654207029411]], [[500.0], [0.0073063272672394914, 0.001797654207029411]], [[500.0], [0.0073063272672394914, 0.001797654207029411]], [[9.6], [0.03666744567453861, -0.5957981901305714]], [[500.0], [0.0073063272672394914, 0.001797654207029411]], [[500.0], [0.0073063272672394914, 0.001797654207029411]], [[500.0], [0.0073063272672394914, 0.001797654207029411]], [[9.6], [0.03666744567453861, -0.5957981901305714]], [[500.0], [0.0073063272672394914, 0.001797654207029411]], [[283.5], [0.5000362793604534, 0.4900350952832893]], [[60.9], [-0.011267495186378559, -0.5073432217944752]], [[500.0], [0.0073063272672394914, 0.001797654207029411]], [[500.0], [0.0073063272672394914, 0.001797654207029411]], [[500.0], [0.0073063272672394914, 0.001797654207029411]], [[9.6], [0.03666744567453861, -0.5957981901305714]], [[33.0], [-0.001309896761085838, 0.5019152777617057]], [[500.0], [0.0073063272672394914, 0.001797654207029411]], [[38.1], [-0.00020618957933038473, 0.5171753858265125]], [[38.1], [-0.00020618957933038473, 0.5171753858265125]]], "103": [[[500.0], [-0.0051101537731786575, 0.07606013432929391]], [[500.0], [-0.0051101537731786575, 0.07606013432929391]], [[9.4], [-0.02940102480351925, 0.5648723273186023]], [[500.0], [-0.0051101537731786575, 0.07606013432929391]], [[500.0], [-0.0051101537731786575, 0.07606013432929391]], [[500.0], [-0.0051101537731786575, 0.07606013432929391]], [[500.0], [-0.0051101537731786575, 0.07606013432929391]], [[500.0], [-0.0051101537731786575, 0.07606013432929391]], [[500.0], [-0.0051101537731786575, 0.07606013432929391]], [[500.0], [-0.0051101537731786575, 0.07606013432929391]], [[500.0], [-0.0051101537731786575, 0.07606013432929391]], [[500.0], [-0.0051101537731786575, 0.07606013432929391]], [[9.4], [-0.02940102480351925, 0.5648723273186023]], [[16.6], [0.028953667109211288, -0.5135494128368688]], [[500.0], [-0.0051101537731786575, 0.07606013432929391]], [[500.0], [-0.0051101537731786575, 0.07606013432929391]], [[500.0], [-0.0051101537731786575, 0.07606013432929391]], [[500.0], [-0.0051101537731786575, 0.07606013432929391]], [[500.0], [-0.0051101537731786575, 0.07606013432929391]], [[500.0], [-0.0051101537731786575, 0.07606013432929391]], [[217.2], [0.4207400480906169, 0.5114132707769221]], [[500.0], [-0.0051101537731786575, 0.07606013432929391]], [[500.0], [-0.0051101537731786575, 0.07606013432929391]], [[500.0], [-0.0051101537731786575, 0.07606013432929391]], [[500.0], [-0.0051101537731786575, 0.07606013432929391]], [[500.0], [-0.0051101537731786575, 0.07606013432929391]], [[58.5], [0.03384327826400598, 0.5279512781845896]], [[500.0], [-0.0051101537731786575, 0.07606013432929391]], [[500.0], [-0.0051101537731786575, 0.07606013432929391]], [[500.0], [-0.0051101537731786575, 0.07606013432929391]]]}