{"101": [[[497.2], [0.07241430381933849, 0.016086117663024146]], [[497.2], [0.07241430381933849, 0.016086117663024146]], [[497.2], [0.07241430381933849, 0.016086117663024146]], [[497.2], [0.07241430381933849, 0.016086117663024146]], [[497.2], [0.07241430381933849, 0.016086117663024146]], [[497.2], [0.07241430381933849, 0.016086117663024146]], [[497.2], [0.07241430381933849, 0.016086117663024146]], [[261.9], [-0.09146203597386679, 0.5038348895510989]], [[497.2], [0.07241430381933849, 0.016086117663024146]], [[497.2], [0.07241430381933849, 0.016086117663024146]], [[497.2], [0.07241430381933849, 0.016086117663024146]], [[497.2], [0.07241430381933849, 0.016086117663024146]], [[497.2], [0.07241430381933849, 0.016086117663024146]], [[497.2], [0.07241430381933849, 0.016086117663024146]], [[497.2], [0.07241430381933849, 0.016086117663024146]], [[11.3], [-0.026770159602165222, 0.5430700391103206]], [[497.2], [0.07241430381933849, 0.016086117663024146]], [[497.2], [0.07241430381933849, 0.016086117663024146]], [[174.4], [-0.05920569722851118, 0.5039090745186692]], [[497.2], [0.07241430381933849, 0.016086117663024146]], [[497.2], [0.07241430381933849, 0.016086117663024146]], [[109.8], [0.08760330577691397, 0.5089987835815649]], [[183.7], [0.11123736699422201, -0.5145489670443193]], [[174.4], [-0.05920569722851118, 0.5039090745186692]], [[497.2], [0.07241430381933849, 0.016086117663024146]], [[497.2], [0.07241430381933849, 0.016086117663024146]], [[497.2], [0.07241430381933849, 0.016086117663024146]], [[497.2], [0.07241430381933849, 0.016086117663024146]], [[497.2], [0.07241430381933849, 0.016086117663024146]], [[497.2], [0.07241430381933849, 0.016086117663024146]]], "103": [[[60.4], [0.04709724957744281, -0.5062699460526973]], [[452.5], [0.16940802335739136, 0.014832819272813045]], [[452.5], [0.16940802335739136, 0.014832819272813045]], [[49.9], [0.004793622065335512, 0.5046995490361629]], [[449.6], [0.08306022733449936, 0.00654171782425431]], [[449.6], [0.08306022733449936, 0.00654171782425431]], [[452.5], [0.16940802335739136, 0.014832819272813045]], [[500.0], [-0.0002870122746874889, 0.005862108012884143]], [[452.5], [0.16940802335739136, 0.014832819272813045]], [[449.6], [0.08306022733449936, 0.00654171782425431]], [[449.6], [0.08306022733449936, 0.00654171782425431]], [[449.6], [0.08306022733449936, 0.00654171782425431]], [[449.6], [0.08306022733449936, 0.00654171782425431]], [[44.8], [0.05658424148956935, -0.5499285302664104]], [[452.5], [0.16940802335739136, 0.014832819272813045]], [[449.6], [0.08306022733449936, 0.00654171782425431]], [[449.6], [0.08306022733449936, 0.00654171782425431]], [[500.0], [-0.0002870122746874889, 0.005862108012884143]], [[49.9], [0.004793622065335512, 0.5046995490361629]], [[60.4], [0.04709724957744281, -0.5062699460526973]], [[452.5], [0.16940802335739136, 0.014832819272813045]], [[500.0], [-0.0002870122746874889, 0.005862108012884143]], [[71.0], [0.06771170223752658, 0.5174392575852609]], [[500.0], [0.08766917511820793, -0.009334056290606277]], [[200.6], [-0.04083283245563507, -0.4748249667112907]], [[449.6], [0.08306022733449936, 0.00654171782425431]], [[449.6], [0.08306022733449936, 0.00654171782425431]], [[449.6], [0.08306022733449936, 0.00654171782425431]], [[449.6], [0.08306022733449936, 0.00654171782425431]], [[11.6], [0.03666744567453861, -0.5957981901305714]]], "102": [[[500.0], [-0.00659571805347999, 0.06844904095504843]], [[93.2], [0.007337873491148154, 0.5393510229849929]], [[500.0], [-0.00659571805347999, 0.06844904095504843]], [[500.0], [-0.00659571805347999, 0.06844904095504843]], [[500.0], [-0.00659571805347999, 0.06844904095504843]], [[500.0], [-0.00659571805347999, 0.06844904095504843]], [[500.0], [-0.00659571805347999, 0.06844904095504843]], [[434.0], [0.045180224503080055, 0.0049356966052186545]], [[96.2], [0.06230428194006284, 0.5211343534255142]], [[32.5], [-0.011594390186170738, 0.54408431623541]], [[65.6], [-0.046060228099425636, 0.6019960037258824]], [[68.4], [0.021854187361896038, -0.5224544964908984]], [[96.2], [0.06230428194006284, 0.5211343534255142]], [[500.0], [-0.00659571805347999, 0.06844904095504843]], [[500.0], [-0.00659571805347999, 0.06844904095504843]], [[500.0], [-0.00659571805347999, 0.06844904095504843]], [[29.8], [-0.011594390186170738, 0.54408431623541]], [[500.0], [-0.00659571805347999, 0.06844904095504843]], [[500.0], [-0.00659571805347999, 0.06844904095504843]], [[500.0], [-0.00659571805347999, 0.06844904095504843]], [[500.0], [-0.00659571805347999, 0.06844904095504843]], [[500.0], [-0.00659571805347999, 0.06844904095504843]], [[500.0], [-0.00659571805347999, 0.06844904095504843]], [[500.0], [-0.00659571805347999, 0.06844904095504843]], [[500.0], [-0.00659571805347999, 0.06844904095504843]], [[65.6], [-0.046060228099425636, 0.6019960037258824]], [[500.0], [-0.00659571805347999, 0.06844904095504843]], [[9.8], [0.03341943956911564, -0.5401550083639519]], [[113.2], [-0.155009888112545, 0.528409221525968]], [[500.0], [-0.00659571805347999, 0.06844904095504843]]]}