{"103": [[[112.8], [0.31024391452471417, 0.5188354749998978]], [[500.0], [0.0012412336460935574, 0.0025990252543472503]], [[500.0], [0.0012412336460935574, 0.0025990252543472503]], [[14.5], [-0.023255130896965664, 0.5230314708782725]], [[500.0], [0.0012412336460935574, 0.0025990252543472503]], [[500.0], [0.0012412336460935574, 0.0025990252543472503]], [[33.1], [-0.00904751243069768, 0.5432262161131681]], [[500.0], [0.0012412336460935574, 0.0025990252543472503]], [[500.0], [0.0012412336460935574, 0.0025990252543472503]], [[500.0], [0.0012412336460935574, 0.0025990252543472503]], [[500.0], [0.0012412336460935574, 0.0025990252543472503]], [[500.0], [0.0012412336460935574, 0.0025990252543472503]], [[500.0], [0.0012412336460935574, 0.0025990252543472503]], [[500.0], [0.0012412336460935574, 0.0025990252543472503]], [[500.0], [0.0012412336460935574, 0.0025990252543472503]], [[500.0], [-0.37598878145217896, -0.02286694364613323]], [[500.0], [0.0012412336460935574, 0.0025990252543472503]], [[500.0], [0.0012412336460935574, 0.0025990252543472503]], [[13.0], [0.031478526070714, -0.5220403297666157]], [[500.0], [0.0012412336460935574, 0.0025990252543472503]], [[500.0], [0.0012412336460935574, 0.0025990252543472503]], [[112.8], [0.31024391452471417, 0.5188354749998978]], [[500.0], [0.0012412336460935574, 0.0025990252543472503]], [[10.5], [0.03179593632618587, -0.5124876516287407]], [[38.1], [0.0037572975270450115, 0.5069571462544528]], [[500.0], [0.0012412336460935574, 0.0025990252543472503]], [[25.9], [-0.01657735090702772, 0.552119286151594]], [[14.8], [0.03037220487991969, -0.523277589578948]], [[500.0], [0.0012412336460935574, 0.0025990252543472503]], [[500.0], [-0.37598878145217896, -0.02286694364613323]]], "102": [[[500.0], [-0.009104765485972166, -0.06379079715344324]], [[500.0], [-0.009104765485972166, -0.06379079715344324]], [[500.0], [-0.009104765485972166, -0.06379079715344324]], [[500.0], [-0.009104765485972166, -0.06379079715344324]], [[500.0], [-0.009104765485972166, -0.06379079715344324]], [[32.2], [-0.01321637537330389, 0.57154423312137]], [[500.0], [-0.009104765485972166, -0.06379079715344324]], [[500.0], [-0.009104765485972166, -0.06379079715344324]], [[500.0], [-0.009104765485972166, -0.06379079715344324]], [[500.0], [-0.009104765485972166, -0.06379079715344324]], [[11.0], [0.03196018747985363, -0.5202699434814271]], [[500.0], [-0.009104765485972166, -0.06379079715344324]], [[500.0], [-0.009104765485972166, -0.06379079715344324]], [[500.0], [-0.009104765485972166, -0.06379079715344324]], [[500.0], [-0.009104765485972166, -0.06379079715344324]], [[500.0], [-0.009104765485972166, -0.06379079715344324]], [[9.4], [0.03666744567453861, -0.5957981901305714]], [[500.0], [-0.009104765485972166, -0.06379079715344324]], [[500.0], [-0.009104765485972166, -0.06379079715344324]], [[500.0], [-0.009104765485972166, -0.06379079715344324]], [[500.0], [-0.009104765485972166, -0.06379079715344324]], [[500.0], [-0.009104765485972166, -0.06379079715344324]], [[500.0], [-0.009104765485972166, -0.06379079715344324]], [[500.0], [-0.009104765485972166, -0.06379079715344324]], [[14.1], [-0.024876988803346954, 0.5504739198958475]], [[500.0], [-0.009104765485972166, -0.06379079715344324]], [[500.0], [-0.009104765485972166, -0.06379079715344324]], [[500.0], [-0.009104765485972166, -0.06379079715344324]], [[500.0], [-0.009104765485972166, -0.06379079715344324]], [[500.0], [-0.009104765485972166, -0.06379079715344324]]], "101": [[[69.2], [0.02406806219369173, 0.5161636397599033]], [[500.0], [0.05575901518265407, 0.012372898909321242]], [[500.0], [0.05575901518265407, 0.012372898909321242]], [[67.0], [-0.002549166092649102, -0.5153022243075394]], [[500.0], [0.05575901518265407, 0.012372898909321242]], [[11.5], [0.03196018747985363, -0.5202699434814271]], [[500.0], [0.05575901518265407, 0.012372898909321242]], [[500.0], [0.05575901518265407, 0.012372898909321242]], [[500.0], [0.05575901518265407, 0.012372898909321242]], [[500.0], [0.05575901518265407, 0.012372898909321242]], [[464.9], [0.2223605165878932, 0.03722341258845261]], [[500.0], [0.05575901518265407, 0.012372898909321242]], [[500.0], [0.05575901518265407, 0.012372898909321242]], [[500.0], [0.05575901518265407, 0.012372898909321242]], [[69.2], [0.02406806219369173, 0.5161636397599033]], [[500.0], [0.05575901518265407, 0.012372898909321242]], [[23.8], [0.024018965971966587, -0.5257912871369905]], [[43.1], [0.010893924627453089, -0.5131471884307679]], [[500.0], [0.05575901518265407, 0.012372898909321242]], [[69.2], [0.02406806219369173, 0.5161636397599033]], [[500.0], [0.05575901518265407, 0.012372898909321242]], [[69.2], [0.02406806219369173, 0.5161636397599033]], [[500.0], [0.05575901518265407, 0.012372898909321242]], [[500.0], [0.05575901518265407, 0.012372898909321242]], [[500.0], [0.05575901518265407, 0.012372898909321242]], [[500.0], [0.05575901518265407, 0.012372898909321242]], [[500.0], [0.05575901518265407, 0.012372898909321242]], [[58.3], [0.0024730003982161484, -0.512242531091973]], [[69.2], [0.02406806219369173, 0.5161636397599033]], [[500.0], [0.05575901518265407, 0.012372898909321242]]]}