{"102": [[[500.0], [0.0043309542040030164, -0.01229798871328671]], [[500.0], [0.033020225043098136, 0.014143831065396944]], [[500.0], [0.033020225043098136, 0.014143831065396944]], [[500.0], [0.0043309542040030164, -0.01229798871328671]], [[500.0], [0.033020225043098136, 0.014143831065396944]], [[500.0], [0.033020225043098136, 0.014143831065396944]], [[500.0], [0.033020225043098136, 0.014143831065396944]], [[500.0], [0.0043309542040030164, -0.01229798871328671]], [[500.0], [0.0043309542040030164, -0.01229798871328671]], [[500.0], [0.0043309542040030164, -0.01229798871328671]], [[500.0], [0.0043309542040030164, -0.01229798871328671]], [[500.0], [0.0043309542040030164, -0.01229798871328671]], [[500.0], [0.0043309542040030164, -0.01229798871328671]], [[500.0], [0.033020225043098136, 0.014143831065396944]], [[500.0], [0.0043309542040030164, -0.01229798871328671]], [[500.0], [0.033020225043098136, 0.014143831065396944]], [[500.0], [0.0043309542040030164, -0.01229798871328671]], [[500.0], [0.033020225043098136, 0.014143831065396944]], [[500.0], [0.0043309542040030164, -0.01229798871328671]], [[500.0], [0.0043309542040030164, -0.01229798871328671]], [[500.0], [0.0043309542040030164, -0.01229798871328671]], [[500.0], [0.033020225043098136, 0.014143831065396944]], [[500.0], [0.0043309542040030164, -0.01229798871328671]], [[500.0], [0.0043309542040030164, -0.01229798871328671]], [[500.0], [0.0043309542040030164, -0.01229798871328671]], [[500.0], [0.033020225043098136, 0.014143831065396944]], [[500.0], [0.0043309542040030164, -0.01229798871328671]], [[500.0], [0.033020225043098136, 0.014143831065396944]], [[500.0], [0.0043309542040030164, -0.01229798871328671]], [[500.0], [0.033020225043098136, 0.014143831065396944]]], "103": [[[437.2], [0.47006408373514813, 0.24778296074798803]], [[437.2], [0.47006408373514813, 0.24778296074798803]], [[437.2], [0.47006408373514813, 0.24778296074798803]], [[437.2], [0.47006408373514813, 0.24778296074798803]], [[437.2], [0.47006408373514813, 0.24778296074798803]], [[437.2], [0.47006408373514813, 0.24778296074798803]], [[437.2], [0.47006408373514813, 0.24778296074798803]], [[437.2], [0.47006408373514813, 0.24778296074798803]], [[437.2], [0.47006408373514813, 0.24778296074798803]], [[500.0], [0.010354052452991407, -0.00249046713122697]], [[437.2], [0.47006408373514813, 0.24778296074798803]], [[437.2], [0.47006408373514813, 0.24778296074798803]], [[437.2], [0.47006408373514813, 0.24778296074798803]], [[500.0], [0.010354052452991407, -0.00249046713122697]], [[437.2], [0.47006408373514813, 0.24778296074798803]], [[500.0], [0.010354052452991407, -0.00249046713122697]], [[500.0], [0.010354052452991407, -0.00249046713122697]], [[500.0], [0.010354052452991407, -0.00249046713122697]], [[437.2], [0.47006408373514813, 0.24778296074798803]], [[437.2], [0.47006408373514813, 0.24778296074798803]], [[437.2], [0.47006408373514813, 0.24778296074798803]], [[437.2], [0.47006408373514813, 0.24778296074798803]], [[437.2], [0.47006408373514813, 0.24778296074798803]], [[500.0], [0.010354052452991407, -0.00249046713122697]], [[500.0], [0.010354052452991407, -0.00249046713122697]], [[437.2], [0.47006408373514813, 0.24778296074798803]], [[500.0], [0.010354052452991407, -0.00249046713122697]], [[500.0], [0.010354052452991407, -0.00249046713122697]], [[437.2], [0.47006408373514813, 0.24778296074798803]], [[500.0], [0.010354052452991407, -0.00249046713122697]]], "101": [[[424.7], [0.13609491288661957, 0.00809469153329231]], [[500.0], [0.0345692007491986, 0.005642293047819411]], [[500.0], [0.0345692007491986, 0.005642293047819411]], [[500.0], [0.0345692007491986, 0.005642293047819411]], [[500.0], [0.0345692007491986, 0.005642293047819411]], [[500.0], [0.0345692007491986, 0.005642293047819411]], [[500.0], [0.0345692007491986, 0.005642293047819411]], [[500.0], [0.0345692007491986, 0.005642293047819411]], [[424.7], [0.13609491288661957, 0.00809469153329231]], [[500.0], [0.0345692007491986, 0.005642293047819411]], [[424.7], [0.13609491288661957, 0.00809469153329231]], [[500.0], [0.0345692007491986, 0.005642293047819411]], [[424.7], [0.13609491288661957, 0.00809469153329231]], [[424.7], [0.13609491288661957, 0.00809469153329231]], [[424.7], [0.13609491288661957, 0.00809469153329231]], [[500.0], [0.0345692007491986, 0.005642293047819411]], [[500.0], [0.0345692007491986, 0.005642293047819411]], [[424.7], [0.13609491288661957, 0.00809469153329231]], [[424.7], [0.13609491288661957, 0.00809469153329231]], [[500.0], [0.0345692007491986, 0.005642293047819411]], [[424.7], [0.13609491288661957, 0.00809469153329231]], [[500.0], [0.0345692007491986, 0.005642293047819411]], [[424.7], [0.13609491288661957, 0.00809469153329231]], [[500.0], [0.0345692007491986, 0.005642293047819411]], [[424.7], [0.13609491288661957, 0.00809469153329231]], [[424.7], [0.13609491288661957, 0.00809469153329231]], [[500.0], [0.0345692007491986, 0.005642293047819411]], [[500.0], [0.0345692007491986, 0.005642293047819411]], [[500.0], [0.0345692007491986, 0.005642293047819411]], [[500.0], [0.0345692007491986, 0.005642293047819411]]]}