{"102": [[[469.1], [0.3417433053255081, -0.2639043416703147]], [[500.0], [-0.10955691337585449, 0.04668302085411036]], [[38.8], [0.005397091154009104, 0.5097392429575396]], [[500.0], [-0.10955691337585449, 0.04668302085411036]], [[500.0], [-0.10955691337585449, 0.04668302085411036]], [[133.2], [-0.08516568069656691, -0.5106650043332406]], [[500.0], [-0.10955691337585449, 0.04668302085411036]], [[58.5], [0.016931677237153053, 0.5146324206767471]], [[500.0], [-0.10955691337585449, 0.04668302085411036]], [[500.0], [-0.10955691337585449, 0.04668302085411036]], [[500.0], [-0.10955691337585449, 0.04668302085411036]], [[500.0], [-0.10955691337585449, 0.04668302085411036]], [[49.0], [0.014540571719408035, 0.5102170782796503]], [[500.0], [-0.10955691337585449, 0.04668302085411036]], [[44.6], [0.0432739220559597, 0.5044867618802632]], [[469.1], [0.3417433053255081, -0.2639043416703147]], [[500.0], [-0.10955691337585449, 0.04668302085411036]], [[133.2], [-0.08516568069656691, -0.5106650043332406]], [[500.0], [-0.10955691337585449, 0.04668302085411036]], [[500.0], [-0.10955691337585449, 0.04668302085411036]], [[500.0], [-0.10955691337585449, 0.04668302085411036]], [[500.0], [-0.10955691337585449, 0.04668302085411036]], [[500.0], [-0.018248013220727444, -0.051184365766470515]], [[500.0], [-0.10955691337585449, 0.04668302085411036]], [[500.0], [-0.10955691337585449, 0.04668302085411036]], [[50.9], [0.016576658623913925, -0.5198727098948648]], [[500.0], [-0.10955691337585449, 0.04668302085411036]], [[500.0], [-0.10955691337585449, 0.04668302085411036]], [[500.0], [-0.10955691337585449, 0.04668302085411036]], [[9.6], [0.03666744567453861, -0.5957981901305714]]], "103": [[[500.0], [0.0012251853089158735, 0.006717337299869106]], [[500.0], [-0.020759495285650097, 0.20156879174081904]], [[500.0], [-0.020759495285650097, 0.20156879174081904]], [[500.0], [-0.020759495285650097, 0.20156879174081904]], [[500.0], [-0.020759495285650097, 0.20156879174081904]], [[500.0], [-0.020759495285650097, 0.20156879174081904]], [[500.0], [-0.020759495285650097, 0.20156879174081904]], [[500.0], [0.0012251853089158735, 0.006717337299869106]], [[500.0], [-0.020759495285650097, 0.20156879174081904]], [[26.7], [0.02525282402833303, -0.5516234125817222]], [[500.0], [0.0012251853089158735, 0.006717337299869106]], [[500.0], [-0.020759495285650097, 0.20156879174081904]], [[500.0], [0.0012251853089158735, 0.006717337299869106]], [[500.0], [-0.020759495285650097, 0.20156879174081904]], [[500.0], [-0.020759495285650097, 0.20156879174081904]], [[500.0], [0.0012251853089158735, 0.006717337299869106]], [[500.0], [-0.020759495285650097, 0.20156879174081904]], [[500.0], [-0.020759495285650097, 0.20156879174081904]], [[66.8], [-0.00063213927205652, -0.5143047020766154]], [[500.0], [0.0012251853089158735, 0.006717337299869106]], [[500.0], [-0.020759495285650097, 0.20156879174081904]], [[22.7], [-0.013059967507918676, 0.5176990297422455]], [[500.0], [0.0012251853089158735, 0.006717337299869106]], [[500.0], [-0.020759495285650097, 0.20156879174081904]], [[102.6], [-0.011267495186378559, -0.5073432217944752]], [[500.0], [0.0012251853089158735, 0.006717337299869106]], [[500.0], [-0.020759495285650097, 0.20156879174081904]], [[500.0], [0.0012251853089158735, 0.006717337299869106]], [[500.0], [-0.020759495285650097, 0.20156879174081904]], [[22.7], [-0.013059967507918676, 0.5176990297422455]]], "101": [[[500.0], [0.09671515474716823, 0.0025463002537818333]], [[500.0], [0.09671515474716823, 0.0025463002537818333]], [[34.1], [-0.0059161936709036436, 0.517370847708871]], [[500.0], [0.09671515474716823, 0.0025463002537818333]], [[11.1], [-0.025138574031492077, 0.5131281520190992]], [[500.0], [0.09671515474716823, 0.0025463002537818333]], [[500.0], [0.09671515474716823, 0.0025463002537818333]], [[500.0], [0.09671515474716823, 0.0025463002537818333]], [[500.0], [0.09671515474716823, 0.0025463002537818333]], [[500.0], [0.09671515474716823, 0.0025463002537818333]], [[500.0], [0.09671515474716823, 0.0025463002537818333]], [[500.0], [0.09671515474716823, 0.0025463002537818333]], [[500.0], [0.09671515474716823, 0.0025463002537818333]], [[500.0], [0.09671515474716823, 0.0025463002537818333]], [[500.0], [0.09671515474716823, 0.0025463002537818333]], [[500.0], [0.09671515474716823, 0.0025463002537818333]], [[500.0], [0.09671515474716823, 0.0025463002537818333]], [[500.0], [0.09671515474716823, 0.0025463002537818333]], [[39.4], [0.005397091154009104, 0.5097392429575396]], [[500.0], [0.09671515474716823, 0.0025463002537818333]], [[500.0], [0.09671515474716823, 0.0025463002537818333]], [[500.0], [0.09671515474716823, 0.0025463002537818333]], [[87.6], [-0.04628587824602922, -0.5154422524443084]], [[500.0], [0.09671515474716823, 0.0025463002537818333]], [[22.9], [-0.023642124918599926, 0.5313575481684014]], [[500.0], [0.09671515474716823, 0.0025463002537818333]], [[500.0], [0.09671515474716823, 0.0025463002537818333]], [[500.0], [0.09671515474716823, 0.0025463002537818333]], [[23.1], [0.024040482627848785, -0.5313715937605316]], [[500.0], [0.09671515474716823, 0.0025463002537818333]]]}