{"103": [[[378.6], [0.04667574850221475, 0.009995459636860488]], [[378.8], [0.06036076073845228, -0.0016387818274244167]], [[378.8], [0.06036076073845228, -0.0016387818274244167]], [[378.6], [0.04667574850221475, 0.009995459636860488]], [[378.8], [0.06036076073845228, -0.0016387818274244167]], [[378.6], [0.04667574850221475, 0.009995459636860488]], [[378.8], [0.06036076073845228, -0.0016387818274244167]], [[378.6], [0.04667574850221475, 0.009995459636860488]], [[378.8], [0.06036076073845228, -0.0016387818274244167]], [[378.8], [0.06036076073845228, -0.0016387818274244167]], [[378.8], [0.06036076073845228, -0.0016387818274244167]], [[378.8], [0.06036076073845228, -0.0016387818274244167]], [[84.6], [0.05961493899424871, -0.5036316206010335]], [[378.6], [0.04667574850221475, 0.009995459636860488]], [[378.8], [0.06036076073845228, -0.0016387818274244167]], [[378.8], [0.06036076073845228, -0.0016387818274244167]], [[378.8], [0.06036076073845228, -0.0016387818274244167]], [[378.8], [0.06036076073845228, -0.0016387818274244167]], [[378.6], [0.04667574850221475, 0.009995459636860488]], [[378.6], [0.04667574850221475, 0.009995459636860488]], [[378.8], [0.06036076073845228, -0.0016387818274244167]], [[378.8], [0.06036076073845228, -0.0016387818274244167]], [[378.8], [0.06036076073845228, -0.0016387818274244167]], [[378.8], [0.06036076073845228, -0.0016387818274244167]], [[378.8], [0.06036076073845228, -0.0016387818274244167]], [[378.8], [0.06036076073845228, -0.0016387818274244167]], [[378.8], [0.06036076073845228, -0.0016387818274244167]], [[378.8], [0.06036076073845228, -0.0016387818274244167]], [[378.8], [0.06036076073845228, -0.0016387818274244167]], [[378.6], [0.04667574850221475, 0.009995459636860488]]], "102": [[[500.0], [0.013424941959480446, -0.012612921680417359]], [[500.0], [0.013424941959480446, -0.012612921680417359]], [[500.0], [0.013424941959480446, -0.012612921680417359]], [[279.1], [0.4194718599319458, 0.5127423260200538]], [[500.0], [0.013424941959480446, -0.012612921680417359]], [[500.0], [0.013424941959480446, -0.012612921680417359]], [[500.0], [0.013424941959480446, -0.012612921680417359]], [[500.0], [0.013424941959480446, -0.012612921680417359]], [[500.0], [0.013424941959480446, -0.012612921680417359]], [[500.0], [0.013424941959480446, -0.012612921680417359]], [[500.0], [0.013424941959480446, -0.012612921680417359]], [[500.0], [0.013424941959480446, -0.012612921680417359]], [[500.0], [0.013424941959480446, -0.012612921680417359]], [[500.0], [0.013424941959480446, -0.012612921680417359]], [[500.0], [0.013424941959480446, -0.012612921680417359]], [[500.0], [0.013424941959480446, -0.012612921680417359]], [[500.0], [0.013424941959480446, -0.012612921680417359]], [[500.0], [0.013424941959480446, -0.012612921680417359]], [[500.0], [0.013424941959480446, -0.012612921680417359]], [[500.0], [0.013424941959480446, -0.012612921680417359]], [[500.0], [0.013424941959480446, -0.012612921680417359]], [[500.0], [0.013424941959480446, -0.012612921680417359]], [[500.0], [0.013424941959480446, -0.012612921680417359]], [[500.0], [0.013424941959480446, -0.012612921680417359]], [[500.0], [0.013424941959480446, -0.012612921680417359]], [[500.0], [0.013424941959480446, -0.012612921680417359]], [[500.0], [0.013424941959480446, -0.012612921680417359]], [[500.0], [0.013424941959480446, -0.012612921680417359]], [[500.0], [0.013424941959480446, -0.012612921680417359]], [[500.0], [0.013424941959480446, -0.012612921680417359]]], "101": [[[500.0], [-0.019784226703147095, -0.0457037062023245]], [[500.0], [-0.019784226703147095, -0.0457037062023245]], [[356.4], [0.20364937682946524, 0.5178420167220267]], [[500.0], [-0.019784226703147095, -0.0457037062023245]], [[500.0], [-0.019784226703147095, -0.0457037062023245]], [[500.0], [-0.019784226703147095, -0.0457037062023245]], [[500.0], [-0.019784226703147095, -0.0457037062023245]], [[500.0], [-0.019784226703147095, -0.0457037062023245]], [[500.0], [-0.019784226703147095, -0.0457037062023245]], [[356.4], [0.20364937682946524, 0.5178420167220267]], [[500.0], [-0.019784226703147095, -0.0457037062023245]], [[500.0], [-0.019784226703147095, -0.0457037062023245]], [[500.0], [-0.019784226703147095, -0.0457037062023245]], [[500.0], [-0.019784226703147095, -0.0457037062023245]], [[500.0], [-0.019784226703147095, -0.0457037062023245]], [[500.0], [-0.019784226703147095, -0.0457037062023245]], [[500.0], [-0.019784226703147095, -0.0457037062023245]], [[500.0], [-0.019784226703147095, -0.0457037062023245]], [[500.0], [-0.019784226703147095, -0.0457037062023245]], [[500.0], [-0.019784226703147095, -0.0457037062023245]], [[500.0], [-0.019784226703147095, -0.0457037062023245]], [[500.0], [-0.019784226703147095, -0.0457037062023245]], [[178.4], [-0.059725635995467506, -0.5064941051474029]], [[86.3], [0.20627224196990332, -0.5275609960966704]], [[500.0], [-0.019784226703147095, -0.0457037062023245]], [[500.0], [-0.019784226703147095, -0.0457037062023245]], [[500.0], [-0.019784226703147095, -0.0457037062023245]], [[500.0], [-0.019784226703147095, -0.0457037062023245]], [[500.0], [-0.019784226703147095, -0.0457037062023245]], [[500.0], [-0.019784226703147095, -0.0457037062023245]]]}