{"101": [[[500.0], [0.07092644150058429, 0.009104769351629264]], [[500.0], [0.07700755571325621, 0.004198881195920506]], [[22.7], [0.0298949982970953, -0.5045175980152696]], [[239.4], [0.061137632777293525, 0.5197114707750567]], [[500.0], [0.07700755571325621, 0.004198881195920506]], [[50.2], [0.0039462520120044555, -0.5362702970299424]], [[500.0], [0.07092644150058429, 0.009104769351629264]], [[500.0], [0.07092644150058429, 0.009104769351629264]], [[500.0], [0.03462896682322025, -0.009496385481155091]], [[53.6], [-0.12724044422308606, 0.5456030939184308]], [[500.0], [0.07092644150058429, 0.009104769351629264]], [[12.0], [-0.025138574031492077, 0.5131281520190992]], [[500.0], [0.07092644150058429, 0.009104769351629264]], [[48.7], [0.011345358410229286, 0.5177492944247415]], [[500.0], [0.07092644150058429, 0.009104769351629264]], [[500.0], [0.07092644150058429, 0.009104769351629264]], [[500.0], [0.07700755571325621, 0.004198881195920506]], [[500.0], [0.07700755571325621, 0.004198881195920506]], [[500.0], [0.07092644150058429, 0.009104769351629264]], [[40.5], [-0.0059161936709036436, 0.517370847708871]], [[500.0], [0.07700755571325621, 0.004198881195920506]], [[80.1], [0.03836512255171935, 0.5206985479336607]], [[500.0], [0.07700755571325621, 0.004198881195920506]], [[500.0], [0.07092644150058429, 0.009104769351629264]], [[122.6], [0.07938688000043234, 0.5234980412077106]], [[500.0], [0.07092644150058429, 0.009104769351629264]], [[500.0], [0.07092644150058429, 0.009104769351629264]], [[500.0], [0.07700755571325621, 0.004198881195920506]], [[500.0], [0.07092644150058429, 0.009104769351629264]], [[500.0], [0.07092644150058429, 0.009104769351629264]]], "102": [[[500.0], [0.08915370951096217, -0.0014845251203759722]], [[498.8], [-0.03051652883489927, -0.01428409648889845]], [[498.8], [-0.03051652883489927, -0.01428409648889845]], [[498.8], [-0.03051652883489927, -0.01428409648889845]], [[498.8], [-0.03051652883489927, -0.01428409648889845]], [[498.8], [-0.03051652883489927, -0.01428409648889845]], [[498.8], [-0.03051652883489927, -0.01428409648889845]], [[498.8], [-0.03051652883489927, -0.01428409648889845]], [[232.3], [0.32172538340091705, 0.5102497324989173]], [[498.8], [-0.03051652883489927, -0.01428409648889845]], [[498.8], [-0.03051652883489927, -0.01428409648889845]], [[498.8], [-0.03051652883489927, -0.01428409648889845]], [[498.8], [-0.03051652883489927, -0.01428409648889845]], [[500.0], [0.08915370951096217, -0.0014845251203759722]], [[498.8], [-0.03051652883489927, -0.01428409648889845]], [[498.8], [-0.03051652883489927, -0.01428409648889845]], [[498.8], [-0.03051652883489927, -0.01428409648889845]], [[498.8], [-0.03051652883489927, -0.01428409648889845]], [[89.9], [0.23202540973822278, 0.5096467345525203]], [[136.5], [-0.04940447707970937, 0.5043437749004821]], [[498.8], [-0.03051652883489927, -0.01428409648889845]], [[498.8], [-0.03051652883489927, -0.01428409648889845]], [[500.0], [0.08915370951096217, -0.0014845251203759722]], [[498.8], [-0.03051652883489927, -0.01428409648889845]], [[498.8], [-0.03051652883489927, -0.01428409648889845]], [[498.8], [-0.03051652883489927, -0.01428409648889845]], [[498.8], [-0.03051652883489927, -0.01428409648889845]], [[498.8], [-0.03051652883489927, -0.01428409648889845]], [[498.8], [-0.03051652883489927, -0.01428409648889845]], [[498.8], [-0.03051652883489927, -0.01428409648889845]]], "103": [[[396.3], [0.06942097097635269, 0.006588264457596261]], [[500.0], [0.03910407113532226, 0.00856821224735114]], [[500.0], [0.008855543565005064, -0.006780468938988077]], [[113.6], [0.07546182100971541, 0.5102172565232054]], [[81.4], [0.021680110755066078, 0.5109306585275386]], [[451.0], [0.052752066403627396, 0.0062887723954242955]], [[91.0], [0.07691609983642897, -0.5134569044318495]], [[500.0], [0.008855543565005064, -0.006780468938988077]], [[341.2], [0.013319412246346474, 0.014120969101430127]], [[500.0], [0.008855543565005064, -0.006780468938988077]], [[41.9], [-0.0018553379535054169, 0.5168461343318081]], [[500.0], [0.008855543565005064, -0.006780468938988077]], [[500.0], [0.008855543565005064, -0.006780468938988077]], [[500.0], [0.008855543565005064, -0.006780468938988077]], [[500.0], [0.008855543565005064, -0.006780468938988077]], [[500.0], [0.008855543565005064, -0.006780468938988077]], [[396.3], [0.06942097097635269, 0.006588264457596261]], [[500.0], [0.08459174384673437, 0.002471870201323449]], [[67.8], [0.027154991403222084, 0.5289253079149712]], [[87.2], [0.0537653702000777, 0.5176502623056111]], [[500.0], [0.008855543565005064, -0.006780468938988077]], [[341.2], [0.013319412246346474, 0.014120969101430127]], [[87.2], [0.0537653702000777, 0.5176502623056111]], [[500.0], [0.008855543565005064, -0.006780468938988077]], [[500.0], [0.03910407113532226, 0.00856821224735114]], [[500.0], [0.08459174384673437, 0.002471870201323449]], [[500.0], [0.08459174384673437, 0.002471870201323449]], [[102.7], [-0.02941765201588472, -0.5062296273605675]], [[273.9], [-0.1339445138971011, 0.5031160332939841]], [[89.9], [0.026700493569175403, 0.5067433252859344]]]}