{"102": [[[500.0], [-0.00029398824456923955, 0.0075860657510860114]], [[500.0], [-0.00029398824456923955, 0.0075860657510860114]], [[500.0], [-0.00029398824456923955, 0.0075860657510860114]], [[500.0], [-0.00029398824456923955, 0.0075860657510860114]], [[500.0], [-0.00029398824456923955, 0.0075860657510860114]], [[500.0], [-0.00029398824456923955, 0.0075860657510860114]], [[500.0], [-0.00029398824456923955, 0.0075860657510860114]], [[500.0], [-0.00029398824456923955, 0.0075860657510860114]], [[500.0], [-0.00029398824456923955, 0.0075860657510860114]], [[500.0], [-0.00029398824456923955, 0.0075860657510860114]], [[500.0], [-0.00029398824456923955, 0.0075860657510860114]], [[500.0], [-0.00029398824456923955, 0.0075860657510860114]], [[500.0], [-0.00029398824456923955, 0.0075860657510860114]], [[500.0], [-0.00029398824456923955, 0.0075860657510860114]], [[500.0], [-0.00029398824456923955, 0.0075860657510860114]], [[500.0], [-0.00029398824456923955, 0.0075860657510860114]], [[500.0], [-0.00029398824456923955, 0.0075860657510860114]], [[500.0], [-0.00029398824456923955, 0.0075860657510860114]], [[500.0], [-0.00029398824456923955, 0.0075860657510860114]], [[500.0], [-0.00029398824456923955, 0.0075860657510860114]], [[500.0], [-0.00029398824456923955, 0.0075860657510860114]], [[500.0], [-0.00029398824456923955, 0.0075860657510860114]], [[500.0], [-0.00029398824456923955, 0.0075860657510860114]], [[500.0], [-0.00029398824456923955, 0.0075860657510860114]], [[500.0], [-0.00029398824456923955, 0.0075860657510860114]], [[500.0], [-0.00029398824456923955, 0.0075860657510860114]], [[500.0], [-0.00029398824456923955, 0.0075860657510860114]], [[500.0], [-0.00029398824456923955, 0.0075860657510860114]], [[500.0], [-0.00029398824456923955, 0.0075860657510860114]], [[500.0], [-0.00029398824456923955, 0.0075860657510860114]]], "103": [[[500.0], [0.05131919247408708, -0.014608276954464365]], [[500.0], [0.05131919247408708, -0.014608276954464365]], [[500.0], [0.05131919247408708, -0.014608276954464365]], [[500.0], [0.05131919247408708, -0.014608276954464365]], [[500.0], [0.05131919247408708, -0.014608276954464365]], [[500.0], [0.05131919247408708, -0.014608276954464365]], [[500.0], [0.05131919247408708, -0.014608276954464365]], [[500.0], [0.05131919247408708, -0.014608276954464365]], [[500.0], [0.05131919247408708, -0.014608276954464365]], [[500.0], [0.05131919247408708, -0.014608276954464365]], [[500.0], [0.05131919247408708, -0.014608276954464365]], [[500.0], [0.05131919247408708, -0.014608276954464365]], [[500.0], [0.05131919247408708, -0.014608276954464365]], [[500.0], [0.05131919247408708, -0.014608276954464365]], [[500.0], [0.05131919247408708, -0.014608276954464365]], [[500.0], [0.05131919247408708, -0.014608276954464365]], [[500.0], [0.05131919247408708, -0.014608276954464365]], [[500.0], [0.05131919247408708, -0.014608276954464365]], [[500.0], [0.05131919247408708, -0.014608276954464365]], [[500.0], [0.05131919247408708, -0.014608276954464365]], [[500.0], [0.05131919247408708, -0.014608276954464365]], [[500.0], [0.05131919247408708, -0.014608276954464365]], [[500.0], [0.05131919247408708, -0.014608276954464365]], [[500.0], [0.05131919247408708, -0.014608276954464365]], [[500.0], [0.05131919247408708, -0.014608276954464365]], [[500.0], [0.05131919247408708, -0.014608276954464365]], [[500.0], [0.05131919247408708, -0.014608276954464365]], [[500.0], [0.007342908841868242, -0.007489866590457099]], [[500.0], [0.05131919247408708, -0.014608276954464365]], [[500.0], [0.05131919247408708, -0.014608276954464365]]], "101": [[[500.0], [0.0256370489175121, -0.03501383195582189]], [[500.0], [0.0256370489175121, -0.03501383195582189]], [[500.0], [0.0256370489175121, -0.03501383195582189]], [[500.0], [0.0256370489175121, -0.03501383195582189]], [[500.0], [0.0256370489175121, -0.03501383195582189]], [[500.0], [0.0256370489175121, -0.03501383195582189]], [[500.0], [0.0256370489175121, -0.03501383195582189]], [[500.0], [0.0256370489175121, -0.03501383195582189]], [[500.0], [0.0256370489175121, -0.03501383195582189]], [[500.0], [0.0256370489175121, -0.03501383195582189]], [[500.0], [0.0256370489175121, -0.03501383195582189]], [[500.0], [0.0256370489175121, -0.03501383195582189]], [[500.0], [0.0256370489175121, -0.03501383195582189]], [[500.0], [0.0256370489175121, -0.03501383195582189]], [[500.0], [0.0256370489175121, -0.03501383195582189]], [[21.0], [0.027376161888241768, -0.5188838146520003]], [[500.0], [0.0256370489175121, -0.03501383195582189]], [[500.0], [0.0256370489175121, -0.03501383195582189]], [[500.0], [0.0256370489175121, -0.03501383195582189]], [[500.0], [0.0256370489175121, -0.03501383195582189]], [[500.0], [0.0256370489175121, -0.03501383195582189]], [[500.0], [0.0256370489175121, -0.03501383195582189]], [[500.0], [0.0256370489175121, -0.03501383195582189]], [[500.0], [0.0256370489175121, -0.03501383195582189]], [[500.0], [0.0256370489175121, -0.03501383195582189]], [[500.0], [0.0256370489175121, -0.03501383195582189]], [[500.0], [0.0256370489175121, -0.03501383195582189]], [[500.0], [0.0256370489175121, -0.03501383195582189]], [[500.0], [0.0256370489175121, -0.03501383195582189]], [[500.0], [0.0256370489175121, -0.03501383195582189]]]}