{"101": [[[451.0], [0.0421696590880553, -0.00022825263897358088]], [[451.0], [0.0421696590880553, -0.00022825263897358088]], [[451.0], [0.0421696590880553, -0.00022825263897358088]], [[500.0], [0.023930425134797893, 0.01340197916164923]], [[451.0], [0.0421696590880553, -0.00022825263897358088]], [[451.0], [0.0421696590880553, -0.00022825263897358088]], [[451.0], [0.0421696590880553, -0.00022825263897358088]], [[451.0], [0.0421696590880553, -0.00022825263897358088]], [[451.0], [0.0421696590880553, -0.00022825263897358088]], [[451.0], [0.0421696590880553, -0.00022825263897358088]], [[451.0], [0.0421696590880553, -0.00022825263897358088]], [[451.0], [0.0421696590880553, -0.00022825263897358088]], [[451.0], [0.0421696590880553, -0.00022825263897358088]], [[451.0], [0.0421696590880553, -0.00022825263897358088]], [[451.0], [0.0421696590880553, -0.00022825263897358088]], [[451.0], [0.0421696590880553, -0.00022825263897358088]], [[451.0], [0.0421696590880553, -0.00022825263897358088]], [[451.0], [0.0421696590880553, -0.00022825263897358088]], [[451.0], [0.0421696590880553, -0.00022825263897358088]], [[451.0], [0.0421696590880553, -0.00022825263897358088]], [[451.0], [0.0421696590880553, -0.00022825263897358088]], [[451.0], [0.0421696590880553, -0.00022825263897358088]], [[451.0], [0.0421696590880553, -0.00022825263897358088]], [[451.0], [0.0421696590880553, -0.00022825263897358088]], [[451.0], [0.0421696590880553, -0.00022825263897358088]], [[24.7], [-0.017488102118174236, 0.5217355332876507]], [[451.0], [0.0421696590880553, -0.00022825263897358088]], [[57.5], [0.016931677237153053, 0.5146324206767471]], [[451.0], [0.0421696590880553, -0.00022825263897358088]], [[451.0], [0.0421696590880553, -0.00022825263897358088]]], "102": [[[500.0], [-0.006693293495724599, 0.09315828102057061]], [[500.0], [-0.006693293495724599, 0.09315828102057061]], [[9.9], [0.03666744567453861, -0.5957981901305714]], [[500.0], [-0.006693293495724599, 0.09315828102057061]], [[27.1], [-0.041264708464344345, 0.5792898780991587]], [[500.0], [-0.006693293495724599, 0.09315828102057061]], [[500.0], [-0.006693293495724599, 0.09315828102057061]], [[500.0], [-0.08302894731362662, 0.236213349839717]], [[500.0], [-0.006693293495724599, 0.09315828102057061]], [[500.0], [-0.006693293495724599, 0.09315828102057061]], [[500.0], [-0.006693293495724599, 0.09315828102057061]], [[500.0], [0.028458613281448684, 0.01800648475948133]], [[500.0], [-0.08302894731362662, 0.236213349839717]], [[500.0], [-0.006693293495724599, 0.09315828102057061]], [[500.0], [-0.006693293495724599, 0.09315828102057061]], [[16.7], [0.028953667109211288, -0.5135494128368688]], [[500.0], [0.004470472922548652, -0.04762165587056767]], [[500.0], [-0.006693293495724599, 0.09315828102057061]], [[500.0], [-0.006693293495724599, 0.09315828102057061]], [[500.0], [0.004470472922548652, -0.04762165587056767]], [[500.0], [-0.006693293495724599, 0.09315828102057061]], [[500.0], [-0.006693293495724599, 0.09315828102057061]], [[500.0], [-0.006693293495724599, 0.09315828102057061]], [[500.0], [0.004470472922548652, -0.04762165587056767]], [[500.0], [-0.006693293495724599, 0.09315828102057061]], [[500.0], [-0.006693293495724599, 0.09315828102057061]], [[500.0], [-0.006693293495724599, 0.09315828102057061]], [[500.0], [-0.006693293495724599, 0.09315828102057061]], [[500.0], [0.028458613281448684, 0.01800648475948133]], [[500.0], [0.028458613281448684, 0.01800648475948133]]], "103": [[[391.3], [0.10875698179006577, 0.023248066243372466]], [[500.0], [-0.004920131371666988, 0.02800712459965756]], [[500.0], [0.028996852536996208, -0.11838477942646976]], [[500.0], [-0.004920131371666988, 0.02800712459965756]], [[500.0], [-0.004920131371666988, 0.02800712459965756]], [[500.0], [0.028996852536996208, -0.11838477942646976]], [[500.0], [-0.004920131371666988, 0.02800712459965756]], [[500.0], [-0.004920131371666988, 0.02800712459965756]], [[500.0], [-0.004920131371666988, 0.02800712459965756]], [[160.3], [-0.08727967118223509, -0.5203336833766773]], [[55.7], [0.010823134798556566, 0.5266375875358947]], [[500.0], [-0.004920131371666988, 0.02800712459965756]], [[131.7], [-0.02387092293550571, -0.5050986720044077]], [[500.0], [0.028996852536996208, -0.11838477942646976]], [[391.3], [0.10875698179006577, 0.023248066243372466]], [[391.3], [0.10875698179006577, 0.023248066243372466]], [[500.0], [-0.004920131371666988, 0.02800712459965756]], [[500.0], [-0.004920131371666988, 0.02800712459965756]], [[391.3], [0.10875698179006577, 0.023248066243372466]], [[131.0], [0.1721954345703125, 0.5182545079568927]], [[500.0], [0.016388857426742714, 0.004357377036015668]], [[500.0], [-0.004920131371666988, 0.02800712459965756]], [[500.0], [-0.004920131371666988, 0.02800712459965756]], [[71.8], [0.021680110755066078, 0.5109306585275386]], [[500.0], [-0.004920131371666988, 0.02800712459965756]], [[500.0], [-0.004920131371666988, 0.02800712459965756]], [[376.2], [0.10881029069423676, 0.009756340337783526]], [[376.2], [0.10881029069423676, 0.009756340337783526]], [[500.0], [0.028996852536996208, -0.11838477942646976]], [[500.0], [-0.004920131371666988, 0.02800712459965756]]]}