{"101": [[[500.0], [0.07849382857481639, 0.011724241648279309]], [[52.4], [0.021444641364117466, -0.5117909688698619]], [[500.0], [0.07849382857481639, 0.011724241648279309]], [[500.0], [0.07849382857481639, 0.011724241648279309]], [[500.0], [0.07849382857481639, 0.011724241648279309]], [[500.0], [0.07849382857481639, 0.011724241648279309]], [[500.0], [0.07849382857481639, 0.011724241648279309]], [[500.0], [0.07849382857481639, 0.011724241648279309]], [[500.0], [0.07849382857481639, 0.011724241648279309]], [[500.0], [0.07849382857481639, 0.011724241648279309]], [[67.0], [0.002324934466741979, -0.5089019260338049]], [[500.0], [0.07849382857481639, 0.011724241648279309]], [[500.0], [0.07849382857481639, 0.011724241648279309]], [[500.0], [0.07849382857481639, 0.011724241648279309]], [[500.0], [0.07849382857481639, 0.011724241648279309]], [[67.0], [0.002324934466741979, -0.5089019260338049]], [[500.0], [0.07849382857481639, 0.011724241648279309]], [[500.0], [0.07849382857481639, 0.011724241648279309]], [[500.0], [0.07849382857481639, 0.011724241648279309]], [[500.0], [0.07849382857481639, 0.011724241648279309]], [[500.0], [0.07849382857481639, 0.011724241648279309]], [[500.0], [0.07849382857481639, 0.011724241648279309]], [[500.0], [0.07849382857481639, 0.011724241648279309]], [[500.0], [0.07849382857481639, 0.011724241648279309]], [[500.0], [0.07849382857481639, 0.011724241648279309]], [[500.0], [0.07849382857481639, 0.011724241648279309]], [[500.0], [0.07849382857481639, 0.011724241648279309]], [[500.0], [0.07849382857481639, 0.011724241648279309]], [[500.0], [0.07849382857481639, 0.011724241648279309]], [[500.0], [0.07849382857481639, 0.011724241648279309]]], "103": [[[500.0], [0.022546895779669285, -0.020019500627757262]], [[9.4], [-0.02940102480351925, 0.5648723273186023]], [[500.0], [0.022546895779669285, -0.020019500627757262]], [[500.0], [0.022546895779669285, -0.020019500627757262]], [[500.0], [0.022546895779669285, -0.020019500627757262]], [[500.0], [0.022546895779669285, -0.020019500627757262]], [[9.4], [-0.02940102480351925, 0.5648723273186023]], [[9.4], [-0.02940102480351925, 0.5648723273186023]], [[9.2], [-0.02940102480351925, 0.5648723273186023]], [[500.0], [0.022546895779669285, -0.020019500627757262]], [[500.0], [0.022546895779669285, -0.020019500627757262]], [[500.0], [0.022546895779669285, -0.020019500627757262]], [[500.0], [0.004117365072791776, 0.041695775098777844]], [[27.9], [-0.006464447748536865, 0.5194535523510436]], [[500.0], [0.022546895779669285, -0.020019500627757262]], [[500.0], [0.022546895779669285, -0.020019500627757262]], [[500.0], [0.022546895779669285, -0.020019500627757262]], [[500.0], [0.022546895779669285, -0.020019500627757262]], [[500.0], [0.022546895779669285, -0.020019500627757262]], [[500.0], [0.022546895779669285, -0.020019500627757262]], [[500.0], [0.022546895779669285, -0.020019500627757262]], [[500.0], [0.022546895779669285, -0.020019500627757262]], [[500.0], [0.022546895779669285, -0.020019500627757262]], [[500.0], [0.022546895779669285, -0.020019500627757262]], [[500.0], [0.022546895779669285, -0.020019500627757262]], [[500.0], [0.022546895779669285, -0.020019500627757262]], [[22.2], [0.025985573107997578, -0.5163198880601728]], [[34.5], [-0.0018887322706480822, 0.5255072382078216]], [[36.5], [-0.009971804295976957, 0.5164516456959921]], [[500.0], [0.022546895779669285, -0.020019500627757262]]], "102": [[[500.0], [0.03008992411196232, -0.011345172193988659]], [[500.0], [0.017414245133598648, 0.12862128005073403]], [[500.0], [0.017414245133598648, 0.12862128005073403]], [[500.0], [0.017414245133598648, 0.12862128005073403]], [[500.0], [0.03008992411196232, -0.011345172193988659]], [[500.0], [0.017414245133598648, 0.12862128005073403]], [[500.0], [0.017414245133598648, 0.12862128005073403]], [[500.0], [0.017414245133598648, 0.12862128005073403]], [[500.0], [0.03008992411196232, -0.011345172193988659]], [[500.0], [0.017414245133598648, 0.12862128005073403]], [[500.0], [0.017414245133598648, 0.12862128005073403]], [[500.0], [0.017414245133598648, 0.12862128005073403]], [[500.0], [0.017414245133598648, 0.12862128005073403]], [[500.0], [0.017414245133598648, 0.12862128005073403]], [[500.0], [0.017414245133598648, 0.12862128005073403]], [[500.0], [0.017414245133598648, 0.12862128005073403]], [[500.0], [0.017414245133598648, 0.12862128005073403]], [[500.0], [0.03008992411196232, -0.011345172193988659]], [[500.0], [0.03008992411196232, -0.011345172193988659]], [[500.0], [0.017414245133598648, 0.12862128005073403]], [[500.0], [0.03008992411196232, -0.011345172193988659]], [[500.0], [0.03008992411196232, -0.011345172193988659]], [[500.0], [0.03008992411196232, -0.011345172193988659]], [[500.0], [0.03008992411196232, -0.011345172193988659]], [[500.0], [0.017414245133598648, 0.12862128005073403]], [[500.0], [0.017414245133598648, 0.12862128005073403]], [[500.0], [0.017414245133598648, 0.12862128005073403]], [[500.0], [0.017414245133598648, 0.12862128005073403]], [[500.0], [0.03008992411196232, -0.011345172193988659]], [[500.0], [0.017414245133598648, 0.12862128005073403]]]}