{"101": [[[500.0], [-0.15795210997263592, 0.020713369366512344]], [[500.0], [-0.15795210997263592, 0.020713369366512344]], [[500.0], [-0.15795210997263592, 0.020713369366512344]], [[500.0], [-0.15795210997263592, 0.020713369366512344]], [[500.0], [-0.15795210997263592, 0.020713369366512344]], [[500.0], [-0.15795210997263592, 0.020713369366512344]], [[500.0], [-0.15795210997263592, 0.020713369366512344]], [[500.0], [-0.15795210997263592, 0.020713369366512344]], [[500.0], [-0.15795210997263592, 0.020713369366512344]], [[22.0], [-0.017166252558430038, 0.5299070021182156]], [[500.0], [-0.15795210997263592, 0.020713369366512344]], [[500.0], [-0.15795210997263592, 0.020713369366512344]], [[500.0], [-0.15795210997263592, 0.020713369366512344]], [[500.0], [-0.15795210997263592, 0.020713369366512344]], [[388.9], [0.07853100697199504, 0.0022020289545174707]], [[163.7], [0.056075068811575576, 0.5099123887468183]], [[500.0], [-0.15795210997263592, 0.020713369366512344]], [[500.0], [-0.15795210997263592, 0.020713369366512344]], [[500.0], [-0.15795210997263592, 0.020713369366512344]], [[500.0], [-0.15795210997263592, 0.020713369366512344]], [[500.0], [-0.15795210997263592, 0.020713369366512344]], [[500.0], [-0.15795210997263592, 0.020713369366512344]], [[9.2], [0.03666744567453861, -0.5957981901305714]], [[500.0], [-0.15795210997263592, 0.020713369366512344]], [[500.0], [-0.15795210997263592, 0.020713369366512344]], [[500.0], [-0.15795210997263592, 0.020713369366512344]], [[500.0], [0.001264962872179846, -0.0034125566896960214]], [[9.6], [0.03666744567453861, -0.5957981901305714]], [[500.0], [-0.15795210997263592, 0.020713369366512344]], [[500.0], [-0.15795210997263592, 0.020713369366512344]]], "102": [[[453.6], [-0.19754836956659955, 0.07716536914047442]], [[453.6], [-0.19754836956659955, 0.07716536914047442]], [[453.6], [-0.19754836956659955, 0.07716536914047442]], [[453.6], [-0.19754836956659955, 0.07716536914047442]], [[453.6], [-0.19754836956659955, 0.07716536914047442]], [[453.6], [-0.19754836956659955, 0.07716536914047442]], [[453.6], [-0.19754836956659955, 0.07716536914047442]], [[453.6], [-0.19754836956659955, 0.07716536914047442]], [[453.6], [-0.19754836956659955, 0.07716536914047442]], [[453.6], [-0.19754836956659955, 0.07716536914047442]], [[453.6], [-0.19754836956659955, 0.07716536914047442]], [[453.6], [-0.19754836956659955, 0.07716536914047442]], [[453.6], [-0.19754836956659955, 0.07716536914047442]], [[453.6], [-0.19754836956659955, 0.07716536914047442]], [[453.6], [-0.19754836956659955, 0.07716536914047442]], [[453.6], [-0.19754836956659955, 0.07716536914047442]], [[453.6], [-0.19754836956659955, 0.07716536914047442]], [[453.6], [-0.19754836956659955, 0.07716536914047442]], [[453.6], [-0.19754836956659955, 0.07716536914047442]], [[453.6], [-0.19754836956659955, 0.07716536914047442]], [[41.1], [0.0043037599728753175, -0.5026511384539627]], [[453.6], [-0.19754836956659955, 0.07716536914047442]], [[453.6], [-0.19754836956659955, 0.07716536914047442]], [[453.6], [-0.19754836956659955, 0.07716536914047442]], [[453.6], [-0.19754836956659955, 0.07716536914047442]], [[453.6], [-0.19754836956659955, 0.07716536914047442]], [[453.6], [-0.19754836956659955, 0.07716536914047442]], [[453.6], [-0.19754836956659955, 0.07716536914047442]], [[453.6], [-0.19754836956659955, 0.07716536914047442]], [[453.6], [-0.19754836956659955, 0.07716536914047442]]], "103": [[[500.0], [-0.009702520134548347, 0.08760868576154755]], [[500.0], [-0.009702520134548347, 0.08760868576154755]], [[500.0], [-0.009702520134548347, 0.08760868576154755]], [[500.0], [-0.009702520134548347, 0.08760868576154755]], [[500.0], [-0.009702520134548347, 0.08760868576154755]], [[500.0], [-0.009702520134548347, 0.08760868576154755]], [[500.0], [-0.009702520134548347, 0.08760868576154755]], [[500.0], [-0.009702520134548347, 0.08760868576154755]], [[500.0], [-0.009702520134548347, 0.08760868576154755]], [[500.0], [-0.009702520134548347, 0.08760868576154755]], [[500.0], [-0.009702520134548347, 0.08760868576154755]], [[500.0], [-0.009702520134548347, 0.08760868576154755]], [[500.0], [-0.009702520134548347, 0.08760868576154755]], [[500.0], [-0.009702520134548347, 0.08760868576154755]], [[500.0], [-0.009702520134548347, 0.08760868576154755]], [[500.0], [-0.009702520134548347, 0.08760868576154755]], [[500.0], [-0.009702520134548347, 0.08760868576154755]], [[500.0], [-0.009702520134548347, 0.08760868576154755]], [[500.0], [-0.009702520134548347, 0.08760868576154755]], [[500.0], [-0.009702520134548347, 0.08760868576154755]], [[500.0], [-0.009702520134548347, 0.08760868576154755]], [[28.3], [0.04226399585604668, -0.5618418303973367]], [[500.0], [-0.009702520134548347, 0.08760868576154755]], [[500.0], [-0.009702520134548347, 0.08760868576154755]], [[500.0], [-0.009702520134548347, 0.08760868576154755]], [[500.0], [-0.009702520134548347, 0.08760868576154755]], [[500.0], [-0.009702520134548347, 0.08760868576154755]], [[500.0], [-0.009702520134548347, 0.08760868576154755]], [[500.0], [-0.009702520134548347, 0.08760868576154755]], [[500.0], [-0.009702520134548347, 0.08760868576154755]]]}