{"101": [[[239.5], [0.04704582504928112, 0.5011577783018779]], [[158.8], [-0.18105038752158484, 0.5316359289525229]], [[68.9], [0.17432539413372677, -0.5370159967664326]], [[132.4], [-0.01824546450128158, -0.5226079285429995]], [[239.5], [0.04704582504928112, 0.5011577783018779]], [[158.8], [-0.18105038752158484, 0.5316359289525229]], [[239.5], [0.04704582504928112, 0.5011577783018779]], [[14.3], [0.03341943956911564, -0.5401550083639519]], [[158.8], [-0.18105038752158484, 0.5316359289525229]], [[14.3], [0.03341943956911564, -0.5401550083639519]], [[239.5], [0.04704582504928112, 0.5011577783018779]], [[239.5], [0.04704582504928112, 0.5011577783018779]], [[158.8], [-0.18105038752158484, 0.5316359289525229]], [[158.8], [-0.18105038752158484, 0.5316359289525229]], [[239.5], [0.04704582504928112, 0.5011577783018779]], [[158.8], [-0.18105038752158484, 0.5316359289525229]], [[18.7], [-0.01967454173912605, 0.5207513793233479]], [[239.5], [0.04704582504928112, 0.5011577783018779]], [[76.7], [-0.07616862654685974, -0.5338374863971364]], [[158.8], [-0.18105038752158484, 0.5316359289525229]], [[158.8], [-0.18105038752158484, 0.5316359289525229]], [[158.8], [-0.18105038752158484, 0.5316359289525229]], [[239.5], [0.04704582504928112, 0.5011577783018779]], [[158.8], [-0.18105038752158484, 0.5316359289525229]], [[239.5], [0.04704582504928112, 0.5011577783018779]], [[158.8], [-0.18105038752158484, 0.5316359289525229]], [[132.4], [-0.01824546450128158, -0.5226079285429995]], [[23.0], [0.025409641675651073, -0.5284213064389937]], [[239.5], [0.04704582504928112, 0.5011577783018779]], [[158.8], [-0.18105038752158484, 0.5316359289525229]]], "103": [[[9.4], [-0.02940102480351925, 0.5648723273186023]], [[500.0], [-0.006693293495724599, 0.09315828102057061]], [[13.2], [-0.024241895104448002, 0.5122828854328138]], [[500.0], [-0.006693293495724599, 0.09315828102057061]], [[500.0], [-0.006693293495724599, 0.09315828102057061]], [[500.0], [-0.006693293495724599, 0.09315828102057061]], [[500.0], [-0.006693293495724599, 0.09315828102057061]], [[500.0], [-0.006693293495724599, 0.09315828102057061]], [[500.0], [-0.006693293495724599, 0.09315828102057061]], [[500.0], [-0.006693293495724599, 0.09315828102057061]], [[500.0], [-0.006693293495724599, 0.09315828102057061]], [[500.0], [-0.006693293495724599, 0.09315828102057061]], [[500.0], [-0.006693293495724599, 0.09315828102057061]], [[500.0], [-0.006693293495724599, 0.09315828102057061]], [[500.0], [-0.006693293495724599, 0.09315828102057061]], [[500.0], [-0.006693293495724599, 0.09315828102057061]], [[500.0], [-0.006693293495724599, 0.09315828102057061]], [[500.0], [-0.006693293495724599, 0.09315828102057061]], [[500.0], [-0.006693293495724599, 0.09315828102057061]], [[500.0], [-0.006693293495724599, 0.09315828102057061]], [[48.1], [0.12973137199878693, -0.5231736379377009]], [[500.0], [-0.006693293495724599, 0.09315828102057061]], [[500.0], [-0.006693293495724599, 0.09315828102057061]], [[500.0], [-0.006693293495724599, 0.09315828102057061]], [[19.3], [0.026339727143446606, -0.5167323792950389]], [[500.0], [-0.006693293495724599, 0.09315828102057061]], [[500.0], [-0.006693293495724599, 0.09315828102057061]], [[500.0], [-0.006693293495724599, 0.09315828102057061]], [[500.0], [-0.006693293495724599, 0.09315828102057061]], [[500.0], [-0.006693293495724599, 0.09315828102057061]]], "102": [[[323.2], [0.2977154155572256, -0.5215221044549532]], [[403.0], [0.12082312256097794, 0.033354119321946325]], [[323.2], [0.2977154155572256, -0.5215221044549532]], [[323.2], [0.2977154155572256, -0.5215221044549532]], [[403.0], [0.12082312256097794, 0.033354119321946325]], [[323.2], [0.2977154155572256, -0.5215221044549532]], [[323.2], [0.2977154155572256, -0.5215221044549532]], [[403.0], [0.12082312256097794, 0.033354119321946325]], [[323.2], [0.2977154155572256, -0.5215221044549532]], [[323.2], [0.2977154155572256, -0.5215221044549532]], [[25.5], [0.021844933119912945, -0.5165488953795729]], [[323.2], [0.2977154155572256, -0.5215221044549532]], [[323.2], [0.2977154155572256, -0.5215221044549532]], [[323.2], [0.2977154155572256, -0.5215221044549532]], [[65.3], [0.1491363470753034, -0.5244900022397201]], [[323.2], [0.2977154155572256, -0.5215221044549532]], [[323.2], [0.2977154155572256, -0.5215221044549532]], [[17.8], [-0.020679578495522342, 0.5148331942170431]], [[323.2], [0.2977154155572256, -0.5215221044549532]], [[323.2], [0.2977154155572256, -0.5215221044549532]], [[84.7], [-0.24387501180171967, 0.5369949640269485]], [[323.2], [0.2977154155572256, -0.5215221044549532]], [[403.0], [0.12082312256097794, 0.033354119321946325]], [[25.5], [0.021844933119912945, -0.5165488953795729]], [[323.2], [0.2977154155572256, -0.5215221044549532]], [[9.6], [0.03666744567453861, -0.5957981901305714]], [[403.0], [0.12082312256097794, 0.033354119321946325]], [[323.2], [0.2977154155572256, -0.5215221044549532]], [[323.2], [0.2977154155572256, -0.5215221044549532]], [[22.8], [0.027456367388367653, -0.5046938452424045]]]}