{"102": [[[35.7], [0.021444641364117466, -0.5117909688698619]], [[500.0], [0.11030164857705435, 0.015770002718319735]], [[500.0], [0.12548450380563736, 0.008672832301929237]], [[500.0], [0.026747286319732666, 0.06764377222249383]], [[500.0], [0.03754615783691406, 0.019306847246354848]], [[500.0], [0.03754615783691406, 0.019306847246354848]], [[500.0], [0.03754615783691406, 0.019306847246354848]], [[500.0], [0.12548450380563736, 0.008672832301929237]], [[500.0], [0.12548450380563736, 0.008672832301929237]], [[500.0], [0.12548450380563736, 0.008672832301929237]], [[42.3], [0.0029203330632299185, -0.5018652982688977]], [[500.0], [0.12548450380563736, 0.008672832301929237]], [[500.0], [0.12548450380563736, 0.008672832301929237]], [[500.0], [0.12548450380563736, 0.008672832301929237]], [[500.0], [0.03754615783691406, 0.019306847246354848]], [[500.0], [0.12548450380563736, 0.008672832301929237]], [[500.0], [0.12548450380563736, 0.008672832301929237]], [[500.0], [0.11030164857705435, 0.015770002718319735]], [[500.0], [0.03754615783691406, 0.019306847246354848]], [[500.0], [0.03754615783691406, 0.019306847246354848]], [[500.0], [0.12548450380563736, 0.008672832301929237]], [[500.0], [0.12548450380563736, 0.008672832301929237]], [[500.0], [0.12548450380563736, 0.008672832301929237]], [[500.0], [0.12548450380563736, 0.008672832301929237]], [[500.0], [0.03754615783691406, 0.019306847246354848]], [[500.0], [0.12548450380563736, 0.008672832301929237]], [[500.0], [0.03754615783691406, 0.019306847246354848]], [[500.0], [0.12548450380563736, 0.008672832301929237]], [[500.0], [0.12548450380563736, 0.008672832301929237]], [[500.0], [0.12548450380563736, 0.008672832301929237]]], "103": [[[408.3], [0.13315200805664062, -0.014184714566791457]], [[24.3], [-0.016611156364281975, 0.525829146068062]], [[500.0], [0.010321099931995075, 0.005858632263562611]], [[408.3], [0.13315200805664062, -0.014184714566791457]], [[408.3], [0.13315200805664062, -0.014184714566791457]], [[408.3], [0.13315200805664062, -0.014184714566791457]], [[408.3], [0.13315200805664062, -0.014184714566791457]], [[408.3], [0.13315200805664062, -0.014184714566791457]], [[408.3], [0.13315200805664062, -0.014184714566791457]], [[408.3], [0.13315200805664062, -0.014184714566791457]], [[53.2], [0.009481825400143862, -0.5049327272547489]], [[408.3], [0.13315200805664062, -0.014184714566791457]], [[408.3], [0.13315200805664062, -0.014184714566791457]], [[408.3], [0.13315200805664062, -0.014184714566791457]], [[408.3], [0.13315200805664062, -0.014184714566791457]], [[408.3], [0.13315200805664062, -0.014184714566791457]], [[408.3], [0.13315200805664062, -0.014184714566791457]], [[408.3], [0.13315200805664062, -0.014184714566791457]], [[408.3], [0.13315200805664062, -0.014184714566791457]], [[500.0], [0.048247771337628365, -0.0043456720045665235]], [[408.3], [0.13315200805664062, -0.014184714566791457]], [[408.3], [0.13315200805664062, -0.014184714566791457]], [[408.3], [0.13315200805664062, -0.014184714566791457]], [[408.3], [0.13315200805664062, -0.014184714566791457]], [[500.0], [0.010321099931995075, 0.005858632263562611]], [[408.3], [0.13315200805664062, -0.014184714566791457]], [[408.3], [0.13315200805664062, -0.014184714566791457]], [[408.3], [0.13315200805664062, -0.014184714566791457]], [[408.3], [0.13315200805664062, -0.014184714566791457]], [[408.3], [0.13315200805664062, -0.014184714566791457]]], "101": [[[500.0], [0.0027090637013316154, 0.014670303483542644]], [[471.1], [0.11193465441465378, -0.01394208721174863]], [[500.0], [0.0027090637013316154, 0.014670303483542644]], [[500.0], [0.0027090637013316154, 0.014670303483542644]], [[500.0], [0.0027090637013316154, 0.014670303483542644]], [[500.0], [0.0027090637013316154, 0.014670303483542644]], [[471.1], [0.11193465441465378, -0.01394208721174863]], [[500.0], [0.0027090637013316154, 0.014670303483542644]], [[500.0], [0.0027090637013316154, 0.014670303483542644]], [[500.0], [0.0027090637013316154, 0.014670303483542644]], [[500.0], [0.0027090637013316154, 0.014670303483542644]], [[471.1], [0.11193465441465378, -0.01394208721174863]], [[500.0], [0.0027090637013316154, 0.014670303483542644]], [[500.0], [0.0027090637013316154, 0.014670303483542644]], [[500.0], [0.0027090637013316154, 0.014670303483542644]], [[500.0], [0.0027090637013316154, 0.014670303483542644]], [[500.0], [0.0027090637013316154, 0.014670303483542644]], [[500.0], [0.0027090637013316154, 0.014670303483542644]], [[99.4], [-0.08605822920799255, 0.522696337346255]], [[500.0], [0.0027090637013316154, 0.014670303483542644]], [[99.4], [-0.08605822920799255, 0.522696337346255]], [[141.0], [-0.5074997742970785, -0.12276556039826152]], [[471.1], [0.11193465441465378, -0.01394208721174863]], [[471.1], [0.11193465441465378, -0.01394208721174863]], [[500.0], [0.0027090637013316154, 0.014670303483542644]], [[500.0], [0.0027090637013316154, 0.014670303483542644]], [[500.0], [0.0027090637013316154, 0.014670303483542644]], [[500.0], [0.0027090637013316154, 0.014670303483542644]], [[500.0], [0.0027090637013316154, 0.014670303483542644]], [[500.0], [0.0027090637013316154, 0.014670303483542644]]]}