{"103": [[[500.0], [0.020877737551927567, 0.018917797267009196]], [[500.0], [0.020877737551927567, 0.018917797267009196]], [[500.0], [0.020877737551927567, 0.018917797267009196]], [[500.0], [0.020877737551927567, 0.018917797267009196]], [[500.0], [0.020877737551927567, 0.018917797267009196]], [[11.2], [-0.028481235106786094, 0.5582032021152916]], [[500.0], [0.020877737551927567, 0.018917797267009196]], [[9.4], [-0.02940102480351925, 0.5648723273186023]], [[500.0], [0.020877737551927567, 0.018917797267009196]], [[500.0], [0.020877737551927567, 0.018917797267009196]], [[500.0], [0.020877737551927567, 0.018917797267009196]], [[500.0], [0.020877737551927567, 0.018917797267009196]], [[500.0], [0.020877737551927567, 0.018917797267009196]], [[9.4], [-0.02940102480351925, 0.5648723273186023]], [[500.0], [0.020877737551927567, 0.018917797267009196]], [[500.0], [0.020877737551927567, 0.018917797267009196]], [[500.0], [0.020877737551927567, 0.018917797267009196]], [[500.0], [0.020877737551927567, 0.018917797267009196]], [[500.0], [0.020877737551927567, 0.018917797267009196]], [[500.0], [0.020877737551927567, 0.018917797267009196]], [[500.0], [0.020877737551927567, 0.018917797267009196]], [[500.0], [0.020877737551927567, 0.018917797267009196]], [[9.4], [-0.02940102480351925, 0.5648723273186023]], [[500.0], [0.020877737551927567, 0.018917797267009196]], [[500.0], [0.020877737551927567, 0.018917797267009196]], [[500.0], [0.020877737551927567, 0.018917797267009196]], [[500.0], [0.020877737551927567, 0.018917797267009196]], [[500.0], [0.020877737551927567, 0.018917797267009196]], [[500.0], [0.020877737551927567, 0.018917797267009196]], [[500.0], [0.020877737551927567, 0.018917797267009196]]], "102": [[[190.9], [0.17252606650193533, -0.5173405106558184]], [[190.9], [0.17252606650193533, -0.5173405106558184]], [[190.9], [0.17252606650193533, -0.5173405106558184]], [[52.2], [0.002324934466741979, -0.5089019260338049]], [[190.9], [0.17252606650193533, -0.5173405106558184]], [[190.9], [0.17252606650193533, -0.5173405106558184]], [[190.9], [0.17252606650193533, -0.5173405106558184]], [[190.9], [0.17252606650193533, -0.5173405106558184]], [[190.9], [0.17252606650193533, -0.5173405106558184]], [[190.9], [0.17252606650193533, -0.5173405106558184]], [[190.9], [0.17252606650193533, -0.5173405106558184]], [[190.9], [0.17252606650193533, -0.5173405106558184]], [[190.9], [0.17252606650193533, -0.5173405106558184]], [[190.9], [0.17252606650193533, -0.5173405106558184]], [[190.9], [0.17252606650193533, -0.5173405106558184]], [[40.2], [0.010972387002160152, 0.5094772249317626]], [[190.9], [0.17252606650193533, -0.5173405106558184]], [[190.9], [0.17252606650193533, -0.5173405106558184]], [[190.9], [0.17252606650193533, -0.5173405106558184]], [[190.9], [0.17252606650193533, -0.5173405106558184]], [[190.9], [0.17252606650193533, -0.5173405106558184]], [[190.9], [0.17252606650193533, -0.5173405106558184]], [[190.9], [0.17252606650193533, -0.5173405106558184]], [[190.9], [0.17252606650193533, -0.5173405106558184]], [[190.9], [0.17252606650193533, -0.5173405106558184]], [[190.9], [0.17252606650193533, -0.5173405106558184]], [[190.9], [0.17252606650193533, -0.5173405106558184]], [[190.9], [0.17252606650193533, -0.5173405106558184]], [[89.5], [-0.03829007036983967, -0.5112292877795024]], [[99.6], [-0.4567226767539978, 0.5034318808733561]]], "101": [[[12.9], [-0.024241895104448002, 0.5122828854328138]], [[251.0], [0.1542519529660543, 0.5127708806375567]], [[251.0], [0.1542519529660543, 0.5127708806375567]], [[251.0], [0.1542519529660543, 0.5127708806375567]], [[251.0], [0.1542519529660543, 0.5127708806375567]], [[251.0], [0.1542519529660543, 0.5127708806375567]], [[251.0], [0.1542519529660543, 0.5127708806375567]], [[251.0], [0.1542519529660543, 0.5127708806375567]], [[22.8], [0.016346032110353313, -0.5010959990857321]], [[251.0], [0.1542519529660543, 0.5127708806375567]], [[251.0], [0.1542519529660543, 0.5127708806375567]], [[251.0], [0.1542519529660543, 0.5127708806375567]], [[251.0], [0.1542519529660543, 0.5127708806375567]], [[251.0], [0.1542519529660543, 0.5127708806375567]], [[251.0], [0.1542519529660543, 0.5127708806375567]], [[251.0], [0.1542519529660543, 0.5127708806375567]], [[251.0], [0.1542519529660543, 0.5127708806375567]], [[251.0], [0.1542519529660543, 0.5127708806375567]], [[251.0], [0.1542519529660543, 0.5127708806375567]], [[251.0], [0.1542519529660543, 0.5127708806375567]], [[251.0], [0.1542519529660543, 0.5127708806375567]], [[251.0], [0.1542519529660543, 0.5127708806375567]], [[251.0], [0.1542519529660543, 0.5127708806375567]], [[251.0], [0.1542519529660543, 0.5127708806375567]], [[251.0], [0.1542519529660543, 0.5127708806375567]], [[251.0], [0.1542519529660543, 0.5127708806375567]], [[251.0], [0.1542519529660543, 0.5127708806375567]], [[251.0], [0.1542519529660543, 0.5127708806375567]], [[251.0], [0.1542519529660543, 0.5127708806375567]], [[251.0], [0.1542519529660543, 0.5127708806375567]]]}