{"103": [[[474.3], [0.08159640555580458, -0.006543862874035916]], [[14.1], [-0.024876988803346954, 0.5504739198958475]], [[474.3], [0.08159640555580458, -0.006543862874035916]], [[474.3], [0.08159640555580458, -0.006543862874035916]], [[421.5], [0.5002490182717642, 0.10953772296175432]], [[125.6], [0.12231814364592235, 0.5206263592939058]], [[421.5], [0.5002490182717642, 0.10953772296175432]], [[474.3], [0.08159640555580458, -0.006543862874035916]], [[421.5], [0.5002490182717642, 0.10953772296175432]], [[474.3], [0.08159640555580458, -0.006543862874035916]], [[125.6], [0.12231814364592235, 0.5206263592939058]], [[474.3], [0.08159640555580458, -0.006543862874035916]], [[421.5], [0.5002490182717642, 0.10953772296175432]], [[474.3], [0.08159640555580458, -0.006543862874035916]], [[421.5], [0.5002490182717642, 0.10953772296175432]], [[474.3], [0.08159640555580458, -0.006543862874035916]], [[421.5], [0.5002490182717642, 0.10953772296175432]], [[135.5], [0.09674268464247386, 0.5071530359213432]], [[474.3], [0.08159640555580458, -0.006543862874035916]], [[421.5], [0.5002490182717642, 0.10953772296175432]], [[474.3], [0.08159640555580458, -0.006543862874035916]], [[15.2], [-0.02940102480351925, 0.5648723273186023]], [[474.3], [0.08159640555580458, -0.006543862874035916]], [[474.3], [0.08159640555580458, -0.006543862874035916]], [[474.3], [0.08159640555580458, -0.006543862874035916]], [[474.3], [0.08159640555580458, -0.006543862874035916]], [[421.5], [0.5002490182717642, 0.10953772296175432]], [[421.5], [0.5002490182717642, 0.10953772296175432]], [[474.3], [0.08159640555580458, -0.006543862874035916]], [[46.4], [0.006265577782566349, 0.5160005825558348]]], "102": [[[500.0], [-0.006693293495724599, 0.09315828102057061]], [[500.0], [-0.006693293495724599, 0.09315828102057061]], [[500.0], [0.06792199487487476, 0.002407761007707798]], [[500.0], [-0.006693293495724599, 0.09315828102057061]], [[500.0], [-0.006693293495724599, 0.09315828102057061]], [[500.0], [-0.006693293495724599, 0.09315828102057061]], [[500.0], [0.06792199487487476, 0.002407761007707798]], [[89.3], [-0.056193203975756965, 0.5126086433538409]], [[500.0], [-0.006693293495724599, 0.09315828102057061]], [[500.0], [-0.006693293495724599, 0.09315828102057061]], [[500.0], [-0.006693293495724599, 0.09315828102057061]], [[500.0], [-0.006693293495724599, 0.09315828102057061]], [[500.0], [-0.006693293495724599, 0.09315828102057061]], [[500.0], [-0.006693293495724599, 0.09315828102057061]], [[500.0], [-0.006693293495724599, 0.09315828102057061]], [[500.0], [-0.006693293495724599, 0.09315828102057061]], [[500.0], [-0.006693293495724599, 0.09315828102057061]], [[500.0], [-0.006693293495724599, 0.09315828102057061]], [[500.0], [-0.006693293495724599, 0.09315828102057061]], [[500.0], [-0.006693293495724599, 0.09315828102057061]], [[500.0], [-0.006693293495724599, 0.09315828102057061]], [[500.0], [0.06792199487487476, 0.002407761007707798]], [[500.0], [0.06792199487487476, 0.002407761007707798]], [[89.3], [-0.056193203975756965, 0.5126086433538409]], [[500.0], [-0.006693293495724599, 0.09315828102057061]], [[500.0], [-0.006693293495724599, 0.09315828102057061]], [[500.0], [-0.006693293495724599, 0.09315828102057061]], [[500.0], [-0.006693293495724599, 0.09315828102057061]], [[500.0], [-0.006693293495724599, 0.09315828102057061]], [[500.0], [0.06792199487487476, 0.002407761007707798]]], "101": [[[500.0], [0.02100772224366665, -0.014133629963942693]], [[500.0], [0.02100772224366665, -0.014133629963942693]], [[495.0], [0.09518363202611606, 0.006583054175680619]], [[500.0], [0.02100772224366665, -0.014133629963942693]], [[500.0], [0.02100772224366665, -0.014133629963942693]], [[500.0], [0.02100772224366665, -0.014133629963942693]], [[500.0], [0.02100772224366665, -0.014133629963942693]], [[500.0], [0.02100772224366665, -0.014133629963942693]], [[500.0], [0.02100772224366665, -0.014133629963942693]], [[500.0], [0.02100772224366665, -0.014133629963942693]], [[500.0], [0.02100772224366665, -0.014133629963942693]], [[500.0], [0.02100772224366665, -0.014133629963942693]], [[500.0], [0.02100772224366665, -0.014133629963942693]], [[500.0], [0.02100772224366665, -0.014133629963942693]], [[500.0], [0.02100772224366665, -0.014133629963942693]], [[500.0], [0.02100772224366665, -0.014133629963942693]], [[500.0], [0.02100772224366665, -0.014133629963942693]], [[500.0], [0.02100772224366665, -0.014133629963942693]], [[174.8], [0.016105415609975658, 0.5109926516359503]], [[116.1], [0.10267709692319235, 0.508571426834216]], [[500.0], [0.02100772224366665, -0.014133629963942693]], [[500.0], [0.02100772224366665, -0.014133629963942693]], [[500.0], [0.02100772224366665, -0.014133629963942693]], [[500.0], [0.02100772224366665, -0.014133629963942693]], [[500.0], [0.02100772224366665, -0.014133629963942693]], [[500.0], [0.02100772224366665, -0.014133629963942693]], [[500.0], [0.02100772224366665, -0.014133629963942693]], [[500.0], [0.02100772224366665, -0.014133629963942693]], [[500.0], [0.02100772224366665, -0.014133629963942693]], [[500.0], [0.02100772224366665, -0.014133629963942693]]]}