{"103": [[[454.6], [9.54018529834381e-05, -0.011244308622331141]], [[454.6], [9.54018529834381e-05, -0.011244308622331141]], [[454.6], [9.54018529834381e-05, -0.011244308622331141]], [[454.6], [9.54018529834381e-05, -0.011244308622331141]], [[454.6], [9.54018529834381e-05, -0.011244308622331141]], [[454.6], [9.54018529834381e-05, -0.011244308622331141]], [[454.6], [9.54018529834381e-05, -0.011244308622331141]], [[454.6], [9.54018529834381e-05, -0.011244308622331141]], [[454.6], [9.54018529834381e-05, -0.011244308622331141]], [[454.6], [9.54018529834381e-05, -0.011244308622331141]], [[454.6], [9.54018529834381e-05, -0.011244308622331141]], [[454.6], [9.54018529834381e-05, -0.011244308622331141]], [[454.6], [9.54018529834381e-05, -0.011244308622331141]], [[454.6], [9.54018529834381e-05, -0.011244308622331141]], [[454.6], [9.54018529834381e-05, -0.011244308622331141]], [[454.6], [9.54018529834381e-05, -0.011244308622331141]], [[454.6], [9.54018529834381e-05, -0.011244308622331141]], [[454.6], [9.54018529834381e-05, -0.011244308622331141]], [[454.6], [9.54018529834381e-05, -0.011244308622331141]], [[454.6], [9.54018529834381e-05, -0.011244308622331141]], [[454.6], [9.54018529834381e-05, -0.011244308622331141]], [[454.6], [9.54018529834381e-05, -0.011244308622331141]], [[454.6], [9.54018529834381e-05, -0.011244308622331141]], [[454.6], [9.54018529834381e-05, -0.011244308622331141]], [[500.0], [0.006108718613783519, 0.0010461630867838717]], [[454.6], [9.54018529834381e-05, -0.011244308622331141]], [[454.6], [9.54018529834381e-05, -0.011244308622331141]], [[454.6], [9.54018529834381e-05, -0.011244308622331141]], [[454.6], [9.54018529834381e-05, -0.011244308622331141]], [[454.6], [9.54018529834381e-05, -0.011244308622331141]]], "102": [[[500.0], [0.0242520309984684, 0.011718711641986975]], [[500.0], [0.0242520309984684, 0.011718711641986975]], [[500.0], [0.0242520309984684, 0.011718711641986975]], [[500.0], [0.0242520309984684, 0.011718711641986975]], [[500.0], [0.0242520309984684, 0.011718711641986975]], [[500.0], [0.0242520309984684, 0.011718711641986975]], [[500.0], [0.0242520309984684, 0.011718711641986975]], [[500.0], [0.0242520309984684, 0.011718711641986975]], [[500.0], [0.0242520309984684, 0.011718711641986975]], [[500.0], [0.0242520309984684, 0.011718711641986975]], [[500.0], [0.0242520309984684, 0.011718711641986975]], [[500.0], [0.0242520309984684, 0.011718711641986975]], [[500.0], [0.0242520309984684, 0.011718711641986975]], [[500.0], [0.0242520309984684, 0.011718711641986975]], [[500.0], [0.0242520309984684, 0.011718711641986975]], [[500.0], [0.0242520309984684, 0.011718711641986975]], [[500.0], [0.0242520309984684, 0.011718711641986975]], [[54.06666666666667], [0.028898436576128006, 0.5053547010467383]], [[500.0], [0.0242520309984684, 0.011718711641986975]], [[500.0], [0.0242520309984684, 0.011718711641986975]], [[500.0], [0.0242520309984684, 0.011718711641986975]], [[500.0], [0.0242520309984684, 0.011718711641986975]], [[500.0], [0.0242520309984684, 0.011718711641986975]], [[500.0], [0.0242520309984684, 0.011718711641986975]], [[196.6], [0.2819649378458659, 0.5047690996713046]], [[500.0], [0.0242520309984684, 0.011718711641986975]], [[500.0], [0.0242520309984684, 0.011718711641986975]], [[500.0], [0.0242520309984684, 0.011718711641986975]], [[500.0], [0.0242520309984684, 0.011718711641986975]], [[500.0], [0.0242520309984684, 0.011718711641986975]]], "101": [[[500.0], [-0.007782052271068096, 0.06481544805343072]], [[500.0], [-0.007782052271068096, 0.06481544805343072]], [[500.0], [-0.007782052271068096, 0.06481544805343072]], [[500.0], [-0.007782052271068096, 0.06481544805343072]], [[500.0], [-0.007782052271068096, 0.06481544805343072]], [[500.0], [-0.007782052271068096, 0.06481544805343072]], [[500.0], [-0.007782052271068096, 0.06481544805343072]], [[500.0], [-0.007782052271068096, 0.06481544805343072]], [[500.0], [-0.007782052271068096, 0.06481544805343072]], [[500.0], [-0.007782052271068096, 0.06481544805343072]], [[500.0], [-0.007782052271068096, 0.06481544805343072]], [[500.0], [-0.007782052271068096, 0.06481544805343072]], [[500.0], [-0.007782052271068096, 0.06481544805343072]], [[500.0], [-0.007782052271068096, 0.06481544805343072]], [[500.0], [-0.007782052271068096, 0.06481544805343072]], [[500.0], [-0.007782052271068096, 0.06481544805343072]], [[500.0], [-0.007782052271068096, 0.06481544805343072]], [[500.0], [-0.007782052271068096, 0.06481544805343072]], [[500.0], [-0.007782052271068096, 0.06481544805343072]], [[500.0], [-0.007782052271068096, 0.06481544805343072]], [[500.0], [-0.007782052271068096, 0.06481544805343072]], [[500.0], [-0.007782052271068096, 0.06481544805343072]], [[500.0], [0.12889585147301358, -0.00800522997904052]], [[500.0], [-0.007782052271068096, 0.06481544805343072]], [[500.0], [-0.007782052271068096, 0.06481544805343072]], [[500.0], [-0.007782052271068096, 0.06481544805343072]], [[500.0], [-0.007782052271068096, 0.06481544805343072]], [[500.0], [-0.007782052271068096, 0.06481544805343072]], [[500.0], [-0.007782052271068096, 0.06481544805343072]], [[500.0], [-0.007782052271068096, 0.06481544805343072]]]}