{"102": [[[500.0], [0.03305697503189246, 0.004827452079352865]], [[500.0], [0.052798520773649216, -0.005478503374142225]], [[500.0], [0.03305697503189246, 0.004827452079352865]], [[500.0], [0.03305697503189246, 0.004827452079352865]], [[15.0], [0.03181411574284236, -0.5037784932903125]], [[500.0], [0.03305697503189246, 0.004827452079352865]], [[500.0], [0.03305697503189246, 0.004827452079352865]], [[52.5], [0.052232686430215836, -0.5670912456854679]], [[500.0], [0.004336177759493391, -0.013544631934764854]], [[500.0], [0.03305697503189246, 0.004827452079352865]], [[500.0], [0.004336177759493391, -0.013544631934764854]], [[500.0], [0.03305697503189246, 0.004827452079352865]], [[500.0], [0.03305697503189246, 0.004827452079352865]], [[500.0], [0.03305697503189246, 0.004827452079352865]], [[500.0], [0.004336177759493391, -0.013544631934764854]], [[500.0], [0.03305697503189246, 0.004827452079352865]], [[500.0], [0.03305697503189246, 0.004827452079352865]], [[500.0], [0.03305697503189246, 0.004827452079352865]], [[500.0], [0.052798520773649216, -0.005478503374142225]], [[500.0], [0.03305697503189246, 0.004827452079352865]], [[500.0], [0.052798520773649216, -0.005478503374142225]], [[500.0], [0.03305697503189246, 0.004827452079352865]], [[500.0], [-0.04894322715699673, 0.046871361906448625]], [[500.0], [0.03305697503189246, 0.004827452079352865]], [[500.0], [0.03305697503189246, 0.004827452079352865]], [[500.0], [0.004336177759493391, -0.013544631934764854]], [[34.6], [-0.009971804295976957, 0.5164516456959921]], [[500.0], [0.03305697503189246, 0.004827452079352865]], [[500.0], [0.004336177759493391, -0.013544631934764854]], [[500.0], [0.052798520773649216, -0.005478503374142225]]], "101": [[[500.0], [0.03299284415940444, 0.021076732221545217]], [[500.0], [0.03299284415940444, 0.021076732221545217]], [[500.0], [0.0028145939965421958, -0.012070250265193328]], [[500.0], [-0.009294253929207724, -0.015776996549807097]], [[500.0], [0.03299284415940444, 0.021076732221545217]], [[500.0], [0.03299284415940444, 0.021076732221545217]], [[500.0], [0.03299284415940444, 0.021076732221545217]], [[500.0], [-0.009294253929207724, -0.015776996549807097]], [[500.0], [0.03299284415940444, 0.021076732221545217]], [[500.0], [-0.009294253929207724, -0.015776996549807097]], [[500.0], [-0.009294253929207724, -0.015776996549807097]], [[500.0], [-0.009294253929207724, -0.015776996549807097]], [[500.0], [-0.009294253929207724, -0.015776996549807097]], [[500.0], [0.03299284415940444, 0.021076732221545217]], [[500.0], [-0.009294253929207724, -0.015776996549807097]], [[500.0], [0.03299284415940444, 0.021076732221545217]], [[56.3], [-0.07836262385050456, 0.5225873235880473]], [[56.3], [-0.07836262385050456, 0.5225873235880473]], [[500.0], [0.03299284415940444, 0.021076732221545217]], [[500.0], [0.03299284415940444, 0.021076732221545217]], [[500.0], [-0.009294253929207724, -0.015776996549807097]], [[500.0], [0.03299284415940444, 0.021076732221545217]], [[500.0], [0.0028145939965421958, -0.012070250265193328]], [[500.0], [0.03299284415940444, 0.021076732221545217]], [[500.0], [0.03299284415940444, 0.021076732221545217]], [[500.0], [0.005746275807420413, 0.013030860483931582]], [[500.0], [-0.009294253929207724, -0.015776996549807097]], [[500.0], [0.03299284415940444, 0.021076732221545217]], [[500.0], [0.03299284415940444, 0.021076732221545217]], [[500.0], [0.03299284415940444, 0.021076732221545217]]], "103": [[[431.9], [0.01336209320773681, 0.0033079823100288807]], [[431.9], [0.01336209320773681, 0.0033079823100288807]], [[466.4], [0.47786320249239606, 0.19142664434236772]], [[466.4], [0.47786320249239606, 0.19142664434236772]], [[466.4], [0.47786320249239606, 0.19142664434236772]], [[431.9], [0.01336209320773681, 0.0033079823100288807]], [[466.4], [0.47786320249239606, 0.19142664434236772]], [[466.4], [0.47786320249239606, 0.19142664434236772]], [[306.9], [0.5037286380926769, 0.0782696414364582]], [[466.4], [0.47786320249239606, 0.19142664434236772]], [[466.4], [0.47786320249239606, 0.19142664434236772]], [[431.9], [0.01336209320773681, 0.0033079823100288807]], [[431.9], [0.01336209320773681, 0.0033079823100288807]], [[466.4], [0.47786320249239606, 0.19142664434236772]], [[466.4], [0.47786320249239606, 0.19142664434236772]], [[466.4], [0.47786320249239606, 0.19142664434236772]], [[466.4], [0.47786320249239606, 0.19142664434236772]], [[466.4], [0.47786320249239606, 0.19142664434236772]], [[431.9], [0.01336209320773681, 0.0033079823100288807]], [[133.7], [-0.5000054339567821, -0.2592364459802089]], [[466.4], [0.47786320249239606, 0.19142664434236772]], [[466.4], [0.47786320249239606, 0.19142664434236772]], [[466.4], [0.47786320249239606, 0.19142664434236772]], [[466.4], [0.47786320249239606, 0.19142664434236772]], [[466.4], [0.47786320249239606, 0.19142664434236772]], [[500.0], [0.017641171192129455, 0.0710414731474014]], [[67.3], [-0.0026937517880772552, -0.5128582912769044]], [[466.4], [0.47786320249239606, 0.19142664434236772]], [[500.0], [0.017641171192129455, 0.0710414731474014]], [[466.4], [0.47786320249239606, 0.19142664434236772]]]}