{"103": [[[479.9], [0.04204353938500087, -0.35341800542539387]], [[500.0], [0.010325256735086441, 0.004807262654688085]], [[500.0], [0.010325256735086441, 0.004807262654688085]], [[479.9], [0.04204353938500087, -0.35341800542539387]], [[500.0], [0.010325256735086441, 0.004807262654688085]], [[479.9], [0.04204353938500087, -0.35341800542539387]], [[479.9], [0.04204353938500087, -0.35341800542539387]], [[500.0], [0.010325256735086441, 0.004807262654688085]], [[500.0], [0.010325256735086441, 0.004807262654688085]], [[479.9], [0.04204353938500087, -0.35341800542539387]], [[479.9], [0.04204353938500087, -0.35341800542539387]], [[479.9], [0.04204353938500087, -0.35341800542539387]], [[500.0], [0.010325256735086441, 0.004807262654688085]], [[500.0], [0.010325256735086441, 0.004807262654688085]], [[479.9], [0.04204353938500087, -0.35341800542539387]], [[479.9], [0.04204353938500087, -0.35341800542539387]], [[479.9], [0.04204353938500087, -0.35341800542539387]], [[500.0], [0.010325256735086441, 0.004807262654688085]], [[500.0], [0.010325256735086441, 0.004807262654688085]], [[479.9], [0.04204353938500087, -0.35341800542539387]], [[500.0], [0.010325256735086441, 0.004807262654688085]], [[437.1], [0.462892750898997, 0.14474350762994667]], [[500.0], [0.010325256735086441, 0.004807262654688085]], [[500.0], [0.010325256735086441, 0.004807262654688085]], [[479.9], [0.04204353938500087, -0.35341800542539387]], [[479.9], [0.04204353938500087, -0.35341800542539387]], [[479.9], [0.04204353938500087, -0.35341800542539387]], [[479.9], [0.04204353938500087, -0.35341800542539387]], [[500.0], [0.010325256735086441, 0.004807262654688085]], [[479.9], [0.04204353938500087, -0.35341800542539387]]], "102": [[[500.0], [-0.24777320524056753, 0.1243265015942058]], [[500.0], [-0.24777320524056753, 0.1243265015942058]], [[500.0], [-0.24777320524056753, 0.1243265015942058]], [[500.0], [-0.24777320524056753, 0.1243265015942058]], [[500.0], [-0.24777320524056753, 0.1243265015942058]], [[500.0], [-0.24777320524056753, 0.1243265015942058]], [[500.0], [-0.24777320524056753, 0.1243265015942058]], [[500.0], [-0.24777320524056753, 0.1243265015942058]], [[500.0], [-0.24777320524056753, 0.1243265015942058]], [[500.0], [-0.24777320524056753, 0.1243265015942058]], [[500.0], [-0.24777320524056753, 0.1243265015942058]], [[500.0], [-0.24777320524056753, 0.1243265015942058]], [[500.0], [-0.24777320524056753, 0.1243265015942058]], [[500.0], [-0.24777320524056753, 0.1243265015942058]], [[500.0], [-0.24777320524056753, 0.1243265015942058]], [[500.0], [-0.24777320524056753, 0.1243265015942058]], [[500.0], [-0.24777320524056753, 0.1243265015942058]], [[500.0], [-0.24777320524056753, 0.1243265015942058]], [[500.0], [-0.24777320524056753, 0.1243265015942058]], [[500.0], [-0.24777320524056753, 0.1243265015942058]], [[500.0], [-0.24777320524056753, 0.1243265015942058]], [[500.0], [-0.24777320524056753, 0.1243265015942058]], [[500.0], [-0.24777320524056753, 0.1243265015942058]], [[500.0], [-0.24777320524056753, 0.1243265015942058]], [[500.0], [-0.24777320524056753, 0.1243265015942058]], [[500.0], [-0.24777320524056753, 0.1243265015942058]], [[500.0], [-0.24777320524056753, 0.1243265015942058]], [[500.0], [-0.24777320524056753, 0.1243265015942058]], [[500.0], [-0.24777320524056753, 0.1243265015942058]], [[500.0], [-0.24777320524056753, 0.1243265015942058]]], "101": [[[467.8], [0.5024945735931396, 0.18658740312288824]], [[467.8], [0.5024945735931396, 0.18658740312288824]], [[467.8], [0.5024945735931396, 0.18658740312288824]], [[467.8], [0.5024945735931396, 0.18658740312288824]], [[467.8], [0.5024945735931396, 0.18658740312288824]], [[9.8], [0.03341943956911564, -0.5401550083639519]], [[467.8], [0.5024945735931396, 0.18658740312288824]], [[467.8], [0.5024945735931396, 0.18658740312288824]], [[467.8], [0.5024945735931396, 0.18658740312288824]], [[467.8], [0.5024945735931396, 0.18658740312288824]], [[467.8], [0.5024945735931396, 0.18658740312288824]], [[467.8], [0.5024945735931396, 0.18658740312288824]], [[467.8], [0.5024945735931396, 0.18658740312288824]], [[467.8], [0.5024945735931396, 0.18658740312288824]], [[467.8], [0.5024945735931396, 0.18658740312288824]], [[467.8], [0.5024945735931396, 0.18658740312288824]], [[467.8], [0.5024945735931396, 0.18658740312288824]], [[467.8], [0.5024945735931396, 0.18658740312288824]], [[467.8], [0.5024945735931396, 0.18658740312288824]], [[467.8], [0.5024945735931396, 0.18658740312288824]], [[467.8], [0.5024945735931396, 0.18658740312288824]], [[467.8], [0.5024945735931396, 0.18658740312288824]], [[467.8], [0.5024945735931396, 0.18658740312288824]], [[467.8], [0.5024945735931396, 0.18658740312288824]], [[467.8], [0.5024945735931396, 0.18658740312288824]], [[467.8], [0.5024945735931396, 0.18658740312288824]], [[467.8], [0.5024945735931396, 0.18658740312288824]], [[467.8], [0.5024945735931396, 0.18658740312288824]], [[467.8], [0.5024945735931396, 0.18658740312288824]], [[467.8], [0.5024945735931396, 0.18658740312288824]]]}