{"103": [[[500.0], [0.07856784388422966, -0.00714689257006611]], [[413.2], [0.013367668725550175, 0.0018967971713705497]], [[413.2], [0.013367668725550175, 0.0018967971713705497]], [[9.4], [-0.02940102480351925, 0.5648723273186023]], [[500.0], [0.01635997866590818, 0.011670673889905643]], [[74.9], [0.04197162265578906, 0.5175209287821391]], [[241.7], [0.5046000083287557, 0.3693550468631909]], [[181.5], [0.12365543593962988, 0.5087668174191525]], [[74.9], [0.04197162265578906, 0.5175209287821391]], [[413.2], [0.013367668725550175, 0.0018967971713705497]], [[413.2], [0.013367668725550175, 0.0018967971713705497]], [[413.2], [0.013367668725550175, 0.0018967971713705497]], [[413.2], [0.013367668725550175, 0.0018967971713705497]], [[413.2], [0.013367668725550175, 0.0018967971713705497]], [[413.2], [0.013367668725550175, 0.0018967971713705497]], [[413.2], [0.013367668725550175, 0.0018967971713705497]], [[413.2], [0.013367668725550175, 0.0018967971713705497]], [[74.9], [0.04197162265578906, 0.5175209287821391]], [[15.9], [0.03037220487991969, -0.523277589578948]], [[500.0], [0.01635997866590818, 0.011670673889905643]], [[50.4], [0.03886934059361617, 0.5028094900281807]], [[413.2], [0.013367668725550175, 0.0018967971713705497]], [[74.9], [0.04197162265578906, 0.5175209287821391]], [[75.9], [0.1263774186372757, -0.5035443169078189]], [[413.2], [0.013367668725550175, 0.0018967971713705497]], [[413.2], [0.013367668725550175, 0.0018967971713705497]], [[500.0], [0.01635997866590818, 0.011670673889905643]], [[413.2], [0.013367668725550175, 0.0018967971713705497]], [[413.2], [0.013367668725550175, 0.0018967971713705497]], [[92.0], [0.04652532748878002, 0.5232959486651079]]], "102": [[[500.0], [-0.006693293495724599, 0.09315828102057061]], [[500.0], [-0.006693293495724599, 0.09315828102057061]], [[500.0], [-0.006693293495724599, 0.09315828102057061]], [[25.1], [-0.02073579002171755, 0.5776427294078627]], [[500.0], [-0.006693293495724599, 0.09315828102057061]], [[500.0], [-0.006693293495724599, 0.09315828102057061]], [[500.0], [-0.006693293495724599, 0.09315828102057061]], [[500.0], [-0.006693293495724599, 0.09315828102057061]], [[25.1], [-0.02073579002171755, 0.5776427294078627]], [[500.0], [-0.006693293495724599, 0.09315828102057061]], [[70.8], [-0.13979842265446982, 0.517507239677119]], [[33.5], [-0.009971804295976957, 0.5164516456959921]], [[500.0], [-0.006693293495724599, 0.09315828102057061]], [[500.0], [-0.006693293495724599, 0.09315828102057061]], [[500.0], [-0.006693293495724599, 0.09315828102057061]], [[500.0], [-0.006693293495724599, 0.09315828102057061]], [[500.0], [-0.006693293495724599, 0.09315828102057061]], [[14.6], [-0.024876988803346954, 0.5504739198958475]], [[500.0], [0.0012244548997841775, 0.0069087485974413925]], [[500.0], [-0.006693293495724599, 0.09315828102057061]], [[9.9], [0.03341943956911564, -0.5401550083639519]], [[500.0], [-0.006693293495724599, 0.09315828102057061]], [[500.0], [-0.006693293495724599, 0.09315828102057061]], [[500.0], [-0.006693293495724599, 0.09315828102057061]], [[500.0], [-0.006693293495724599, 0.09315828102057061]], [[500.0], [-0.006693293495724599, 0.09315828102057061]], [[36.4], [-0.0018553379535054169, 0.5168461343318081]], [[500.0], [-0.006693293495724599, 0.09315828102057061]], [[9.6], [0.03666744567453861, -0.5957981901305714]], [[500.0], [-0.006693293495724599, 0.09315828102057061]]], "101": [[[500.0], [0.0043309542040030164, -0.01229798871328671]], [[500.0], [0.0043309542040030164, -0.01229798871328671]], [[500.0], [0.0043309542040030164, -0.01229798871328671]], [[500.0], [0.0043309542040030164, -0.01229798871328671]], [[500.0], [0.0043309542040030164, -0.01229798871328671]], [[500.0], [0.0043309542040030164, -0.01229798871328671]], [[500.0], [0.0043309542040030164, -0.01229798871328671]], [[500.0], [0.0043309542040030164, -0.01229798871328671]], [[500.0], [0.0043309542040030164, -0.01229798871328671]], [[500.0], [0.0043309542040030164, -0.01229798871328671]], [[500.0], [0.0043309542040030164, -0.01229798871328671]], [[500.0], [0.0043309542040030164, -0.01229798871328671]], [[500.0], [0.0043309542040030164, -0.01229798871328671]], [[500.0], [0.0043309542040030164, -0.01229798871328671]], [[500.0], [0.0043309542040030164, -0.01229798871328671]], [[500.0], [0.0043309542040030164, -0.01229798871328671]], [[16.7], [-0.020701272102693718, 0.5204549246427546]], [[500.0], [0.0043309542040030164, -0.01229798871328671]], [[500.0], [0.0043309542040030164, -0.01229798871328671]], [[9.6], [0.03666744567453861, -0.5957981901305714]], [[500.0], [0.0043309542040030164, -0.01229798871328671]], [[53.4], [0.004793622065335512, 0.5046995490361629]], [[500.0], [0.0043309542040030164, -0.01229798871328671]], [[500.0], [0.0043309542040030164, -0.01229798871328671]], [[500.0], [0.0043309542040030164, -0.01229798871328671]], [[500.0], [0.0043309542040030164, -0.01229798871328671]], [[500.0], [0.0043309542040030164, -0.01229798871328671]], [[500.0], [0.0043309542040030164, -0.01229798871328671]], [[500.0], [0.0043309542040030164, -0.01229798871328671]], [[500.0], [0.0043309542040030164, -0.01229798871328671]]]}