{"101": [[[397.4], [0.013341462860504787, 0.00853193801288542]], [[397.4], [0.013341462860504787, 0.00853193801288542]], [[397.4], [0.013341462860504787, 0.00853193801288542]], [[397.4], [0.013341462860504787, 0.00853193801288542]], [[397.4], [0.013341462860504787, 0.00853193801288542]], [[397.4], [0.013341462860504787, 0.00853193801288542]], [[397.4], [0.013341462860504787, 0.00853193801288542]], [[397.4], [0.013341462860504787, 0.00853193801288542]], [[397.4], [0.013341462860504787, 0.00853193801288542]], [[500.0], [0.20880820850531262, 0.015165104250018107]], [[126.4], [0.09677274152636528, 0.5018974177574997]], [[397.4], [0.013341462860504787, 0.00853193801288542]], [[397.4], [0.013341462860504787, 0.00853193801288542]], [[397.4], [0.013341462860504787, 0.00853193801288542]], [[19.6], [0.026481005673607193, -0.5183387102122512]], [[397.4], [0.013341462860504787, 0.00853193801288542]], [[397.4], [0.013341462860504787, 0.00853193801288542]], [[397.4], [0.013341462860504787, 0.00853193801288542]], [[397.4], [0.013341462860504787, 0.00853193801288542]], [[397.4], [0.013341462860504787, 0.00853193801288542]], [[47.3], [0.006265577782566349, 0.5160005825558348]], [[397.4], [0.013341462860504787, 0.00853193801288542]], [[18.0], [0.025391418797274433, -0.5023800656555942]], [[500.0], [0.20880820850531262, 0.015165104250018107]], [[397.4], [0.013341462860504787, 0.00853193801288542]], [[397.4], [0.013341462860504787, 0.00853193801288542]], [[397.4], [0.013341462860504787, 0.00853193801288542]], [[397.4], [0.013341462860504787, 0.00853193801288542]], [[397.4], [0.013341462860504787, 0.00853193801288542]], [[500.0], [0.20880820850531262, 0.015165104250018107]]], "102": [[[378.8], [-0.13329745580752692, 0.5097074443073364]], [[378.8], [-0.13329745580752692, 0.5097074443073364]], [[378.8], [-0.13329745580752692, 0.5097074443073364]], [[378.8], [-0.13329745580752692, 0.5097074443073364]], [[378.8], [-0.13329745580752692, 0.5097074443073364]], [[9.6], [0.03666744567453861, -0.5957981901305714]], [[378.8], [-0.13329745580752692, 0.5097074443073364]], [[378.8], [-0.13329745580752692, 0.5097074443073364]], [[378.8], [-0.13329745580752692, 0.5097074443073364]], [[378.8], [-0.13329745580752692, 0.5097074443073364]], [[9.6], [0.03666744567453861, -0.5957981901305714]], [[378.8], [-0.13329745580752692, 0.5097074443073364]], [[378.8], [-0.13329745580752692, 0.5097074443073364]], [[378.8], [-0.13329745580752692, 0.5097074443073364]], [[378.8], [-0.13329745580752692, 0.5097074443073364]], [[378.8], [-0.13329745580752692, 0.5097074443073364]], [[16.9], [0.028953667109211288, -0.5135494128368688]], [[378.8], [-0.13329745580752692, 0.5097074443073364]], [[378.8], [-0.13329745580752692, 0.5097074443073364]], [[378.8], [-0.13329745580752692, 0.5097074443073364]], [[378.8], [-0.13329745580752692, 0.5097074443073364]], [[9.6], [0.03666744567453861, -0.5957981901305714]], [[378.8], [-0.13329745580752692, 0.5097074443073364]], [[9.1], [0.03666744567453861, -0.5957981901305714]], [[378.8], [-0.13329745580752692, 0.5097074443073364]], [[378.8], [-0.13329745580752692, 0.5097074443073364]], [[378.8], [-0.13329745580752692, 0.5097074443073364]], [[378.8], [-0.13329745580752692, 0.5097074443073364]], [[9.5], [-0.026153003176053367, 0.5092510695092416]], [[378.8], [-0.13329745580752692, 0.5097074443073364]]], "103": [[[413.2], [0.013367668725550175, 0.0018967971713705497]], [[413.2], [0.013367668725550175, 0.0018967971713705497]], [[413.2], [0.013367668725550175, 0.0018967971713705497]], [[413.2], [0.013367668725550175, 0.0018967971713705497]], [[413.2], [0.013367668725550175, 0.0018967971713705497]], [[413.2], [0.013367668725550175, 0.0018967971713705497]], [[9.4], [-0.02940102480351925, 0.5648723273186023]], [[413.2], [0.013367668725550175, 0.0018967971713705497]], [[413.2], [0.013367668725550175, 0.0018967971713705497]], [[413.2], [0.013367668725550175, 0.0018967971713705497]], [[413.2], [0.013367668725550175, 0.0018967971713705497]], [[413.2], [0.013367668725550175, 0.0018967971713705497]], [[137.1], [0.11550036569436392, 0.502291229067807]], [[137.1], [0.11550036569436392, 0.502291229067807]], [[9.4], [-0.02940102480351925, 0.5648723273186023]], [[413.2], [0.013367668725550175, 0.0018967971713705497]], [[413.2], [0.013367668725550175, 0.0018967971713705497]], [[413.2], [0.013367668725550175, 0.0018967971713705497]], [[413.2], [0.013367668725550175, 0.0018967971713705497]], [[137.1], [0.11550036569436392, 0.502291229067807]], [[413.2], [0.013367668725550175, 0.0018967971713705497]], [[413.2], [0.013367668725550175, 0.0018967971713705497]], [[413.2], [0.013367668725550175, 0.0018967971713705497]], [[413.2], [0.013367668725550175, 0.0018967971713705497]], [[413.2], [0.013367668725550175, 0.0018967971713705497]], [[413.2], [0.013367668725550175, 0.0018967971713705497]], [[413.2], [0.013367668725550175, 0.0018967971713705497]], [[413.2], [0.013367668725550175, 0.0018967971713705497]], [[413.2], [0.013367668725550175, 0.0018967971713705497]], [[137.1], [0.11550036569436392, 0.502291229067807]]]}