{"101": [[[492.3], [-0.036656465381383896, 0.005488991336317724]], [[29.6], [-0.014072800986468792, 0.527120841462076]], [[492.3], [-0.036656465381383896, 0.005488991336317724]], [[316.5], [0.4530019064744314, 0.5104892561880595]], [[492.3], [-0.036656465381383896, 0.005488991336317724]], [[492.3], [-0.036656465381383896, 0.005488991336317724]], [[492.3], [-0.036656465381383896, 0.005488991336317724]], [[316.5], [0.4530019064744314, 0.5104892561880595]], [[492.3], [-0.036656465381383896, 0.005488991336317724]], [[492.3], [-0.036656465381383896, 0.005488991336317724]], [[124.5], [0.27978214124838513, 0.5028053191289947]], [[492.3], [-0.036656465381383896, 0.005488991336317724]], [[316.5], [0.4530019064744314, 0.5104892561880595]], [[124.5], [0.27978214124838513, 0.5028053191289947]], [[316.5], [0.4530019064744314, 0.5104892561880595]], [[316.5], [0.4530019064744314, 0.5104892561880595]], [[492.3], [-0.036656465381383896, 0.005488991336317724]], [[316.5], [0.4530019064744314, 0.5104892561880595]], [[72.9], [-0.1752384627858798, 0.5562403127907566]], [[492.3], [-0.036656465381383896, 0.005488991336317724]], [[492.3], [-0.036656465381383896, 0.005488991336317724]], [[492.3], [-0.036656465381383896, 0.005488991336317724]], [[316.5], [0.4530019064744314, 0.5104892561880595]], [[10.0], [0.03179398986200492, -0.5119116754052742]], [[316.5], [0.4530019064744314, 0.5104892561880595]], [[492.3], [-0.036656465381383896, 0.005488991336317724]], [[9.9], [0.03341943956911564, -0.5401550083639519]], [[492.3], [-0.036656465381383896, 0.005488991336317724]], [[88.8], [-0.0479606135437886, -0.5091962774404498]], [[32.4], [0.01231671233351032, 0.5049283781120082]]], "103": [[[39.7], [-0.00020618957933038473, 0.5171753858265125]], [[500.0], [0.06627132495244345, 0.036664316029639904]], [[500.0], [0.06627132495244345, 0.036664316029639904]], [[500.0], [0.06627132495244345, 0.036664316029639904]], [[62.6], [0.008959433374305567, 0.5119494630389236]], [[500.0], [0.013401325171192488, -0.006631776494415183]], [[500.0], [0.06627132495244345, 0.036664316029639904]], [[500.0], [0.06627132495244345, 0.036664316029639904]], [[500.0], [0.06627132495244345, 0.036664316029639904]], [[500.0], [0.06627132495244345, 0.036664316029639904]], [[500.0], [0.06627132495244345, 0.036664316029639904]], [[500.0], [0.013401325171192488, -0.006631776494415183]], [[500.0], [0.013401325171192488, -0.006631776494415183]], [[500.0], [0.06627132495244345, 0.036664316029639904]], [[500.0], [0.06627132495244345, 0.036664316029639904]], [[500.0], [0.10643104712168376, -0.1517126434727719]], [[500.0], [0.013401325171192488, -0.006631776494415183]], [[500.0], [0.06627132495244345, 0.036664316029639904]], [[42.3], [0.020454948147137962, 0.513455549780832]], [[500.0], [0.06627132495244345, 0.036664316029639904]], [[500.0], [0.06627132495244345, 0.036664316029639904]], [[500.0], [0.06627132495244345, 0.036664316029639904]], [[500.0], [0.06627132495244345, 0.036664316029639904]], [[39.7], [-0.00020618957933038473, 0.5171753858265125]], [[500.0], [0.06627132495244345, 0.036664316029639904]], [[500.0], [0.06627132495244345, 0.036664316029639904]], [[500.0], [0.06627132495244345, 0.036664316029639904]], [[500.0], [0.013401325171192488, -0.006631776494415183]], [[500.0], [0.013401325171192488, -0.006631776494415183]], [[500.0], [0.06627132495244345, 0.036664316029639904]]], "102": [[[500.0], [-0.21890444060166678, 0.10550120159199364]], [[500.0], [-0.21890444060166678, 0.10550120159199364]], [[500.0], [-0.21890444060166678, 0.10550120159199364]], [[500.0], [-0.21890444060166678, 0.10550120159199364]], [[500.0], [-0.21890444060166678, 0.10550120159199364]], [[500.0], [-0.21890444060166678, 0.10550120159199364]], [[9.6], [0.03666744567453861, -0.5957981901305714]], [[500.0], [-0.21890444060166678, 0.10550120159199364]], [[500.0], [-0.21890444060166678, 0.10550120159199364]], [[500.0], [-0.21890444060166678, 0.10550120159199364]], [[500.0], [-0.21890444060166678, 0.10550120159199364]], [[42.5], [-0.0018553379535054169, 0.5168461343318081]], [[500.0], [-0.21890444060166678, 0.10550120159199364]], [[500.0], [-0.21890444060166678, 0.10550120159199364]], [[500.0], [-0.21890444060166678, 0.10550120159199364]], [[500.0], [-0.21890444060166678, 0.10550120159199364]], [[500.0], [-0.21890444060166678, 0.10550120159199364]], [[500.0], [-0.21890444060166678, 0.10550120159199364]], [[500.0], [-0.21890444060166678, 0.10550120159199364]], [[9.6], [-0.026153003176053367, 0.5092510695092416]], [[500.0], [-0.21890444060166678, 0.10550120159199364]], [[500.0], [-0.21890444060166678, 0.10550120159199364]], [[500.0], [-0.21890444060166678, 0.10550120159199364]], [[500.0], [-0.21890444060166678, 0.10550120159199364]], [[500.0], [-0.21890444060166678, 0.10550120159199364]], [[500.0], [-0.21890444060166678, 0.10550120159199364]], [[500.0], [-0.21890444060166678, 0.10550120159199364]], [[500.0], [-0.21890444060166678, 0.10550120159199364]], [[500.0], [-0.21890444060166678, 0.10550120159199364]], [[500.0], [-0.21890444060166678, 0.10550120159199364]]]}