{"102": [[[383.4], [0.5066325267155966, 0.4712508269474267]], [[383.4], [0.5066325267155966, 0.4712508269474267]], [[383.4], [0.5066325267155966, 0.4712508269474267]], [[383.4], [0.5066325267155966, 0.4712508269474267]], [[383.4], [0.5066325267155966, 0.4712508269474267]], [[383.4], [0.5066325267155966, 0.4712508269474267]], [[383.4], [0.5066325267155966, 0.4712508269474267]], [[383.4], [0.5066325267155966, 0.4712508269474267]], [[383.4], [0.5066325267155966, 0.4712508269474267]], [[383.4], [0.5066325267155966, 0.4712508269474267]], [[383.4], [0.5066325267155966, 0.4712508269474267]], [[383.4], [0.5066325267155966, 0.4712508269474267]], [[383.4], [0.5066325267155966, 0.4712508269474267]], [[383.4], [0.5066325267155966, 0.4712508269474267]], [[383.4], [0.5066325267155966, 0.4712508269474267]], [[383.4], [0.5066325267155966, 0.4712508269474267]], [[383.4], [0.5066325267155966, 0.4712508269474267]], [[383.4], [0.5066325267155966, 0.4712508269474267]], [[383.4], [0.5066325267155966, 0.4712508269474267]], [[383.4], [0.5066325267155966, 0.4712508269474267]], [[383.4], [0.5066325267155966, 0.4712508269474267]], [[383.4], [0.5066325267155966, 0.4712508269474267]], [[383.4], [0.5066325267155966, 0.4712508269474267]], [[383.4], [0.5066325267155966, 0.4712508269474267]], [[383.4], [0.5066325267155966, 0.4712508269474267]], [[383.4], [0.5066325267155966, 0.4712508269474267]], [[383.4], [0.5066325267155966, 0.4712508269474267]], [[383.4], [0.5066325267155966, 0.4712508269474267]], [[383.4], [0.5066325267155966, 0.4712508269474267]], [[383.4], [0.5066325267155966, 0.4712508269474267]]], "101": [[[500.0], [0.015136698881785076, -0.06233291638097124]], [[9.7], [0.03666744567453861, -0.5957981901305714]], [[500.0], [0.015136698881785076, -0.06233291638097124]], [[500.0], [0.015136698881785076, -0.06233291638097124]], [[500.0], [0.015136698881785076, -0.06233291638097124]], [[500.0], [0.015136698881785076, -0.06233291638097124]], [[500.0], [0.015136698881785076, -0.06233291638097124]], [[500.0], [0.015136698881785076, -0.06233291638097124]], [[500.0], [0.015136698881785076, -0.06233291638097124]], [[500.0], [0.015136698881785076, -0.06233291638097124]], [[500.0], [0.015136698881785076, -0.06233291638097124]], [[500.0], [0.015136698881785076, -0.06233291638097124]], [[500.0], [0.015136698881785076, -0.06233291638097124]], [[500.0], [0.015136698881785076, -0.06233291638097124]], [[500.0], [0.015136698881785076, -0.06233291638097124]], [[500.0], [0.015136698881785076, -0.06233291638097124]], [[500.0], [0.015136698881785076, -0.06233291638097124]], [[500.0], [0.015136698881785076, -0.06233291638097124]], [[500.0], [0.015136698881785076, -0.06233291638097124]], [[500.0], [0.015136698881785076, -0.06233291638097124]], [[500.0], [0.015136698881785076, -0.06233291638097124]], [[500.0], [0.015136698881785076, -0.06233291638097124]], [[500.0], [0.015136698881785076, -0.06233291638097124]], [[500.0], [0.015136698881785076, -0.06233291638097124]], [[500.0], [0.015136698881785076, -0.06233291638097124]], [[500.0], [0.015136698881785076, -0.06233291638097124]], [[500.0], [0.015136698881785076, -0.06233291638097124]], [[500.0], [0.015136698881785076, -0.06233291638097124]], [[500.0], [0.015136698881785076, -0.06233291638097124]], [[500.0], [0.015136698881785076, -0.06233291638097124]]], "103": [[[500.0], [0.042188744992017746, -0.005057060970751008]], [[500.0], [0.042188744992017746, -0.005057060970751008]], [[500.0], [0.042188744992017746, -0.005057060970751008]], [[500.0], [0.042188744992017746, -0.005057060970751008]], [[500.0], [0.042188744992017746, -0.005057060970751008]], [[500.0], [0.042188744992017746, -0.005057060970751008]], [[500.0], [0.042188744992017746, -0.005057060970751008]], [[500.0], [0.042188744992017746, -0.005057060970751008]], [[500.0], [0.042188744992017746, -0.005057060970751008]], [[500.0], [0.042188744992017746, -0.005057060970751008]], [[500.0], [0.042188744992017746, -0.005057060970751008]], [[500.0], [0.042188744992017746, -0.005057060970751008]], [[500.0], [0.042188744992017746, -0.005057060970751008]], [[500.0], [0.042188744992017746, -0.005057060970751008]], [[500.0], [0.042188744992017746, -0.005057060970751008]], [[500.0], [0.042188744992017746, -0.005057060970751008]], [[500.0], [0.042188744992017746, -0.005057060970751008]], [[500.0], [0.042188744992017746, -0.005057060970751008]], [[500.0], [0.042188744992017746, -0.005057060970751008]], [[500.0], [0.042188744992017746, -0.005057060970751008]], [[500.0], [0.042188744992017746, -0.005057060970751008]], [[500.0], [0.042188744992017746, -0.005057060970751008]], [[500.0], [0.042188744992017746, -0.005057060970751008]], [[500.0], [0.042188744992017746, -0.005057060970751008]], [[500.0], [0.042188744992017746, -0.005057060970751008]], [[500.0], [0.042188744992017746, -0.005057060970751008]], [[500.0], [0.042188744992017746, -0.005057060970751008]], [[500.0], [0.042188744992017746, -0.005057060970751008]], [[500.0], [0.042188744992017746, -0.005057060970751008]], [[500.0], [0.042188744992017746, -0.005057060970751008]]]}