{"101": [[[500.0], [0.04087366163730621, -0.05581363607821853]], [[500.0], [0.022456281197567783, 0.0029382408422787797]], [[500.0], [0.04087366163730621, -0.05581363607821853]], [[500.0], [0.04087366163730621, -0.05581363607821853]], [[500.0], [0.022456281197567783, 0.0029382408422787797]], [[500.0], [0.04087366163730621, -0.05581363607821853]], [[500.0], [0.04087366163730621, -0.05581363607821853]], [[500.0], [0.022456281197567783, 0.0029382408422787797]], [[500.0], [0.05582525705297788, -0.004424079951861401]], [[500.0], [0.05582525705297788, -0.004424079951861401]], [[500.0], [0.022456281197567783, 0.0029382408422787797]], [[500.0], [0.022456281197567783, 0.0029382408422787797]], [[500.0], [0.04087366163730621, -0.05581363607821853]], [[500.0], [0.022456281197567783, 0.0029382408422787797]], [[500.0], [0.022456281197567783, 0.0029382408422787797]], [[500.0], [0.05582525705297788, -0.004424079951861401]], [[500.0], [0.04087366163730621, -0.05581363607821853]], [[500.0], [0.04087366163730621, -0.05581363607821853]], [[500.0], [0.022456281197567783, 0.0029382408422787797]], [[500.0], [0.05582525705297788, -0.004424079951861401]], [[500.0], [0.04087366163730621, -0.05581363607821853]], [[500.0], [0.022456281197567783, 0.0029382408422787797]], [[500.0], [0.05582525705297788, -0.004424079951861401]], [[500.0], [0.05582525705297788, -0.004424079951861401]], [[500.0], [0.05582525705297788, -0.004424079951861401]], [[500.0], [0.022456281197567783, 0.0029382408422787797]], [[500.0], [0.04087366163730621, -0.05581363607821853]], [[500.0], [0.05582525705297788, -0.004424079951861401]], [[500.0], [0.05582525705297788, -0.004424079951861401]], [[500.0], [0.05582525705297788, -0.004424079951861401]]], "103": [[[500.0], [0.004258394086112579, 0.006047306965555301]], [[377.1], [0.06797997901837032, -0.012261702781587697]], [[500.0], [0.010336407770713171, 0.0019796431046781356]], [[500.0], [0.004258394086112579, 0.006047306965555301]], [[500.0], [0.004258394086112579, 0.006047306965555301]], [[500.0], [0.004258394086112579, 0.006047306965555301]], [[377.1], [0.06797997901837032, -0.012261702781587697]], [[500.0], [0.004258394086112579, 0.006047306965555301]], [[500.0], [0.004258394086112579, 0.006047306965555301]], [[500.0], [0.004258394086112579, 0.006047306965555301]], [[500.0], [0.004258394086112579, 0.006047306965555301]], [[374.9], [0.14971831192572913, 0.012073594559893083]], [[500.0], [0.004258394086112579, 0.006047306965555301]], [[377.1], [0.06797997901837032, -0.012261702781587697]], [[377.1], [0.06797997901837032, -0.012261702781587697]], [[374.9], [0.14971831192572913, 0.012073594559893083]], [[377.1], [0.06797997901837032, -0.012261702781587697]], [[500.0], [0.004258394086112579, 0.006047306965555301]], [[385.4], [0.09974708780646324, 0.002270279107971839]], [[377.1], [0.06797997901837032, -0.012261702781587697]], [[377.1], [0.06797997901837032, -0.012261702781587697]], [[500.0], [0.004258394086112579, 0.006047306965555301]], [[385.4], [0.09974708780646324, 0.002270279107971839]], [[500.0], [0.004258394086112579, 0.006047306965555301]], [[500.0], [0.004258394086112579, 0.006047306965555301]], [[500.0], [0.004258394086112579, 0.006047306965555301]], [[374.9], [0.14971831192572913, 0.012073594559893083]], [[377.1], [0.06797997901837032, -0.012261702781587697]], [[500.0], [0.004258394086112579, 0.006047306965555301]], [[500.0], [0.004258394086112579, 0.006047306965555301]]], "102": [[[500.0], [-0.016121665636698406, 0.17837377969157753]], [[500.0], [-0.016121665636698406, 0.17837377969157753]], [[500.0], [-0.016121665636698406, 0.17837377969157753]], [[500.0], [-0.016121665636698406, 0.17837377969157753]], [[500.0], [-0.016121665636698406, 0.17837377969157753]], [[500.0], [-0.016121665636698406, 0.17837377969157753]], [[500.0], [-0.016121665636698406, 0.17837377969157753]], [[500.0], [-0.016121665636698406, 0.17837377969157753]], [[47.4], [0.014483806056280931, 0.5384011987293736]], [[500.0], [-0.016121665636698406, 0.17837377969157753]], [[500.0], [-0.016121665636698406, 0.17837377969157753]], [[500.0], [-0.016121665636698406, 0.17837377969157753]], [[500.0], [-0.016121665636698406, 0.17837377969157753]], [[500.0], [-0.016121665636698406, 0.17837377969157753]], [[500.0], [-0.016121665636698406, 0.17837377969157753]], [[500.0], [-0.016121665636698406, 0.17837377969157753]], [[500.0], [-0.016121665636698406, 0.17837377969157753]], [[500.0], [-0.016121665636698406, 0.17837377969157753]], [[500.0], [-0.016121665636698406, 0.17837377969157753]], [[500.0], [-0.016121665636698406, 0.17837377969157753]], [[500.0], [-0.016121665636698406, 0.17837377969157753]], [[500.0], [-0.016121665636698406, 0.17837377969157753]], [[500.0], [-0.016121665636698406, 0.17837377969157753]], [[500.0], [-0.016121665636698406, 0.17837377969157753]], [[500.0], [-0.016121665636698406, 0.17837377969157753]], [[500.0], [-0.016121665636698406, 0.17837377969157753]], [[500.0], [-0.016121665636698406, 0.17837377969157753]], [[500.0], [-0.016121665636698406, 0.17837377969157753]], [[500.0], [-0.016121665636698406, 0.17837377969157753]], [[500.0], [-0.016121665636698406, 0.17837377969157753]]]}