{"103": [[[480.2], [0.06355609744787216, -0.04330452567224868]], [[480.2], [0.06355609744787216, -0.04330452567224868]], [[500.0], [0.05877753719687462, 0.015452465167242375]], [[500.0], [0.05877753719687462, 0.015452465167242375]], [[500.0], [0.05126440276702245, -0.0007458723403076735]], [[500.0], [0.05126440276702245, -0.0007458723403076735]], [[500.0], [0.05126440276702245, -0.0007458723403076735]], [[500.0], [0.05877753719687462, 0.015452465167242375]], [[480.2], [0.06355609744787216, -0.04330452567224868]], [[480.2], [0.06355609744787216, -0.04330452567224868]], [[480.2], [0.06355609744787216, -0.04330452567224868]], [[480.2], [0.06355609744787216, -0.04330452567224868]], [[480.2], [0.06355609744787216, -0.04330452567224868]], [[480.2], [0.06355609744787216, -0.04330452567224868]], [[500.0], [0.05877753719687462, 0.015452465167242375]], [[500.0], [0.05126440276702245, -0.0007458723403076735]], [[500.0], [0.05126440276702245, -0.0007458723403076735]], [[500.0], [0.05877753719687462, 0.015452465167242375]], [[500.0], [0.05126440276702245, -0.0007458723403076735]], [[480.2], [0.06355609744787216, -0.04330452567224868]], [[480.2], [0.06355609744787216, -0.04330452567224868]], [[480.2], [0.06355609744787216, -0.04330452567224868]], [[480.2], [0.06355609744787216, -0.04330452567224868]], [[9.4], [-0.02940102480351925, 0.5648723273186023]], [[480.2], [0.06355609744787216, -0.04330452567224868]], [[480.2], [0.06355609744787216, -0.04330452567224868]], [[500.0], [0.05126440276702245, -0.0007458723403076735]], [[500.0], [0.05877753719687462, 0.015452465167242375]], [[500.0], [0.05126440276702245, -0.0007458723403076735]], [[480.2], [0.06355609744787216, -0.04330452567224868]]], "101": [[[500.0], [0.016385895820955437, 0.005106338629561463]], [[500.0], [0.016385895820955437, 0.005106338629561463]], [[500.0], [0.016385895820955437, 0.005106338629561463]], [[500.0], [0.016385895820955437, 0.005106338629561463]], [[500.0], [0.016385895820955437, 0.005106338629561463]], [[500.0], [0.016385895820955437, 0.005106338629561463]], [[500.0], [0.023970009448627632, 0.003347460193889278]], [[500.0], [0.023970009448627632, 0.003347460193889278]], [[500.0], [0.016385895820955437, 0.005106338629561463]], [[500.0], [0.016385895820955437, 0.005106338629561463]], [[500.0], [0.016385895820955437, 0.005106338629561463]], [[175.6], [-0.26734086374441784, -0.516024966274152]], [[500.0], [0.016385895820955437, 0.005106338629561463]], [[500.0], [0.016385895820955437, 0.005106338629561463]], [[500.0], [0.016385895820955437, 0.005106338629561463]], [[500.0], [0.016385895820955437, 0.005106338629561463]], [[500.0], [0.016385895820955437, 0.005106338629561463]], [[500.0], [0.07550885279973349, -2.1490265363097665e-05]], [[500.0], [0.016385895820955437, 0.005106338629561463]], [[500.0], [0.016385895820955437, 0.005106338629561463]], [[500.0], [0.016385895820955437, 0.005106338629561463]], [[500.0], [0.016385895820955437, 0.005106338629561463]], [[500.0], [0.016385895820955437, 0.005106338629561463]], [[500.0], [0.016385895820955437, 0.005106338629561463]], [[500.0], [0.016385895820955437, 0.005106338629561463]], [[500.0], [0.016385895820955437, 0.005106338629561463]], [[500.0], [0.016385895820955437, 0.005106338629561463]], [[500.0], [0.07550885279973349, -2.1490265363097665e-05]], [[500.0], [0.016385895820955437, 0.005106338629561463]], [[500.0], [0.016385895820955437, 0.005106338629561463]]], "102": [[[491.9], [0.020529916509985924, -0.2774233666903665]], [[491.9], [0.020529916509985924, -0.2774233666903665]], [[491.9], [0.020529916509985924, -0.2774233666903665]], [[491.9], [0.020529916509985924, -0.2774233666903665]], [[491.9], [0.020529916509985924, -0.2774233666903665]], [[491.9], [0.020529916509985924, -0.2774233666903665]], [[491.9], [0.020529916509985924, -0.2774233666903665]], [[491.9], [0.020529916509985924, -0.2774233666903665]], [[491.9], [0.020529916509985924, -0.2774233666903665]], [[491.9], [0.020529916509985924, -0.2774233666903665]], [[491.9], [0.020529916509985924, -0.2774233666903665]], [[491.9], [0.020529916509985924, -0.2774233666903665]], [[491.9], [0.020529916509985924, -0.2774233666903665]], [[491.9], [0.020529916509985924, -0.2774233666903665]], [[491.9], [0.020529916509985924, -0.2774233666903665]], [[491.9], [0.020529916509985924, -0.2774233666903665]], [[491.9], [0.020529916509985924, -0.2774233666903665]], [[491.9], [0.020529916509985924, -0.2774233666903665]], [[491.9], [0.020529916509985924, -0.2774233666903665]], [[491.9], [0.020529916509985924, -0.2774233666903665]], [[491.9], [0.020529916509985924, -0.2774233666903665]], [[491.9], [0.020529916509985924, -0.2774233666903665]], [[491.9], [0.020529916509985924, -0.2774233666903665]], [[491.9], [0.020529916509985924, -0.2774233666903665]], [[491.9], [0.020529916509985924, -0.2774233666903665]], [[491.9], [0.020529916509985924, -0.2774233666903665]], [[491.9], [0.020529916509985924, -0.2774233666903665]], [[491.9], [0.020529916509985924, -0.2774233666903665]], [[491.9], [0.020529916509985924, -0.2774233666903665]], [[491.9], [0.020529916509985924, -0.2774233666903665]]]}