{"102": [[[500.0], [0.06940467904011409, 0.010705736808870969]], [[500.0], [0.06940467904011409, 0.010705736808870969]], [[500.0], [0.014798591534296673, 0.023316732344872644]], [[500.0], [0.06940467904011409, 0.010705736808870969]], [[381.6], [0.15959624201059341, 0.19721934598598756]], [[500.0], [0.014798591534296673, 0.023316732344872644]], [[500.0], [0.06940467904011409, 0.010705736808870969]], [[500.0], [0.06940467904011409, 0.010705736808870969]], [[500.0], [0.014798591534296673, 0.023316732344872644]], [[500.0], [0.06940467904011409, 0.010705736808870969]], [[500.0], [0.06940467904011409, 0.010705736808870969]], [[500.0], [0.014798591534296673, 0.023316732344872644]], [[500.0], [0.06940467904011409, 0.010705736808870969]], [[50.2], [0.004793622065335512, 0.5046995490361629]], [[500.0], [0.014798591534296673, 0.023316732344872644]], [[500.0], [0.014798591534296673, 0.023316732344872644]], [[500.0], [0.014798591534296673, 0.023316732344872644]], [[500.0], [0.06940467904011409, 0.010705736808870969]], [[500.0], [0.014798591534296673, 0.023316732344872644]], [[151.3], [0.07882149269183478, 0.5069520128400703]], [[500.0], [0.014798591534296673, 0.023316732344872644]], [[500.0], [0.06940467904011409, 0.010705736808870969]], [[500.0], [0.06940467904011409, 0.010705736808870969]], [[500.0], [0.014798591534296673, 0.023316732344872644]], [[500.0], [0.06940467904011409, 0.010705736808870969]], [[500.0], [0.06940467904011409, 0.010705736808870969]], [[500.0], [0.014798591534296673, 0.023316732344872644]], [[500.0], [0.014798591534296673, 0.023316732344872644]], [[500.0], [0.014798591534296673, 0.023316732344872644]], [[500.0], [0.014798591534296673, 0.023316732344872644]]], "103": [[[391.8], [0.045144762843847275, 0.013922803487147441]], [[500.0], [0.07407251745462418, -0.020075760977832896]], [[391.8], [0.045144762843847275, 0.013922803487147441]], [[500.0], [0.07407251745462418, -0.020075760977832896]], [[391.8], [0.045144762843847275, 0.013922803487147441]], [[500.0], [0.07407251745462418, -0.020075760977832896]], [[438.8], [0.2676957845687866, 0.06966420302265569]], [[391.8], [0.045144762843847275, 0.013922803487147441]], [[391.8], [0.045144762843847275, 0.013922803487147441]], [[438.8], [0.2676957845687866, 0.06966420302265569]], [[391.8], [0.045144762843847275, 0.013922803487147441]], [[500.0], [-0.01563022223611673, 0.053653083563421335]], [[500.0], [0.07407251745462418, -0.020075760977832896]], [[391.8], [0.045144762843847275, 0.013922803487147441]], [[500.0], [0.07407251745462418, -0.020075760977832896]], [[391.8], [0.045144762843847275, 0.013922803487147441]], [[391.8], [0.045144762843847275, 0.013922803487147441]], [[438.8], [0.2676957845687866, 0.06966420302265569]], [[391.8], [0.045144762843847275, 0.013922803487147441]], [[391.8], [0.045144762843847275, 0.013922803487147441]], [[438.8], [0.2676957845687866, 0.06966420302265569]], [[391.8], [0.045144762843847275, 0.013922803487147441]], [[500.0], [-0.01563022223611673, 0.053653083563421335]], [[500.0], [-0.01563022223611673, 0.053653083563421335]], [[391.8], [0.045144762843847275, 0.013922803487147441]], [[438.8], [0.2676957845687866, 0.06966420302265569]], [[391.8], [0.045144762843847275, 0.013922803487147441]], [[500.0], [0.07407251745462418, -0.020075760977832896]], [[391.8], [0.045144762843847275, 0.013922803487147441]], [[391.8], [0.045144762843847275, 0.013922803487147441]]], "101": [[[500.0], [0.0194913304100434, -0.01376469254172875]], [[9.6], [0.03666744567453861, -0.5957981901305714]], [[500.0], [0.0194913304100434, -0.01376469254172875]], [[500.0], [0.0194913304100434, -0.01376469254172875]], [[500.0], [0.0194913304100434, -0.01376469254172875]], [[500.0], [0.0194913304100434, -0.01376469254172875]], [[144.4], [0.1372432087858518, 0.50837389732662]], [[500.0], [0.0194913304100434, -0.01376469254172875]], [[500.0], [0.0194913304100434, -0.01376469254172875]], [[500.0], [0.022513253303865593, -0.01149787233349239]], [[500.0], [0.0194913304100434, -0.01376469254172875]], [[500.0], [0.0194913304100434, -0.01376469254172875]], [[500.0], [0.0194913304100434, -0.01376469254172875]], [[500.0], [0.0194913304100434, -0.01376469254172875]], [[500.0], [0.0194913304100434, -0.01376469254172875]], [[61.9], [0.020571228427191578, 0.5241479885064815]], [[500.0], [0.0194913304100434, -0.01376469254172875]], [[500.0], [0.0194913304100434, -0.01376469254172875]], [[153.6], [0.09507079298297565, 0.5033181971340088]], [[500.0], [0.0194913304100434, -0.01376469254172875]], [[500.0], [0.0194913304100434, -0.01376469254172875]], [[500.0], [0.0194913304100434, -0.01376469254172875]], [[500.0], [0.0194913304100434, -0.01376469254172875]], [[104.9], [0.09718914205829303, 0.5211901080095027]], [[144.4], [0.1372432087858518, 0.50837389732662]], [[500.0], [0.0194913304100434, -0.01376469254172875]], [[500.0], [0.0194913304100434, -0.01376469254172875]], [[500.0], [0.0194913304100434, -0.01376469254172875]], [[500.0], [0.0194913304100434, -0.01376469254172875]], [[500.0], [0.0194913304100434, -0.01376469254172875]]]}