{"101": [[[38.8], [-0.0018553379535054169, 0.5168461343318081]], [[500.0], [0.008934647776186466, -0.02679609109839184]], [[500.0], [0.008934647776186466, -0.02679609109839184]], [[25.1], [-0.011388227964440983, 0.5122234590315933]], [[9.6], [0.03666744567453861, -0.5957981901305714]], [[500.0], [0.008934647776186466, -0.02679609109839184]], [[500.0], [0.008934647776186466, -0.02679609109839184]], [[500.0], [0.008934647776186466, -0.02679609109839184]], [[389.2], [0.057348354409138366, -0.006332042132410707]], [[500.0], [0.008934647776186466, -0.02679609109839184]], [[500.0], [0.008934647776186466, -0.02679609109839184]], [[500.0], [0.008934647776186466, -0.02679609109839184]], [[388.3], [0.09223919361829758, -0.015301400412355315]], [[500.0], [0.008934647776186466, -0.02679609109839184]], [[40.6], [-0.00020618957933038473, 0.5171753858265125]], [[97.8], [0.06423487638433775, 0.5304897159480593]], [[231.7], [0.3942119826873144, 0.5044616295390152]], [[47.7], [0.002252645790576935, 0.5390199177573173]], [[388.3], [0.09223919361829758, -0.015301400412355315]], [[405.2], [0.3955022245645523, 0.502370511801049]], [[389.2], [0.057348354409138366, -0.006332042132410707]], [[74.3], [0.03278815187513828, 0.5214131976428785]], [[388.3], [0.09223919361829758, -0.015301400412355315]], [[38.8], [-0.0018553379535054169, 0.5168461343318081]], [[500.0], [0.008934647776186466, -0.02679609109839184]], [[405.2], [0.3955022245645523, 0.502370511801049]], [[389.2], [0.057348354409138366, -0.006332042132410707]], [[500.0], [0.008934647776186466, -0.02679609109839184]], [[389.2], [0.057348354409138366, -0.006332042132410707]], [[500.0], [0.008934647776186466, -0.02679609109839184]]], "102": [[[30.6], [0.012852060608565807, -0.5288186113229779]], [[499.2], [0.20446427166461945, -0.03624694092136821]], [[499.2], [0.20446427166461945, -0.03624694092136821]], [[499.2], [0.20446427166461945, -0.03624694092136821]], [[499.2], [0.20446427166461945, -0.03624694092136821]], [[499.2], [0.20446427166461945, -0.03624694092136821]], [[499.2], [0.20446427166461945, -0.03624694092136821]], [[499.2], [0.20446427166461945, -0.03624694092136821]], [[499.2], [0.20446427166461945, -0.03624694092136821]], [[499.2], [0.20446427166461945, -0.03624694092136821]], [[499.2], [0.20446427166461945, -0.03624694092136821]], [[499.2], [0.20446427166461945, -0.03624694092136821]], [[499.2], [0.20446427166461945, -0.03624694092136821]], [[499.2], [0.20446427166461945, -0.03624694092136821]], [[499.2], [0.20446427166461945, -0.03624694092136821]], [[499.2], [0.20446427166461945, -0.03624694092136821]], [[14.1], [-0.024876988803346954, 0.5504739198958475]], [[499.2], [0.20446427166461945, -0.03624694092136821]], [[499.2], [0.20446427166461945, -0.03624694092136821]], [[499.2], [0.20446427166461945, -0.03624694092136821]], [[499.2], [0.20446427166461945, -0.03624694092136821]], [[499.2], [0.20446427166461945, -0.03624694092136821]], [[14.1], [-0.024876988803346954, 0.5504739198958475]], [[499.2], [0.20446427166461945, -0.03624694092136821]], [[499.2], [0.20446427166461945, -0.03624694092136821]], [[499.2], [0.20446427166461945, -0.03624694092136821]], [[499.2], [0.20446427166461945, -0.03624694092136821]], [[499.2], [0.20446427166461945, -0.03624694092136821]], [[11.8], [-0.025138574031492077, 0.5131281520190992]], [[499.2], [0.20446427166461945, -0.03624694092136821]]], "103": [[[479.7], [-0.03157905302941799, 0.25540731098663294]], [[479.7], [-0.03157905302941799, 0.25540731098663294]], [[500.0], [-0.015436097358663877, 0.004530791861660173]], [[500.0], [-0.015436097358663877, 0.004530791861660173]], [[479.7], [-0.03157905302941799, 0.25540731098663294]], [[385.9], [0.21553628146648407, 0.23060951506692257]], [[385.9], [0.21553628146648407, 0.23060951506692257]], [[500.0], [-0.015436097358663877, 0.004530791861660173]], [[500.0], [-0.015436097358663877, 0.004530791861660173]], [[500.0], [-0.015436097358663877, 0.004530791861660173]], [[500.0], [-0.015436097358663877, 0.004530791861660173]], [[376.5], [0.1512538269162178, 0.007001601235326112]], [[500.0], [-0.015436097358663877, 0.004530791861660173]], [[479.7], [-0.03157905302941799, 0.25540731098663294]], [[479.7], [-0.03157905302941799, 0.25540731098663294]], [[479.7], [-0.03157905302941799, 0.25540731098663294]], [[500.0], [-0.015436097358663877, 0.004530791861660173]], [[500.0], [-0.015436097358663877, 0.004530791861660173]], [[500.0], [-0.015436097358663877, 0.004530791861660173]], [[500.0], [-0.015436097358663877, 0.004530791861660173]], [[385.9], [0.21553628146648407, 0.23060951506692257]], [[500.0], [-0.015436097358663877, 0.004530791861660173]], [[479.7], [-0.03157905302941799, 0.25540731098663294]], [[500.0], [-0.015436097358663877, 0.004530791861660173]], [[479.7], [-0.03157905302941799, 0.25540731098663294]], [[479.7], [-0.03157905302941799, 0.25540731098663294]], [[376.5], [0.1512538269162178, 0.007001601235326112]], [[479.7], [-0.03157905302941799, 0.25540731098663294]], [[73.9], [0.06672827526926994, 0.5195836344974464]], [[9.4], [-0.02940102480351925, 0.5648723273186023]]]}