{"101": [[[500.0], [0.0043309542040030164, -0.01229798871328671]], [[500.0], [0.0043309542040030164, -0.01229798871328671]], [[500.0], [0.0043309542040030164, -0.01229798871328671]], [[500.0], [0.0043309542040030164, -0.01229798871328671]], [[500.0], [0.0043309542040030164, -0.01229798871328671]], [[500.0], [0.08159606407086055, -0.006450801913996347]], [[500.0], [0.0043309542040030164, -0.01229798871328671]], [[500.0], [0.0043309542040030164, -0.01229798871328671]], [[500.0], [0.0043309542040030164, -0.01229798871328671]], [[500.0], [0.0043309542040030164, -0.01229798871328671]], [[500.0], [0.0043309542040030164, -0.01229798871328671]], [[500.0], [0.0043309542040030164, -0.01229798871328671]], [[500.0], [0.0043309542040030164, -0.01229798871328671]], [[500.0], [0.0043309542040030164, -0.01229798871328671]], [[500.0], [0.0043309542040030164, -0.01229798871328671]], [[500.0], [0.0043309542040030164, -0.01229798871328671]], [[500.0], [0.0043309542040030164, -0.01229798871328671]], [[500.0], [0.0043309542040030164, -0.01229798871328671]], [[500.0], [0.0043309542040030164, -0.01229798871328671]], [[500.0], [0.0043309542040030164, -0.01229798871328671]], [[500.0], [0.0043309542040030164, -0.01229798871328671]], [[500.0], [0.0043309542040030164, -0.01229798871328671]], [[500.0], [0.0043309542040030164, -0.01229798871328671]], [[500.0], [0.0043309542040030164, -0.01229798871328671]], [[500.0], [0.0043309542040030164, -0.01229798871328671]], [[500.0], [0.0043309542040030164, -0.01229798871328671]], [[500.0], [0.0043309542040030164, -0.01229798871328671]], [[500.0], [0.0043309542040030164, -0.01229798871328671]], [[500.0], [0.0043309542040030164, -0.01229798871328671]], [[500.0], [0.0043309542040030164, -0.01229798871328671]]], "102": [[[500.0], [0.0012824156632026038, -0.007870353081009605]], [[500.0], [0.0012824156632026038, -0.007870353081009605]], [[500.0], [0.0012824156632026038, -0.007870353081009605]], [[500.0], [0.0012824156632026038, -0.007870353081009605]], [[500.0], [0.0012824156632026038, -0.007870353081009605]], [[500.0], [0.0012824156632026038, -0.007870353081009605]], [[500.0], [0.0012824156632026038, -0.007870353081009605]], [[500.0], [0.0012824156632026038, -0.007870353081009605]], [[500.0], [0.0012824156632026038, -0.007870353081009605]], [[500.0], [0.0012824156632026038, -0.007870353081009605]], [[500.0], [0.0012824156632026038, -0.007870353081009605]], [[500.0], [0.0012824156632026038, -0.007870353081009605]], [[500.0], [0.0012824156632026038, -0.007870353081009605]], [[500.0], [0.0012824156632026038, -0.007870353081009605]], [[500.0], [0.0012824156632026038, -0.007870353081009605]], [[500.0], [0.0012824156632026038, -0.007870353081009605]], [[500.0], [0.0012824156632026038, -0.007870353081009605]], [[500.0], [0.0012824156632026038, -0.007870353081009605]], [[500.0], [0.0012824156632026038, -0.007870353081009605]], [[500.0], [0.0012824156632026038, -0.007870353081009605]], [[500.0], [0.0012824156632026038, -0.007870353081009605]], [[500.0], [0.0012824156632026038, -0.007870353081009605]], [[500.0], [0.0012824156632026038, -0.007870353081009605]], [[500.0], [0.0012824156632026038, -0.007870353081009605]], [[500.0], [0.0012824156632026038, -0.007870353081009605]], [[500.0], [0.0012824156632026038, -0.007870353081009605]], [[500.0], [0.0012824156632026038, -0.007870353081009605]], [[500.0], [0.0012824156632026038, -0.007870353081009605]], [[500.0], [0.0012824156632026038, -0.007870353081009605]], [[500.0], [0.0012824156632026038, -0.007870353081009605]]], "103": [[[396.3], [0.06942097097635269, 0.006588264457596261]], [[396.3], [0.06942097097635269, 0.006588264457596261]], [[396.3], [0.06942097097635269, 0.006588264457596261]], [[396.3], [0.06942097097635269, 0.006588264457596261]], [[396.3], [0.06942097097635269, 0.006588264457596261]], [[396.3], [0.06942097097635269, 0.006588264457596261]], [[434.8], [0.09968201940258345, 0.018727932232276104]], [[434.8], [0.09968201940258345, 0.018727932232276104]], [[396.3], [0.06942097097635269, 0.006588264457596261]], [[396.3], [0.06942097097635269, 0.006588264457596261]], [[396.3], [0.06942097097635269, 0.006588264457596261]], [[434.8], [0.09968201940258345, 0.018727932232276104]], [[396.3], [0.06942097097635269, 0.006588264457596261]], [[396.3], [0.06942097097635269, 0.006588264457596261]], [[396.3], [0.06942097097635269, 0.006588264457596261]], [[396.3], [0.06942097097635269, 0.006588264457596261]], [[396.3], [0.06942097097635269, 0.006588264457596261]], [[434.8], [0.09968201940258345, 0.018727932232276104]], [[434.8], [0.09968201940258345, 0.018727932232276104]], [[396.3], [0.06942097097635269, 0.006588264457596261]], [[434.8], [0.09968201940258345, 0.018727932232276104]], [[434.8], [0.09968201940258345, 0.018727932232276104]], [[396.3], [0.06942097097635269, 0.006588264457596261]], [[434.8], [0.09968201940258345, 0.018727932232276104]], [[396.3], [0.06942097097635269, 0.006588264457596261]], [[396.3], [0.06942097097635269, 0.006588264457596261]], [[396.3], [0.06942097097635269, 0.006588264457596261]], [[396.3], [0.06942097097635269, 0.006588264457596261]], [[396.3], [0.06942097097635269, 0.006588264457596261]], [[434.8], [0.09968201940258345, 0.018727932232276104]]]}