{"102": [[[500.0], [0.0012237430200912058, 0.007030048349685076]], [[496.1], [0.08765252927939098, -0.005106612679027199]], [[500.0], [0.0012237430200912058, 0.007030048349685076]], [[496.1], [0.08765252927939098, -0.005106612679027199]], [[496.1], [0.08765252927939098, -0.005106612679027199]], [[496.1], [0.08765252927939098, -0.005106612679027199]], [[500.0], [0.0012237430200912058, 0.007030048349685076]], [[500.0], [0.0012237430200912058, 0.007030048349685076]], [[500.0], [0.0012237430200912058, 0.007030048349685076]], [[500.0], [0.0012237430200912058, 0.007030048349685076]], [[496.1], [0.08765252927939098, -0.005106612679027199]], [[500.0], [0.0012237430200912058, 0.007030048349685076]], [[496.1], [0.08765252927939098, -0.005106612679027199]], [[500.0], [0.0012237430200912058, 0.007030048349685076]], [[496.1], [0.08765252927939098, -0.005106612679027199]], [[500.0], [0.0012237430200912058, 0.007030048349685076]], [[500.0], [0.0012237430200912058, 0.007030048349685076]], [[500.0], [0.0012237430200912058, 0.007030048349685076]], [[500.0], [0.0012237430200912058, 0.007030048349685076]], [[500.0], [0.0012237430200912058, 0.007030048349685076]], [[500.0], [0.0012237430200912058, 0.007030048349685076]], [[500.0], [0.0012237430200912058, 0.007030048349685076]], [[500.0], [0.0012237430200912058, 0.007030048349685076]], [[500.0], [0.0012237430200912058, 0.007030048349685076]], [[500.0], [0.0012237430200912058, 0.007030048349685076]], [[500.0], [0.0012237430200912058, 0.007030048349685076]], [[496.1], [0.08765252927939098, -0.005106612679027199]], [[496.1], [0.08765252927939098, -0.005106612679027199]], [[496.1], [0.08765252927939098, -0.005106612679027199]], [[500.0], [0.0012237430200912058, 0.007030048349685076]]], "101": [[[500.0], [0.008812171872705221, 0.00420478996976711]], [[500.0], [0.008812171872705221, 0.00420478996976711]], [[500.0], [0.008812171872705221, 0.00420478996976711]], [[500.0], [0.008812171872705221, 0.00420478996976711]], [[500.0], [0.008812171872705221, 0.00420478996976711]], [[500.0], [0.008812171872705221, 0.00420478996976711]], [[500.0], [0.008812171872705221, 0.00420478996976711]], [[500.0], [0.008812171872705221, 0.00420478996976711]], [[500.0], [0.008812171872705221, 0.00420478996976711]], [[500.0], [0.008812171872705221, 0.00420478996976711]], [[500.0], [0.008812171872705221, 0.00420478996976711]], [[500.0], [0.008812171872705221, 0.00420478996976711]], [[500.0], [0.008812171872705221, 0.00420478996976711]], [[500.0], [0.008812171872705221, 0.00420478996976711]], [[500.0], [0.008812171872705221, 0.00420478996976711]], [[500.0], [0.008812171872705221, 0.00420478996976711]], [[500.0], [0.008812171872705221, 0.00420478996976711]], [[500.0], [0.008812171872705221, 0.00420478996976711]], [[500.0], [0.008812171872705221, 0.00420478996976711]], [[500.0], [0.008812171872705221, 0.00420478996976711]], [[500.0], [0.008812171872705221, 0.00420478996976711]], [[500.0], [0.008812171872705221, 0.00420478996976711]], [[500.0], [0.008812171872705221, 0.00420478996976711]], [[500.0], [0.008812171872705221, 0.00420478996976711]], [[500.0], [0.008812171872705221, 0.00420478996976711]], [[500.0], [0.008812171872705221, 0.00420478996976711]], [[500.0], [0.008812171872705221, 0.00420478996976711]], [[500.0], [0.008812171872705221, 0.00420478996976711]], [[500.0], [0.008812171872705221, 0.00420478996976711]], [[500.0], [0.008812171872705221, 0.00420478996976711]]], "103": [[[500.0], [0.01643993270893892, -0.008582393750191876]], [[500.0], [0.01643993270893892, -0.008582393750191876]], [[500.0], [0.01643993270893892, -0.008582393750191876]], [[500.0], [0.01643993270893892, -0.008582393750191876]], [[500.0], [0.01643993270893892, -0.008582393750191876]], [[500.0], [0.01643993270893892, -0.008582393750191876]], [[500.0], [0.01643993270893892, -0.008582393750191876]], [[500.0], [0.01643993270893892, -0.008582393750191876]], [[500.0], [0.01643993270893892, -0.008582393750191876]], [[500.0], [0.01643993270893892, -0.008582393750191876]], [[500.0], [0.01643993270893892, -0.008582393750191876]], [[500.0], [0.01643993270893892, -0.008582393750191876]], [[500.0], [0.01643993270893892, -0.008582393750191876]], [[500.0], [0.01643993270893892, -0.008582393750191876]], [[500.0], [0.01643993270893892, -0.008582393750191876]], [[500.0], [0.01643993270893892, -0.008582393750191876]], [[500.0], [0.01643993270893892, -0.008582393750191876]], [[500.0], [0.01643993270893892, -0.008582393750191876]], [[500.0], [0.01643993270893892, -0.008582393750191876]], [[500.0], [0.01643993270893892, -0.008582393750191876]], [[500.0], [0.01643993270893892, -0.008582393750191876]], [[500.0], [0.01643993270893892, -0.008582393750191876]], [[500.0], [0.01643993270893892, -0.008582393750191876]], [[500.0], [0.01643993270893892, -0.008582393750191876]], [[500.0], [0.01643993270893892, -0.008582393750191876]], [[500.0], [0.01643993270893892, -0.008582393750191876]], [[500.0], [0.01643993270893892, -0.008582393750191876]], [[500.0], [0.01643993270893892, -0.008582393750191876]], [[500.0], [0.01643993270893892, -0.008582393750191876]], [[500.0], [0.01643993270893892, -0.008582393750191876]]]}