{"102": [[[401.5], [-0.5005872746308645, 0.014648841845504405]], [[401.5], [-0.5005872746308645, 0.014648841845504405]], [[401.5], [-0.5005872746308645, 0.014648841845504405]], [[401.5], [-0.5005872746308645, 0.014648841845504405]], [[401.5], [-0.5005872746308645, 0.014648841845504405]], [[401.5], [-0.5005872746308645, 0.014648841845504405]], [[401.5], [-0.5005872746308645, 0.014648841845504405]], [[401.5], [-0.5005872746308645, 0.014648841845504405]], [[401.5], [-0.5005872746308645, 0.014648841845504405]], [[401.5], [-0.5005872746308645, 0.014648841845504405]], [[401.5], [-0.5005872746308645, 0.014648841845504405]], [[401.5], [-0.5005872746308645, 0.014648841845504405]], [[401.5], [-0.5005872746308645, 0.014648841845504405]], [[401.5], [-0.5005872746308645, 0.014648841845504405]], [[401.5], [-0.5005872746308645, 0.014648841845504405]], [[401.5], [-0.5005872746308645, 0.014648841845504405]], [[401.5], [-0.5005872746308645, 0.014648841845504405]], [[401.5], [-0.5005872746308645, 0.014648841845504405]], [[401.5], [-0.5005872746308645, 0.014648841845504405]], [[401.5], [-0.5005872746308645, 0.014648841845504405]], [[401.5], [-0.5005872746308645, 0.014648841845504405]], [[401.5], [-0.5005872746308645, 0.014648841845504405]], [[401.5], [-0.5005872746308645, 0.014648841845504405]], [[401.5], [-0.5005872746308645, 0.014648841845504405]], [[401.5], [-0.5005872746308645, 0.014648841845504405]], [[401.5], [-0.5005872746308645, 0.014648841845504405]], [[401.5], [-0.5005872746308645, 0.014648841845504405]], [[401.5], [-0.5005872746308645, 0.014648841845504405]], [[401.5], [-0.5005872746308645, 0.014648841845504405]], [[401.5], [-0.5005872746308645, 0.014648841845504405]]], "103": [[[481.9], [0.09068065012494723, -0.004398037454460939]], [[481.9], [0.09068065012494723, -0.004398037454460939]], [[481.9], [0.09068065012494723, -0.004398037454460939]], [[481.9], [0.09068065012494723, -0.004398037454460939]], [[481.9], [0.09068065012494723, -0.004398037454460939]], [[481.9], [0.09068065012494723, -0.004398037454460939]], [[481.9], [0.09068065012494723, -0.004398037454460939]], [[481.9], [0.09068065012494723, -0.004398037454460939]], [[481.9], [0.09068065012494723, -0.004398037454460939]], [[481.9], [0.09068065012494723, -0.004398037454460939]], [[481.9], [0.09068065012494723, -0.004398037454460939]], [[481.9], [0.09068065012494723, -0.004398037454460939]], [[481.9], [0.09068065012494723, -0.004398037454460939]], [[481.9], [0.09068065012494723, -0.004398037454460939]], [[481.9], [0.09068065012494723, -0.004398037454460939]], [[446.4], [0.14774559686581296, 0.12791515038344278]], [[481.9], [0.09068065012494723, -0.004398037454460939]], [[481.9], [0.09068065012494723, -0.004398037454460939]], [[481.9], [0.09068065012494723, -0.004398037454460939]], [[481.9], [0.09068065012494723, -0.004398037454460939]], [[481.9], [0.09068065012494723, -0.004398037454460939]], [[481.9], [0.09068065012494723, -0.004398037454460939]], [[481.9], [0.09068065012494723, -0.004398037454460939]], [[481.9], [0.09068065012494723, -0.004398037454460939]], [[481.9], [0.09068065012494723, -0.004398037454460939]], [[481.9], [0.09068065012494723, -0.004398037454460939]], [[481.9], [0.09068065012494723, -0.004398037454460939]], [[481.9], [0.09068065012494723, -0.004398037454460939]], [[481.9], [0.09068065012494723, -0.004398037454460939]], [[481.9], [0.09068065012494723, -0.004398037454460939]]], "101": [[[500.0], [0.03452511504292488, 0.016821527176282623]], [[500.0], [0.03452511504292488, 0.016821527176282623]], [[500.0], [0.05133785928289096, -0.01933959281544366]], [[500.0], [0.03452511504292488, 0.016821527176282623]], [[500.0], [0.03452511504292488, 0.016821527176282623]], [[500.0], [0.03452511504292488, 0.016821527176282623]], [[500.0], [0.03452511504292488, 0.016821527176282623]], [[500.0], [0.03452511504292488, 0.016821527176282623]], [[500.0], [0.03452511504292488, 0.016821527176282623]], [[500.0], [0.03452511504292488, 0.016821527176282623]], [[500.0], [0.03452511504292488, 0.016821527176282623]], [[500.0], [0.03452511504292488, 0.016821527176282623]], [[500.0], [0.03452511504292488, 0.016821527176282623]], [[500.0], [0.03452511504292488, 0.016821527176282623]], [[500.0], [0.03452511504292488, 0.016821527176282623]], [[500.0], [0.03452511504292488, 0.016821527176282623]], [[500.0], [0.03452511504292488, 0.016821527176282623]], [[500.0], [0.03452511504292488, 0.016821527176282623]], [[500.0], [0.03452511504292488, 0.016821527176282623]], [[500.0], [0.03452511504292488, 0.016821527176282623]], [[500.0], [0.03452511504292488, 0.016821527176282623]], [[500.0], [0.03452511504292488, 0.016821527176282623]], [[500.0], [0.03452511504292488, 0.016821527176282623]], [[500.0], [0.03452511504292488, 0.016821527176282623]], [[500.0], [0.03452511504292488, 0.016821527176282623]], [[500.0], [0.03452511504292488, 0.016821527176282623]], [[500.0], [0.03452511504292488, 0.016821527176282623]], [[500.0], [0.03452511504292488, 0.016821527176282623]], [[500.0], [0.03452511504292488, 0.016821527176282623]], [[500.0], [0.03452511504292488, 0.016821527176282623]]]}