{"102": [[[500.0], [-0.0031700123023862643, -0.030691664149031114]], [[500.0], [-0.0031700123023862643, -0.030691664149031114]], [[500.0], [-0.0031700123023862643, -0.030691664149031114]], [[137.5], [0.14061690618594488, 0.5049404273763228]], [[9.6], [0.03666744567453861, -0.5957981901305714]], [[500.0], [-0.0031700123023862643, -0.030691664149031114]], [[500.0], [-0.0031700123023862643, -0.030691664149031114]], [[500.0], [-0.0031700123023862643, -0.030691664149031114]], [[500.0], [-0.0031700123023862643, -0.030691664149031114]], [[388.9], [0.08611504609386127, 0.00048219118379813993]], [[500.0], [0.025451304391026497, 0.01202170897506926]], [[500.0], [-0.0031700123023862643, -0.030691664149031114]], [[500.0], [-0.0031700123023862643, -0.030691664149031114]], [[500.0], [-0.0031700123023862643, -0.030691664149031114]], [[500.0], [0.025451304391026497, 0.01202170897506926]], [[500.0], [-0.0031700123023862643, -0.030691664149031114]], [[500.0], [0.025451304391026497, 0.01202170897506926]], [[120.6], [0.14743021378914517, -0.5270480824429453]], [[500.0], [-0.0031700123023862643, -0.030691664149031114]], [[23.4], [-0.013059967507918676, 0.5176990297422455]], [[35.5], [-0.015667229890823364, 0.582378375473205]], [[500.0], [-0.0031700123023862643, -0.030691664149031114]], [[500.0], [-0.0031700123023862643, -0.030691664149031114]], [[500.0], [0.025451304391026497, 0.01202170897506926]], [[500.0], [-0.0031700123023862643, -0.030691664149031114]], [[500.0], [-0.0031700123023862643, -0.030691664149031114]], [[500.0], [0.025451304391026497, 0.01202170897506926]], [[500.0], [-0.0031700123023862643, -0.030691664149031114]], [[500.0], [-0.0031700123023862643, -0.030691664149031114]], [[500.0], [-0.0031700123023862643, -0.030691664149031114]]], "101": [[[121.1], [0.0773283156255881, 0.5242266295629255]], [[500.0], [0.0517879705876112, -0.13341400861454925]], [[500.0], [0.0517879705876112, -0.13341400861454925]], [[500.0], [0.0517879705876112, -0.13341400861454925]], [[500.0], [0.0517879705876112, -0.13341400861454925]], [[125.9], [0.07637135063608488, 0.5058795570186451]], [[500.0], [0.0517879705876112, -0.13341400861454925]], [[388.9], [0.09373970329761505, -0.011519259332041992]], [[418.5], [0.02248122667272886, -0.0033786352701556457]], [[500.0], [0.0517879705876112, -0.13341400861454925]], [[479.9], [0.08604008083542189, 0.019467932631096772]], [[479.9], [0.08604008083542189, 0.019467932631096772]], [[418.5], [0.02248122667272886, -0.0033786352701556457]], [[90.4], [-0.011267495186378559, -0.5073432217944752]], [[33.1], [-0.009971804295976957, 0.5164516456959921]], [[500.0], [0.0517879705876112, -0.13341400861454925]], [[115.9], [0.10730302582184474, 0.5058759921475461]], [[500.0], [0.0517879705876112, -0.13341400861454925]], [[21.7], [0.027376161888241768, -0.5188838146520003]], [[479.9], [0.08604008083542189, 0.019467932631096772]], [[500.0], [-0.00478955878255268, -0.005237739778270847]], [[500.0], [0.0517879705876112, -0.13341400861454925]], [[388.9], [0.09373970329761505, -0.011519259332041992]], [[115.9], [0.10730302582184474, 0.5058759921475461]], [[17.5], [-0.021563093177974224, 0.5123904019451598]], [[500.0], [-0.00478955878255268, -0.005237739778270847]], [[388.9], [0.09373970329761505, -0.011519259332041992]], [[500.0], [0.0517879705876112, -0.13341400861454925]], [[500.0], [0.0517879705876112, -0.13341400861454925]], [[65.3], [0.04652532748878002, 0.5232959486651079]]], "103": [[[500.0], [0.02550439132998387, -0.0014203887724687466]], [[500.0], [0.02550439132998387, -0.0014203887724687466]], [[500.0], [0.02550439132998387, -0.0014203887724687466]], [[500.0], [0.02550439132998387, -0.0014203887724687466]], [[500.0], [0.02550439132998387, -0.0014203887724687466]], [[500.0], [0.02550439132998387, -0.0014203887724687466]], [[500.0], [0.02550439132998387, -0.0014203887724687466]], [[500.0], [0.02550439132998387, -0.0014203887724687466]], [[500.0], [0.02550439132998387, -0.0014203887724687466]], [[500.0], [0.02550439132998387, -0.0014203887724687466]], [[500.0], [0.02550439132998387, -0.0014203887724687466]], [[500.0], [0.02550439132998387, -0.0014203887724687466]], [[500.0], [0.02550439132998387, -0.0014203887724687466]], [[500.0], [0.02550439132998387, -0.0014203887724687466]], [[500.0], [0.02550439132998387, -0.0014203887724687466]], [[500.0], [0.02550439132998387, -0.0014203887724687466]], [[500.0], [0.002728382241912186, 0.009770048381181425]], [[500.0], [0.01787973257402579, 0.010585273130302225]], [[500.0], [0.02550439132998387, -0.0014203887724687466]], [[500.0], [0.02550439132998387, -0.0014203887724687466]], [[500.0], [0.02550439132998387, -0.0014203887724687466]], [[500.0], [0.02550439132998387, -0.0014203887724687466]], [[500.0], [0.02550439132998387, -0.0014203887724687466]], [[500.0], [0.016405003455777965, 0.0002701585690722618]], [[500.0], [0.02550439132998387, -0.0014203887724687466]], [[500.0], [0.016405003455777965, 0.0002701585690722618]], [[500.0], [0.01787973257402579, 0.010585273130302225]], [[500.0], [0.02550439132998387, -0.0014203887724687466]], [[500.0], [0.002728382241912186, 0.009770048381181425]], [[500.0], [0.01787973257402579, 0.010585273130302225]]]}