{"102": [[[500.0], [0.020914181756476562, 0.00968628059448808]], [[500.0], [0.020914181756476562, 0.00968628059448808]], [[500.0], [0.020914181756476562, 0.00968628059448808]], [[500.0], [0.020914181756476562, 0.00968628059448808]], [[500.0], [0.020914181756476562, 0.00968628059448808]], [[500.0], [0.020914181756476562, 0.00968628059448808]], [[500.0], [0.020914181756476562, 0.00968628059448808]], [[500.0], [0.020914181756476562, 0.00968628059448808]], [[500.0], [0.020914181756476562, 0.00968628059448808]], [[500.0], [0.020914181756476562, 0.00968628059448808]], [[500.0], [0.020914181756476562, 0.00968628059448808]], [[500.0], [0.020914181756476562, 0.00968628059448808]], [[500.0], [0.020914181756476562, 0.00968628059448808]], [[500.0], [0.020914181756476562, 0.00968628059448808]], [[500.0], [0.020914181756476562, 0.00968628059448808]], [[500.0], [0.020914181756476562, 0.00968628059448808]], [[500.0], [0.020914181756476562, 0.00968628059448808]], [[500.0], [0.020914181756476562, 0.00968628059448808]], [[500.0], [0.020914181756476562, 0.00968628059448808]], [[500.0], [0.020914181756476562, 0.00968628059448808]], [[500.0], [0.020914181756476562, 0.00968628059448808]], [[500.0], [0.020914181756476562, 0.00968628059448808]], [[500.0], [0.020914181756476562, 0.00968628059448808]], [[500.0], [0.020914181756476562, 0.00968628059448808]], [[500.0], [0.020914181756476562, 0.00968628059448808]], [[500.0], [0.020914181756476562, 0.00968628059448808]], [[500.0], [0.020914181756476562, 0.00968628059448808]], [[500.0], [0.020914181756476562, 0.00968628059448808]], [[500.0], [0.020914181756476562, 0.00968628059448808]], [[500.0], [0.020914181756476562, 0.00968628059448808]]], "103": [[[429.0], [0.030009538556138676, 0.00902333488447244]], [[400.0], [0.07250035802523296, -0.0056921149064835756]], [[500.0], [0.008875148681302866, -0.011720763670913341]], [[400.0], [0.07250035802523296, -0.0056921149064835756]], [[400.0], [0.07250035802523296, -0.0056921149064835756]], [[500.0], [0.008875148681302866, -0.011720763670913341]], [[400.0], [0.07250035802523296, -0.0056921149064835756]], [[400.0], [0.07250035802523296, -0.0056921149064835756]], [[400.0], [0.07250035802523296, -0.0056921149064835756]], [[400.0], [0.07250035802523296, -0.0056921149064835756]], [[500.0], [0.008875148681302866, -0.011720763670913341]], [[400.0], [0.07250035802523296, -0.0056921149064835756]], [[400.0], [0.07250035802523296, -0.0056921149064835756]], [[400.0], [0.07250035802523296, -0.0056921149064835756]], [[400.0], [0.07250035802523296, -0.0056921149064835756]], [[400.0], [0.07250035802523296, -0.0056921149064835756]], [[400.0], [0.07250035802523296, -0.0056921149064835756]], [[400.0], [0.07250035802523296, -0.0056921149064835756]], [[400.0], [0.07250035802523296, -0.0056921149064835756]], [[429.0], [0.030009538556138676, 0.00902333488447244]], [[400.0], [0.07250035802523296, -0.0056921149064835756]], [[400.0], [0.07250035802523296, -0.0056921149064835756]], [[400.0], [0.07250035802523296, -0.0056921149064835756]], [[400.0], [0.07250035802523296, -0.0056921149064835756]], [[400.0], [0.07250035802523296, -0.0056921149064835756]], [[500.0], [0.008875148681302866, -0.011720763670913341]], [[500.0], [0.008875148681302866, -0.011720763670913341]], [[400.0], [0.07250035802523296, -0.0056921149064835756]], [[400.0], [0.07250035802523296, -0.0056921149064835756]], [[16.0], [-0.020701272102693718, 0.5204549246427546]]], "101": [[[22.2], [-0.013059967507918676, 0.5176990297422455]], [[500.0], [0.06491846715410551, -0.0045347945434910265]], [[500.0], [0.06491846715410551, -0.0045347945434910265]], [[500.0], [0.06491846715410551, -0.0045347945434910265]], [[500.0], [0.06491846715410551, -0.0045347945434910265]], [[500.0], [0.06491846715410551, -0.0045347945434910265]], [[500.0], [0.06491846715410551, -0.0045347945434910265]], [[500.0], [0.06491846715410551, -0.0045347945434910265]], [[500.0], [0.06491846715410551, -0.0045347945434910265]], [[500.0], [0.06491846715410551, -0.0045347945434910265]], [[500.0], [0.06491846715410551, -0.0045347945434910265]], [[500.0], [0.06491846715410551, -0.0045347945434910265]], [[500.0], [0.06491846715410551, -0.0045347945434910265]], [[500.0], [0.06491846715410551, -0.0045347945434910265]], [[500.0], [0.06491846715410551, -0.0045347945434910265]], [[500.0], [0.06491846715410551, -0.0045347945434910265]], [[500.0], [0.06491846715410551, -0.0045347945434910265]], [[16.1], [0.03057920994857947, -0.5419642160954088]], [[500.0], [0.06491846715410551, -0.0045347945434910265]], [[500.0], [0.06491846715410551, -0.0045347945434910265]], [[500.0], [0.06491846715410551, -0.0045347945434910265]], [[500.0], [0.06491846715410551, -0.0045347945434910265]], [[500.0], [0.06491846715410551, -0.0045347945434910265]], [[500.0], [0.06491846715410551, -0.0045347945434910265]], [[500.0], [0.06491846715410551, -0.0045347945434910265]], [[500.0], [0.06491846715410551, -0.0045347945434910265]], [[500.0], [0.06491846715410551, -0.0045347945434910265]], [[500.0], [0.06491846715410551, -0.0045347945434910265]], [[10.3], [0.03179398986200492, -0.5119116754052742]], [[500.0], [0.06491846715410551, -0.0045347945434910265]]]}