{"103": [[[476.1], [0.10109568014740944, 0.04452591289601258]], [[476.1], [0.10109568014740944, 0.04452591289601258]], [[476.1], [0.10109568014740944, 0.04452591289601258]], [[476.1], [0.10109568014740944, 0.04452591289601258]], [[45.9], [0.005798603718479475, 0.5105996245972848]], [[50.9], [-0.024919629407425724, -0.5039692495428204]], [[150.1], [0.14206262926260632, 0.5093300670527956]], [[476.1], [0.10109568014740944, 0.04452591289601258]], [[476.1], [0.10109568014740944, 0.04452591289601258]], [[65.3], [0.021680110755066078, 0.5109306585275386]], [[476.1], [0.10109568014740944, 0.04452591289601258]], [[476.1], [0.10109568014740944, 0.04452591289601258]], [[476.1], [0.10109568014740944, 0.04452591289601258]], [[476.1], [0.10109568014740944, 0.04452591289601258]], [[476.1], [0.10109568014740944, 0.04452591289601258]], [[476.1], [0.10109568014740944, 0.04452591289601258]], [[476.1], [0.10109568014740944, 0.04452591289601258]], [[476.1], [0.10109568014740944, 0.04452591289601258]], [[476.1], [0.10109568014740944, 0.04452591289601258]], [[476.1], [0.10109568014740944, 0.04452591289601258]], [[476.1], [0.10109568014740944, 0.04452591289601258]], [[476.1], [0.10109568014740944, 0.04452591289601258]], [[50.9], [-0.024919629407425724, -0.5039692495428204]], [[9.4], [-0.02940102480351925, 0.5648723273186023]], [[116.4], [-0.0874550019701322, 0.5057456248114555]], [[476.1], [0.10109568014740944, 0.04452591289601258]], [[150.1], [0.14206262926260632, 0.5093300670527956]], [[476.1], [0.10109568014740944, 0.04452591289601258]], [[476.1], [0.10109568014740944, 0.04452591289601258]], [[65.3], [0.021680110755066078, 0.5109306585275386]]], "101": [[[500.0], [0.04665333467225234, 0.01566674399889257]], [[500.0], [0.04665333467225234, 0.01566674399889257]], [[500.0], [0.04665333467225234, 0.01566674399889257]], [[500.0], [0.04665333467225234, 0.01566674399889257]], [[83.2], [-0.007989008445292711, -0.5227446769983575]], [[500.0], [0.04665333467225234, 0.01566674399889257]], [[500.0], [-0.313938707113266, -0.00417561567740506]], [[500.0], [-0.313938707113266, -0.00417561567740506]], [[500.0], [0.04665333467225234, 0.01566674399889257]], [[500.0], [0.04665333467225234, 0.01566674399889257]], [[500.0], [-0.313938707113266, -0.00417561567740506]], [[500.0], [0.04665333467225234, 0.01566674399889257]], [[500.0], [-0.313938707113266, -0.00417561567740506]], [[500.0], [0.04665333467225234, 0.01566674399889257]], [[500.0], [0.04665333467225234, 0.01566674399889257]], [[500.0], [0.04665333467225234, 0.01566674399889257]], [[500.0], [-0.313938707113266, -0.00417561567740506]], [[500.0], [0.04665333467225234, 0.01566674399889257]], [[500.0], [-0.313938707113266, -0.00417561567740506]], [[500.0], [-0.313938707113266, -0.00417561567740506]], [[500.0], [-0.313938707113266, -0.00417561567740506]], [[500.0], [0.04665333467225234, 0.01566674399889257]], [[123.4], [-0.3337113559246063, -0.5240954779551931]], [[500.0], [0.04665333467225234, 0.01566674399889257]], [[500.0], [-0.313938707113266, -0.00417561567740506]], [[500.0], [0.04665333467225234, 0.01566674399889257]], [[500.0], [0.04665333467225234, 0.01566674399889257]], [[84.2], [-0.023423077849050365, -0.5058165300976146]], [[500.0], [0.04665333467225234, 0.01566674399889257]], [[123.4], [-0.3337113559246063, -0.5240954779551931]]], "102": [[[500.0], [-0.08054046581188838, -0.008855492954975681]], [[500.0], [-0.08054046581188838, -0.008855492954975681]], [[500.0], [-0.08054046581188838, -0.008855492954975681]], [[500.0], [-0.08054046581188838, -0.008855492954975681]], [[500.0], [-0.08054046581188838, -0.008855492954975681]], [[500.0], [-0.08054046581188838, -0.008855492954975681]], [[500.0], [-0.08054046581188838, -0.008855492954975681]], [[500.0], [-0.08054046581188838, -0.008855492954975681]], [[500.0], [-0.08054046581188838, -0.008855492954975681]], [[500.0], [-0.08054046581188838, -0.008855492954975681]], [[500.0], [-0.08054046581188838, -0.008855492954975681]], [[115.1], [0.09941016013423602, 0.5226787268830259]], [[500.0], [-0.08054046581188838, -0.008855492954975681]], [[42.4], [0.00946623661244909, 0.5070566418068261]], [[9.6], [0.03666744567453861, -0.5957981901305714]], [[9.6], [0.03666744567453861, -0.5957981901305714]], [[500.0], [-0.08054046581188838, -0.008855492954975681]], [[11.4], [0.032930069913466774, -0.5401783226209395]], [[500.0], [-0.08054046581188838, -0.008855492954975681]], [[500.0], [-0.08054046581188838, -0.008855492954975681]], [[500.0], [-0.08054046581188838, -0.008855492954975681]], [[27.9], [-0.01967454173912605, 0.5207513793233479]], [[115.1], [0.09941016013423602, 0.5226787268830259]], [[9.6], [0.035043939327200256, -0.5681308333953602]], [[500.0], [-0.08054046581188838, -0.008855492954975681]], [[12.2], [-0.025867981215318046, 0.5408032445245953]], [[500.0], [-0.08054046581188838, -0.008855492954975681]], [[500.0], [-0.08054046581188838, -0.008855492954975681]], [[9.4], [-0.02940102480351925, 0.5648723273186023]], [[42.4], [0.00946623661244909, 0.5070566418068261]]]}