{"102": [[[500.0], [0.0012095339479856193, 0.010690192856857081]], [[500.0], [0.0012095339479856193, 0.010690192856857081]], [[500.0], [0.0012095339479856193, 0.010690192856857081]], [[500.0], [0.0012095339479856193, 0.010690192856857081]], [[500.0], [0.0012095339479856193, 0.010690192856857081]], [[500.0], [0.0012095339479856193, 0.010690192856857081]], [[500.0], [0.0012095339479856193, 0.010690192856857081]], [[500.0], [0.0012095339479856193, 0.010690192856857081]], [[500.0], [0.0012095339479856193, 0.010690192856857081]], [[500.0], [0.0012095339479856193, 0.010690192856857081]], [[500.0], [0.0012095339479856193, 0.010690192856857081]], [[500.0], [0.0012095339479856193, 0.010690192856857081]], [[500.0], [0.0012095339479856193, 0.010690192856857081]], [[500.0], [0.0012095339479856193, 0.010690192856857081]], [[500.0], [0.0012095339479856193, 0.010690192856857081]], [[500.0], [0.0012095339479856193, 0.010690192856857081]], [[500.0], [0.0012095339479856193, 0.010690192856857081]], [[500.0], [0.0012095339479856193, 0.010690192856857081]], [[500.0], [0.0012095339479856193, 0.010690192856857081]], [[500.0], [0.0012095339479856193, 0.010690192856857081]], [[500.0], [0.0012095339479856193, 0.010690192856857081]], [[500.0], [0.0012095339479856193, 0.010690192856857081]], [[500.0], [0.0012095339479856193, 0.010690192856857081]], [[500.0], [0.0012095339479856193, 0.010690192856857081]], [[500.0], [0.0012095339479856193, 0.010690192856857081]], [[500.0], [0.0012095339479856193, 0.010690192856857081]], [[500.0], [0.0012095339479856193, 0.010690192856857081]], [[500.0], [0.0012095339479856193, 0.010690192856857081]], [[500.0], [0.0012095339479856193, 0.010690192856857081]], [[500.0], [0.0012095339479856193, 0.010690192856857081]]], "101": [[[500.0], [-0.15033227701981863, 0.010418805904223017]], [[500.0], [-0.15033227701981863, 0.010418805904223017]], [[500.0], [-0.15033227701981863, 0.010418805904223017]], [[500.0], [-0.15033227701981863, 0.010418805904223017]], [[500.0], [-0.15033227701981863, 0.010418805904223017]], [[500.0], [-0.15033227701981863, 0.010418805904223017]], [[500.0], [-0.15033227701981863, 0.010418805904223017]], [[500.0], [-0.15033227701981863, 0.010418805904223017]], [[500.0], [-0.15033227701981863, 0.010418805904223017]], [[500.0], [-0.15033227701981863, 0.010418805904223017]], [[500.0], [-0.15033227701981863, 0.010418805904223017]], [[500.0], [-0.15033227701981863, 0.010418805904223017]], [[500.0], [-0.15033227701981863, 0.010418805904223017]], [[500.0], [-0.15033227701981863, 0.010418805904223017]], [[500.0], [-0.15033227701981863, 0.010418805904223017]], [[500.0], [-0.15033227701981863, 0.010418805904223017]], [[500.0], [-0.15033227701981863, 0.010418805904223017]], [[500.0], [-0.15033227701981863, 0.010418805904223017]], [[500.0], [-0.15033227701981863, 0.010418805904223017]], [[500.0], [-0.15033227701981863, 0.010418805904223017]], [[500.0], [-0.15033227701981863, 0.010418805904223017]], [[500.0], [-0.15033227701981863, 0.010418805904223017]], [[500.0], [-0.15033227701981863, 0.010418805904223017]], [[500.0], [-0.15033227701981863, 0.010418805904223017]], [[500.0], [-0.15033227701981863, 0.010418805904223017]], [[500.0], [-0.15033227701981863, 0.010418805904223017]], [[500.0], [-0.15033227701981863, 0.010418805904223017]], [[500.0], [-0.15033227701981863, 0.010418805904223017]], [[500.0], [-0.15033227701981863, 0.010418805904223017]], [[500.0], [-0.15033227701981863, 0.010418805904223017]]], "103": [[[386.1], [0.011850054531047743, 0.0024423778556180342]], [[386.1], [0.011850054531047743, 0.0024423778556180342]], [[386.1], [0.011850054531047743, 0.0024423778556180342]], [[500.0], [0.005775365279987454, 0.0057028590937693155]], [[490.4], [0.09677754094203314, -0.01329092117267077]], [[386.1], [0.011850054531047743, 0.0024423778556180342]], [[386.1], [0.011850054531047743, 0.0024423778556180342]], [[386.1], [0.011850054531047743, 0.0024423778556180342]], [[490.4], [0.09677754094203314, -0.01329092117267077]], [[386.1], [0.011850054531047743, 0.0024423778556180342]], [[386.1], [0.011850054531047743, 0.0024423778556180342]], [[386.1], [0.011850054531047743, 0.0024423778556180342]], [[386.1], [0.011850054531047743, 0.0024423778556180342]], [[386.1], [0.011850054531047743, 0.0024423778556180342]], [[386.1], [0.011850054531047743, 0.0024423778556180342]], [[386.1], [0.011850054531047743, 0.0024423778556180342]], [[490.4], [0.09677754094203314, -0.01329092117267077]], [[386.1], [0.011850054531047743, 0.0024423778556180342]], [[386.1], [0.011850054531047743, 0.0024423778556180342]], [[386.1], [0.011850054531047743, 0.0024423778556180342]], [[386.1], [0.011850054531047743, 0.0024423778556180342]], [[128.8], [0.12054793536663055, 0.5089698368282409]], [[386.1], [0.011850054531047743, 0.0024423778556180342]], [[386.1], [0.011850054531047743, 0.0024423778556180342]], [[386.1], [0.011850054531047743, 0.0024423778556180342]], [[386.1], [0.011850054531047743, 0.0024423778556180342]], [[386.1], [0.011850054531047743, 0.0024423778556180342]], [[386.1], [0.011850054531047743, 0.0024423778556180342]], [[386.1], [0.011850054531047743, 0.0024423778556180342]], [[386.1], [0.011850054531047743, 0.0024423778556180342]]]}