{"103": [[[500.0], [-0.00029877761941558373, 0.008787944217760597]], [[9.4], [-0.02940102480351925, 0.5648723273186023]], [[500.0], [-0.00029877761941558373, 0.008787944217760597]], [[500.0], [-0.00029877761941558373, 0.008787944217760597]], [[500.0], [-0.00029877761941558373, 0.008787944217760597]], [[500.0], [-0.00029877761941558373, 0.008787944217760597]], [[500.0], [-0.00029877761941558373, 0.008787944217760597]], [[500.0], [-0.00029877761941558373, 0.008787944217760597]], [[500.0], [-0.00029877761941558373, 0.008787944217760597]], [[500.0], [-0.00029877761941558373, 0.008787944217760597]], [[500.0], [-0.00029877761941558373, 0.008787944217760597]], [[500.0], [-0.00029877761941558373, 0.008787944217760597]], [[500.0], [-0.00029877761941558373, 0.008787944217760597]], [[500.0], [-0.00029877761941558373, 0.008787944217760597]], [[9.4], [-0.02940102480351925, 0.5648723273186023]], [[500.0], [-0.00029877761941558373, 0.008787944217760597]], [[9.7], [0.03666744567453861, -0.5957981901305714]], [[500.0], [-0.00029877761941558373, 0.008787944217760597]], [[500.0], [-0.00029877761941558373, 0.008787944217760597]], [[500.0], [-0.00029877761941558373, 0.008787944217760597]], [[500.0], [-0.00029877761941558373, 0.008787944217760597]], [[500.0], [-0.00029877761941558373, 0.008787944217760597]], [[500.0], [-0.00029877761941558373, 0.008787944217760597]], [[500.0], [-0.00029877761941558373, 0.008787944217760597]], [[500.0], [-0.00029877761941558373, 0.008787944217760597]], [[26.3], [0.021844933119912945, -0.5165488953795729]], [[500.0], [-0.00029877761941558373, 0.008787944217760597]], [[500.0], [-0.00029877761941558373, 0.008787944217760597]], [[500.0], [-0.00029877761941558373, 0.008787944217760597]], [[27.8], [-0.009971804295976957, 0.5164516456959921]]], "102": [[[500.0], [0.00882739977290233, 0.0003487593814637067]], [[500.0], [0.00882739977290233, 0.0003487593814637067]], [[500.0], [0.00882739977290233, 0.0003487593814637067]], [[500.0], [0.00882739977290233, 0.0003487593814637067]], [[500.0], [0.00882739977290233, 0.0003487593814637067]], [[500.0], [0.00882739977290233, 0.0003487593814637067]], [[500.0], [0.00882739977290233, 0.0003487593814637067]], [[500.0], [0.00882739977290233, 0.0003487593814637067]], [[500.0], [0.00882739977290233, 0.0003487593814637067]], [[500.0], [0.00882739977290233, 0.0003487593814637067]], [[500.0], [0.00882739977290233, 0.0003487593814637067]], [[500.0], [0.00882739977290233, 0.0003487593814637067]], [[500.0], [0.00882739977290233, 0.0003487593814637067]], [[500.0], [0.00882739977290233, 0.0003487593814637067]], [[46.9], [0.007829018868505955, 0.5171311457761737]], [[500.0], [0.00882739977290233, 0.0003487593814637067]], [[500.0], [0.00882739977290233, 0.0003487593814637067]], [[500.0], [0.00882739977290233, 0.0003487593814637067]], [[500.0], [0.00882739977290233, 0.0003487593814637067]], [[500.0], [0.00882739977290233, 0.0003487593814637067]], [[500.0], [0.00882739977290233, 0.0003487593814637067]], [[500.0], [0.00882739977290233, 0.0003487593814637067]], [[500.0], [0.00882739977290233, 0.0003487593814637067]], [[500.0], [0.00882739977290233, 0.0003487593814637067]], [[500.0], [0.00882739977290233, 0.0003487593814637067]], [[500.0], [0.00882739977290233, 0.0003487593814637067]], [[500.0], [0.00882739977290233, 0.0003487593814637067]], [[500.0], [0.00882739977290233, 0.0003487593814637067]], [[500.0], [0.00882739977290233, 0.0003487593814637067]], [[9.6], [0.03666744567453861, -0.5957981901305714]]], "101": [[[500.0], [0.058850329369306564, -0.002933358639906468]], [[500.0], [0.058850329369306564, -0.002933358639906468]], [[500.0], [0.058850329369306564, -0.002933358639906468]], [[500.0], [0.058850329369306564, -0.002933358639906468]], [[500.0], [0.058850329369306564, -0.002933358639906468]], [[500.0], [0.058850329369306564, -0.002933358639906468]], [[500.0], [0.058850329369306564, -0.002933358639906468]], [[500.0], [0.058850329369306564, -0.002933358639906468]], [[500.0], [0.058850329369306564, -0.002933358639906468]], [[500.0], [0.058850329369306564, -0.002933358639906468]], [[500.0], [0.058850329369306564, -0.002933358639906468]], [[500.0], [0.058850329369306564, -0.002933358639906468]], [[500.0], [0.058850329369306564, -0.002933358639906468]], [[54.3], [0.01959145379563173, 0.5194538731894425]], [[500.0], [0.058850329369306564, -0.002933358639906468]], [[500.0], [0.058850329369306564, -0.002933358639906468]], [[500.0], [0.058850329369306564, -0.002933358639906468]], [[500.0], [0.058850329369306564, -0.002933358639906468]], [[500.0], [0.058850329369306564, -0.002933358639906468]], [[500.0], [0.058850329369306564, -0.002933358639906468]], [[500.0], [0.058850329369306564, -0.002933358639906468]], [[500.0], [0.058850329369306564, -0.002933358639906468]], [[500.0], [0.058850329369306564, -0.002933358639906468]], [[500.0], [0.058850329369306564, -0.002933358639906468]], [[500.0], [0.058850329369306564, -0.002933358639906468]], [[500.0], [0.058850329369306564, -0.002933358639906468]], [[500.0], [0.058850329369306564, -0.002933358639906468]], [[500.0], [0.058850329369306564, -0.002933358639906468]], [[500.0], [0.058850329369306564, -0.002933358639906468]], [[500.0], [0.058850329369306564, -0.002933358639906468]]]}