{"102": [[[236.3], [-0.5003668864568075, -0.06477387274423856]], [[236.3], [-0.5003668864568075, -0.06477387274423856]], [[15.3], [-0.023255130896965664, 0.5230314708782725]], [[236.3], [-0.5003668864568075, -0.06477387274423856]], [[236.3], [-0.5003668864568075, -0.06477387274423856]], [[236.3], [-0.5003668864568075, -0.06477387274423856]], [[236.3], [-0.5003668864568075, -0.06477387274423856]], [[236.3], [-0.5003668864568075, -0.06477387274423856]], [[236.3], [-0.5003668864568075, -0.06477387274423856]], [[236.3], [-0.5003668864568075, -0.06477387274423856]], [[236.3], [-0.5003668864568075, -0.06477387274423856]], [[236.3], [-0.5003668864568075, -0.06477387274423856]], [[236.3], [-0.5003668864568075, -0.06477387274423856]], [[236.3], [-0.5003668864568075, -0.06477387274423856]], [[62.6], [0.0978401799996694, -0.5057278361046714]], [[236.3], [-0.5003668864568075, -0.06477387274423856]], [[236.3], [-0.5003668864568075, -0.06477387274423856]], [[236.3], [-0.5003668864568075, -0.06477387274423856]], [[236.3], [-0.5003668864568075, -0.06477387274423856]], [[236.3], [-0.5003668864568075, -0.06477387274423856]], [[236.3], [-0.5003668864568075, -0.06477387274423856]], [[236.3], [-0.5003668864568075, -0.06477387274423856]], [[236.3], [-0.5003668864568075, -0.06477387274423856]], [[14.9], [-0.02159817299495141, 0.5214708059598384]], [[236.3], [-0.5003668864568075, -0.06477387274423856]], [[236.3], [-0.5003668864568075, -0.06477387274423856]], [[236.3], [-0.5003668864568075, -0.06477387274423856]], [[236.3], [-0.5003668864568075, -0.06477387274423856]], [[236.3], [-0.5003668864568075, -0.06477387274423856]], [[236.3], [-0.5003668864568075, -0.06477387274423856]]], "103": [[[452.5], [0.1328762248158455, 0.0556572630074606]], [[452.5], [0.1328762248158455, 0.0556572630074606]], [[452.5], [0.1328762248158455, 0.0556572630074606]], [[452.5], [0.1328762248158455, 0.0556572630074606]], [[452.5], [0.1328762248158455, 0.0556572630074606]], [[452.5], [0.1328762248158455, 0.0556572630074606]], [[452.5], [0.1328762248158455, 0.0556572630074606]], [[452.5], [0.1328762248158455, 0.0556572630074606]], [[452.5], [0.1328762248158455, 0.0556572630074606]], [[452.5], [0.1328762248158455, 0.0556572630074606]], [[452.5], [0.1328762248158455, 0.0556572630074606]], [[452.5], [0.1328762248158455, 0.0556572630074606]], [[452.5], [0.1328762248158455, 0.0556572630074606]], [[9.4], [-0.02940102480351925, 0.5648723273186023]], [[452.5], [0.1328762248158455, 0.0556572630074606]], [[452.5], [0.1328762248158455, 0.0556572630074606]], [[452.5], [0.1328762248158455, 0.0556572630074606]], [[452.5], [0.1328762248158455, 0.0556572630074606]], [[452.5], [0.1328762248158455, 0.0556572630074606]], [[452.5], [0.1328762248158455, 0.0556572630074606]], [[452.5], [0.1328762248158455, 0.0556572630074606]], [[452.5], [0.1328762248158455, 0.0556572630074606]], [[452.5], [0.1328762248158455, 0.0556572630074606]], [[452.5], [0.1328762248158455, 0.0556572630074606]], [[452.5], [0.1328762248158455, 0.0556572630074606]], [[452.5], [0.1328762248158455, 0.0556572630074606]], [[11.5], [-0.02514785621315241, 0.5155667377430857]], [[452.5], [0.1328762248158455, 0.0556572630074606]], [[452.5], [0.1328762248158455, 0.0556572630074606]], [[452.5], [0.1328762248158455, 0.0556572630074606]]], "101": [[[445.7], [0.3837364415327708, 0.23442603041680807]], [[445.7], [0.3837364415327708, 0.23442603041680807]], [[445.7], [0.3837364415327708, 0.23442603041680807]], [[445.7], [0.3837364415327708, 0.23442603041680807]], [[445.7], [0.3837364415327708, 0.23442603041680807]], [[445.7], [0.3837364415327708, 0.23442603041680807]], [[445.7], [0.3837364415327708, 0.23442603041680807]], [[445.7], [0.3837364415327708, 0.23442603041680807]], [[445.7], [0.3837364415327708, 0.23442603041680807]], [[445.7], [0.3837364415327708, 0.23442603041680807]], [[445.7], [0.3837364415327708, 0.23442603041680807]], [[445.7], [0.3837364415327708, 0.23442603041680807]], [[445.7], [0.3837364415327708, 0.23442603041680807]], [[445.7], [0.3837364415327708, 0.23442603041680807]], [[445.7], [0.3837364415327708, 0.23442603041680807]], [[445.7], [0.3837364415327708, 0.23442603041680807]], [[445.7], [0.3837364415327708, 0.23442603041680807]], [[445.7], [0.3837364415327708, 0.23442603041680807]], [[445.7], [0.3837364415327708, 0.23442603041680807]], [[445.7], [0.3837364415327708, 0.23442603041680807]], [[445.7], [0.3837364415327708, 0.23442603041680807]], [[445.7], [0.3837364415327708, 0.23442603041680807]], [[445.7], [0.3837364415327708, 0.23442603041680807]], [[445.7], [0.3837364415327708, 0.23442603041680807]], [[445.7], [0.3837364415327708, 0.23442603041680807]], [[445.7], [0.3837364415327708, 0.23442603041680807]], [[445.7], [0.3837364415327708, 0.23442603041680807]], [[445.7], [0.3837364415327708, 0.23442603041680807]], [[445.7], [0.3837364415327708, 0.23442603041680807]], [[22.7], [0.025409641675651073, -0.5284213064389937]]]}