{"102": [[[494.7], [0.11613047371308009, 0.07484556492150686]], [[494.7], [0.11613047371308009, 0.07484556492150686]], [[494.7], [0.11613047371308009, 0.07484556492150686]], [[494.7], [0.11613047371308009, 0.07484556492150686]], [[494.7], [0.11613047371308009, 0.07484556492150686]], [[494.7], [0.11613047371308009, 0.07484556492150686]], [[12.4], [-0.02777745947241783, 0.5371965574875973]], [[494.7], [0.11613047371308009, 0.07484556492150686]], [[494.7], [0.11613047371308009, 0.07484556492150686]], [[494.7], [0.11613047371308009, 0.07484556492150686]], [[494.7], [0.11613047371308009, 0.07484556492150686]], [[494.7], [0.11613047371308009, 0.07484556492150686]], [[494.7], [0.11613047371308009, 0.07484556492150686]], [[494.7], [0.11613047371308009, 0.07484556492150686]], [[494.7], [0.11613047371308009, 0.07484556492150686]], [[494.7], [0.11613047371308009, 0.07484556492150686]], [[494.7], [0.11613047371308009, 0.07484556492150686]], [[494.7], [0.11613047371308009, 0.07484556492150686]], [[494.7], [0.11613047371308009, 0.07484556492150686]], [[494.7], [0.11613047371308009, 0.07484556492150686]], [[494.7], [0.11613047371308009, 0.07484556492150686]], [[494.7], [0.11613047371308009, 0.07484556492150686]], [[494.7], [0.11613047371308009, 0.07484556492150686]], [[494.7], [0.11613047371308009, 0.07484556492150686]], [[494.7], [0.11613047371308009, 0.07484556492150686]], [[494.7], [0.11613047371308009, 0.07484556492150686]], [[494.7], [0.11613047371308009, 0.07484556492150686]], [[494.7], [0.11613047371308009, 0.07484556492150686]], [[494.7], [0.11613047371308009, 0.07484556492150686]], [[494.7], [0.11613047371308009, 0.07484556492150686]]], "101": [[[500.0], [0.05127546998361747, -0.003541075862926302]], [[500.0], [-0.016482269080976646, 0.27089230894472044]], [[500.0], [-0.016482269080976646, 0.27089230894472044]], [[500.0], [-0.016482269080976646, 0.27089230894472044]], [[500.0], [-0.016482269080976646, 0.27089230894472044]], [[500.0], [-0.01067529587695996, -0.04981118633131092]], [[500.0], [-0.016482269080976646, 0.27089230894472044]], [[500.0], [-0.016482269080976646, 0.27089230894472044]], [[500.0], [-0.016482269080976646, 0.27089230894472044]], [[500.0], [-0.016482269080976646, 0.27089230894472044]], [[500.0], [-0.016482269080976646, 0.27089230894472044]], [[500.0], [-0.016482269080976646, 0.27089230894472044]], [[500.0], [-0.016482269080976646, 0.27089230894472044]], [[500.0], [-0.016482269080976646, 0.27089230894472044]], [[500.0], [-0.016482269080976646, 0.27089230894472044]], [[500.0], [-0.016482269080976646, 0.27089230894472044]], [[500.0], [-0.016482269080976646, 0.27089230894472044]], [[500.0], [-0.016482269080976646, 0.27089230894472044]], [[500.0], [-0.016482269080976646, 0.27089230894472044]], [[500.0], [-0.016482269080976646, 0.27089230894472044]], [[500.0], [-0.016482269080976646, 0.27089230894472044]], [[500.0], [-0.016482269080976646, 0.27089230894472044]], [[500.0], [-0.016482269080976646, 0.27089230894472044]], [[500.0], [-0.016482269080976646, 0.27089230894472044]], [[500.0], [-0.016482269080976646, 0.27089230894472044]], [[500.0], [-0.016482269080976646, 0.27089230894472044]], [[500.0], [-0.016482269080976646, 0.27089230894472044]], [[500.0], [-0.016482269080976646, 0.27089230894472044]], [[500.0], [-0.016482269080976646, 0.27089230894472044]], [[500.0], [-0.016482269080976646, 0.27089230894472044]]], "103": [[[445.6], [0.24506683150927228, 0.04365409247612839]], [[445.6], [0.24506683150927228, 0.04365409247612839]], [[445.6], [0.24506683150927228, 0.04365409247612839]], [[453.6], [0.1042905201514562, 0.0029933509644138757]], [[445.6], [0.24506683150927228, 0.04365409247612839]], [[9.3], [0.03666744567453861, -0.5957981901305714]], [[379.1], [0.05880085130532583, 0.00962187785601787]], [[453.6], [0.1042905201514562, 0.0029933509644138757]], [[453.6], [0.1042905201514562, 0.0029933509644138757]], [[453.6], [0.1042905201514562, 0.0029933509644138757]], [[445.6], [0.24506683150927228, 0.04365409247612839]], [[445.6], [0.24506683150927228, 0.04365409247612839]], [[453.6], [0.1042905201514562, 0.0029933509644138757]], [[445.6], [0.24506683150927228, 0.04365409247612839]], [[445.6], [0.24506683150927228, 0.04365409247612839]], [[445.6], [0.24506683150927228, 0.04365409247612839]], [[445.6], [0.24506683150927228, 0.04365409247612839]], [[445.6], [0.24506683150927228, 0.04365409247612839]], [[445.6], [0.24506683150927228, 0.04365409247612839]], [[445.6], [0.24506683150927228, 0.04365409247612839]], [[445.6], [0.24506683150927228, 0.04365409247612839]], [[445.6], [0.24506683150927228, 0.04365409247612839]], [[445.6], [0.24506683150927228, 0.04365409247612839]], [[445.6], [0.24506683150927228, 0.04365409247612839]], [[453.6], [0.1042905201514562, 0.0029933509644138757]], [[379.1], [0.05880085130532583, 0.00962187785601787]], [[453.6], [0.1042905201514562, 0.0029933509644138757]], [[453.6], [0.1042905201514562, 0.0029933509644138757]], [[445.6], [0.24506683150927228, 0.04365409247612839]], [[445.6], [0.24506683150927228, 0.04365409247612839]]]}