{"102": [[[498.1], [0.058766125390927, 0.01838943880924768]], [[498.1], [0.058766125390927, 0.01838943880924768]], [[498.1], [0.058766125390927, 0.01838943880924768]], [[498.1], [0.058766125390927, 0.01838943880924768]], [[9.4], [-0.02940102480351925, 0.5648723273186023]], [[498.1], [0.058766125390927, 0.01838943880924768]], [[86.9], [0.05961493899424871, -0.5036316206010335]], [[498.1], [0.058766125390927, 0.01838943880924768]], [[498.1], [0.058766125390927, 0.01838943880924768]], [[498.1], [0.058766125390927, 0.01838943880924768]], [[498.1], [0.058766125390927, 0.01838943880924768]], [[498.1], [0.058766125390927, 0.01838943880924768]], [[498.1], [0.058766125390927, 0.01838943880924768]], [[498.1], [0.058766125390927, 0.01838943880924768]], [[498.1], [0.058766125390927, 0.01838943880924768]], [[498.1], [0.058766125390927, 0.01838943880924768]], [[498.1], [0.058766125390927, 0.01838943880924768]], [[498.1], [0.058766125390927, 0.01838943880924768]], [[498.1], [0.058766125390927, 0.01838943880924768]], [[498.1], [0.058766125390927, 0.01838943880924768]], [[498.1], [0.058766125390927, 0.01838943880924768]], [[498.1], [0.058766125390927, 0.01838943880924768]], [[498.1], [0.058766125390927, 0.01838943880924768]], [[498.1], [0.058766125390927, 0.01838943880924768]], [[498.1], [0.058766125390927, 0.01838943880924768]], [[498.1], [0.058766125390927, 0.01838943880924768]], [[498.1], [0.058766125390927, 0.01838943880924768]], [[498.1], [0.058766125390927, 0.01838943880924768]], [[498.1], [0.058766125390927, 0.01838943880924768]], [[498.1], [0.058766125390927, 0.01838943880924768]]], "103": [[[500.0], [0.026840812837084137, 0.04397534974739312]], [[500.0], [0.026840812837084137, 0.04397534974739312]], [[500.0], [0.026840812837084137, 0.04397534974739312]], [[500.0], [0.026840812837084137, 0.04397534974739312]], [[500.0], [0.026840812837084137, 0.04397534974739312]], [[500.0], [0.026840812837084137, 0.04397534974739312]], [[500.0], [0.026840812837084137, 0.04397534974739312]], [[9.4], [-0.02940102480351925, 0.5648723273186023]], [[500.0], [0.026840812837084137, 0.04397534974739312]], [[500.0], [0.026840812837084137, 0.04397534974739312]], [[500.0], [0.026840812837084137, 0.04397534974739312]], [[500.0], [0.026840812837084137, 0.04397534974739312]], [[500.0], [0.026840812837084137, 0.04397534974739312]], [[500.0], [0.026840812837084137, 0.04397534974739312]], [[500.0], [0.026840812837084137, 0.04397534974739312]], [[285.9], [0.5045671761035919, 0.34169096980939073]], [[500.0], [0.026840812837084137, 0.04397534974739312]], [[500.0], [0.026840812837084137, 0.04397534974739312]], [[500.0], [0.026840812837084137, 0.04397534974739312]], [[500.0], [0.026840812837084137, 0.04397534974739312]], [[500.0], [0.026840812837084137, 0.04397534974739312]], [[500.0], [0.026840812837084137, 0.04397534974739312]], [[500.0], [0.026840812837084137, 0.04397534974739312]], [[500.0], [0.026840812837084137, 0.04397534974739312]], [[500.0], [0.026840812837084137, 0.04397534974739312]], [[500.0], [0.026840812837084137, 0.04397534974739312]], [[500.0], [0.026840812837084137, 0.04397534974739312]], [[500.0], [0.026840812837084137, 0.04397534974739312]], [[500.0], [0.026840812837084137, 0.04397534974739312]], [[500.0], [0.026840812837084137, 0.04397534974739312]]], "101": [[[500.0], [-0.00030407277032888186, 0.010307167509668752]], [[500.0], [-0.00030407277032888186, 0.010307167509668752]], [[500.0], [-0.00030407277032888186, 0.010307167509668752]], [[25.7], [-0.017603604743878048, 0.5168030350402212]], [[9.6], [0.03666744567453861, -0.5957981901305714]], [[500.0], [-0.00030407277032888186, 0.010307167509668752]], [[500.0], [-0.00030407277032888186, 0.010307167509668752]], [[500.0], [-0.00030407277032888186, 0.010307167509668752]], [[500.0], [-0.00030407277032888186, 0.010307167509668752]], [[500.0], [-0.00030407277032888186, 0.010307167509668752]], [[500.0], [-0.00030407277032888186, 0.010307167509668752]], [[500.0], [-0.00030407277032888186, 0.010307167509668752]], [[500.0], [-0.00030407277032888186, 0.010307167509668752]], [[500.0], [-0.00030407277032888186, 0.010307167509668752]], [[500.0], [-0.00030407277032888186, 0.010307167509668752]], [[500.0], [-0.00030407277032888186, 0.010307167509668752]], [[500.0], [-0.00030407277032888186, 0.010307167509668752]], [[500.0], [-0.00030407277032888186, 0.010307167509668752]], [[26.3], [-0.05235950772960981, 0.5399637886782012]], [[500.0], [-0.00030407277032888186, 0.010307167509668752]], [[500.0], [-0.00030407277032888186, 0.010307167509668752]], [[500.0], [-0.00030407277032888186, 0.010307167509668752]], [[500.0], [-0.00030407277032888186, 0.010307167509668752]], [[500.0], [-0.00030407277032888186, 0.010307167509668752]], [[500.0], [-0.00030407277032888186, 0.010307167509668752]], [[500.0], [-0.00030407277032888186, 0.010307167509668752]], [[500.0], [-0.00030407277032888186, 0.010307167509668752]], [[500.0], [-0.00030407277032888186, 0.010307167509668752]], [[168.3], [-0.36777396996816003, 0.5060403327052103]], [[500.0], [-0.00030407277032888186, 0.010307167509668752]]]}