{"102": [[[500.0], [0.0043309542040030164, -0.01229798871328671]], [[500.0], [0.0043309542040030164, -0.01229798871328671]], [[500.0], [0.0043309542040030164, -0.01229798871328671]], [[16.2], [-0.021563093177974224, 0.5123904019451598]], [[86.7], [-0.19862831880648932, -0.5048008983215077]], [[500.0], [0.0043309542040030164, -0.01229798871328671]], [[500.0], [0.0043309542040030164, -0.01229798871328671]], [[500.0], [0.0043309542040030164, -0.01229798871328671]], [[500.0], [0.0043309542040030164, -0.01229798871328671]], [[500.0], [0.0043309542040030164, -0.01229798871328671]], [[86.7], [-0.19862831880648932, -0.5048008983215077]], [[500.0], [0.0043309542040030164, -0.01229798871328671]], [[500.0], [0.0043309542040030164, -0.01229798871328671]], [[500.0], [0.0043309542040030164, -0.01229798871328671]], [[12.3], [-0.025138574031492077, 0.5131281520190992]], [[500.0], [0.0043309542040030164, -0.01229798871328671]], [[500.0], [0.0043309542040030164, -0.01229798871328671]], [[500.0], [0.0043309542040030164, -0.01229798871328671]], [[500.0], [0.0043309542040030164, -0.01229798871328671]], [[86.7], [-0.19862831880648932, -0.5048008983215077]], [[500.0], [0.0043309542040030164, -0.01229798871328671]], [[500.0], [0.0043309542040030164, -0.01229798871328671]], [[500.0], [0.0043309542040030164, -0.01229798871328671]], [[259.6], [-0.5054513613382976, -0.4244620720165198]], [[500.0], [0.0043309542040030164, -0.01229798871328671]], [[500.0], [0.0043309542040030164, -0.01229798871328671]], [[500.0], [0.0043309542040030164, -0.01229798871328671]], [[500.0], [0.0043309542040030164, -0.01229798871328671]], [[500.0], [0.0043309542040030164, -0.01229798871328671]], [[20.7], [-0.014063689547280472, 0.5114149106176277]]], "103": [[[18.7], [-0.01967454173912605, 0.5207513793233479]], [[500.0], [-0.3774254024028778, -0.04701033840624339]], [[500.0], [-0.3774254024028778, -0.04701033840624339]], [[500.0], [-0.3774254024028778, -0.04701033840624339]], [[500.0], [-0.3774254024028778, -0.04701033840624339]], [[147.6], [0.24754106998443604, 0.5141079568406611]], [[500.0], [-0.3774254024028778, -0.04701033840624339]], [[500.0], [-0.3774254024028778, -0.04701033840624339]], [[500.0], [-0.3774254024028778, -0.04701033840624339]], [[500.0], [-0.3774254024028778, -0.04701033840624339]], [[500.0], [-0.3774254024028778, -0.04701033840624339]], [[500.0], [-0.3774254024028778, -0.04701033840624339]], [[500.0], [-0.3774254024028778, -0.04701033840624339]], [[500.0], [-0.3774254024028778, -0.04701033840624339]], [[500.0], [-0.3774254024028778, -0.04701033840624339]], [[500.0], [-0.3774254024028778, -0.04701033840624339]], [[500.0], [-0.3774254024028778, -0.04701033840624339]], [[500.0], [-0.3774254024028778, -0.04701033840624339]], [[500.0], [-0.3774254024028778, -0.04701033840624339]], [[500.0], [-0.3774254024028778, -0.04701033840624339]], [[500.0], [-0.3774254024028778, -0.04701033840624339]], [[500.0], [-0.3774254024028778, -0.04701033840624339]], [[500.0], [-0.3774254024028778, -0.04701033840624339]], [[500.0], [-0.3774254024028778, -0.04701033840624339]], [[500.0], [-0.3774254024028778, -0.04701033840624339]], [[500.0], [-0.3774254024028778, -0.04701033840624339]], [[500.0], [-0.3774254024028778, -0.04701033840624339]], [[500.0], [-0.3774254024028778, -0.04701033840624339]], [[500.0], [-0.3774254024028778, -0.04701033840624339]], [[500.0], [-0.3774254024028778, -0.04701033840624339]]], "101": [[[37.1], [-0.0018553379535054169, 0.5168461343318081]], [[491.3], [0.41169111927350366, 0.06270727686334455]], [[500.0], [0.11641853799422583, 0.0016591632816691005]], [[500.0], [0.11641853799422583, 0.0016591632816691005]], [[491.3], [0.41169111927350366, 0.06270727686334455]], [[500.0], [0.11641853799422583, 0.0016591632816691005]], [[131.6], [-0.07011644542217255, -0.5141429282261424]], [[500.0], [0.11641853799422583, 0.0016591632816691005]], [[500.0], [0.11641853799422583, 0.0016591632816691005]], [[17.1], [0.03179593632618587, -0.5124876516287407]], [[500.0], [0.11641853799422583, 0.0016591632816691005]], [[491.3], [0.41169111927350366, 0.06270727686334455]], [[500.0], [0.11641853799422583, 0.0016591632816691005]], [[500.0], [0.11641853799422583, 0.0016591632816691005]], [[491.3], [0.41169111927350366, 0.06270727686334455]], [[500.0], [0.11641853799422583, 0.0016591632816691005]], [[491.3], [0.41169111927350366, 0.06270727686334455]], [[491.3], [0.41169111927350366, 0.06270727686334455]], [[491.3], [0.41169111927350366, 0.06270727686334455]], [[500.0], [0.11641853799422583, 0.0016591632816691005]], [[500.0], [0.11641853799422583, 0.0016591632816691005]], [[500.0], [0.11641853799422583, 0.0016591632816691005]], [[500.0], [0.11641853799422583, 0.0016591632816691005]], [[491.3], [0.41169111927350366, 0.06270727686334455]], [[491.3], [0.41169111927350366, 0.06270727686334455]], [[491.3], [0.41169111927350366, 0.06270727686334455]], [[206.9], [0.07096895948052406, -0.5154045717567919]], [[500.0], [0.11641853799422583, 0.0016591632816691005]], [[500.0], [0.11641853799422583, 0.0016591632816691005]], [[500.0], [0.11641853799422583, 0.0016591632816691005]]]}