{"101": [[[500.0], [-0.05121564492583275, 0.23895819363981916]], [[500.0], [-0.05121564492583275, 0.23895819363981916]], [[500.0], [-0.05121564492583275, 0.23895819363981916]], [[500.0], [-0.05121564492583275, 0.23895819363981916]], [[9.6], [-0.02940102480351925, 0.5648723273186023]], [[175.9], [-0.04436143053074678, 0.5197224505780417]], [[493.3], [0.024024123946825664, -0.010330997558943393]], [[500.0], [-0.05121564492583275, 0.23895819363981916]], [[408.1], [0.005815070665751895, -0.00435993873010697]], [[500.0], [-0.05121564492583275, 0.23895819363981916]], [[500.0], [-0.05121564492583275, 0.23895819363981916]], [[500.0], [-0.05121564492583275, 0.23895819363981916]], [[75.5], [0.05125679075717926, -0.5537055111958079]], [[500.0], [-0.05121564492583275, 0.23895819363981916]], [[35.4], [-0.009971804295976957, 0.5164516456959921]], [[500.0], [-0.05121564492583275, 0.23895819363981916]], [[500.0], [-0.05121564492583275, 0.23895819363981916]], [[500.0], [-0.05121564492583275, 0.23895819363981916]], [[500.0], [-0.05121564492583275, 0.23895819363981916]], [[500.0], [-0.05121564492583275, 0.23895819363981916]], [[500.0], [-0.05121564492583275, 0.23895819363981916]], [[500.0], [-0.05121564492583275, 0.23895819363981916]], [[500.0], [-0.05121564492583275, 0.23895819363981916]], [[500.0], [0.12553478280703229, -0.004109028062858936]], [[500.0], [-0.05121564492583275, 0.23895819363981916]], [[500.0], [-0.05121564492583275, 0.23895819363981916]], [[112.4], [0.03384327826400598, 0.5279512781845896]], [[500.0], [-0.05121564492583275, 0.23895819363981916]], [[500.0], [-0.05121564492583275, 0.23895819363981916]], [[500.0], [0.12553478280703229, -0.004109028062858936]]], "103": [[[424.7], [0.02547439808646838, 0.006180311749248129]], [[72.7], [0.03836512255171935, 0.5206985479336607]], [[138.1], [0.07447676112254462, 0.5050961765946383]], [[124.8], [-0.08222051585714023, 0.5025080801767596]], [[424.7], [0.02547439808646838, 0.006180311749248129]], [[424.7], [0.02547439808646838, 0.006180311749248129]], [[72.7], [0.03836512255171935, 0.5206985479336607]], [[386.2], [0.028540551041563354, -0.002744510707458811]], [[135.1], [0.10266621286670367, -0.5064250179455041]], [[386.2], [0.028540551041563354, -0.002744510707458811]], [[411.4], [0.11182556549708049, 0.013701634428076197]], [[386.2], [0.028540551041563354, -0.002744510707458811]], [[424.7], [0.02547439808646838, 0.006180311749248129]], [[411.4], [0.11182556549708049, 0.013701634428076197]], [[386.2], [0.028540551041563354, -0.002744510707458811]], [[424.7], [0.02547439808646838, 0.006180311749248129]], [[411.4], [0.11182556549708049, 0.013701634428076197]], [[50.3], [0.00795887705559532, -0.5030423830570787]], [[20.7], [-0.020287899921337765, 0.5525482827396484]], [[500.0], [0.21200125416119894, -0.022496355242991564]], [[500.0], [0.21200125416119894, -0.022496355242991564]], [[30.8], [0.02008833301564058, -0.5180679226035707]], [[50.3], [0.00795887705559532, -0.5030423830570787]], [[424.7], [0.02547439808646838, 0.006180311749248129]], [[386.2], [0.028540551041563354, -0.002744510707458811]], [[424.7], [0.02547439808646838, 0.006180311749248129]], [[124.8], [-0.08222051585714023, 0.5025080801767596]], [[386.2], [0.028540551041563354, -0.002744510707458811]], [[124.8], [-0.08222051585714023, 0.5025080801767596]], [[386.2], [0.028540551041563354, -0.002744510707458811]]], "102": [[[19.0], [-0.0403773474196593, 0.5616284015646392]], [[500.0], [-0.001851291550944249, 0.018208676450061457]], [[337.8], [0.5031921962896984, 0.3160336656433544]], [[500.0], [-0.001851291550944249, 0.018208676450061457]], [[15.7], [0.03037220487991969, -0.523277589578948]], [[496.7], [0.13159026702245077, -0.0025076464678575263]], [[500.0], [-0.001851291550944249, 0.018208676450061457]], [[40.1], [-0.009971804295976957, 0.5164516456959921]], [[500.0], [-0.001851291550944249, 0.018208676450061457]], [[500.0], [-0.001851291550944249, 0.018208676450061457]], [[500.0], [-0.001851291550944249, 0.018208676450061457]], [[496.7], [0.13159026702245077, -0.0025076464678575263]], [[500.0], [-0.001851291550944249, 0.018208676450061457]], [[496.7], [0.13159026702245077, -0.0025076464678575263]], [[500.0], [-0.001851291550944249, 0.018208676450061457]], [[500.0], [-0.001851291550944249, 0.018208676450061457]], [[500.0], [-0.001851291550944249, 0.018208676450061457]], [[500.0], [-0.001851291550944249, 0.018208676450061457]], [[40.8], [0.020454948147137962, 0.513455549780832]], [[496.7], [0.13159026702245077, -0.0025076464678575263]], [[188.6], [-0.5025225381056468, -0.23641184186250971]], [[496.7], [0.13159026702245077, -0.0025076464678575263]], [[496.7], [0.13159026702245077, -0.0025076464678575263]], [[496.7], [0.13159026702245077, -0.0025076464678575263]], [[496.7], [0.13159026702245077, -0.0025076464678575263]], [[496.7], [0.13159026702245077, -0.0025076464678575263]], [[13.0], [-0.025867981215318046, 0.5408032445245953]], [[108.1], [0.05586185182134311, -0.5016648099182895]], [[496.7], [0.13159026702245077, -0.0025076464678575263]], [[496.7], [0.13159026702245077, -0.0025076464678575263]]]}