{"101": [[[500.0], [-0.014270910372336706, 0.09326547669451773]], [[500.0], [-0.014270910372336706, 0.09326547669451773]], [[437.2], [0.09824881951014201, -0.002088374040495052]], [[500.0], [-0.014270910372336706, 0.09326547669451773]], [[437.2], [0.09824881951014201, -0.002088374040495052]], [[500.0], [-0.014270910372336706, 0.09326547669451773]], [[500.0], [-0.014270910372336706, 0.09326547669451773]], [[500.0], [-0.014270910372336706, 0.09326547669451773]], [[437.2], [0.09824881951014201, -0.002088374040495052]], [[500.0], [-0.014270910372336706, 0.09326547669451773]], [[500.0], [-0.014270910372336706, 0.09326547669451773]], [[500.0], [-0.014270910372336706, 0.09326547669451773]], [[500.0], [-0.014270910372336706, 0.09326547669451773]], [[500.0], [-0.014270910372336706, 0.09326547669451773]], [[437.2], [0.09824881951014201, -0.002088374040495052]], [[437.2], [0.09824881951014201, -0.002088374040495052]], [[500.0], [-0.014270910372336706, 0.09326547669451773]], [[500.0], [-0.014270910372336706, 0.09326547669451773]], [[500.0], [-0.014270910372336706, 0.09326547669451773]], [[500.0], [-0.014270910372336706, 0.09326547669451773]], [[437.2], [0.09824881951014201, -0.002088374040495052]], [[437.2], [0.09824881951014201, -0.002088374040495052]], [[500.0], [-0.014270910372336706, 0.09326547669451773]], [[437.2], [0.09824881951014201, -0.002088374040495052]], [[437.2], [0.09824881951014201, -0.002088374040495052]], [[500.0], [-0.014270910372336706, 0.09326547669451773]], [[437.2], [0.09824881951014201, -0.002088374040495052]], [[500.0], [-0.014270910372336706, 0.09326547669451773]], [[500.0], [-0.014270910372336706, 0.09326547669451773]], [[500.0], [-0.014270910372336706, 0.09326547669451773]]], "102": [[[500.0], [0.051334310943881675, -0.018446143654188472]], [[500.0], [0.051334310943881675, -0.018446143654188472]], [[500.0], [0.051334310943881675, -0.018446143654188472]], [[500.0], [0.051334310943881675, -0.018446143654188472]], [[500.0], [0.051334310943881675, -0.018446143654188472]], [[500.0], [0.051334310943881675, -0.018446143654188472]], [[500.0], [0.051334310943881675, -0.018446143654188472]], [[500.0], [0.051334310943881675, -0.018446143654188472]], [[500.0], [0.051334310943881675, -0.018446143654188472]], [[500.0], [0.051334310943881675, -0.018446143654188472]], [[500.0], [0.051334310943881675, -0.018446143654188472]], [[500.0], [0.051334310943881675, -0.018446143654188472]], [[500.0], [0.051334310943881675, -0.018446143654188472]], [[500.0], [0.051334310943881675, -0.018446143654188472]], [[500.0], [0.051334310943881675, -0.018446143654188472]], [[500.0], [0.051334310943881675, -0.018446143654188472]], [[500.0], [0.051334310943881675, -0.018446143654188472]], [[500.0], [0.051334310943881675, -0.018446143654188472]], [[500.0], [0.051334310943881675, -0.018446143654188472]], [[500.0], [0.051334310943881675, -0.018446143654188472]], [[500.0], [0.051334310943881675, -0.018446143654188472]], [[500.0], [0.051334310943881675, -0.018446143654188472]], [[500.0], [0.051334310943881675, -0.018446143654188472]], [[500.0], [0.051334310943881675, -0.018446143654188472]], [[500.0], [0.051334310943881675, -0.018446143654188472]], [[500.0], [0.051334310943881675, -0.018446143654188472]], [[500.0], [0.051334310943881675, -0.018446143654188472]], [[500.0], [0.051334310943881675, -0.018446143654188472]], [[500.0], [0.051334310943881675, -0.018446143654188472]], [[500.0], [0.051334310943881675, -0.018446143654188472]]], "103": [[[452.4], [0.5008699993292491, 0.0010688297487305184]], [[452.4], [0.5008699993292491, 0.0010688297487305184]], [[452.4], [0.5008699993292491, 0.0010688297487305184]], [[452.4], [0.5008699993292491, 0.0010688297487305184]], [[452.4], [0.5008699993292491, 0.0010688297487305184]], [[452.4], [0.5008699993292491, 0.0010688297487305184]], [[452.4], [0.5008699993292491, 0.0010688297487305184]], [[452.4], [0.5008699993292491, 0.0010688297487305184]], [[452.4], [0.5008699993292491, 0.0010688297487305184]], [[452.4], [0.5008699993292491, 0.0010688297487305184]], [[452.4], [0.5008699993292491, 0.0010688297487305184]], [[452.4], [0.5008699993292491, 0.0010688297487305184]], [[452.4], [0.5008699993292491, 0.0010688297487305184]], [[452.4], [0.5008699993292491, 0.0010688297487305184]], [[452.4], [0.5008699993292491, 0.0010688297487305184]], [[452.4], [0.5008699993292491, 0.0010688297487305184]], [[452.4], [0.5008699993292491, 0.0010688297487305184]], [[452.4], [0.5008699993292491, 0.0010688297487305184]], [[452.4], [0.5008699993292491, 0.0010688297487305184]], [[452.4], [0.5008699993292491, 0.0010688297487305184]], [[452.4], [0.5008699993292491, 0.0010688297487305184]], [[452.4], [0.5008699993292491, 0.0010688297487305184]], [[452.4], [0.5008699993292491, 0.0010688297487305184]], [[452.4], [0.5008699993292491, 0.0010688297487305184]], [[452.4], [0.5008699993292491, 0.0010688297487305184]], [[452.4], [0.5008699993292491, 0.0010688297487305184]], [[452.4], [0.5008699993292491, 0.0010688297487305184]], [[452.4], [0.5008699993292491, 0.0010688297487305184]], [[452.4], [0.5008699993292491, 0.0010688297487305184]], [[452.4], [0.5008699993292491, 0.0010688297487305184]]]}