{"103": [[[406.4], [0.019429822762807213, 0.0018122331372965753]], [[500.0], [-0.0002959876534684251, 0.008091012474915914]], [[406.4], [0.019429822762807213, 0.0018122331372965753]], [[406.4], [0.019429822762807213, 0.0018122331372965753]], [[500.0], [0.03308718092739582, -0.002815586439017474]], [[406.4], [0.019429822762807213, 0.0018122331372965753]], [[500.0], [0.03308718092739582, -0.002815586439017474]], [[500.0], [-0.0002959876534684251, 0.008091012474915914]], [[406.4], [0.019429822762807213, 0.0018122331372965753]], [[406.4], [0.019429822762807213, 0.0018122331372965753]], [[163.0], [0.323513001203537, 0.5052600537190597]], [[88.7], [0.04899033966163795, 0.5086209428937812]], [[500.0], [0.03308718092739582, -0.002815586439017474]], [[500.0], [0.03308718092739582, -0.002815586439017474]], [[406.4], [0.019429822762807213, 0.0018122331372965753]], [[406.4], [0.019429822762807213, 0.0018122331372965753]], [[406.4], [0.019429822762807213, 0.0018122331372965753]], [[9.4], [-0.02940102480351925, 0.5648723273186023]], [[500.0], [-0.0002959876534684251, 0.008091012474915914]], [[406.4], [0.019429822762807213, 0.0018122331372965753]], [[406.4], [0.019429822762807213, 0.0018122331372965753]], [[406.4], [0.019429822762807213, 0.0018122331372965753]], [[9.4], [0.03666744567453861, -0.5957981901305714]], [[163.0], [0.323513001203537, 0.5052600537190597]], [[500.0], [0.03308718092739582, -0.002815586439017474]], [[406.4], [0.019429822762807213, 0.0018122331372965753]], [[406.4], [0.019429822762807213, 0.0018122331372965753]], [[406.4], [0.019429822762807213, 0.0018122331372965753]], [[406.4], [0.019429822762807213, 0.0018122331372965753]], [[406.4], [0.019429822762807213, 0.0018122331372965753]]], "102": [[[376.4], [0.048244797314206764, -0.0035873654356413484]], [[500.0], [0.011866608013709387, -0.0017478990504455768]], [[500.0], [0.011866608013709387, -0.0017478990504455768]], [[500.0], [0.011866608013709387, -0.0017478990504455768]], [[500.0], [0.011866608013709387, -0.0017478990504455768]], [[500.0], [0.011866608013709387, -0.0017478990504455768]], [[500.0], [0.011866608013709387, -0.0017478990504455768]], [[500.0], [0.011866608013709387, -0.0017478990504455768]], [[500.0], [0.011866608013709387, -0.0017478990504455768]], [[500.0], [0.011866608013709387, -0.0017478990504455768]], [[500.0], [0.011866608013709387, -0.0017478990504455768]], [[9.7], [0.03666744567453861, -0.5957981901305714]], [[500.0], [0.011866608013709387, -0.0017478990504455768]], [[500.0], [0.011866608013709387, -0.0017478990504455768]], [[500.0], [0.011866608013709387, -0.0017478990504455768]], [[500.0], [0.011866608013709387, -0.0017478990504455768]], [[405.2], [0.23192383348941803, 0.30254836430389914]], [[10.0], [0.03666744567453861, -0.5957981901305714]], [[500.0], [0.011866608013709387, -0.0017478990504455768]], [[500.0], [0.03465747771163782, -0.01671249893578616]], [[500.0], [0.011866608013709387, -0.0017478990504455768]], [[500.0], [0.011866608013709387, -0.0017478990504455768]], [[500.0], [0.011866608013709387, -0.0017478990504455768]], [[500.0], [0.011866608013709387, -0.0017478990504455768]], [[500.0], [0.011866608013709387, -0.0017478990504455768]], [[500.0], [0.011866608013709387, -0.0017478990504455768]], [[500.0], [0.03465747771163782, -0.01671249893578616]], [[500.0], [0.011866608013709387, -0.0017478990504455768]], [[500.0], [0.011866608013709387, -0.0017478990504455768]], [[500.0], [0.011866608013709387, -0.0017478990504455768]]], "101": [[[59.9], [0.0757054922481378, -0.534114904666061]], [[500.0], [0.008876419936617216, -0.012060143855627644]], [[500.0], [0.005749223831420144, 0.012327289725676108]], [[500.0], [0.008876419936617216, -0.012060143855627644]], [[500.0], [0.008876419936617216, -0.012060143855627644]], [[500.0], [0.005749223831420144, 0.012327289725676108]], [[500.0], [0.008876419936617216, -0.012060143855627644]], [[500.0], [0.008876419936617216, -0.012060143855627644]], [[500.0], [0.008876419936617216, -0.012060143855627644]], [[106.9], [0.08791208888093631, 0.5305237604670547]], [[189.2], [0.2118754138549169, 0.5144442311314305]], [[500.0], [0.008876419936617216, -0.012060143855627644]], [[500.0], [0.008876419936617216, -0.012060143855627644]], [[500.0], [0.008876419936617216, -0.012060143855627644]], [[500.0], [0.008876419936617216, -0.012060143855627644]], [[37.8], [-0.009971804295976957, 0.5164516456959921]], [[500.0], [0.008876419936617216, -0.012060143855627644]], [[492.4], [0.1556955526272456, 0.033387234746411656]], [[500.0], [0.008876419936617216, -0.012060143855627644]], [[500.0], [0.008876419936617216, -0.012060143855627644]], [[500.0], [0.008876419936617216, -0.012060143855627644]], [[48.4], [0.008761823798219364, 0.5281660616683047]], [[500.0], [0.008876419936617216, -0.012060143855627644]], [[59.9], [0.0757054922481378, -0.534114904666061]], [[500.0], [0.008876419936617216, -0.012060143855627644]], [[48.4], [0.008761823798219364, 0.5281660616683047]], [[500.0], [0.005749223831420144, 0.012327289725676108]], [[500.0], [0.008876419936617216, -0.012060143855627644]], [[500.0], [0.008876419936617216, -0.012060143855627644]], [[500.0], [0.008876419936617216, -0.012060143855627644]]]}