{"103": [[[394.7], [0.010284968496610722, 0.015014578681884772]], [[394.7], [0.010284968496610722, 0.015014578681884772]], [[402.1], [0.0012639073732619486, -0.0030756660661343752]], [[402.1], [0.0012639073732619486, -0.0030756660661343752]], [[394.7], [0.010284968496610722, 0.015014578681884772]], [[394.7], [0.010284968496610722, 0.015014578681884772]], [[402.1], [0.0012639073732619486, -0.0030756660661343752]], [[402.1], [0.0012639073732619486, -0.0030756660661343752]], [[402.1], [0.0012639073732619486, -0.0030756660661343752]], [[394.7], [0.010284968496610722, 0.015014578681884772]], [[402.1], [0.0012639073732619486, -0.0030756660661343752]], [[394.7], [0.010284968496610722, 0.015014578681884772]], [[394.7], [0.010284968496610722, 0.015014578681884772]], [[394.7], [0.010284968496610722, 0.015014578681884772]], [[402.1], [0.0012639073732619486, -0.0030756660661343752]], [[394.7], [0.010284968496610722, 0.015014578681884772]], [[402.1], [0.0012639073732619486, -0.0030756660661343752]], [[394.7], [0.010284968496610722, 0.015014578681884772]], [[394.7], [0.010284968496610722, 0.015014578681884772]], [[402.1], [0.0012639073732619486, -0.0030756660661343752]], [[394.7], [0.010284968496610722, 0.015014578681884772]], [[394.7], [0.010284968496610722, 0.015014578681884772]], [[402.1], [0.0012639073732619486, -0.0030756660661343752]], [[402.1], [0.0012639073732619486, -0.0030756660661343752]], [[394.7], [0.010284968496610722, 0.015014578681884772]], [[402.1], [0.0012639073732619486, -0.0030756660661343752]], [[394.7], [0.010284968496610722, 0.015014578681884772]], [[394.7], [0.010284968496610722, 0.015014578681884772]], [[402.1], [0.0012639073732619486, -0.0030756660661343752]], [[124.8], [0.08857300505042076, 0.5162083432434849]]], "102": [[[500.0], [0.0043309542040030164, -0.01229798871328671]], [[500.0], [0.0043309542040030164, -0.01229798871328671]], [[500.0], [0.0043309542040030164, -0.01229798871328671]], [[500.0], [0.0043309542040030164, -0.01229798871328671]], [[500.0], [0.0043309542040030164, -0.01229798871328671]], [[19.5], [0.0298949982970953, -0.5045175980152696]], [[500.0], [0.0043309542040030164, -0.01229798871328671]], [[500.0], [0.0043309542040030164, -0.01229798871328671]], [[19.5], [0.0298949982970953, -0.5045175980152696]], [[500.0], [0.0043309542040030164, -0.01229798871328671]], [[500.0], [0.0043309542040030164, -0.01229798871328671]], [[500.0], [0.0043309542040030164, -0.01229798871328671]], [[500.0], [0.0043309542040030164, -0.01229798871328671]], [[500.0], [0.0043309542040030164, -0.01229798871328671]], [[500.0], [0.0043309542040030164, -0.01229798871328671]], [[500.0], [0.0043309542040030164, -0.01229798871328671]], [[500.0], [0.0043309542040030164, -0.01229798871328671]], [[500.0], [0.0043309542040030164, -0.01229798871328671]], [[500.0], [0.0043309542040030164, -0.01229798871328671]], [[500.0], [0.0043309542040030164, -0.01229798871328671]], [[500.0], [0.0043309542040030164, -0.01229798871328671]], [[500.0], [0.0043309542040030164, -0.01229798871328671]], [[500.0], [0.0043309542040030164, -0.01229798871328671]], [[500.0], [0.0043309542040030164, -0.01229798871328671]], [[500.0], [0.0043309542040030164, -0.01229798871328671]], [[500.0], [0.0043309542040030164, -0.01229798871328671]], [[500.0], [0.0043309542040030164, -0.01229798871328671]], [[37.5], [-0.002322916213112573, 0.5115724779202037]], [[500.0], [0.0043309542040030164, -0.01229798871328671]], [[500.0], [0.0043309542040030164, -0.01229798871328671]]], "101": [[[9.6], [0.03666744567453861, -0.5957981901305714]], [[487.3], [0.1209494968255361, 0.005809838090394958]], [[487.3], [0.1209494968255361, 0.005809838090394958]], [[487.3], [0.1209494968255361, 0.005809838090394958]], [[487.3], [0.1209494968255361, 0.005809838090394958]], [[476.1], [0.05887577931086223, -0.009368038981368667]], [[476.1], [0.05887577931086223, -0.009368038981368667]], [[487.3], [0.1209494968255361, 0.005809838090394958]], [[476.1], [0.05887577931086223, -0.009368038981368667]], [[487.3], [0.1209494968255361, 0.005809838090394958]], [[487.3], [0.1209494968255361, 0.005809838090394958]], [[487.3], [0.1209494968255361, 0.005809838090394958]], [[487.3], [0.1209494968255361, 0.005809838090394958]], [[487.3], [0.1209494968255361, 0.005809838090394958]], [[487.3], [0.1209494968255361, 0.005809838090394958]], [[487.3], [0.1209494968255361, 0.005809838090394958]], [[487.3], [0.1209494968255361, 0.005809838090394958]], [[487.3], [0.1209494968255361, 0.005809838090394958]], [[487.3], [0.1209494968255361, 0.005809838090394958]], [[487.3], [0.1209494968255361, 0.005809838090394958]], [[487.3], [0.1209494968255361, 0.005809838090394958]], [[487.3], [0.1209494968255361, 0.005809838090394958]], [[487.3], [0.1209494968255361, 0.005809838090394958]], [[487.3], [0.1209494968255361, 0.005809838090394958]], [[487.3], [0.1209494968255361, 0.005809838090394958]], [[487.3], [0.1209494968255361, 0.005809838090394958]], [[487.3], [0.1209494968255361, 0.005809838090394958]], [[487.3], [0.1209494968255361, 0.005809838090394958]], [[487.3], [0.1209494968255361, 0.005809838090394958]], [[487.3], [0.1209494968255361, 0.005809838090394958]]]}