{"102": [[[174.0], [-0.50672913591067, -0.47508124529459833]], [[174.0], [-0.50672913591067, -0.47508124529459833]], [[174.0], [-0.50672913591067, -0.47508124529459833]], [[174.0], [-0.50672913591067, -0.47508124529459833]], [[128.9], [0.5037508408228557, -0.003818490511278787]], [[174.0], [-0.50672913591067, -0.47508124529459833]], [[174.0], [-0.50672913591067, -0.47508124529459833]], [[174.0], [-0.50672913591067, -0.47508124529459833]], [[174.0], [-0.50672913591067, -0.47508124529459833]], [[174.0], [-0.50672913591067, -0.47508124529459833]], [[174.0], [-0.50672913591067, -0.47508124529459833]], [[174.0], [-0.50672913591067, -0.47508124529459833]], [[174.0], [-0.50672913591067, -0.47508124529459833]], [[11.3], [-0.025239504563311737, 0.5042239952315555]], [[174.0], [-0.50672913591067, -0.47508124529459833]], [[174.0], [-0.50672913591067, -0.47508124529459833]], [[128.9], [0.5037508408228557, -0.003818490511278787]], [[174.0], [-0.50672913591067, -0.47508124529459833]], [[174.0], [-0.50672913591067, -0.47508124529459833]], [[174.0], [-0.50672913591067, -0.47508124529459833]], [[174.0], [-0.50672913591067, -0.47508124529459833]], [[174.0], [-0.50672913591067, -0.47508124529459833]], [[174.0], [-0.50672913591067, -0.47508124529459833]], [[174.0], [-0.50672913591067, -0.47508124529459833]], [[23.2], [-0.008346095370749634, 0.5229243821504584]], [[174.0], [-0.50672913591067, -0.47508124529459833]], [[9.6], [0.03666744567453861, -0.5957981901305714]], [[174.0], [-0.50672913591067, -0.47508124529459833]], [[174.0], [-0.50672913591067, -0.47508124529459833]], [[174.0], [-0.50672913591067, -0.47508124529459833]]], "103": [[[497.8], [-0.016129588087399803, -0.20380093577946204]], [[497.8], [-0.016129588087399803, -0.20380093577946204]], [[15.3], [0.03423633674780528, -0.5772375818074605]], [[497.8], [-0.016129588087399803, -0.20380093577946204]], [[497.8], [-0.016129588087399803, -0.20380093577946204]], [[497.8], [-0.016129588087399803, -0.20380093577946204]], [[497.8], [-0.016129588087399803, -0.20380093577946204]], [[497.8], [-0.016129588087399803, -0.20380093577946204]], [[497.8], [-0.016129588087399803, -0.20380093577946204]], [[497.8], [-0.016129588087399803, -0.20380093577946204]], [[497.8], [-0.016129588087399803, -0.20380093577946204]], [[497.8], [-0.016129588087399803, -0.20380093577946204]], [[30.6], [0.006324528561284145, 0.5220712728477551]], [[497.8], [-0.016129588087399803, -0.20380093577946204]], [[497.8], [-0.016129588087399803, -0.20380093577946204]], [[11.0], [0.03666744567453861, -0.5957981901305714]], [[497.8], [-0.016129588087399803, -0.20380093577946204]], [[497.8], [-0.016129588087399803, -0.20380093577946204]], [[497.8], [-0.016129588087399803, -0.20380093577946204]], [[497.8], [-0.016129588087399803, -0.20380093577946204]], [[497.8], [-0.016129588087399803, -0.20380093577946204]], [[497.8], [-0.016129588087399803, -0.20380093577946204]], [[497.8], [-0.016129588087399803, -0.20380093577946204]], [[497.8], [-0.016129588087399803, -0.20380093577946204]], [[497.8], [-0.016129588087399803, -0.20380093577946204]], [[44.4], [0.00795887705559532, -0.5030423830570787]], [[81.5], [-0.14829064408938092, -0.540466934585115]], [[497.8], [-0.016129588087399803, -0.20380093577946204]], [[497.8], [-0.016129588087399803, -0.20380093577946204]], [[497.8], [-0.016129588087399803, -0.20380093577946204]]], "101": [[[500.0], [0.0043309542040030164, -0.01229798871328671]], [[500.0], [0.0043309542040030164, -0.01229798871328671]], [[500.0], [0.0043309542040030164, -0.01229798871328671]], [[500.0], [0.0043309542040030164, -0.01229798871328671]], [[500.0], [0.0043309542040030164, -0.01229798871328671]], [[71.8], [-0.14296285808086395, -0.5046441865879954]], [[500.0], [0.0043309542040030164, -0.01229798871328671]], [[500.0], [0.0043309542040030164, -0.01229798871328671]], [[500.0], [0.0043309542040030164, -0.01229798871328671]], [[500.0], [0.0043309542040030164, -0.01229798871328671]], [[500.0], [0.0043309542040030164, -0.01229798871328671]], [[500.0], [0.0043309542040030164, -0.01229798871328671]], [[500.0], [0.0043309542040030164, -0.01229798871328671]], [[9.6], [0.03666744567453861, -0.5957981901305714]], [[500.0], [0.0043309542040030164, -0.01229798871328671]], [[500.0], [0.0043309542040030164, -0.01229798871328671]], [[500.0], [0.0043309542040030164, -0.01229798871328671]], [[500.0], [0.0043309542040030164, -0.01229798871328671]], [[500.0], [0.0043309542040030164, -0.01229798871328671]], [[500.0], [0.0043309542040030164, -0.01229798871328671]], [[500.0], [0.0043309542040030164, -0.01229798871328671]], [[500.0], [0.0043309542040030164, -0.01229798871328671]], [[500.0], [0.0043309542040030164, -0.01229798871328671]], [[500.0], [0.0043309542040030164, -0.01229798871328671]], [[500.0], [0.0043309542040030164, -0.01229798871328671]], [[500.0], [0.0043309542040030164, -0.01229798871328671]], [[94.3], [0.0219327537342906, 0.530529998991478]], [[500.0], [0.0043309542040030164, -0.01229798871328671]], [[71.8], [-0.14296285808086395, -0.5046441865879954]], [[500.0], [0.0043309542040030164, -0.01229798871328671]]]}