{"103": [[[500.0], [-0.032202284783124924, -0.3563059431514101]], [[500.0], [-0.032202284783124924, -0.3563059431514101]], [[500.0], [-0.032202284783124924, -0.3563059431514101]], [[500.0], [-0.032202284783124924, -0.3563059431514101]], [[500.0], [-0.032202284783124924, -0.3563059431514101]], [[500.0], [-0.032202284783124924, -0.3563059431514101]], [[500.0], [-0.032202284783124924, -0.3563059431514101]], [[500.0], [-0.032202284783124924, -0.3563059431514101]], [[500.0], [-0.032202284783124924, -0.3563059431514101]], [[500.0], [-0.032202284783124924, -0.3563059431514101]], [[500.0], [-0.032202284783124924, -0.3563059431514101]], [[500.0], [-0.032202284783124924, -0.3563059431514101]], [[500.0], [-0.032202284783124924, -0.3563059431514101]], [[500.0], [-0.032202284783124924, -0.3563059431514101]], [[500.0], [-0.032202284783124924, -0.3563059431514101]], [[500.0], [-0.032202284783124924, -0.3563059431514101]], [[500.0], [-0.032202284783124924, -0.3563059431514101]], [[500.0], [-0.032202284783124924, -0.3563059431514101]], [[500.0], [-0.032202284783124924, -0.3563059431514101]], [[500.0], [-0.032202284783124924, -0.3563059431514101]], [[500.0], [-0.032202284783124924, -0.3563059431514101]], [[500.0], [-0.032202284783124924, -0.3563059431514101]], [[500.0], [-0.032202284783124924, -0.3563059431514101]], [[500.0], [-0.032202284783124924, -0.3563059431514101]], [[500.0], [-0.032202284783124924, -0.3563059431514101]], [[500.0], [-0.032202284783124924, -0.3563059431514101]], [[500.0], [-0.032202284783124924, -0.3563059431514101]], [[500.0], [-0.032202284783124924, -0.3563059431514101]], [[500.0], [-0.032202284783124924, -0.3563059431514101]], [[500.0], [-0.032202284783124924, -0.3563059431514101]]], "101": [[[500.0], [0.0043309542040030164, -0.01229798871328671]], [[500.0], [0.0043309542040030164, -0.01229798871328671]], [[500.0], [0.0043309542040030164, -0.01229798871328671]], [[500.0], [0.0043309542040030164, -0.01229798871328671]], [[500.0], [0.0043309542040030164, -0.01229798871328671]], [[500.0], [0.0043309542040030164, -0.01229798871328671]], [[500.0], [0.0043309542040030164, -0.01229798871328671]], [[500.0], [0.0043309542040030164, -0.01229798871328671]], [[500.0], [0.0043309542040030164, -0.01229798871328671]], [[500.0], [0.0043309542040030164, -0.01229798871328671]], [[500.0], [0.0043309542040030164, -0.01229798871328671]], [[500.0], [0.0043309542040030164, -0.01229798871328671]], [[500.0], [0.0043309542040030164, -0.01229798871328671]], [[500.0], [0.0043309542040030164, -0.01229798871328671]], [[500.0], [0.0043309542040030164, -0.01229798871328671]], [[500.0], [0.0043309542040030164, -0.01229798871328671]], [[500.0], [0.0043309542040030164, -0.01229798871328671]], [[500.0], [0.0043309542040030164, -0.01229798871328671]], [[500.0], [0.0043309542040030164, -0.01229798871328671]], [[500.0], [0.0043309542040030164, -0.01229798871328671]], [[500.0], [0.0043309542040030164, -0.01229798871328671]], [[500.0], [0.0043309542040030164, -0.01229798871328671]], [[500.0], [0.0043309542040030164, -0.01229798871328671]], [[500.0], [0.0043309542040030164, -0.01229798871328671]], [[500.0], [0.0043309542040030164, -0.01229798871328671]], [[500.0], [0.0043309542040030164, -0.01229798871328671]], [[500.0], [0.0043309542040030164, -0.01229798871328671]], [[500.0], [0.0043309542040030164, -0.01229798871328671]], [[500.0], [0.0043309542040030164, -0.01229798871328671]], [[500.0], [0.0043309542040030164, -0.01229798871328671]]], "102": [[[465.6], [0.14183983206748962, 0.08832116981157276]], [[465.6], [0.14183983206748962, 0.08832116981157276]], [[465.6], [0.14183983206748962, 0.08832116981157276]], [[500.0], [-0.10245677704612415, 0.1667546705480968]], [[500.0], [-0.10245677704612415, 0.1667546705480968]], [[465.6], [0.14183983206748962, 0.08832116981157276]], [[465.6], [0.14183983206748962, 0.08832116981157276]], [[465.6], [0.14183983206748962, 0.08832116981157276]], [[465.6], [0.14183983206748962, 0.08832116981157276]], [[465.6], [0.14183983206748962, 0.08832116981157276]], [[465.6], [0.14183983206748962, 0.08832116981157276]], [[500.0], [-0.10245677704612415, 0.1667546705480968]], [[465.6], [0.14183983206748962, 0.08832116981157276]], [[465.6], [0.14183983206748962, 0.08832116981157276]], [[500.0], [-0.10245677704612415, 0.1667546705480968]], [[465.6], [0.14183983206748962, 0.08832116981157276]], [[500.0], [-0.10245677704612415, 0.1667546705480968]], [[500.0], [-0.10245677704612415, 0.1667546705480968]], [[465.6], [0.14183983206748962, 0.08832116981157276]], [[465.6], [0.14183983206748962, 0.08832116981157276]], [[465.6], [0.14183983206748962, 0.08832116981157276]], [[465.6], [0.14183983206748962, 0.08832116981157276]], [[465.6], [0.14183983206748962, 0.08832116981157276]], [[500.0], [-0.10245677704612415, 0.1667546705480968]], [[465.6], [0.14183983206748962, 0.08832116981157276]], [[465.6], [0.14183983206748962, 0.08832116981157276]], [[465.6], [0.14183983206748962, 0.08832116981157276]], [[465.6], [0.14183983206748962, 0.08832116981157276]], [[465.6], [0.14183983206748962, 0.08832116981157276]], [[465.6], [0.14183983206748962, 0.08832116981157276]]]}