{"103": [[[500.0], [-0.006693293495724599, 0.09315828102057061]], [[500.0], [-0.006693293495724599, 0.09315828102057061]], [[500.0], [-0.006693293495724599, 0.09315828102057061]], [[500.0], [-0.006693293495724599, 0.09315828102057061]], [[500.0], [-0.006693293495724599, 0.09315828102057061]], [[500.0], [-0.006693293495724599, 0.09315828102057061]], [[500.0], [-0.006693293495724599, 0.09315828102057061]], [[500.0], [-0.006693293495724599, 0.09315828102057061]], [[500.0], [-0.006693293495724599, 0.09315828102057061]], [[500.0], [-0.006693293495724599, 0.09315828102057061]], [[500.0], [-0.006693293495724599, 0.09315828102057061]], [[500.0], [-0.006693293495724599, 0.09315828102057061]], [[500.0], [-0.006693293495724599, 0.09315828102057061]], [[500.0], [-0.006693293495724599, 0.09315828102057061]], [[500.0], [-0.006693293495724599, 0.09315828102057061]], [[500.0], [-0.006693293495724599, 0.09315828102057061]], [[500.0], [-0.006693293495724599, 0.09315828102057061]], [[500.0], [-0.006693293495724599, 0.09315828102057061]], [[500.0], [-0.006693293495724599, 0.09315828102057061]], [[500.0], [-0.006693293495724599, 0.09315828102057061]], [[500.0], [-0.006693293495724599, 0.09315828102057061]], [[500.0], [-0.006693293495724599, 0.09315828102057061]], [[471.7], [0.09372254212697348, -0.007184431219749759]], [[500.0], [-0.006693293495724599, 0.09315828102057061]], [[500.0], [-0.006693293495724599, 0.09315828102057061]], [[11.6], [-0.025138574031492077, 0.5131281520190992]], [[500.0], [-0.011424370265255373, 0.13994889859662674]], [[500.0], [-0.006693293495724599, 0.09315828102057061]], [[500.0], [-0.006693293495724599, 0.09315828102057061]], [[491.5], [0.07252257938186328, -0.011341529341334361]]], "102": [[[500.0], [0.0043309542040030164, -0.01229798871328671]], [[500.0], [0.0043309542040030164, -0.01229798871328671]], [[500.0], [0.0043309542040030164, -0.01229798871328671]], [[67.9], [-0.05208788439631462, 0.5162892658174323]], [[500.0], [0.0043309542040030164, -0.01229798871328671]], [[500.0], [0.0043309542040030164, -0.01229798871328671]], [[500.0], [0.0043309542040030164, -0.01229798871328671]], [[500.0], [0.0043309542040030164, -0.01229798871328671]], [[500.0], [0.0043309542040030164, -0.01229798871328671]], [[500.0], [0.0043309542040030164, -0.01229798871328671]], [[500.0], [0.0043309542040030164, -0.01229798871328671]], [[9.6], [0.03666744567453861, -0.5957981901305714]], [[35.9], [0.10643433779478073, -0.5093898142924149]], [[500.0], [0.0043309542040030164, -0.01229798871328671]], [[500.0], [0.0043309542040030164, -0.01229798871328671]], [[500.0], [0.0043309542040030164, -0.01229798871328671]], [[500.0], [0.0043309542040030164, -0.01229798871328671]], [[500.0], [0.0043309542040030164, -0.01229798871328671]], [[500.0], [0.0043309542040030164, -0.01229798871328671]], [[500.0], [0.0043309542040030164, -0.01229798871328671]], [[500.0], [0.0043309542040030164, -0.01229798871328671]], [[500.0], [0.0043309542040030164, -0.01229798871328671]], [[500.0], [0.0043309542040030164, -0.01229798871328671]], [[500.0], [0.0043309542040030164, -0.01229798871328671]], [[500.0], [0.0043309542040030164, -0.01229798871328671]], [[500.0], [0.0043309542040030164, -0.01229798871328671]], [[500.0], [0.0043309542040030164, -0.01229798871328671]], [[500.0], [0.0043309542040030164, -0.01229798871328671]], [[500.0], [0.0043309542040030164, -0.01229798871328671]], [[500.0], [0.0043309542040030164, -0.01229798871328671]]], "101": [[[494.7], [0.0027844843377048773, -0.0044427270127647515]], [[500.0], [-0.292722632487615, -0.0025109567848796196]], [[500.0], [-0.292722632487615, -0.0025109567848796196]], [[19.9], [-0.01801305295278629, 0.517991598713341]], [[500.0], [-0.292722632487615, -0.0025109567848796196]], [[500.0], [-0.292722632487615, -0.0025109567848796196]], [[500.0], [-0.292722632487615, -0.0025109567848796196]], [[500.0], [-0.292722632487615, -0.0025109567848796196]], [[500.0], [-0.292722632487615, -0.0025109567848796196]], [[500.0], [-0.292722632487615, -0.0025109567848796196]], [[500.0], [-0.292722632487615, -0.0025109567848796196]], [[500.0], [-0.292722632487615, -0.0025109567848796196]], [[500.0], [-0.292722632487615, -0.0025109567848796196]], [[500.0], [-0.292722632487615, -0.0025109567848796196]], [[500.0], [-0.292722632487615, -0.0025109567848796196]], [[500.0], [-0.292722632487615, -0.0025109567848796196]], [[500.0], [-0.292722632487615, -0.0025109567848796196]], [[500.0], [-0.292722632487615, -0.0025109567848796196]], [[500.0], [-0.292722632487615, -0.0025109567848796196]], [[500.0], [-0.292722632487615, -0.0025109567848796196]], [[500.0], [-0.292722632487615, -0.0025109567848796196]], [[494.7], [0.0027844843377048773, -0.0044427270127647515]], [[500.0], [-0.292722632487615, -0.0025109567848796196]], [[500.0], [-0.292722632487615, -0.0025109567848796196]], [[500.0], [-0.292722632487615, -0.0025109567848796196]], [[500.0], [-0.292722632487615, -0.0025109567848796196]], [[500.0], [-0.292722632487615, -0.0025109567848796196]], [[494.7], [0.0027844843377048773, -0.0044427270127647515]], [[494.7], [0.0027844843377048773, -0.0044427270127647515]], [[494.7], [0.0027844843377048773, -0.0044427270127647515]]]}