{"103": [[[466.2], [-0.09122020254532497, 0.3934901510699514]], [[466.2], [-0.09122020254532497, 0.3934901510699514]], [[466.2], [-0.09122020254532497, 0.3934901510699514]], [[95.8], [0.05183607339859009, 0.5198706066209163]], [[500.0], [0.04871022887527943, -0.1220866841705222]], [[500.0], [0.04871022887527943, -0.1220866841705222]], [[466.2], [-0.09122020254532497, 0.3934901510699514]], [[500.0], [-0.009887647659828266, 0.1346105932476418]], [[447.6], [-0.054662072410186134, 0.5014353748143575]], [[500.0], [-0.009887647659828266, 0.1346105932476418]], [[49.2], [0.011955833372970423, 0.5209384637586237]], [[500.0], [-0.009887647659828266, 0.1346105932476418]], [[500.0], [-0.009887647659828266, 0.1346105932476418]], [[500.0], [-0.009887647659828266, 0.1346105932476418]], [[466.2], [-0.09122020254532497, 0.3934901510699514]], [[500.0], [-0.009887647659828266, 0.1346105932476418]], [[49.2], [0.011955833372970423, 0.5209384637586237]], [[466.2], [-0.09122020254532497, 0.3934901510699514]], [[466.2], [-0.09122020254532497, 0.3934901510699514]], [[500.0], [0.04871022887527943, -0.1220866841705222]], [[466.2], [-0.09122020254532497, 0.3934901510699514]], [[142.9], [0.06105453396836917, -0.5012548140931928]], [[39.3], [0.06861949960390727, -0.5267033594076713]], [[500.0], [-0.009887647659828266, 0.1346105932476418]], [[34.6], [-0.014080706362922987, 0.5292724550625925]], [[45.0], [0.004793622065335512, 0.5046995490361629]], [[10.4], [-0.026862376059095066, 0.5318051533835927]], [[500.0], [0.04871022887527943, -0.1220866841705222]], [[500.0], [-0.009887647659828266, 0.1346105932476418]], [[500.0], [-0.009887647659828266, 0.1346105932476418]]], "101": [[[500.0], [0.0043309542040030164, -0.01229798871328671]], [[500.0], [0.0043309542040030164, -0.01229798871328671]], [[500.0], [0.0043309542040030164, -0.01229798871328671]], [[500.0], [0.0043309542040030164, -0.01229798871328671]], [[37.8], [-0.009971804295976957, 0.5164516456959921]], [[500.0], [0.0043309542040030164, -0.01229798871328671]], [[500.0], [0.0043309542040030164, -0.01229798871328671]], [[39.5], [-0.004295963638772568, 0.5252042241644062]], [[500.0], [0.0043309542040030164, -0.01229798871328671]], [[500.0], [0.0043309542040030164, -0.01229798871328671]], [[37.8], [-0.009971804295976957, 0.5164516456959921]], [[500.0], [0.0043309542040030164, -0.01229798871328671]], [[500.0], [0.0043309542040030164, -0.01229798871328671]], [[21.6], [-0.017166252558430038, 0.5299070021182156]], [[500.0], [0.0043309542040030164, -0.01229798871328671]], [[500.0], [0.0043309542040030164, -0.01229798871328671]], [[500.0], [0.0043309542040030164, -0.01229798871328671]], [[500.0], [0.0043309542040030164, -0.01229798871328671]], [[500.0], [0.0043309542040030164, -0.01229798871328671]], [[500.0], [0.0043309542040030164, -0.01229798871328671]], [[500.0], [0.0043309542040030164, -0.01229798871328671]], [[500.0], [0.0043309542040030164, -0.01229798871328671]], [[500.0], [0.0043309542040030164, -0.01229798871328671]], [[500.0], [0.0043309542040030164, -0.01229798871328671]], [[37.8], [-0.009971804295976957, 0.5164516456959921]], [[500.0], [0.0043309542040030164, -0.01229798871328671]], [[500.0], [0.0043309542040030164, -0.01229798871328671]], [[500.0], [0.0043309542040030164, -0.01229798871328671]], [[40.9], [-0.004295963638772568, 0.5252042241644062]], [[500.0], [0.0043309542040030164, -0.01229798871328671]]], "102": [[[500.0], [0.008864388801157475, -0.0090191517310422]], [[40.1], [-0.009971804295976957, 0.5164516456959921]], [[9.5], [0.03666744567453861, -0.5957981901305714]], [[500.0], [0.008864388801157475, -0.0090191517310422]], [[500.0], [0.008864388801157475, -0.0090191517310422]], [[500.0], [0.008864388801157475, -0.0090191517310422]], [[500.0], [0.008864388801157475, -0.0090191517310422]], [[500.0], [0.008864388801157475, -0.0090191517310422]], [[500.0], [0.008864388801157475, -0.0090191517310422]], [[500.0], [0.008864388801157475, -0.0090191517310422]], [[500.0], [0.008864388801157475, -0.0090191517310422]], [[500.0], [0.008864388801157475, -0.0090191517310422]], [[33.5], [-0.009971804295976957, 0.5164516456959921]], [[500.0], [0.008864388801157475, -0.0090191517310422]], [[500.0], [0.008864388801157475, -0.0090191517310422]], [[500.0], [0.008864388801157475, -0.0090191517310422]], [[500.0], [0.008864388801157475, -0.0090191517310422]], [[500.0], [0.008864388801157475, -0.0090191517310422]], [[500.0], [0.008864388801157475, -0.0090191517310422]], [[500.0], [0.008864388801157475, -0.0090191517310422]], [[500.0], [0.008864388801157475, -0.0090191517310422]], [[500.0], [0.008864388801157475, -0.0090191517310422]], [[500.0], [0.008864388801157475, -0.0090191517310422]], [[9.2], [0.03666744567453861, -0.5957981901305714]], [[500.0], [0.008864388801157475, -0.0090191517310422]], [[60.8], [-0.027260637531677883, 0.567133667651546]], [[500.0], [0.008864388801157475, -0.0090191517310422]], [[500.0], [0.008864388801157475, -0.0090191517310422]], [[500.0], [0.008864388801157475, -0.0090191517310422]], [[500.0], [0.008864388801157475, -0.0090191517310422]]]}