{"101": [[[500.0], [0.08308559035261473, 0.00010699085051831054]], [[500.0], [0.08308559035261473, 0.00010699085051831054]], [[500.0], [0.08308559035261473, 0.00010699085051831054]], [[500.0], [0.08308559035261473, 0.00010699085051831054]], [[500.0], [0.08308559035261473, 0.00010699085051831054]], [[500.0], [0.08308559035261473, 0.00010699085051831054]], [[500.0], [0.08308559035261473, 0.00010699085051831054]], [[500.0], [0.08308559035261473, 0.00010699085051831054]], [[500.0], [0.08308559035261473, 0.00010699085051831054]], [[500.0], [0.08308559035261473, 0.00010699085051831054]], [[500.0], [0.08308559035261473, 0.00010699085051831054]], [[500.0], [0.08308559035261473, 0.00010699085051831054]], [[500.0], [0.08308559035261473, 0.00010699085051831054]], [[500.0], [0.08308559035261473, 0.00010699085051831054]], [[500.0], [0.08308559035261473, 0.00010699085051831054]], [[500.0], [0.08308559035261473, 0.00010699085051831054]], [[500.0], [0.08308559035261473, 0.00010699085051831054]], [[500.0], [0.08308559035261473, 0.00010699085051831054]], [[500.0], [0.08308559035261473, 0.00010699085051831054]], [[500.0], [0.08308559035261473, 0.00010699085051831054]], [[500.0], [0.08308559035261473, 0.00010699085051831054]], [[500.0], [0.08308559035261473, 0.00010699085051831054]], [[500.0], [0.08308559035261473, 0.00010699085051831054]], [[500.0], [0.08308559035261473, 0.00010699085051831054]], [[500.0], [0.08308559035261473, 0.00010699085051831054]], [[500.0], [0.08308559035261473, 0.00010699085051831054]], [[500.0], [0.08308559035261473, 0.00010699085051831054]], [[500.0], [0.08308559035261473, 0.00010699085051831054]], [[500.0], [0.08308559035261473, 0.00010699085051831054]], [[500.0], [0.08308559035261473, 0.00010699085051831054]]], "103": [[[500.0], [0.0043309542040030164, -0.01229798871328671]], [[356.7], [0.0012957481279348335, -0.011153515811528316]], [[356.7], [0.0012957481279348335, -0.011153515811528316]], [[500.0], [0.0043309542040030164, -0.01229798871328671]], [[500.0], [0.0043309542040030164, -0.01229798871328671]], [[500.0], [0.0043309542040030164, -0.01229798871328671]], [[356.7], [0.0012957481279348335, -0.011153515811528316]], [[356.7], [0.0012957481279348335, -0.011153515811528316]], [[111.6], [0.25570109486579895, -0.5265095373660184]], [[500.0], [0.0043309542040030164, -0.01229798871328671]], [[500.0], [0.0043309542040030164, -0.01229798871328671]], [[500.0], [0.0043309542040030164, -0.01229798871328671]], [[500.0], [0.0043309542040030164, -0.01229798871328671]], [[356.7], [0.0012957481279348335, -0.011153515811528316]], [[500.0], [0.0043309542040030164, -0.01229798871328671]], [[500.0], [0.0043309542040030164, -0.01229798871328671]], [[500.0], [0.0043309542040030164, -0.01229798871328671]], [[500.0], [0.0043309542040030164, -0.01229798871328671]], [[500.0], [0.0043309542040030164, -0.01229798871328671]], [[500.0], [0.0043309542040030164, -0.01229798871328671]], [[500.0], [0.0043309542040030164, -0.01229798871328671]], [[356.7], [0.0012957481279348335, -0.011153515811528316]], [[356.7], [0.0012957481279348335, -0.011153515811528316]], [[500.0], [0.0043309542040030164, -0.01229798871328671]], [[356.7], [0.0012957481279348335, -0.011153515811528316]], [[500.0], [0.0043309542040030164, -0.01229798871328671]], [[500.0], [0.0043309542040030164, -0.01229798871328671]], [[356.7], [0.0012957481279348335, -0.011153515811528316]], [[500.0], [0.0043309542040030164, -0.01229798871328671]], [[356.7], [0.0012957481279348335, -0.011153515811528316]]], "102": [[[500.0], [0.02095536484072606, -0.000738599794386534]], [[500.0], [0.02095536484072606, -0.000738599794386534]], [[500.0], [0.02095536484072606, -0.000738599794386534]], [[500.0], [0.02095536484072606, -0.000738599794386534]], [[500.0], [0.02095536484072606, -0.000738599794386534]], [[500.0], [0.02095536484072606, -0.000738599794386534]], [[500.0], [0.02095536484072606, -0.000738599794386534]], [[500.0], [0.02095536484072606, -0.000738599794386534]], [[500.0], [0.02095536484072606, -0.000738599794386534]], [[500.0], [0.02095536484072606, -0.000738599794386534]], [[500.0], [0.02095536484072606, -0.000738599794386534]], [[500.0], [0.02095536484072606, -0.000738599794386534]], [[500.0], [0.02095536484072606, -0.000738599794386534]], [[500.0], [0.02095536484072606, -0.000738599794386534]], [[500.0], [0.02095536484072606, -0.000738599794386534]], [[500.0], [0.02095536484072606, -0.000738599794386534]], [[500.0], [0.02095536484072606, -0.000738599794386534]], [[500.0], [0.02095536484072606, -0.000738599794386534]], [[500.0], [0.02095536484072606, -0.000738599794386534]], [[500.0], [0.02095536484072606, -0.000738599794386534]], [[500.0], [0.02095536484072606, -0.000738599794386534]], [[500.0], [0.02095536484072606, -0.000738599794386534]], [[500.0], [0.02095536484072606, -0.000738599794386534]], [[500.0], [0.02095536484072606, -0.000738599794386534]], [[500.0], [0.02095536484072606, -0.000738599794386534]], [[500.0], [0.02095536484072606, -0.000738599794386534]], [[500.0], [0.02095536484072606, -0.000738599794386534]], [[500.0], [0.02095536484072606, -0.000738599794386534]], [[500.0], [0.02095536484072606, -0.000738599794386534]], [[500.0], [0.02095536484072606, -0.000738599794386534]]]}