{"103": [[[500.0], [0.034371245031555496, 0.05581092677618328]], [[500.0], [0.034371245031555496, 0.05581092677618328]], [[500.0], [-0.005039787696053585, 0.05818464521443445]], [[500.0], [0.034371245031555496, 0.05581092677618328]], [[500.0], [-0.005039787696053585, 0.05818464521443445]], [[500.0], [-0.005039787696053585, 0.05818464521443445]], [[500.0], [-0.005039787696053585, 0.05818464521443445]], [[299.5], [0.16702163964509964, 0.5135786091311697]], [[500.0], [-0.005039787696053585, 0.05818464521443445]], [[500.0], [0.034371245031555496, 0.05581092677618328]], [[500.0], [0.034371245031555496, 0.05581092677618328]], [[500.0], [0.034371245031555496, 0.05581092677618328]], [[500.0], [-0.005039787696053585, 0.05818464521443445]], [[500.0], [-0.005039787696053585, 0.05818464521443445]], [[500.0], [-0.005039787696053585, 0.05818464521443445]], [[500.0], [-0.005039787696053585, 0.05818464521443445]], [[500.0], [-0.005039787696053585, 0.05818464521443445]], [[500.0], [-0.005039787696053585, 0.05818464521443445]], [[500.0], [0.034371245031555496, 0.05581092677618328]], [[500.0], [0.034371245031555496, 0.05581092677618328]], [[500.0], [-0.005039787696053585, 0.05818464521443445]], [[500.0], [0.034371245031555496, 0.05581092677618328]], [[500.0], [0.034371245031555496, 0.05581092677618328]], [[500.0], [0.034371245031555496, 0.05581092677618328]], [[500.0], [0.034371245031555496, 0.05581092677618328]], [[500.0], [0.034371245031555496, 0.05581092677618328]], [[500.0], [0.034371245031555496, 0.05581092677618328]], [[500.0], [0.034371245031555496, 0.05581092677618328]], [[500.0], [0.034371245031555496, 0.05581092677618328]], [[500.0], [-0.005039787696053585, 0.05818464521443445]]], "101": [[[500.0], [0.008774147524187963, 0.013838108833968354]], [[500.0], [0.013430297064284485, -0.01397204995333578]], [[500.0], [0.013430297064284485, -0.01397204995333578]], [[500.0], [0.013430297064284485, -0.01397204995333578]], [[500.0], [0.008774147524187963, 0.013838108833968354]], [[500.0], [0.008774147524187963, 0.013838108833968354]], [[500.0], [0.013430297064284485, -0.01397204995333578]], [[500.0], [0.008774147524187963, 0.013838108833968354]], [[398.6], [0.013439420921107134, -0.016279220046324025]], [[500.0], [0.008774147524187963, 0.013838108833968354]], [[500.0], [0.013430297064284485, -0.01397204995333578]], [[500.0], [0.013430297064284485, -0.01397204995333578]], [[500.0], [0.013430297064284485, -0.01397204995333578]], [[500.0], [0.013430297064284485, -0.01397204995333578]], [[500.0], [0.008774147524187963, 0.013838108833968354]], [[279.6], [0.14613788574934006, 0.5221330520639009]], [[500.0], [0.013430297064284485, -0.01397204995333578]], [[500.0], [0.013430297064284485, -0.01397204995333578]], [[500.0], [0.013430297064284485, -0.01397204995333578]], [[279.6], [0.14613788574934006, 0.5221330520639009]], [[500.0], [0.013430297064284485, -0.01397204995333578]], [[500.0], [0.013430297064284485, -0.01397204995333578]], [[52.0], [0.007337873491148154, 0.5393510229849929]], [[500.0], [0.013430297064284485, -0.01397204995333578]], [[500.0], [0.013430297064284485, -0.01397204995333578]], [[464.6], [0.014890337673326334, 7.208979639289322e-05]], [[500.0], [0.008774147524187963, 0.013838108833968354]], [[500.0], [0.013430297064284485, -0.01397204995333578]], [[500.0], [0.013430297064284485, -0.01397204995333578]], [[500.0], [0.008774147524187963, 0.013838108833968354]]], "102": [[[500.0], [0.0075537858841319885, -0.060898113692776444]], [[500.0], [0.0075537858841319885, -0.060898113692776444]], [[500.0], [0.0075537858841319885, -0.060898113692776444]], [[500.0], [0.0075537858841319885, -0.060898113692776444]], [[18.1], [0.026922837520639103, -0.5064799526091398]], [[500.0], [0.09218196074167888, -0.0008218022844304095]], [[500.0], [0.0075537858841319885, -0.060898113692776444]], [[18.1], [0.026922837520639103, -0.5064799526091398]], [[500.0], [0.0075537858841319885, -0.060898113692776444]], [[500.0], [0.0075537858841319885, -0.060898113692776444]], [[500.0], [0.0075537858841319885, -0.060898113692776444]], [[500.0], [0.09218196074167888, -0.0008218022844304095]], [[500.0], [0.0075537858841319885, -0.060898113692776444]], [[500.0], [0.0075537858841319885, -0.060898113692776444]], [[500.0], [0.0075537858841319885, -0.060898113692776444]], [[500.0], [0.0075537858841319885, -0.060898113692776444]], [[500.0], [0.0075537858841319885, -0.060898113692776444]], [[500.0], [0.0075537858841319885, -0.060898113692776444]], [[9.9], [0.03341943956911564, -0.5401550083639519]], [[70.4], [-0.04188166931271553, -0.5059413362347909]], [[500.0], [0.09218196074167888, -0.0008218022844304095]], [[500.0], [0.0075537858841319885, -0.060898113692776444]], [[500.0], [0.0075537858841319885, -0.060898113692776444]], [[500.0], [0.0075537858841319885, -0.060898113692776444]], [[500.0], [0.0075537858841319885, -0.060898113692776444]], [[500.0], [0.0075537858841319885, -0.060898113692776444]], [[500.0], [0.0075537858841319885, -0.060898113692776444]], [[500.0], [0.0075537858841319885, -0.060898113692776444]], [[37.8], [-0.009971804295976957, 0.5164516456959921]], [[28.1], [-0.012903501434872549, 0.525567163690996]]]}