{"101": [[[305.2], [-0.5043250819047292, -0.11345327934294797]], [[305.2], [-0.5043250819047292, -0.11345327934294797]], [[305.2], [-0.5043250819047292, -0.11345327934294797]], [[57.3], [0.008959433374305567, 0.5119494630389236]], [[126.5], [0.049375249072909355, 0.5215736524910448]], [[305.2], [-0.5043250819047292, -0.11345327934294797]], [[305.2], [-0.5043250819047292, -0.11345327934294797]], [[15.6], [0.03037220487991969, -0.523277589578948]], [[305.2], [-0.5043250819047292, -0.11345327934294797]], [[305.2], [-0.5043250819047292, -0.11345327934294797]], [[305.2], [-0.5043250819047292, -0.11345327934294797]], [[305.2], [-0.5043250819047292, -0.11345327934294797]], [[305.2], [-0.5043250819047292, -0.11345327934294797]], [[305.2], [-0.5043250819047292, -0.11345327934294797]], [[305.2], [-0.5043250819047292, -0.11345327934294797]], [[305.2], [-0.5043250819047292, -0.11345327934294797]], [[305.2], [-0.5043250819047292, -0.11345327934294797]], [[305.2], [-0.5043250819047292, -0.11345327934294797]], [[305.2], [-0.5043250819047292, -0.11345327934294797]], [[305.2], [-0.5043250819047292, -0.11345327934294797]], [[16.1], [0.03057920994857947, -0.5419642160954088]], [[305.2], [-0.5043250819047292, -0.11345327934294797]], [[305.2], [-0.5043250819047292, -0.11345327934294797]], [[305.2], [-0.5043250819047292, -0.11345327934294797]], [[305.2], [-0.5043250819047292, -0.11345327934294797]], [[305.2], [-0.5043250819047292, -0.11345327934294797]], [[305.2], [-0.5043250819047292, -0.11345327934294797]], [[305.2], [-0.5043250819047292, -0.11345327934294797]], [[305.2], [-0.5043250819047292, -0.11345327934294797]], [[305.2], [-0.5043250819047292, -0.11345327934294797]]], "102": [[[500.0], [-0.0062693527434021235, -0.01421794584956751]], [[500.0], [-0.0062693527434021235, -0.01421794584956751]], [[500.0], [0.05880595495303472, 0.00831270735247426]], [[500.0], [0.05880595495303472, 0.00831270735247426]], [[500.0], [-0.0062693527434021235, -0.01421794584956751]], [[500.0], [-0.0062693527434021235, -0.01421794584956751]], [[500.0], [-0.0062693527434021235, -0.01421794584956751]], [[244.7], [0.30192576348781586, 0.5050132220441645]], [[500.0], [-0.0062693527434021235, -0.01421794584956751]], [[500.0], [-0.0062693527434021235, -0.01421794584956751]], [[500.0], [-0.0062693527434021235, -0.01421794584956751]], [[500.0], [-0.0062693527434021235, -0.01421794584956751]], [[500.0], [-0.0062693527434021235, -0.01421794584956751]], [[500.0], [-0.0062693527434021235, -0.01421794584956751]], [[181.2], [-0.302475169301033, 0.506123964581193]], [[500.0], [-0.0062693527434021235, -0.01421794584956751]], [[500.0], [-0.0062693527434021235, -0.01421794584956751]], [[500.0], [-0.0062693527434021235, -0.01421794584956751]], [[500.0], [-0.0062693527434021235, -0.01421794584956751]], [[500.0], [-0.0062693527434021235, -0.01421794584956751]], [[500.0], [-0.0062693527434021235, -0.01421794584956751]], [[500.0], [-0.0062693527434021235, -0.01421794584956751]], [[500.0], [-0.0062693527434021235, -0.01421794584956751]], [[54.8], [0.05283171311020851, -0.5111307547423258]], [[500.0], [-0.0062693527434021235, -0.01421794584956751]], [[500.0], [-0.0062693527434021235, -0.01421794584956751]], [[11.1], [0.034564274052778884, -0.5708690465352182]], [[415.4], [0.004533389971281092, -0.06258874935539145]], [[244.7], [0.30192576348781586, 0.5050132220441645]], [[60.9], [0.016105415609975658, 0.5109926516359503]]], "103": [[[396.3], [0.06942097097635269, 0.006588264457596261]], [[396.3], [0.06942097097635269, 0.006588264457596261]], [[396.3], [0.06942097097635269, 0.006588264457596261]], [[396.3], [0.06942097097635269, 0.006588264457596261]], [[396.3], [0.06942097097635269, 0.006588264457596261]], [[15.9], [0.03037220487991969, -0.523277589578948]], [[396.3], [0.06942097097635269, 0.006588264457596261]], [[396.3], [0.06942097097635269, 0.006588264457596261]], [[396.3], [0.06942097097635269, 0.006588264457596261]], [[396.3], [0.06942097097635269, 0.006588264457596261]], [[38.4], [-0.0017500455336024365, 0.5031357113824507]], [[396.3], [0.06942097097635269, 0.006588264457596261]], [[396.3], [0.06942097097635269, 0.006588264457596261]], [[396.3], [0.06942097097635269, 0.006588264457596261]], [[396.3], [0.06942097097635269, 0.006588264457596261]], [[396.3], [0.06942097097635269, 0.006588264457596261]], [[212.0], [0.0713246005276839, 0.5168345841494474]], [[396.3], [0.06942097097635269, 0.006588264457596261]], [[38.4], [-0.0017500455336024365, 0.5031357113824507]], [[396.3], [0.06942097097635269, 0.006588264457596261]], [[212.0], [0.0713246005276839, 0.5168345841494474]], [[396.3], [0.06942097097635269, 0.006588264457596261]], [[396.3], [0.06942097097635269, 0.006588264457596261]], [[396.3], [0.06942097097635269, 0.006588264457596261]], [[396.3], [0.06942097097635269, 0.006588264457596261]], [[396.3], [0.06942097097635269, 0.006588264457596261]], [[396.3], [0.06942097097635269, 0.006588264457596261]], [[396.3], [0.06942097097635269, 0.006588264457596261]], [[396.3], [0.06942097097635269, 0.006588264457596261]], [[212.0], [0.0713246005276839, 0.5168345841494474]]]}