{"103": [[[500.0], [0.004263885784894228, 0.0046926559479327865]], [[500.0], [0.004263885784894228, 0.0046926559479327865]], [[430.1], [0.011895339315136274, -0.00902912557196389]], [[500.0], [0.004263885784894228, 0.0046926559479327865]], [[500.0], [0.004263885784894228, 0.0046926559479327865]], [[500.0], [0.004263885784894228, 0.0046926559479327865]], [[500.0], [0.004263885784894228, 0.0046926559479327865]], [[500.0], [0.004263885784894228, 0.0046926559479327865]], [[387.7], [0.19243343422810238, 0.32523862625423233]], [[500.0], [0.004263885784894228, 0.0046926559479327865]], [[387.7], [0.19243343422810238, 0.32523862625423233]], [[430.1], [0.011895339315136274, -0.00902912557196389]], [[387.7], [0.19243343422810238, 0.32523862625423233]], [[500.0], [0.004263885784894228, 0.0046926559479327865]], [[387.7], [0.19243343422810238, 0.32523862625423233]], [[430.1], [0.011895339315136274, -0.00902912557196389]], [[500.0], [0.004263885784894228, 0.0046926559479327865]], [[387.7], [0.19243343422810238, 0.32523862625423233]], [[430.1], [0.011895339315136274, -0.00902912557196389]], [[500.0], [0.004263885784894228, 0.0046926559479327865]], [[500.0], [0.004263885784894228, 0.0046926559479327865]], [[430.1], [0.011895339315136274, -0.00902912557196389]], [[387.7], [0.19243343422810238, 0.32523862625423233]], [[500.0], [0.004263885784894228, 0.0046926559479327865]], [[500.0], [0.004263885784894228, 0.0046926559479327865]], [[387.7], [0.19243343422810238, 0.32523862625423233]], [[387.7], [0.19243343422810238, 0.32523862625423233]], [[387.7], [0.19243343422810238, 0.32523862625423233]], [[387.7], [0.19243343422810238, 0.32523862625423233]], [[387.7], [0.19243343422810238, 0.32523862625423233]]], "102": [[[500.0], [0.04519769611457984, 0.0005000937297276297]], [[500.0], [0.04519769611457984, 0.0005000937297276297]], [[500.0], [0.04519769611457984, 0.0005000937297276297]], [[500.0], [0.04519769611457984, 0.0005000937297276297]], [[500.0], [0.04519769611457984, 0.0005000937297276297]], [[500.0], [0.04519769611457984, 0.0005000937297276297]], [[500.0], [0.04519769611457984, 0.0005000937297276297]], [[500.0], [0.04519769611457984, 0.0005000937297276297]], [[500.0], [0.04519769611457984, 0.0005000937297276297]], [[500.0], [0.04519769611457984, 0.0005000937297276297]], [[500.0], [0.04519769611457984, 0.0005000937297276297]], [[500.0], [0.04519769611457984, 0.0005000937297276297]], [[500.0], [0.03311273021002611, -0.009282570639758875]], [[500.0], [0.04519769611457984, 0.0005000937297276297]], [[500.0], [0.04519769611457984, 0.0005000937297276297]], [[500.0], [0.04519769611457984, 0.0005000937297276297]], [[500.0], [0.04519769611457984, 0.0005000937297276297]], [[500.0], [0.04519769611457984, 0.0005000937297276297]], [[500.0], [0.04519769611457984, 0.0005000937297276297]], [[500.0], [0.04519769611457984, 0.0005000937297276297]], [[500.0], [0.04519769611457984, 0.0005000937297276297]], [[500.0], [0.04519769611457984, 0.0005000937297276297]], [[500.0], [0.04519769611457984, 0.0005000937297276297]], [[500.0], [0.03311273021002611, -0.009282570639758875]], [[500.0], [0.04519769611457984, 0.0005000937297276297]], [[500.0], [0.04519769611457984, 0.0005000937297276297]], [[500.0], [0.04519769611457984, 0.0005000937297276297]], [[500.0], [0.04519769611457984, 0.0005000937297276297]], [[500.0], [0.04519769611457984, 0.0005000937297276297]], [[500.0], [0.04519769611457984, 0.0005000937297276297]]], "101": [[[500.0], [-0.036689493184288345, 0.013909787251547193]], [[500.0], [-0.036689493184288345, 0.013909787251547193]], [[500.0], [-0.036689493184288345, 0.013909787251547193]], [[500.0], [-0.036689493184288345, 0.013909787251547193]], [[500.0], [-0.036689493184288345, 0.013909787251547193]], [[500.0], [-0.036689493184288345, 0.013909787251547193]], [[17.4], [-0.02284762915223837, 0.5573225363589931]], [[500.0], [-0.036689493184288345, 0.013909787251547193]], [[500.0], [-0.036689493184288345, 0.013909787251547193]], [[500.0], [-0.036689493184288345, 0.013909787251547193]], [[500.0], [-0.036689493184288345, 0.013909787251547193]], [[500.0], [-0.036689493184288345, 0.013909787251547193]], [[500.0], [-0.036689493184288345, 0.013909787251547193]], [[500.0], [0.01338132657110691, -0.001566216508906923]], [[500.0], [-0.036689493184288345, 0.013909787251547193]], [[500.0], [0.0345166710515817, 0.018962761431789855]], [[500.0], [0.0345166710515817, 0.018962761431789855]], [[500.0], [-0.036689493184288345, 0.013909787251547193]], [[500.0], [-0.036689493184288345, 0.013909787251547193]], [[500.0], [0.0345166710515817, 0.018962761431789855]], [[500.0], [-0.036689493184288345, 0.013909787251547193]], [[500.0], [-0.036689493184288345, 0.013909787251547193]], [[500.0], [-0.036689493184288345, 0.013909787251547193]], [[500.0], [-0.036689493184288345, 0.013909787251547193]], [[500.0], [-0.036689493184288345, 0.013909787251547193]], [[500.0], [-0.036689493184288345, 0.013909787251547193]], [[500.0], [-0.036689493184288345, 0.013909787251547193]], [[500.0], [-0.036689493184288345, 0.013909787251547193]], [[41.9], [-0.0018553379535054169, 0.5168461343318081]], [[500.0], [-0.036689493184288345, 0.013909787251547193]]]}