{"101": [[[500.0], [-0.006693293495724599, 0.09315828102057061]], [[500.0], [-0.006693293495724599, 0.09315828102057061]], [[500.0], [-0.006693293495724599, 0.09315828102057061]], [[500.0], [-0.006693293495724599, 0.09315828102057061]], [[500.0], [-0.006693293495724599, 0.09315828102057061]], [[500.0], [-0.006693293495724599, 0.09315828102057061]], [[500.0], [-0.006693293495724599, 0.09315828102057061]], [[500.0], [-0.006693293495724599, 0.09315828102057061]], [[500.0], [-0.006693293495724599, 0.09315828102057061]], [[500.0], [-0.006693293495724599, 0.09315828102057061]], [[500.0], [-0.006693293495724599, 0.09315828102057061]], [[500.0], [-0.006693293495724599, 0.09315828102057061]], [[500.0], [-0.006693293495724599, 0.09315828102057061]], [[500.0], [-0.006693293495724599, 0.09315828102057061]], [[500.0], [-0.006693293495724599, 0.09315828102057061]], [[76.8], [0.03389329339067142, 0.507336519836809]], [[500.0], [-0.006693293495724599, 0.09315828102057061]], [[500.0], [-0.006693293495724599, 0.09315828102057061]], [[500.0], [-0.006693293495724599, 0.09315828102057061]], [[500.0], [-0.006693293495724599, 0.09315828102057061]], [[500.0], [-0.006693293495724599, 0.09315828102057061]], [[500.0], [-0.006693293495724599, 0.09315828102057061]], [[500.0], [-0.006693293495724599, 0.09315828102057061]], [[500.0], [-0.006693293495724599, 0.09315828102057061]], [[500.0], [-0.006693293495724599, 0.09315828102057061]], [[500.0], [-0.006693293495724599, 0.09315828102057061]], [[500.0], [-0.006693293495724599, 0.09315828102057061]], [[500.0], [-0.006693293495724599, 0.09315828102057061]], [[500.0], [-0.006693293495724599, 0.09315828102057061]], [[500.0], [-0.006693293495724599, 0.09315828102057061]]], "102": [[[455.4], [0.0012348801828920841, 0.004334114859566877]], [[455.4], [0.0012348801828920841, 0.004334114859566877]], [[455.4], [0.0012348801828920841, 0.004334114859566877]], [[455.4], [0.0012348801828920841, 0.004334114859566877]], [[455.4], [0.0012348801828920841, 0.004334114859566877]], [[455.4], [0.0012348801828920841, 0.004334114859566877]], [[455.4], [0.0012348801828920841, 0.004334114859566877]], [[455.4], [0.0012348801828920841, 0.004334114859566877]], [[455.4], [0.0012348801828920841, 0.004334114859566877]], [[455.4], [0.0012348801828920841, 0.004334114859566877]], [[455.4], [0.0012348801828920841, 0.004334114859566877]], [[455.4], [0.0012348801828920841, 0.004334114859566877]], [[455.4], [0.0012348801828920841, 0.004334114859566877]], [[455.4], [0.0012348801828920841, 0.004334114859566877]], [[455.4], [0.0012348801828920841, 0.004334114859566877]], [[455.4], [0.0012348801828920841, 0.004334114859566877]], [[455.4], [0.0012348801828920841, 0.004334114859566877]], [[455.4], [0.0012348801828920841, 0.004334114859566877]], [[455.4], [0.0012348801828920841, 0.004334114859566877]], [[455.4], [0.0012348801828920841, 0.004334114859566877]], [[455.4], [0.0012348801828920841, 0.004334114859566877]], [[455.4], [0.0012348801828920841, 0.004334114859566877]], [[455.4], [0.0012348801828920841, 0.004334114859566877]], [[455.4], [0.0012348801828920841, 0.004334114859566877]], [[455.4], [0.0012348801828920841, 0.004334114859566877]], [[455.4], [0.0012348801828920841, 0.004334114859566877]], [[455.4], [0.0012348801828920841, 0.004334114859566877]], [[455.4], [0.0012348801828920841, 0.004334114859566877]], [[455.4], [0.0012348801828920841, 0.004334114859566877]], [[455.4], [0.0012348801828920841, 0.004334114859566877]]], "103": [[[396.3], [0.06942097097635269, 0.006588264457596261]], [[396.3], [0.06942097097635269, 0.006588264457596261]], [[396.3], [0.06942097097635269, 0.006588264457596261]], [[396.3], [0.06942097097635269, 0.006588264457596261]], [[396.3], [0.06942097097635269, 0.006588264457596261]], [[396.3], [0.06942097097635269, 0.006588264457596261]], [[396.3], [0.06942097097635269, 0.006588264457596261]], [[396.3], [0.06942097097635269, 0.006588264457596261]], [[396.3], [0.06942097097635269, 0.006588264457596261]], [[396.3], [0.06942097097635269, 0.006588264457596261]], [[396.3], [0.06942097097635269, 0.006588264457596261]], [[396.3], [0.06942097097635269, 0.006588264457596261]], [[396.3], [0.06942097097635269, 0.006588264457596261]], [[396.3], [0.06942097097635269, 0.006588264457596261]], [[396.3], [0.06942097097635269, 0.006588264457596261]], [[396.3], [0.06942097097635269, 0.006588264457596261]], [[396.3], [0.06942097097635269, 0.006588264457596261]], [[396.3], [0.06942097097635269, 0.006588264457596261]], [[396.3], [0.06942097097635269, 0.006588264457596261]], [[396.3], [0.06942097097635269, 0.006588264457596261]], [[396.3], [0.06942097097635269, 0.006588264457596261]], [[396.3], [0.06942097097635269, 0.006588264457596261]], [[396.3], [0.06942097097635269, 0.006588264457596261]], [[396.3], [0.06942097097635269, 0.006588264457596261]], [[396.3], [0.06942097097635269, 0.006588264457596261]], [[396.3], [0.06942097097635269, 0.006588264457596261]], [[396.3], [0.06942097097635269, 0.006588264457596261]], [[396.3], [0.06942097097635269, 0.006588264457596261]], [[396.3], [0.06942097097635269, 0.006588264457596261]], [[396.3], [0.06942097097635269, 0.006588264457596261]]]}