{"102": [[[199.8], [0.04652532748878002, 0.5232959486651079]], [[500.0], [0.013366136699914932, 0.002278736625401455]], [[136.5], [-0.44284577171007794, -0.503080527177838]], [[500.0], [0.013366136699914932, 0.002278736625401455]], [[500.0], [-0.014075255021452904, 0.043675223249567754]], [[500.0], [0.013366136699914932, 0.002278736625401455]], [[500.0], [-0.014075255021452904, 0.043675223249567754]], [[500.0], [-0.014075255021452904, 0.043675223249567754]], [[500.0], [-0.014075255021452904, 0.043675223249567754]], [[500.0], [0.013366136699914932, 0.002278736625401455]], [[500.0], [0.013366136699914932, 0.002278736625401455]], [[500.0], [0.013366136699914932, 0.002278736625401455]], [[500.0], [0.045166093235214554, 0.008510929224878977]], [[9.6], [0.03666744567453861, -0.5957981901305714]], [[500.0], [0.013366136699914932, 0.002278736625401455]], [[500.0], [0.013366136699914932, 0.002278736625401455]], [[500.0], [-0.014075255021452904, 0.043675223249567754]], [[500.0], [0.013366136699914932, 0.002278736625401455]], [[500.0], [0.045166093235214554, 0.008510929224878977]], [[500.0], [-0.014075255021452904, 0.043675223249567754]], [[9.8], [0.03666744567453861, -0.5957981901305714]], [[500.0], [0.013366136699914932, 0.002278736625401455]], [[500.0], [0.013366136699914932, 0.002278736625401455]], [[500.0], [-0.014075255021452904, 0.043675223249567754]], [[500.0], [-0.014075255021452904, 0.043675223249567754]], [[78.5], [0.030636293813586235, 0.5385585164909729]], [[500.0], [0.045166093235214554, 0.008510929224878977]], [[500.0], [-0.014075255021452904, 0.043675223249567754]], [[500.0], [-0.014075255021452904, 0.043675223249567754]], [[500.0], [-0.014075255021452904, 0.043675223249567754]]], "101": [[[500.0], [0.010366520533959072, -0.005636533552950079]], [[500.0], [0.007305448719610771, 0.001996825783375348]], [[500.0], [0.010366520533959072, -0.005636533552950079]], [[500.0], [0.010366520533959072, -0.005636533552950079]], [[500.0], [0.010366520533959072, -0.005636533552950079]], [[500.0], [0.010366520533959072, -0.005636533552950079]], [[500.0], [0.010366520533959072, -0.005636533552950079]], [[500.0], [-0.0018052339631443224, 0.006667361706138799]], [[81.2], [0.037809383744994804, 0.5170256255916431]], [[500.0], [0.010366520533959072, -0.005636533552950079]], [[81.2], [0.037809383744994804, 0.5170256255916431]], [[500.0], [0.010366520533959072, -0.005636533552950079]], [[500.0], [0.010366520533959072, -0.005636533552950079]], [[500.0], [0.010366520533959072, -0.005636533552950079]], [[500.0], [-0.0018052339631443224, 0.006667361706138799]], [[500.0], [0.010366520533959072, -0.005636533552950079]], [[81.2], [0.037809383744994804, 0.5170256255916431]], [[500.0], [0.010366520533959072, -0.005636533552950079]], [[500.0], [0.010366520533959072, -0.005636533552950079]], [[500.0], [0.007305448719610771, 0.001996825783375348]], [[500.0], [0.010366520533959072, -0.005636533552950079]], [[500.0], [0.010366520533959072, -0.005636533552950079]], [[500.0], [0.010366520533959072, -0.005636533552950079]], [[500.0], [0.05464774866898855, -0.08996175914004659]], [[500.0], [0.010366520533959072, -0.005636533552950079]], [[500.0], [0.010366520533959072, -0.005636533552950079]], [[59.6], [0.002324934466741979, -0.5089019260338049]], [[500.0], [0.010366520533959072, -0.005636533552950079]], [[500.0], [0.010366520533959072, -0.005636533552950079]], [[500.0], [0.010366520533959072, -0.005636533552950079]]], "103": [[[422.2], [0.4522549112637838, 0.5069366482456336]], [[433.4], [0.1103766014178594, -0.0031385623680597005]], [[433.4], [0.1103766014178594, -0.0031385623680597005]], [[422.2], [0.4522549112637838, 0.5069366482456336]], [[433.4], [0.1103766014178594, -0.0031385623680597005]], [[433.4], [0.1103766014178594, -0.0031385623680597005]], [[20.5], [0.0279672226558129, -0.5106184827653986]], [[422.2], [0.4522549112637838, 0.5069366482456336]], [[433.4], [0.1103766014178594, -0.0031385623680597005]], [[433.4], [0.1103766014178594, -0.0031385623680597005]], [[422.2], [0.4522549112637838, 0.5069366482456336]], [[433.4], [0.1103766014178594, -0.0031385623680597005]], [[433.4], [0.1103766014178594, -0.0031385623680597005]], [[433.4], [0.1103766014178594, -0.0031385623680597005]], [[433.4], [0.1103766014178594, -0.0031385623680597005]], [[120.9], [-0.059725635995467506, -0.5064941051474029]], [[433.4], [0.1103766014178594, -0.0031385623680597005]], [[433.4], [0.1103766014178594, -0.0031385623680597005]], [[433.4], [0.1103766014178594, -0.0031385623680597005]], [[422.2], [0.4522549112637838, 0.5069366482456336]], [[433.4], [0.1103766014178594, -0.0031385623680597005]], [[433.4], [0.1103766014178594, -0.0031385623680597005]], [[433.4], [0.1103766014178594, -0.0031385623680597005]], [[433.4], [0.1103766014178594, -0.0031385623680597005]], [[433.4], [0.1103766014178594, -0.0031385623680597005]], [[433.4], [0.1103766014178594, -0.0031385623680597005]], [[433.4], [0.1103766014178594, -0.0031385623680597005]], [[433.4], [0.1103766014178594, -0.0031385623680597005]], [[433.4], [0.1103766014178594, -0.0031385623680597005]], [[422.2], [0.4522549112637838, 0.5069366482456336]]]}