{"103": [[[500.0], [0.08160674323638281, -0.009167327269305739]], [[500.0], [0.08160674323638281, -0.009167327269305739]], [[500.0], [0.08160674323638281, -0.009167327269305739]], [[500.0], [0.08160674323638281, -0.009167327269305739]], [[500.0], [0.08160674323638281, -0.009167327269305739]], [[500.0], [0.08160674323638281, -0.009167327269305739]], [[500.0], [0.08160674323638281, -0.009167327269305739]], [[500.0], [0.08160674323638281, -0.009167327269305739]], [[500.0], [0.08160674323638281, -0.009167327269305739]], [[382.2], [0.12399052580197653, 0.003233075456061004]], [[500.0], [0.08160674323638281, -0.009167327269305739]], [[500.0], [0.08160674323638281, -0.009167327269305739]], [[500.0], [0.08160674323638281, -0.009167327269305739]], [[500.0], [0.08160674323638281, -0.009167327269305739]], [[500.0], [0.08160674323638281, -0.009167327269305739]], [[500.0], [0.08160674323638281, -0.009167327269305739]], [[500.0], [0.08160674323638281, -0.009167327269305739]], [[83.6], [0.055012237280607224, 0.5053307094642421]], [[500.0], [0.08160674323638281, -0.009167327269305739]], [[500.0], [0.08160674323638281, -0.009167327269305739]], [[500.0], [0.08160674323638281, -0.009167327269305739]], [[500.0], [0.08160674323638281, -0.009167327269305739]], [[382.2], [0.12399052580197653, 0.003233075456061004]], [[500.0], [0.08160674323638281, -0.009167327269305739]], [[500.0], [0.08160674323638281, -0.009167327269305739]], [[500.0], [0.08160674323638281, -0.009167327269305739]], [[500.0], [0.08160674323638281, -0.009167327269305739]], [[500.0], [0.08160674323638281, -0.009167327269305739]], [[500.0], [0.08160674323638281, -0.009167327269305739]], [[382.2], [0.12399052580197653, 0.003233075456061004]]], "101": [[[500.0], [0.01337546855211258, -8.512897388820211e-05]], [[500.0], [-0.0035254971589893103, 0.05845870359234833]], [[500.0], [0.01337546855211258, -8.512897388820211e-05]], [[500.0], [0.016289699512223404, 0.029479953322256582]], [[500.0], [-0.0035254971589893103, 0.05845870359234833]], [[500.0], [0.01337546855211258, -8.512897388820211e-05]], [[19.5], [-0.01967454173912605, 0.5207513793233479]], [[500.0], [0.01337546855211258, -8.512897388820211e-05]], [[500.0], [0.01337546855211258, -8.512897388820211e-05]], [[500.0], [0.01337546855211258, -8.512897388820211e-05]], [[9.4], [0.03666744567453861, -0.5957981901305714]], [[500.0], [0.01337546855211258, -8.512897388820211e-05]], [[500.0], [0.01337546855211258, -8.512897388820211e-05]], [[500.0], [0.01337546855211258, -8.512897388820211e-05]], [[500.0], [-0.0035254971589893103, 0.05845870359234833]], [[500.0], [0.01337546855211258, -8.512897388820211e-05]], [[500.0], [0.01337546855211258, -8.512897388820211e-05]], [[500.0], [0.01337546855211258, -8.512897388820211e-05]], [[500.0], [0.01337546855211258, -8.512897388820211e-05]], [[500.0], [-0.0035254971589893103, 0.05845870359234833]], [[500.0], [0.01337546855211258, -8.512897388820211e-05]], [[500.0], [0.01337546855211258, -8.512897388820211e-05]], [[500.0], [0.01337546855211258, -8.512897388820211e-05]], [[500.0], [0.01337546855211258, -8.512897388820211e-05]], [[94.8], [0.10267709692319235, 0.508571426834216]], [[500.0], [-0.0035254971589893103, 0.05845870359234833]], [[500.0], [0.01337546855211258, -8.512897388820211e-05]], [[500.0], [-0.0035254971589893103, 0.05845870359234833]], [[500.0], [0.01337546855211258, -8.512897388820211e-05]], [[500.0], [0.01337546855211258, -8.512897388820211e-05]]], "102": [[[500.0], [0.013426638518770536, -0.013046994867721243]], [[500.0], [-0.0033150912107278905, 0.005157266712288537]], [[500.0], [0.013426638518770536, -0.013046994867721243]], [[500.0], [0.013426638518770536, -0.013046994867721243]], [[500.0], [-0.0033150912107278905, 0.005157266712288537]], [[500.0], [0.013426638518770536, -0.013046994867721243]], [[500.0], [0.013426638518770536, -0.013046994867721243]], [[500.0], [0.013426638518770536, -0.013046994867721243]], [[373.7], [0.14528006315231323, -0.015286757704316145]], [[500.0], [0.013426638518770536, -0.013046994867721243]], [[322.8], [0.017873539278904598, 0.012155304747548971]], [[500.0], [0.013426638518770536, -0.013046994867721243]], [[500.0], [0.013426638518770536, -0.013046994867721243]], [[500.0], [0.013426638518770536, -0.013046994867721243]], [[500.0], [0.05738416065772375, -0.015415588803767588]], [[500.0], [0.013426638518770536, -0.013046994867721243]], [[230.1], [0.3494330495595932, 0.5158538881101107]], [[500.0], [0.013426638518770536, -0.013046994867721243]], [[500.0], [0.013426638518770536, -0.013046994867721243]], [[230.1], [0.3494330495595932, 0.5158538881101107]], [[230.1], [0.3494330495595932, 0.5158538881101107]], [[500.0], [0.013426638518770536, -0.013046994867721243]], [[500.0], [0.013426638518770536, -0.013046994867721243]], [[64.6], [0.024063163436949253, 0.5310621629491378]], [[500.0], [-0.0033150912107278905, 0.005157266712288537]], [[500.0], [-0.0033150912107278905, 0.005157266712288537]], [[500.0], [0.013426638518770536, -0.013046994867721243]], [[500.0], [-0.0033150912107278905, 0.005157266712288537]], [[500.0], [0.013426638518770536, -0.013046994867721243]], [[500.0], [0.013426638518770536, -0.013046994867721243]]]}