{"102": [[[500.0], [0.023973857363065086, 0.0024002474848555323]], [[500.0], [0.023973857363065086, 0.0024002474848555323]], [[500.0], [0.023973857363065086, 0.0024002474848555323]], [[500.0], [0.023973857363065086, 0.0024002474848555323]], [[500.0], [0.023973857363065086, 0.0024002474848555323]], [[500.0], [0.023973857363065086, 0.0024002474848555323]], [[500.0], [0.023973857363065086, 0.0024002474848555323]], [[500.0], [0.023973857363065086, 0.0024002474848555323]], [[500.0], [0.023973857363065086, 0.0024002474848555323]], [[500.0], [0.023973857363065086, 0.0024002474848555323]], [[500.0], [0.023973857363065086, 0.0024002474848555323]], [[500.0], [0.023973857363065086, 0.0024002474848555323]], [[500.0], [0.023973857363065086, 0.0024002474848555323]], [[500.0], [0.023973857363065086, 0.0024002474848555323]], [[500.0], [0.023973857363065086, 0.0024002474848555323]], [[500.0], [0.023973857363065086, 0.0024002474848555323]], [[500.0], [0.023973857363065086, 0.0024002474848555323]], [[500.0], [0.023973857363065086, 0.0024002474848555323]], [[500.0], [0.023973857363065086, 0.0024002474848555323]], [[500.0], [0.023973857363065086, 0.0024002474848555323]], [[500.0], [0.023973857363065086, 0.0024002474848555323]], [[500.0], [0.023973857363065086, 0.0024002474848555323]], [[500.0], [0.023973857363065086, 0.0024002474848555323]], [[500.0], [0.023973857363065086, 0.0024002474848555323]], [[500.0], [0.023973857363065086, 0.0024002474848555323]], [[500.0], [0.023973857363065086, 0.0024002474848555323]], [[500.0], [0.023973857363065086, 0.0024002474848555323]], [[500.0], [0.023973857363065086, 0.0024002474848555323]], [[500.0], [0.023973857363065086, 0.0024002474848555323]], [[9.6], [0.03666744567453861, -0.5957981901305714]]], "101": [[[500.0], [0.010307493309179943, 0.009308892756736164]], [[500.0], [0.010307493309179943, 0.009308892756736164]], [[500.0], [0.010307493309179943, 0.009308892756736164]], [[500.0], [0.010307493309179943, 0.009308892756736164]], [[500.0], [0.010307493309179943, 0.009308892756736164]], [[500.0], [0.010307493309179943, 0.009308892756736164]], [[500.0], [0.010307493309179943, 0.009308892756736164]], [[500.0], [0.010307493309179943, 0.009308892756736164]], [[500.0], [0.010307493309179943, 0.009308892756736164]], [[500.0], [0.010307493309179943, 0.009308892756736164]], [[500.0], [0.010307493309179943, 0.009308892756736164]], [[500.0], [0.010307493309179943, 0.009308892756736164]], [[500.0], [0.010307493309179943, 0.009308892756736164]], [[500.0], [0.010307493309179943, 0.009308892756736164]], [[500.0], [0.010307493309179943, 0.009308892756736164]], [[500.0], [0.010307493309179943, 0.009308892756736164]], [[500.0], [0.010307493309179943, 0.009308892756736164]], [[500.0], [0.02851251823206743, 0.004369945434684103]], [[500.0], [0.02851251823206743, 0.004369945434684103]], [[500.0], [0.010307493309179943, 0.009308892756736164]], [[500.0], [0.010307493309179943, 0.009308892756736164]], [[500.0], [0.010307493309179943, 0.009308892756736164]], [[500.0], [0.010307493309179943, 0.009308892756736164]], [[500.0], [0.010307493309179943, 0.009308892756736164]], [[500.0], [0.010307493309179943, 0.009308892756736164]], [[500.0], [0.010307493309179943, 0.009308892756736164]], [[500.0], [0.010307493309179943, 0.009308892756736164]], [[500.0], [0.010307493309179943, 0.009308892756736164]], [[500.0], [0.02851251823206743, 0.004369945434684103]], [[500.0], [0.010307493309179943, 0.009308892756736164]]], "103": [[[496.1], [0.21061216791470846, -0.4451257403957787]], [[496.1], [0.21061216791470846, -0.4451257403957787]], [[382.6], [0.08307659377654394, 0.0023992390162422897]], [[496.1], [0.21061216791470846, -0.4451257403957787]], [[496.1], [0.21061216791470846, -0.4451257403957787]], [[496.1], [0.21061216791470846, -0.4451257403957787]], [[496.1], [0.21061216791470846, -0.4451257403957787]], [[496.1], [0.21061216791470846, -0.4451257403957787]], [[496.1], [0.21061216791470846, -0.4451257403957787]], [[496.1], [0.21061216791470846, -0.4451257403957787]], [[496.1], [0.21061216791470846, -0.4451257403957787]], [[496.1], [0.21061216791470846, -0.4451257403957787]], [[496.1], [0.21061216791470846, -0.4451257403957787]], [[382.6], [0.08307659377654394, 0.0023992390162422897]], [[496.1], [0.21061216791470846, -0.4451257403957787]], [[496.1], [0.21061216791470846, -0.4451257403957787]], [[496.1], [0.21061216791470846, -0.4451257403957787]], [[496.1], [0.21061216791470846, -0.4451257403957787]], [[382.6], [0.08307659377654394, 0.0023992390162422897]], [[496.1], [0.21061216791470846, -0.4451257403957787]], [[114.2], [-0.3245650480190913, 0.5111185628831671]], [[496.1], [0.21061216791470846, -0.4451257403957787]], [[496.1], [0.21061216791470846, -0.4451257403957787]], [[496.1], [0.21061216791470846, -0.4451257403957787]], [[496.1], [0.21061216791470846, -0.4451257403957787]], [[382.6], [0.08307659377654394, 0.0023992390162422897]], [[382.6], [0.08307659377654394, 0.0023992390162422897]], [[496.1], [0.21061216791470846, -0.4451257403957787]], [[496.1], [0.21061216791470846, -0.4451257403957787]], [[496.1], [0.21061216791470846, -0.4451257403957787]]]}