{"101": [[[497.9], [0.1514182860652606, -0.03476085533436976]], [[500.0], [0.0012813162175007164, -0.007502851076424122]], [[500.0], [0.0012813162175007164, -0.007502851076424122]], [[500.0], [0.0012813162175007164, -0.007502851076424122]], [[500.0], [0.028600658600529037, -0.017976217889828547]], [[500.0], [0.0012813162175007164, -0.007502851076424122]], [[500.0], [0.0012813162175007164, -0.007502851076424122]], [[500.0], [0.028600658600529037, -0.017976217889828547]], [[500.0], [0.0012813162175007164, -0.007502851076424122]], [[500.0], [0.028600658600529037, -0.017976217889828547]], [[500.0], [0.0012813162175007164, -0.007502851076424122]], [[500.0], [0.0012813162175007164, -0.007502851076424122]], [[500.0], [0.0012813162175007164, -0.007502851076424122]], [[500.0], [0.0012813162175007164, -0.007502851076424122]], [[500.0], [0.0012813162175007164, -0.007502851076424122]], [[500.0], [0.028600658600529037, -0.017976217889828547]], [[500.0], [0.0012813162175007164, -0.007502851076424122]], [[497.9], [0.1514182860652606, -0.03476085533436976]], [[500.0], [0.0012813162175007164, -0.007502851076424122]], [[500.0], [0.0012813162175007164, -0.007502851076424122]], [[500.0], [0.0012813162175007164, -0.007502851076424122]], [[500.0], [0.0012813162175007164, -0.007502851076424122]], [[500.0], [0.0012813162175007164, -0.007502851076424122]], [[500.0], [0.0012813162175007164, -0.007502851076424122]], [[500.0], [0.028600658600529037, -0.017976217889828547]], [[497.9], [0.1514182860652606, -0.03476085533436976]], [[500.0], [0.0012813162175007164, -0.007502851076424122]], [[500.0], [0.0012813162175007164, -0.007502851076424122]], [[500.0], [0.0012813162175007164, -0.007502851076424122]], [[500.0], [0.0012813162175007164, -0.007502851076424122]]], "103": [[[500.0], [0.05884709457556407, -0.0021187720862640576]], [[500.0], [0.05884709457556407, -0.0021187720862640576]], [[500.0], [0.05884709457556407, -0.0021187720862640576]], [[500.0], [0.05884709457556407, -0.0021187720862640576]], [[500.0], [0.05884709457556407, -0.0021187720862640576]], [[500.0], [0.05884709457556407, -0.0021187720862640576]], [[500.0], [0.05884709457556407, -0.0021187720862640576]], [[500.0], [0.05884709457556407, -0.0021187720862640576]], [[500.0], [0.05884709457556407, -0.0021187720862640576]], [[500.0], [0.05884709457556407, -0.0021187720862640576]], [[500.0], [0.05884709457556407, -0.0021187720862640576]], [[500.0], [0.05884709457556407, -0.0021187720862640576]], [[500.0], [0.00878293455267946, 0.01161059244362076]], [[500.0], [0.05884709457556407, -0.0021187720862640576]], [[500.0], [0.05884709457556407, -0.0021187720862640576]], [[500.0], [0.05884709457556407, -0.0021187720862640576]], [[62.9], [0.025160562557478748, 0.5266850359702224]], [[500.0], [0.05884709457556407, -0.0021187720862640576]], [[500.0], [0.05884709457556407, -0.0021187720862640576]], [[500.0], [0.05884709457556407, -0.0021187720862640576]], [[500.0], [0.05884709457556407, -0.0021187720862640576]], [[500.0], [0.00878293455267946, 0.01161059244362076]], [[500.0], [0.05884709457556407, -0.0021187720862640576]], [[500.0], [0.05884709457556407, -0.0021187720862640576]], [[79.6], [0.03836512255171935, 0.5206985479336607]], [[500.0], [0.05884709457556407, -0.0021187720862640576]], [[500.0], [0.05884709457556407, -0.0021187720862640576]], [[500.0], [0.05884709457556407, -0.0021187720862640576]], [[500.0], [0.05884709457556407, -0.0021187720862640576]], [[500.0], [0.05884709457556407, -0.0021187720862640576]]], "102": [[[167.9], [-0.08040650437275569, -0.5052107515517604]], [[500.0], [0.0027460554459442696, 0.005295027256831884]], [[500.0], [0.0027460554459442696, 0.005295027256831884]], [[500.0], [0.0027460554459442696, 0.005295027256831884]], [[150.7], [-0.25437287986278534, 0.5181275272483461]], [[500.0], [0.0027460554459442696, 0.005295027256831884]], [[500.0], [0.0027460554459442696, 0.005295027256831884]], [[9.3], [0.03666744567453861, -0.5957981901305714]], [[500.0], [0.0027460554459442696, 0.005295027256831884]], [[500.0], [0.0027460554459442696, 0.005295027256831884]], [[500.0], [0.0027460554459442696, 0.005295027256831884]], [[500.0], [0.0027460554459442696, 0.005295027256831884]], [[500.0], [0.0027460554459442696, 0.005295027256831884]], [[500.0], [0.0027460554459442696, 0.005295027256831884]], [[500.0], [0.0027460554459442696, 0.005295027256831884]], [[500.0], [0.0027460554459442696, 0.005295027256831884]], [[500.0], [0.0027460554459442696, 0.005295027256831884]], [[167.9], [-0.08040650437275569, -0.5052107515517604]], [[500.0], [0.0027460554459442696, 0.005295027256831884]], [[500.0], [0.0027460554459442696, 0.005295027256831884]], [[500.0], [0.0027460554459442696, 0.005295027256831884]], [[500.0], [0.0027460554459442696, 0.005295027256831884]], [[500.0], [0.0027460554459442696, 0.005295027256831884]], [[53.1], [0.059983941415945694, -0.5058248718959863]], [[500.0], [0.0027460554459442696, 0.005295027256831884]], [[500.0], [0.0027460554459442696, 0.005295027256831884]], [[500.0], [0.0027460554459442696, 0.005295027256831884]], [[500.0], [0.0027460554459442696, 0.005295027256831884]], [[500.0], [0.0027460554459442696, 0.005295027256831884]], [[150.7], [-0.25437287986278534, 0.5181275272483461]]]}