{"103": [[[424.6666666666667], [0.048525938764214516, 0.004961770295241233]], [[424.6666666666667], [0.048525938764214516, 0.004961770295241233]], [[43.0], [0.006608200880388419, 0.5095644216788443]], [[366.6666666666667], [7.556400305475108e-05, -0.006219092533705338]], [[424.6666666666667], [0.048525938764214516, 0.004961770295241233]], [[424.6666666666667], [0.048525938764214516, 0.004961770295241233]], [[424.6666666666667], [0.048525938764214516, 0.004961770295241233]], [[424.6666666666667], [0.048525938764214516, 0.004961770295241233]], [[424.6666666666667], [0.048525938764214516, 0.004961770295241233]], [[424.6666666666667], [0.048525938764214516, 0.004961770295241233]], [[424.6666666666667], [0.048525938764214516, 0.004961770295241233]], [[366.6666666666667], [7.556400305475108e-05, -0.006219092533705338]], [[424.6666666666667], [0.048525938764214516, 0.004961770295241233]], [[424.6666666666667], [0.048525938764214516, 0.004961770295241233]], [[424.6666666666667], [0.048525938764214516, 0.004961770295241233]], [[424.6666666666667], [0.048525938764214516, 0.004961770295241233]], [[424.6666666666667], [0.048525938764214516, 0.004961770295241233]], [[424.6666666666667], [0.048525938764214516, 0.004961770295241233]], [[424.6666666666667], [0.048525938764214516, 0.004961770295241233]], [[424.6666666666667], [0.048525938764214516, 0.004961770295241233]], [[424.6666666666667], [0.048525938764214516, 0.004961770295241233]], [[366.6666666666667], [7.556400305475108e-05, -0.006219092533705338]], [[424.6666666666667], [0.048525938764214516, 0.004961770295241233]], [[50.06666666666667], [0.01632124651223421, 0.5104208106629586]], [[424.6666666666667], [0.048525938764214516, 0.004961770295241233]], [[424.6666666666667], [0.048525938764214516, 0.004961770295241233]], [[424.6666666666667], [0.048525938764214516, 0.004961770295241233]], [[366.6666666666667], [7.556400305475108e-05, -0.006219092533705338]], [[424.6666666666667], [0.048525938764214516, 0.004961770295241233]], [[424.6666666666667], [0.048525938764214516, 0.004961770295241233]]], "101": [[[500.0], [-0.06832793354988098, 0.0465473864209709]], [[500.0], [0.02280344100048145, -0.0052203114576744696]], [[500.0], [-0.06832793354988098, 0.0465473864209709]], [[500.0], [0.007918333479513725, -0.07348499176177112]], [[500.0], [0.007918333479513725, -0.07348499176177112]], [[500.0], [0.02280344100048145, -0.0052203114576744696]], [[500.0], [0.02280344100048145, -0.0052203114576744696]], [[500.0], [0.02280344100048145, -0.0052203114576744696]], [[500.0], [0.02280344100048145, -0.0052203114576744696]], [[500.0], [-0.06832793354988098, 0.0465473864209709]], [[104.2], [-0.05812420199314754, 0.5083424908122378]], [[500.0], [0.007918333479513725, -0.07348499176177112]], [[500.0], [0.007918333479513725, -0.07348499176177112]], [[500.0], [0.007918333479513725, -0.07348499176177112]], [[500.0], [0.007918333479513725, -0.07348499176177112]], [[500.0], [0.02280344100048145, -0.0052203114576744696]], [[500.0], [0.02280344100048145, -0.0052203114576744696]], [[500.0], [-0.06832793354988098, 0.0465473864209709]], [[500.0], [-0.06832793354988098, 0.0465473864209709]], [[500.0], [0.02280344100048145, -0.0052203114576744696]], [[500.0], [0.02280344100048145, -0.0052203114576744696]], [[500.0], [-0.06832793354988098, 0.0465473864209709]], [[500.0], [0.007918333479513725, -0.07348499176177112]], [[500.0], [0.02280344100048145, -0.0052203114576744696]], [[500.0], [0.007918333479513725, -0.07348499176177112]], [[500.0], [-0.06832793354988098, 0.0465473864209709]], [[500.0], [0.02280344100048145, -0.0052203114576744696]], [[500.0], [0.02280344100048145, -0.0052203114576744696]], [[500.0], [-0.06832793354988098, 0.0465473864209709]], [[500.0], [-0.06832793354988098, 0.0465473864209709]]], "102": [[[500.0], [-0.001534327845244358, 0.017705543911414285]], [[500.0], [-0.001534327845244358, 0.017705543911414285]], [[500.0], [-0.001534327845244358, 0.017705543911414285]], [[500.0], [-0.001534327845244358, 0.017705543911414285]], [[500.0], [-0.001534327845244358, 0.017705543911414285]], [[500.0], [-0.001534327845244358, 0.017705543911414285]], [[500.0], [-0.001534327845244358, 0.017705543911414285]], [[500.0], [-0.001534327845244358, 0.017705543911414285]], [[500.0], [-0.001534327845244358, 0.017705543911414285]], [[45.6], [0.01210772820437948, -0.5153459652759242]], [[500.0], [-0.001534327845244358, 0.017705543911414285]], [[500.0], [-0.001534327845244358, 0.017705543911414285]], [[500.0], [-0.001534327845244358, 0.017705543911414285]], [[500.0], [-0.001534327845244358, 0.017705543911414285]], [[500.0], [-0.001534327845244358, 0.017705543911414285]], [[500.0], [-0.001534327845244358, 0.017705543911414285]], [[500.0], [-0.001534327845244358, 0.017705543911414285]], [[500.0], [-0.001534327845244358, 0.017705543911414285]], [[500.0], [-0.001534327845244358, 0.017705543911414285]], [[500.0], [-0.001534327845244358, 0.017705543911414285]], [[500.0], [-0.001534327845244358, 0.017705543911414285]], [[500.0], [-0.001534327845244358, 0.017705543911414285]], [[500.0], [-0.001534327845244358, 0.017705543911414285]], [[45.6], [0.01210772820437948, -0.5153459652759242]], [[500.0], [-0.001534327845244358, 0.017705543911414285]], [[500.0], [-0.001534327845244358, 0.017705543911414285]], [[500.0], [-0.001534327845244358, 0.017705543911414285]], [[500.0], [-0.001534327845244358, 0.017705543911414285]], [[500.0], [-0.001534327845244358, 0.017705543911414285]], [[500.0], [-0.001534327845244358, 0.017705543911414285]]]}