{"103": [[[379.4], [0.0542759895324707, 0.004175688088849258]], [[413.2], [0.013367668725550175, 0.0018967971713705497]], [[413.2], [0.013367668725550175, 0.0018967971713705497]], [[379.4], [0.0542759895324707, 0.004175688088849258]], [[413.2], [0.013367668725550175, 0.0018967971713705497]], [[379.4], [0.0542759895324707, 0.004175688088849258]], [[413.2], [0.013367668725550175, 0.0018967971713705497]], [[490.1], [0.10285678630073866, -0.017709313762601483]], [[490.1], [0.10285678630073866, -0.017709313762601483]], [[9.5], [-0.026153003176053367, 0.5092510695092416]], [[490.1], [0.10285678630073866, -0.017709313762601483]], [[413.2], [0.013367668725550175, 0.0018967971713705497]], [[379.4], [0.0542759895324707, 0.004175688088849258]], [[39.9], [0.005397091154009104, 0.5097392429575396]], [[490.1], [0.10285678630073866, -0.017709313762601483]], [[413.2], [0.013367668725550175, 0.0018967971713705497]], [[379.4], [0.0542759895324707, 0.004175688088849258]], [[379.4], [0.0542759895324707, 0.004175688088849258]], [[413.2], [0.013367668725550175, 0.0018967971713705497]], [[413.2], [0.013367668725550175, 0.0018967971713705497]], [[413.2], [0.013367668725550175, 0.0018967971713705497]], [[379.4], [0.0542759895324707, 0.004175688088849258]], [[413.2], [0.013367668725550175, 0.0018967971713705497]], [[413.2], [0.013367668725550175, 0.0018967971713705497]], [[413.2], [0.013367668725550175, 0.0018967971713705497]], [[413.2], [0.013367668725550175, 0.0018967971713705497]], [[379.4], [0.0542759895324707, 0.004175688088849258]], [[413.2], [0.013367668725550175, 0.0018967971713705497]], [[413.2], [0.013367668725550175, 0.0018967971713705497]], [[413.2], [0.013367668725550175, 0.0018967971713705497]]], "101": [[[500.0], [-0.015782318077981472, 0.09230330016054035]], [[500.0], [-0.015782318077981472, 0.09230330016054035]], [[500.0], [-0.015782318077981472, 0.09230330016054035]], [[500.0], [-0.015782318077981472, 0.09230330016054035]], [[500.0], [-0.015782318077981472, 0.09230330016054035]], [[500.0], [-0.015782318077981472, 0.09230330016054035]], [[500.0], [-0.015782318077981472, 0.09230330016054035]], [[500.0], [-0.015782318077981472, 0.09230330016054035]], [[500.0], [-0.015782318077981472, 0.09230330016054035]], [[500.0], [-0.015782318077981472, 0.09230330016054035]], [[500.0], [-0.015782318077981472, 0.09230330016054035]], [[500.0], [-0.015782318077981472, 0.09230330016054035]], [[500.0], [-0.015782318077981472, 0.09230330016054035]], [[500.0], [-0.015782318077981472, 0.09230330016054035]], [[500.0], [-0.015782318077981472, 0.09230330016054035]], [[500.0], [-0.015782318077981472, 0.09230330016054035]], [[500.0], [-0.015782318077981472, 0.09230330016054035]], [[500.0], [-0.015782318077981472, 0.09230330016054035]], [[500.0], [-0.015782318077981472, 0.09230330016054035]], [[500.0], [-0.015782318077981472, 0.09230330016054035]], [[500.0], [-0.015782318077981472, 0.09230330016054035]], [[500.0], [-0.015782318077981472, 0.09230330016054035]], [[500.0], [-0.015782318077981472, 0.09230330016054035]], [[500.0], [-0.015782318077981472, 0.09230330016054035]], [[500.0], [-0.015782318077981472, 0.09230330016054035]], [[500.0], [-0.015782318077981472, 0.09230330016054035]], [[500.0], [-0.015782318077981472, 0.09230330016054035]], [[500.0], [-0.015782318077981472, 0.09230330016054035]], [[500.0], [-0.015782318077981472, 0.09230330016054035]], [[500.0], [-0.015782318077981472, 0.09230330016054035]]], "102": [[[500.0], [0.013357419520616531, 0.004495439202074657]], [[500.0], [0.013357419520616531, 0.004495439202074657]], [[500.0], [0.013357419520616531, 0.004495439202074657]], [[500.0], [0.013357419520616531, 0.004495439202074657]], [[500.0], [0.013357419520616531, 0.004495439202074657]], [[500.0], [0.013357419520616531, 0.004495439202074657]], [[500.0], [0.013357419520616531, 0.004495439202074657]], [[500.0], [0.013357419520616531, 0.004495439202074657]], [[500.0], [0.013357419520616531, 0.004495439202074657]], [[500.0], [0.013357419520616531, 0.004495439202074657]], [[500.0], [0.013357419520616531, 0.004495439202074657]], [[500.0], [0.013357419520616531, 0.004495439202074657]], [[500.0], [0.013357419520616531, 0.004495439202074657]], [[500.0], [0.013357419520616531, 0.004495439202074657]], [[500.0], [0.013357419520616531, 0.004495439202074657]], [[500.0], [0.013357419520616531, 0.004495439202074657]], [[500.0], [0.013357419520616531, 0.004495439202074657]], [[500.0], [0.013357419520616531, 0.004495439202074657]], [[500.0], [0.013357419520616531, 0.004495439202074657]], [[500.0], [0.013357419520616531, 0.004495439202074657]], [[500.0], [0.013357419520616531, 0.004495439202074657]], [[500.0], [0.013357419520616531, 0.004495439202074657]], [[500.0], [0.013357419520616531, 0.004495439202074657]], [[500.0], [0.013357419520616531, 0.004495439202074657]], [[500.0], [0.013357419520616531, 0.004495439202074657]], [[500.0], [0.013357419520616531, 0.004495439202074657]], [[500.0], [0.013357419520616531, 0.004495439202074657]], [[500.0], [0.013357419520616531, 0.004495439202074657]], [[500.0], [0.013357419520616531, 0.004495439202074657]], [[412.4], [0.3538454572359721, 0.1280870484678369]]]}