{"102": [[[500.0], [0.04970151620606582, 0.011281777645626137]], [[500.0], [0.04970151620606582, 0.011281777645626137]], [[500.0], [0.04970151620606582, 0.011281777645626137]], [[500.0], [0.04970151620606582, 0.011281777645626137]], [[500.0], [0.04970151620606582, 0.011281777645626137]], [[500.0], [0.04970151620606582, 0.011281777645626137]], [[500.0], [0.04970151620606582, 0.011281777645626137]], [[500.0], [0.04970151620606582, 0.011281777645626137]], [[500.0], [0.04970151620606582, 0.011281777645626137]], [[500.0], [0.04970151620606582, 0.011281777645626137]], [[500.0], [0.04970151620606582, 0.011281777645626137]], [[500.0], [0.04970151620606582, 0.011281777645626137]], [[500.0], [0.04970151620606582, 0.011281777645626137]], [[500.0], [0.04970151620606582, 0.011281777645626137]], [[500.0], [0.04970151620606582, 0.011281777645626137]], [[500.0], [0.04970151620606582, 0.011281777645626137]], [[500.0], [0.04970151620606582, 0.011281777645626137]], [[500.0], [0.04970151620606582, 0.011281777645626137]], [[500.0], [0.04970151620606582, 0.011281777645626137]], [[500.0], [0.04970151620606582, 0.011281777645626137]], [[500.0], [0.04970151620606582, 0.011281777645626137]], [[500.0], [0.04970151620606582, 0.011281777645626137]], [[500.0], [0.04970151620606582, 0.011281777645626137]], [[500.0], [0.04970151620606582, 0.011281777645626137]], [[500.0], [0.04970151620606582, 0.011281777645626137]], [[500.0], [0.04970151620606582, 0.011281777645626137]], [[500.0], [0.04970151620606582, 0.011281777645626137]], [[500.0], [0.04970151620606582, 0.011281777645626137]], [[500.0], [0.04970151620606582, 0.011281777645626137]], [[500.0], [0.04970151620606582, 0.011281777645626137]]], "103": [[[500.0], [0.06040859967470169, -0.013774426867873476]], [[500.0], [0.06040859967470169, -0.013774426867873476]], [[492.8], [0.13445183634757996, 0.04038783726081894]], [[500.0], [0.06040859967470169, -0.013774426867873476]], [[492.8], [0.13445183634757996, 0.04038783726081894]], [[500.0], [0.06040859967470169, -0.013774426867873476]], [[500.0], [0.06040859967470169, -0.013774426867873476]], [[500.0], [0.06040859967470169, -0.013774426867873476]], [[500.0], [0.06040859967470169, -0.013774426867873476]], [[500.0], [0.06040859967470169, -0.013774426867873476]], [[500.0], [0.06040859967470169, -0.013774426867873476]], [[500.0], [0.06040859967470169, -0.013774426867873476]], [[9.2], [0.03666744567453861, -0.5957981901305714]], [[500.0], [0.06040859967470169, -0.013774426867873476]], [[500.0], [0.06040859967470169, -0.013774426867873476]], [[500.0], [0.06040859967470169, -0.013774426867873476]], [[500.0], [0.06040859967470169, -0.013774426867873476]], [[500.0], [-0.012616456175843876, 0.058066420720524765]], [[500.0], [0.06040859967470169, -0.013774426867873476]], [[500.0], [0.06040859967470169, -0.013774426867873476]], [[500.0], [0.06040859967470169, -0.013774426867873476]], [[500.0], [0.06040859967470169, -0.013774426867873476]], [[500.0], [0.06040859967470169, -0.013774426867873476]], [[500.0], [0.06040859967470169, -0.013774426867873476]], [[500.0], [0.06040859967470169, -0.013774426867873476]], [[500.0], [0.06040859967470169, -0.013774426867873476]], [[500.0], [0.06040859967470169, -0.013774426867873476]], [[500.0], [0.06040859967470169, -0.013774426867873476]], [[492.8], [0.13445183634757996, 0.04038783726081894]], [[500.0], [0.06040859967470169, -0.013774426867873476]]], "101": [[[500.0], [0.03312723090251287, -0.01296173429125519]], [[500.0], [0.03312723090251287, -0.01296173429125519]], [[500.0], [0.03312723090251287, -0.01296173429125519]], [[500.0], [0.03312723090251287, -0.01296173429125519]], [[500.0], [0.03312723090251287, -0.01296173429125519]], [[500.0], [0.03312723090251287, -0.01296173429125519]], [[500.0], [0.008841302866737049, -0.0032130060672902606]], [[500.0], [0.03312723090251287, -0.01296173429125519]], [[500.0], [0.03312723090251287, -0.01296173429125519]], [[500.0], [0.03312723090251287, -0.01296173429125519]], [[500.0], [0.03312723090251287, -0.01296173429125519]], [[500.0], [0.03312723090251287, -0.01296173429125519]], [[500.0], [0.03312723090251287, -0.01296173429125519]], [[500.0], [0.03312723090251287, -0.01296173429125519]], [[39.2], [0.006265577782566349, 0.5160005825558348]], [[500.0], [0.03312723090251287, -0.01296173429125519]], [[500.0], [0.03312723090251287, -0.01296173429125519]], [[500.0], [0.008841302866737049, -0.0032130060672902606]], [[500.0], [0.03312723090251287, -0.01296173429125519]], [[500.0], [0.03312723090251287, -0.01296173429125519]], [[500.0], [0.03312723090251287, -0.01296173429125519]], [[500.0], [0.03312723090251287, -0.01296173429125519]], [[500.0], [0.03312723090251287, -0.01296173429125519]], [[500.0], [0.03312723090251287, -0.01296173429125519]], [[500.0], [0.008841302866737049, -0.0032130060672902606]], [[500.0], [0.03312723090251287, -0.01296173429125519]], [[500.0], [0.03312723090251287, -0.01296173429125519]], [[500.0], [0.03312723090251287, -0.01296173429125519]], [[382.6], [0.1270238682627678, 0.0026187214456748166]], [[500.0], [0.03312723090251287, -0.01296173429125519]]]}