{"101": [[[450.6], [0.21615480383237204, 0.07365141331293937]], [[25.1], [-0.014934542899330458, 0.5191749933233673]], [[500.0], [-0.012549155702193579, 0.04096989604559812]], [[500.0], [-0.012549155702193579, 0.04096989604559812]], [[500.0], [-0.012549155702193579, 0.04096989604559812]], [[500.0], [-0.012549155702193579, 0.04096989604559812]], [[500.0], [-0.012549155702193579, 0.04096989604559812]], [[500.0], [-0.012549155702193579, 0.04096989604559812]], [[500.0], [-0.012549155702193579, 0.04096989604559812]], [[500.0], [-0.012549155702193579, 0.04096989604559812]], [[500.0], [-0.012549155702193579, 0.04096989604559812]], [[80.5], [0.043377503752708435, 0.5186097473619087]], [[12.0], [0.0331020075827837, -0.5498317083673614]], [[500.0], [0.03159431430200736, -0.008544034623144346]], [[500.0], [-0.012549155702193579, 0.04096989604559812]], [[500.0], [-0.012549155702193579, 0.04096989604559812]], [[500.0], [-0.012549155702193579, 0.04096989604559812]], [[500.0], [-0.012549155702193579, 0.04096989604559812]], [[500.0], [-0.012549155702193579, 0.04096989604559812]], [[119.5], [0.501145621140798, -0.506059083927191]], [[500.0], [-0.012549155702193579, 0.04096989604559812]], [[500.0], [-0.012549155702193579, 0.04096989604559812]], [[500.0], [-0.012549155702193579, 0.04096989604559812]], [[500.0], [-0.012549155702193579, 0.04096989604559812]], [[9.6], [0.03666744567453861, -0.5957981901305714]], [[450.6], [0.21615480383237204, 0.07365141331293937]], [[500.0], [-0.012549155702193579, 0.04096989604559812]], [[500.0], [0.030261771753430367, -0.05489686708986474]], [[500.0], [-0.012549155702193579, 0.04096989604559812]], [[500.0], [-0.012549155702193579, 0.04096989604559812]]], "103": [[[382.8], [0.07695275048414867, 0.018114071455227133]], [[498.6], [-0.04904473200440407, 0.07256401176943163]], [[498.6], [-0.04904473200440407, 0.07256401176943163]], [[27.5], [-0.009971804295976957, 0.5164516456959921]], [[500.0], [0.0891786627471447, -0.0078106593144567395]], [[500.0], [0.0891786627471447, -0.0078106593144567395]], [[382.8], [0.07695275048414867, 0.018114071455227133]], [[393.9], [0.04365604681273302, 0.007155339086526319]], [[382.8], [0.07695275048414867, 0.018114071455227133]], [[393.9], [0.04365604681273302, 0.007155339086526319]], [[54.1], [0.016397343327601753, 0.5267132697493266]], [[393.9], [0.04365604681273302, 0.007155339086526319]], [[393.9], [0.04365604681273302, 0.007155339086526319]], [[393.9], [0.04365604681273302, 0.007155339086526319]], [[498.6], [-0.04904473200440407, 0.07256401176943163]], [[393.9], [0.04365604681273302, 0.007155339086526319]], [[37.1], [-0.011594390186170738, 0.54408431623541]], [[382.8], [0.07695275048414867, 0.018114071455227133]], [[498.6], [-0.04904473200440407, 0.07256401176943163]], [[500.0], [0.0891786627471447, -0.0078106593144567395]], [[382.8], [0.07695275048414867, 0.018114071455227133]], [[376.3], [0.019492294328908127, -0.014013110584263026]], [[500.0], [0.028554682309428852, -0.006334513033691206]], [[496.7], [-0.1288808013002078, -0.04972978695585397]], [[327.0], [0.505709449450175, 0.2877949848414608]], [[97.0], [0.06910784170031548, 0.5039741690649371]], [[9.7], [0.03666744567453861, -0.5957981901305714]], [[500.0], [0.0891786627471447, -0.0078106593144567395]], [[393.9], [0.04365604681273302, 0.007155339086526319]], [[496.7], [-0.1288808013002078, -0.04972978695585397]]], "102": [[[500.0], [0.06488739823301634, 0.003339757287259878]], [[500.0], [0.06488739823301634, 0.003339757287259878]], [[500.0], [0.06488739823301634, 0.003339757287259878]], [[500.0], [0.06488739823301634, 0.003339757287259878]], [[500.0], [0.06488739823301634, 0.003339757287259878]], [[500.0], [0.06488739823301634, 0.003339757287259878]], [[500.0], [0.06488739823301634, 0.003339757287259878]], [[9.6], [0.035043939327200256, -0.5681308333953602]], [[500.0], [0.06488739823301634, 0.003339757287259878]], [[480.5], [-0.022230157628655434, 0.19017603408776973]], [[500.0], [0.06488739823301634, 0.003339757287259878]], [[480.5], [-0.022230157628655434, 0.19017603408776973]], [[500.0], [0.06488739823301634, 0.003339757287259878]], [[97.9], [-0.11435327430566153, 0.5203251633347507]], [[480.5], [-0.022230157628655434, 0.19017603408776973]], [[500.0], [0.06488739823301634, 0.003339757287259878]], [[500.0], [0.06488739823301634, 0.003339757287259878]], [[82.8], [0.05028746711711089, 0.5284529981430638]], [[480.5], [-0.022230157628655434, 0.19017603408776973]], [[500.0], [0.06488739823301634, 0.003339757287259878]], [[500.0], [0.06488739823301634, 0.003339757287259878]], [[480.5], [-0.022230157628655434, 0.19017603408776973]], [[500.0], [0.06488739823301634, 0.003339757287259878]], [[480.5], [-0.022230157628655434, 0.19017603408776973]], [[500.0], [0.06488739823301634, 0.003339757287259878]], [[97.9], [-0.11435327430566153, 0.5203251633347507]], [[500.0], [0.06488739823301634, 0.003339757287259878]], [[500.0], [0.06488739823301634, 0.003339757287259878]], [[500.0], [0.06488739823301634, 0.003339757287259878]], [[155.4], [0.15063520520925522, 0.5083735408395101]]]}