{"101": [[[500.0], [0.48329681158065796, -0.033387424130188796]], [[500.0], [0.48329681158065796, -0.033387424130188796]], [[500.0], [0.48329681158065796, -0.033387424130188796]], [[500.0], [0.48329681158065796, -0.033387424130188796]], [[500.0], [0.48329681158065796, -0.033387424130188796]], [[500.0], [0.48329681158065796, -0.033387424130188796]], [[500.0], [0.48329681158065796, -0.033387424130188796]], [[37.3], [0.024040482627848785, -0.5313715937605316]], [[500.0], [0.48329681158065796, -0.033387424130188796]], [[500.0], [0.48329681158065796, -0.033387424130188796]], [[500.0], [0.48329681158065796, -0.033387424130188796]], [[28.3], [0.014793525139490765, -0.5128719803819246]], [[23.2], [0.024040482627848785, -0.5313715937605316]], [[500.0], [0.48329681158065796, -0.033387424130188796]], [[500.0], [0.48329681158065796, -0.033387424130188796]], [[61.2], [0.11912800371646881, -0.524210551994269]], [[500.0], [0.48329681158065796, -0.033387424130188796]], [[500.0], [0.48329681158065796, -0.033387424130188796]], [[22.2], [-0.009971804295976957, 0.5164516456959921]], [[102.8], [0.04652532748878002, 0.5232959486651079]], [[500.0], [0.48329681158065796, -0.033387424130188796]], [[500.0], [0.48329681158065796, -0.033387424130188796]], [[500.0], [0.48329681158065796, -0.033387424130188796]], [[500.0], [0.48329681158065796, -0.033387424130188796]], [[500.0], [0.48329681158065796, -0.033387424130188796]], [[500.0], [0.48329681158065796, -0.033387424130188796]], [[9.6], [0.03666744567453861, -0.5957981901305714]], [[500.0], [0.48329681158065796, -0.033387424130188796]], [[500.0], [0.48329681158065796, -0.033387424130188796]], [[500.0], [0.48329681158065796, -0.033387424130188796]]], "102": [[[500.0], [0.005828764600058397, -0.007827731704954325]], [[239.3], [-0.07892889901995659, 0.5209629544230739]], [[500.0], [0.001247103112594535, 0.0011126428500539734]], [[500.0], [0.001247103112594535, 0.0011126428500539734]], [[500.0], [0.001247103112594535, 0.0011126428500539734]], [[500.0], [0.001247103112594535, 0.0011126428500539734]], [[500.0], [0.001247103112594535, 0.0011126428500539734]], [[11.8], [0.032942009468873344, -0.5433709498797877]], [[500.0], [0.005828764600058397, -0.007827731704954325]], [[10.5], [0.03520800732076168, -0.5760426726637845]], [[500.0], [-0.0003131492606674632, 0.012431039728901604]], [[500.0], [0.001247103112594535, 0.0011126428500539734]], [[500.0], [0.001247103112594535, 0.0011126428500539734]], [[500.0], [0.001247103112594535, 0.0011126428500539734]], [[31.7], [-0.009971804295976957, 0.5164516456959921]], [[500.0], [-0.0003131492606674632, 0.012431039728901604]], [[500.0], [0.001247103112594535, 0.0011126428500539734]], [[500.0], [0.001247103112594535, 0.0011126428500539734]], [[226.3], [-0.44051940242449444, 0.5034423615943873]], [[500.0], [0.001247103112594535, 0.0011126428500539734]], [[500.0], [-0.0003131492606674632, 0.012431039728901604]], [[500.0], [-0.0003131492606674632, 0.012431039728901604]], [[500.0], [0.005828764600058397, -0.007827731704954325]], [[157.2], [-0.06297312676906586, -0.5118306458851938]], [[500.0], [0.001247103112594535, 0.0011126428500539734]], [[500.0], [-0.0003131492606674632, 0.012431039728901604]], [[500.0], [0.001247103112594535, 0.0011126428500539734]], [[500.0], [0.005828764600058397, -0.007827731704954325]], [[500.0], [0.001247103112594535, 0.0011126428500539734]], [[500.0], [-0.0003131492606674632, 0.012431039728901604]]], "103": [[[500.0], [0.04828077430526416, -0.012712985384122038]], [[422.1], [0.022502406500279903, -0.008745683784904092]], [[500.0], [0.04828077430526416, -0.012712985384122038]], [[500.0], [0.04828077430526416, -0.012712985384122038]], [[500.0], [0.002779857604764402, -0.0033049301676559106]], [[500.0], [0.030082970236738525, -0.009582814666928287]], [[500.0], [0.04828077430526416, -0.012712985384122038]], [[422.1], [0.022502406500279903, -0.008745683784904092]], [[128.6], [0.09023911009232204, 0.5089360418502223]], [[500.0], [0.04828077430526416, -0.012712985384122038]], [[422.1], [0.022502406500279903, -0.008745683784904092]], [[500.0], [0.04828077430526416, -0.012712985384122038]], [[500.0], [0.04828077430526416, -0.012712985384122038]], [[500.0], [0.04828077430526416, -0.012712985384122038]], [[500.0], [0.04828077430526416, -0.012712985384122038]], [[422.1], [0.022502406500279903, -0.008745683784904092]], [[500.0], [0.04828077430526416, -0.012712985384122038]], [[500.0], [0.04828077430526416, -0.012712985384122038]], [[500.0], [0.04828077430526416, -0.012712985384122038]], [[500.0], [0.002779857604764402, -0.0033049301676559106]], [[500.0], [0.04828077430526416, -0.012712985384122038]], [[78.3], [0.03640273896356424, 0.5297234469053278]], [[422.1], [0.022502406500279903, -0.008745683784904092]], [[422.1], [0.022502406500279903, -0.008745683784904092]], [[500.0], [0.04828077430526416, -0.012712985384122038]], [[422.1], [0.022502406500279903, -0.008745683784904092]], [[500.0], [0.04828077430526416, -0.012712985384122038]], [[500.0], [0.04828077430526416, -0.012712985384122038]], [[422.1], [0.022502406500279903, -0.008745683784904092]], [[500.0], [0.04828077430526416, -0.012712985384122038]]]}