{"103": [[[500.0], [0.04349923382202785, 0.04687239126297846]], [[460.1], [0.04955058917403221, 0.049486542432502126]], [[500.0], [0.04349923382202785, 0.04687239126297846]], [[500.0], [0.04349923382202785, 0.04687239126297846]], [[500.0], [0.04349923382202785, 0.04687239126297846]], [[500.0], [0.04349923382202785, 0.04687239126297846]], [[500.0], [0.04349923382202785, 0.04687239126297846]], [[500.0], [0.04349923382202785, 0.04687239126297846]], [[500.0], [0.04349923382202785, 0.04687239126297846]], [[500.0], [0.04349923382202785, 0.04687239126297846]], [[500.0], [0.04349923382202785, 0.04687239126297846]], [[500.0], [0.04349923382202785, 0.04687239126297846]], [[500.0], [0.04349923382202785, 0.04687239126297846]], [[24.1], [0.024018965971966587, -0.5257912871369905]], [[500.0], [0.04349923382202785, 0.04687239126297846]], [[500.0], [0.04349923382202785, 0.04687239126297846]], [[162.8], [0.04232716436187427, 0.5107939100721807]], [[500.0], [0.04349923382202785, 0.04687239126297846]], [[500.0], [0.04349923382202785, 0.04687239126297846]], [[500.0], [0.04349923382202785, 0.04687239126297846]], [[500.0], [0.04349923382202785, 0.04687239126297846]], [[500.0], [0.04349923382202785, 0.04687239126297846]], [[500.0], [0.04349923382202785, 0.04687239126297846]], [[500.0], [0.04349923382202785, 0.04687239126297846]], [[500.0], [0.04349923382202785, 0.04687239126297846]], [[500.0], [0.04349923382202785, 0.04687239126297846]], [[500.0], [0.04349923382202785, 0.04687239126297846]], [[460.1], [0.04955058917403221, 0.049486542432502126]], [[500.0], [0.04349923382202785, 0.04687239126297846]], [[500.0], [0.04349923382202785, 0.04687239126297846]]], "101": [[[500.0], [-0.005149575881659985, 0.08635841416970395]], [[9.5], [0.03666744567453861, -0.5957981901305714]], [[500.0], [-0.005149575881659985, 0.08635841416970395]], [[500.0], [-0.005149575881659985, 0.08635841416970395]], [[500.0], [-0.005149575881659985, 0.08635841416970395]], [[500.0], [-0.005149575881659985, 0.08635841416970395]], [[500.0], [-0.005149575881659985, 0.08635841416970395]], [[500.0], [-0.005149575881659985, 0.08635841416970395]], [[500.0], [-0.005149575881659985, 0.08635841416970395]], [[500.0], [-0.005149575881659985, 0.08635841416970395]], [[500.0], [-0.005149575881659985, 0.08635841416970395]], [[500.0], [-0.005149575881659985, 0.08635841416970395]], [[500.0], [-0.005149575881659985, 0.08635841416970395]], [[500.0], [-0.005149575881659985, 0.08635841416970395]], [[500.0], [-0.005149575881659985, 0.08635841416970395]], [[500.0], [-0.005149575881659985, 0.08635841416970395]], [[500.0], [-0.005149575881659985, 0.08635841416970395]], [[500.0], [-0.005149575881659985, 0.08635841416970395]], [[500.0], [-0.005149575881659985, 0.08635841416970395]], [[500.0], [-0.005149575881659985, 0.08635841416970395]], [[500.0], [-0.005149575881659985, 0.08635841416970395]], [[500.0], [-0.005149575881659985, 0.08635841416970395]], [[500.0], [-0.005149575881659985, 0.08635841416970395]], [[500.0], [-0.005149575881659985, 0.08635841416970395]], [[500.0], [-0.005149575881659985, 0.08635841416970395]], [[500.0], [-0.005149575881659985, 0.08635841416970395]], [[500.0], [-0.005149575881659985, 0.08635841416970395]], [[500.0], [-0.005149575881659985, 0.08635841416970395]], [[500.0], [-0.005149575881659985, 0.08635841416970395]], [[500.0], [-0.005149575881659985, 0.08635841416970395]]], "102": [[[500.0], [0.008797420499225458, 0.007942117278299264]], [[500.0], [0.008797420499225458, 0.007942117278299264]], [[500.0], [0.008797420499225458, 0.007942117278299264]], [[500.0], [0.008797420499225458, 0.007942117278299264]], [[500.0], [0.008797420499225458, 0.007942117278299264]], [[500.0], [0.008797420499225458, 0.007942117278299264]], [[500.0], [0.008797420499225458, 0.007942117278299264]], [[500.0], [0.008797420499225458, 0.007942117278299264]], [[500.0], [0.008797420499225458, 0.007942117278299264]], [[500.0], [0.008797420499225458, 0.007942117278299264]], [[500.0], [0.008797420499225458, 0.007942117278299264]], [[500.0], [0.008797420499225458, 0.007942117278299264]], [[500.0], [0.008797420499225458, 0.007942117278299264]], [[500.0], [0.008797420499225458, 0.007942117278299264]], [[500.0], [0.008797420499225458, 0.007942117278299264]], [[500.0], [0.008797420499225458, 0.007942117278299264]], [[500.0], [0.008797420499225458, 0.007942117278299264]], [[500.0], [0.008797420499225458, 0.007942117278299264]], [[500.0], [0.008797420499225458, 0.007942117278299264]], [[500.0], [0.008797420499225458, 0.007942117278299264]], [[500.0], [0.008797420499225458, 0.007942117278299264]], [[500.0], [0.008797420499225458, 0.007942117278299264]], [[500.0], [0.008797420499225458, 0.007942117278299264]], [[500.0], [0.008797420499225458, 0.007942117278299264]], [[500.0], [0.008797420499225458, 0.007942117278299264]], [[500.0], [0.008797420499225458, 0.007942117278299264]], [[500.0], [0.008797420499225458, 0.007942117278299264]], [[500.0], [0.008797420499225458, 0.007942117278299264]], [[500.0], [0.008797420499225458, 0.007942117278299264]], [[500.0], [0.008797420499225458, 0.007942117278299264]]]}