{"102": [[[500.0], [0.007356371885786454, -0.010900706293408951]], [[500.0], [0.008858306488643091, -0.007482410439749084]], [[500.0], [0.007356371885786454, -0.010900706293408951]], [[500.0], [0.008858306488643091, -0.007482410439749084]], [[500.0], [0.008858306488643091, -0.007482410439749084]], [[500.0], [0.008858306488643091, -0.007482410439749084]], [[500.0], [0.008858306488643091, -0.007482410439749084]], [[500.0], [0.007356371885786454, -0.010900706293408951]], [[500.0], [0.008858306488643091, -0.007482410439749084]], [[500.0], [0.008858306488643091, -0.007482410439749084]], [[500.0], [0.008858306488643091, -0.007482410439749084]], [[500.0], [0.008858306488643091, -0.007482410439749084]], [[500.0], [0.008858306488643091, -0.007482410439749084]], [[500.0], [0.008858306488643091, -0.007482410439749084]], [[500.0], [0.008858306488643091, -0.007482410439749084]], [[500.0], [0.008858306488643091, -0.007482410439749084]], [[500.0], [0.008858306488643091, -0.007482410439749084]], [[500.0], [0.008858306488643091, -0.007482410439749084]], [[500.0], [0.008858306488643091, -0.007482410439749084]], [[500.0], [0.008858306488643091, -0.007482410439749084]], [[500.0], [0.008858306488643091, -0.007482410439749084]], [[500.0], [0.008858306488643091, -0.007482410439749084]], [[500.0], [0.008858306488643091, -0.007482410439749084]], [[500.0], [0.008858306488643091, -0.007482410439749084]], [[500.0], [0.008858306488643091, -0.007482410439749084]], [[500.0], [0.008858306488643091, -0.007482410439749084]], [[500.0], [0.008858306488643091, -0.007482410439749084]], [[500.0], [0.007356371885786454, -0.010900706293408951]], [[500.0], [0.008858306488643091, -0.007482410439749084]], [[500.0], [0.008858306488643091, -0.007482410439749084]]], "103": [[[500.0], [0.0043309542040030164, -0.01229798871328671]], [[500.0], [0.0043309542040030164, -0.01229798871328671]], [[500.0], [0.0043309542040030164, -0.01229798871328671]], [[500.0], [0.0043309542040030164, -0.01229798871328671]], [[500.0], [0.0043309542040030164, -0.01229798871328671]], [[476.4], [0.07994019115964572, 0.0291054613852615]], [[500.0], [0.0043309542040030164, -0.01229798871328671]], [[476.4], [0.07994019115964572, 0.0291054613852615]], [[476.4], [0.07994019115964572, 0.0291054613852615]], [[500.0], [0.0043309542040030164, -0.01229798871328671]], [[500.0], [0.0043309542040030164, -0.01229798871328671]], [[500.0], [0.0043309542040030164, -0.01229798871328671]], [[476.4], [0.07994019115964572, 0.0291054613852615]], [[500.0], [0.0043309542040030164, -0.01229798871328671]], [[476.4], [0.07994019115964572, 0.0291054613852615]], [[500.0], [0.0043309542040030164, -0.01229798871328671]], [[500.0], [0.0043309542040030164, -0.01229798871328671]], [[500.0], [0.0043309542040030164, -0.01229798871328671]], [[476.4], [0.07994019115964572, 0.0291054613852615]], [[500.0], [0.0043309542040030164, -0.01229798871328671]], [[500.0], [0.0043309542040030164, -0.01229798871328671]], [[500.0], [0.0043309542040030164, -0.01229798871328671]], [[500.0], [0.0043309542040030164, -0.01229798871328671]], [[500.0], [0.0043309542040030164, -0.01229798871328671]], [[500.0], [0.0043309542040030164, -0.01229798871328671]], [[500.0], [0.0043309542040030164, -0.01229798871328671]], [[500.0], [0.0043309542040030164, -0.01229798871328671]], [[500.0], [0.0043309542040030164, -0.01229798871328671]], [[500.0], [0.0043309542040030164, -0.01229798871328671]], [[476.4], [0.07994019115964572, 0.0291054613852615]]], "101": [[[493.9], [-0.3910989065965017, -0.038305181635623915]], [[493.9], [-0.3910989065965017, -0.038305181635623915]], [[493.9], [-0.3910989065965017, -0.038305181635623915]], [[493.9], [-0.3910989065965017, -0.038305181635623915]], [[493.9], [-0.3910989065965017, -0.038305181635623915]], [[493.9], [-0.3910989065965017, -0.038305181635623915]], [[493.9], [-0.3910989065965017, -0.038305181635623915]], [[493.9], [-0.3910989065965017, -0.038305181635623915]], [[493.9], [-0.3910989065965017, -0.038305181635623915]], [[493.9], [-0.3910989065965017, -0.038305181635623915]], [[493.9], [-0.3910989065965017, -0.038305181635623915]], [[493.9], [-0.3910989065965017, -0.038305181635623915]], [[493.9], [-0.3910989065965017, -0.038305181635623915]], [[493.9], [-0.3910989065965017, -0.038305181635623915]], [[493.9], [-0.3910989065965017, -0.038305181635623915]], [[493.9], [-0.3910989065965017, -0.038305181635623915]], [[493.9], [-0.3910989065965017, -0.038305181635623915]], [[493.9], [-0.3910989065965017, -0.038305181635623915]], [[493.9], [-0.3910989065965017, -0.038305181635623915]], [[493.9], [-0.3910989065965017, -0.038305181635623915]], [[493.9], [-0.3910989065965017, -0.038305181635623915]], [[493.9], [-0.3910989065965017, -0.038305181635623915]], [[493.9], [-0.3910989065965017, -0.038305181635623915]], [[493.9], [-0.3910989065965017, -0.038305181635623915]], [[493.9], [-0.3910989065965017, -0.038305181635623915]], [[493.9], [-0.3910989065965017, -0.038305181635623915]], [[493.9], [-0.3910989065965017, -0.038305181635623915]], [[493.9], [-0.3910989065965017, -0.038305181635623915]], [[493.9], [-0.3910989065965017, -0.038305181635623915]], [[493.9], [-0.3910989065965017, -0.038305181635623915]]]}