{"101": [[[500.0], [0.05133785928289096, -0.01933959281544366]], [[500.0], [0.05133785928289096, -0.01933959281544366]], [[500.0], [0.05133785928289096, -0.01933959281544366]], [[52.0], [-0.0018553379535054169, 0.5168461343318081]], [[500.0], [0.05133785928289096, -0.01933959281544366]], [[500.0], [0.05133785928289096, -0.01933959281544366]], [[500.0], [-9.483301861716124e-05, -0.04282308537423896]], [[500.0], [-9.483301861716124e-05, -0.04282308537423896]], [[500.0], [0.05133785928289096, -0.01933959281544366]], [[500.0], [0.05133785928289096, -0.01933959281544366]], [[500.0], [0.05133785928289096, -0.01933959281544366]], [[500.0], [0.05133785928289096, -0.01933959281544366]], [[500.0], [0.05133785928289096, -0.01933959281544366]], [[10.0], [0.03666744567453861, -0.5957981901305714]], [[500.0], [0.05133785928289096, -0.01933959281544366]], [[500.0], [0.05133785928289096, -0.01933959281544366]], [[500.0], [-9.483301861716124e-05, -0.04282308537423896]], [[500.0], [-9.483301861716124e-05, -0.04282308537423896]], [[500.0], [0.05133785928289096, -0.01933959281544366]], [[500.0], [0.05133785928289096, -0.01933959281544366]], [[500.0], [0.05133785928289096, -0.01933959281544366]], [[500.0], [-9.483301861716124e-05, -0.04282308537423896]], [[500.0], [-9.483301861716124e-05, -0.04282308537423896]], [[500.0], [0.05133785928289096, -0.01933959281544366]], [[500.0], [-9.483301861716124e-05, -0.04282308537423896]], [[123.3], [0.20453183601299924, 0.501659712152618]], [[475.5], [0.07180857161680858, -0.5055209309860851]], [[123.3], [0.20453183601299924, 0.501659712152618]], [[87.7], [0.04899033966163795, 0.5086209428937812]], [[500.0], [0.05133785928289096, -0.01933959281544366]]], "102": [[[60.2], [0.025149181795616947, 0.5237394899272463]], [[500.0], [0.046626695742209755, 0.02240849453866767]], [[323.6], [0.508056531349818, 0.422659851432417]], [[500.0], [0.046626695742209755, 0.02240849453866767]], [[500.0], [0.046626695742209755, 0.02240849453866767]], [[500.0], [0.046626695742209755, 0.02240849453866767]], [[500.0], [0.046626695742209755, 0.02240849453866767]], [[500.0], [0.046626695742209755, 0.02240849453866767]], [[500.0], [0.046626695742209755, 0.02240849453866767]], [[500.0], [0.046626695742209755, 0.02240849453866767]], [[500.0], [0.046626695742209755, 0.02240849453866767]], [[328.5], [0.5079115430514018, 0.4464438514846364]], [[500.0], [0.046626695742209755, 0.02240849453866767]], [[500.0], [0.046626695742209755, 0.02240849453866767]], [[500.0], [0.046626695742209755, 0.02240849453866767]], [[500.0], [0.046626695742209755, 0.02240849453866767]], [[500.0], [0.046626695742209755, 0.02240849453866767]], [[328.5], [0.5079115430514018, 0.4464438514846364]], [[500.0], [0.046626695742209755, 0.02240849453866767]], [[500.0], [0.046626695742209755, 0.02240849453866767]], [[34.3], [-0.004295963638772568, 0.5252042241644062]], [[500.0], [0.046626695742209755, 0.02240849453866767]], [[71.0], [0.03203720785677433, 0.5042537262565211]], [[500.0], [0.046626695742209755, 0.02240849453866767]], [[500.0], [0.046626695742209755, 0.02240849453866767]], [[500.0], [0.046626695742209755, 0.02240849453866767]], [[500.0], [0.046626695742209755, 0.02240849453866767]], [[500.0], [0.046626695742209755, 0.02240849453866767]], [[500.0], [0.046626695742209755, 0.02240849453866767]], [[500.0], [0.046626695742209755, 0.02240849453866767]]], "103": [[[9.7], [0.03666744567453861, -0.5957981901305714]], [[500.0], [0.016475642720858257, -0.017630692758557328]], [[205.0], [0.0795736163854599, 0.5160873158696736]], [[379.8], [0.13153356810410818, 0.01191278656668355]], [[379.8], [0.13153356810410818, 0.01191278656668355]], [[500.0], [0.016475642720858257, -0.017630692758557328]], [[14.1], [-0.024876988803346954, 0.5504739198958475]], [[379.8], [0.13153356810410818, 0.01191278656668355]], [[379.8], [0.13153356810410818, 0.01191278656668355]], [[500.0], [0.016475642720858257, -0.017630692758557328]], [[500.0], [0.016475642720858257, -0.017630692758557328]], [[500.0], [0.016475642720858257, -0.017630692758557328]], [[500.0], [0.016475642720858257, -0.017630692758557328]], [[379.8], [0.13153356810410818, 0.01191278656668355]], [[500.0], [0.016475642720858257, -0.017630692758557328]], [[60.6], [0.014017693077524504, 0.5193034356290644]], [[11.8], [-0.02514785621315241, 0.5155667377430857]], [[500.0], [0.016475642720858257, -0.017630692758557328]], [[379.8], [0.13153356810410818, 0.01191278656668355]], [[379.8], [0.13153356810410818, 0.01191278656668355]], [[379.8], [0.13153356810410818, 0.01191278656668355]], [[379.8], [0.13153356810410818, 0.01191278656668355]], [[500.0], [0.016475642720858257, -0.017630692758557328]], [[379.8], [0.13153356810410818, 0.01191278656668355]], [[500.0], [0.016475642720858257, -0.017630692758557328]], [[500.0], [0.016475642720858257, -0.017630692758557328]], [[500.0], [0.016475642720858257, -0.017630692758557328]], [[379.8], [0.13153356810410818, 0.01191278656668355]], [[379.8], [0.13153356810410818, 0.01191278656668355]], [[500.0], [0.016475642720858257, -0.017630692758557328]]]}