{"103": [[[500.0], [0.010969468858093023, -0.15802929204616822]], [[500.0], [0.010969468858093023, -0.15802929204616822]], [[500.0], [0.010969468858093023, -0.15802929204616822]], [[500.0], [0.010969468858093023, -0.15802929204616822]], [[22.6], [-0.021129671173791092, 0.5048611446430809]], [[500.0], [0.010969468858093023, -0.15802929204616822]], [[500.0], [0.010969468858093023, -0.15802929204616822]], [[500.0], [0.010969468858093023, -0.15802929204616822]], [[500.0], [0.010969468858093023, -0.15802929204616822]], [[336.2], [0.5052345991134644, 0.20457781031371305]], [[500.0], [0.010969468858093023, -0.15802929204616822]], [[500.0], [0.010969468858093023, -0.15802929204616822]], [[500.0], [0.010969468858093023, -0.15802929204616822]], [[500.0], [0.010969468858093023, -0.15802929204616822]], [[500.0], [0.010969468858093023, -0.15802929204616822]], [[28.6], [-0.03981462058921655, 0.5224455130157288]], [[500.0], [0.010969468858093023, -0.15802929204616822]], [[500.0], [0.010969468858093023, -0.15802929204616822]], [[336.2], [0.5052345991134644, 0.20457781031371305]], [[500.0], [0.010969468858093023, -0.15802929204616822]], [[336.2], [0.5052345991134644, 0.20457781031371305]], [[500.0], [0.010969468858093023, -0.15802929204616822]], [[500.0], [0.010969468858093023, -0.15802929204616822]], [[500.0], [0.010969468858093023, -0.15802929204616822]], [[500.0], [0.010969468858093023, -0.15802929204616822]], [[500.0], [0.010969468858093023, -0.15802929204616822]], [[500.0], [0.010969468858093023, -0.15802929204616822]], [[500.0], [0.010969468858093023, -0.15802929204616822]], [[500.0], [0.010969468858093023, -0.15802929204616822]], [[136.9], [0.007432852095613877, -0.5143625599345523]]], "101": [[[500.0], [0.09065342446168265, 0.0024748532743188753]], [[500.0], [0.09065342446168265, 0.0024748532743188753]], [[500.0], [0.09065342446168265, 0.0024748532743188753]], [[500.0], [0.09065342446168265, 0.0024748532743188753]], [[500.0], [0.09065342446168265, 0.0024748532743188753]], [[500.0], [0.09065342446168265, 0.0024748532743188753]], [[500.0], [0.09065342446168265, 0.0024748532743188753]], [[500.0], [0.09065342446168265, 0.0024748532743188753]], [[500.0], [0.09065342446168265, 0.0024748532743188753]], [[500.0], [0.09065342446168265, 0.0024748532743188753]], [[500.0], [0.09065342446168265, 0.0024748532743188753]], [[84.8], [0.043377503752708435, 0.5186097473619087]], [[500.0], [0.09065342446168265, 0.0024748532743188753]], [[500.0], [0.09065342446168265, 0.0024748532743188753]], [[500.0], [0.09065342446168265, 0.0024748532743188753]], [[500.0], [0.09065342446168265, 0.0024748532743188753]], [[500.0], [0.09065342446168265, 0.0024748532743188753]], [[500.0], [0.09065342446168265, 0.0024748532743188753]], [[500.0], [0.09065342446168265, 0.0024748532743188753]], [[500.0], [0.09065342446168265, 0.0024748532743188753]], [[500.0], [0.09065342446168265, 0.0024748532743188753]], [[500.0], [0.09065342446168265, 0.0024748532743188753]], [[430.1], [-0.40169574320316315, -0.041076138116526266]], [[500.0], [0.09065342446168265, 0.0024748532743188753]], [[68.9], [-0.08640514065821966, -0.504354612108623]], [[500.0], [0.09065342446168265, 0.0024748532743188753]], [[500.0], [0.09065342446168265, 0.0024748532743188753]], [[500.0], [0.09065342446168265, 0.0024748532743188753]], [[500.0], [0.09065342446168265, 0.0024748532743188753]], [[500.0], [0.09065342446168265, 0.0024748532743188753]]], "102": [[[157.0], [0.07716874281565349, 0.5109250973286241]], [[500.0], [0.026687119777003925, -0.30201313455709433]], [[500.0], [0.0012553536604779463, -0.0009204513887968361]], [[500.0], [0.0012553536604779463, -0.0009204513887968361]], [[500.0], [0.026687119777003925, -0.30201313455709433]], [[500.0], [0.026687119777003925, -0.30201313455709433]], [[500.0], [0.0012553536604779463, -0.0009204513887968361]], [[500.0], [0.0012553536604779463, -0.0009204513887968361]], [[500.0], [0.026687119777003925, -0.30201313455709433]], [[500.0], [0.0012553536604779463, -0.0009204513887968361]], [[14.3], [-0.02420109541465839, 0.5015335513644241]], [[14.6], [-0.023281246734162174, 0.5298125686828029]], [[14.6], [-0.023281246734162174, 0.5298125686828029]], [[500.0], [0.0012553536604779463, -0.0009204513887968361]], [[500.0], [0.0012553536604779463, -0.0009204513887968361]], [[500.0], [0.0012553536604779463, -0.0009204513887968361]], [[9.8], [0.035043939327200256, -0.5681308333953602]], [[500.0], [0.026687119777003925, -0.30201313455709433]], [[500.0], [0.0012553536604779463, -0.0009204513887968361]], [[500.0], [0.026687119777003925, -0.30201313455709433]], [[14.6], [-0.023281246734162174, 0.5298125686828029]], [[500.0], [0.026687119777003925, -0.30201313455709433]], [[500.0], [0.026687119777003925, -0.30201313455709433]], [[500.0], [0.0012553536604779463, -0.0009204513887968361]], [[500.0], [0.06339810788631439, -0.0032886732414222223]], [[100.8], [0.5003113051255544, 0.27153589294857955]], [[500.0], [0.0012553536604779463, -0.0009204513887968361]], [[500.0], [0.0012553536604779463, -0.0009204513887968361]], [[500.0], [0.0012553536604779463, -0.0009204513887968361]], [[500.0], [0.0012553536604779463, -0.0009204513887968361]]]}