{"103": [[[16.1], [-0.02320180336634318, 0.5090997050823778]], [[16.1], [-0.02320180336634318, 0.5090997050823778]], [[16.1], [-0.02320180336634318, 0.5090997050823778]], [[16.1], [-0.02320180336634318, 0.5090997050823778]], [[16.1], [-0.02320180336634318, 0.5090997050823778]], [[16.1], [-0.02320180336634318, 0.5090997050823778]], [[16.1], [-0.02320180336634318, 0.5090997050823778]], [[16.1], [-0.02320180336634318, 0.5090997050823778]], [[16.1], [-0.02320180336634318, 0.5090997050823778]], [[16.1], [-0.02320180336634318, 0.5090997050823778]], [[16.1], [-0.02320180336634318, 0.5090997050823778]], [[16.1], [-0.02320180336634318, 0.5090997050823778]], [[16.1], [-0.02320180336634318, 0.5090997050823778]], [[16.1], [-0.02320180336634318, 0.5090997050823778]], [[16.1], [-0.02320180336634318, 0.5090997050823778]], [[160.9], [0.15815827995538712, 0.5010655907352576]], [[16.1], [-0.02320180336634318, 0.5090997050823778]], [[16.1], [-0.02320180336634318, 0.5090997050823778]], [[16.1], [-0.02320180336634318, 0.5090997050823778]], [[16.1], [-0.02320180336634318, 0.5090997050823778]], [[68.9], [0.08125061790148418, -0.5129373601178804]], [[16.1], [-0.02320180336634318, 0.5090997050823778]], [[16.1], [-0.02320180336634318, 0.5090997050823778]], [[16.1], [-0.02320180336634318, 0.5090997050823778]], [[16.1], [-0.02320180336634318, 0.5090997050823778]], [[16.1], [-0.02320180336634318, 0.5090997050823778]], [[16.1], [-0.02320180336634318, 0.5090997050823778]], [[16.1], [-0.02320180336634318, 0.5090997050823778]], [[16.1], [-0.02320180336634318, 0.5090997050823778]], [[16.1], [-0.02320180336634318, 0.5090997050823778]]], "102": [[[9.8], [0.03666744567453861, -0.5957981901305714]], [[9.9], [0.03666744567453861, -0.5957981901305714]], [[9.9], [0.03666744567453861, -0.5957981901305714]], [[9.8], [0.03666744567453861, -0.5957981901305714]], [[9.8], [0.03666744567453861, -0.5957981901305714]], [[9.8], [0.03666744567453861, -0.5957981901305714]], [[9.8], [0.03666744567453861, -0.5957981901305714]], [[9.8], [0.03666744567453861, -0.5957981901305714]], [[9.9], [0.03666744567453861, -0.5957981901305714]], [[9.9], [0.03666744567453861, -0.5957981901305714]], [[9.8], [0.03666744567453861, -0.5957981901305714]], [[9.8], [0.03666744567453861, -0.5957981901305714]], [[9.8], [0.03666744567453861, -0.5957981901305714]], [[9.8], [0.03666744567453861, -0.5957981901305714]], [[9.9], [0.03666744567453861, -0.5957981901305714]], [[9.8], [0.03666744567453861, -0.5957981901305714]], [[9.8], [0.03666744567453861, -0.5957981901305714]], [[9.8], [0.03666744567453861, -0.5957981901305714]], [[9.8], [0.03666744567453861, -0.5957981901305714]], [[9.9], [0.03666744567453861, -0.5957981901305714]], [[9.9], [0.03666744567453861, -0.5957981901305714]], [[9.8], [0.03666744567453861, -0.5957981901305714]], [[9.8], [0.03666744567453861, -0.5957981901305714]], [[9.8], [0.03666744567453861, -0.5957981901305714]], [[9.8], [0.03666744567453861, -0.5957981901305714]], [[9.8], [0.03666744567453861, -0.5957981901305714]], [[9.8], [0.03666744567453861, -0.5957981901305714]], [[9.9], [0.03666744567453861, -0.5957981901305714]], [[9.8], [0.03666744567453861, -0.5957981901305714]], [[9.8], [0.03666744567453861, -0.5957981901305714]]], "101": [[[105.9], [0.07356533780694008, -0.5219578386493847]], [[105.9], [0.07356533780694008, -0.5219578386493847]], [[105.9], [0.07356533780694008, -0.5219578386493847]], [[105.9], [0.07356533780694008, -0.5219578386493847]], [[105.9], [0.07356533780694008, -0.5219578386493847]], [[105.9], [0.07356533780694008, -0.5219578386493847]], [[105.9], [0.07356533780694008, -0.5219578386493847]], [[105.9], [0.07356533780694008, -0.5219578386493847]], [[105.9], [0.07356533780694008, -0.5219578386493847]], [[105.9], [0.07356533780694008, -0.5219578386493847]], [[105.9], [0.07356533780694008, -0.5219578386493847]], [[105.9], [0.07356533780694008, -0.5219578386493847]], [[105.9], [0.07356533780694008, -0.5219578386493847]], [[105.9], [0.07356533780694008, -0.5219578386493847]], [[105.9], [0.07356533780694008, -0.5219578386493847]], [[105.9], [0.07356533780694008, -0.5219578386493847]], [[105.9], [0.07356533780694008, -0.5219578386493847]], [[105.9], [0.07356533780694008, -0.5219578386493847]], [[105.9], [0.07356533780694008, -0.5219578386493847]], [[105.9], [0.07356533780694008, -0.5219578386493847]], [[105.9], [0.07356533780694008, -0.5219578386493847]], [[105.9], [0.07356533780694008, -0.5219578386493847]], [[105.9], [0.07356533780694008, -0.5219578386493847]], [[105.9], [0.07356533780694008, -0.5219578386493847]], [[105.9], [0.07356533780694008, -0.5219578386493847]], [[105.9], [0.07356533780694008, -0.5219578386493847]], [[105.9], [0.07356533780694008, -0.5219578386493847]], [[105.9], [0.07356533780694008, -0.5219578386493847]], [[105.9], [0.07356533780694008, -0.5219578386493847]], [[105.9], [0.07356533780694008, -0.5219578386493847]]]}