{"101": [[[9.6], [0.03666744567453861, -0.5957981901305714]], [[9.6], [0.03666744567453861, -0.5957981901305714]], [[9.6], [0.03666744567453861, -0.5957981901305714]], [[9.6], [0.03666744567453861, -0.5957981901305714]], [[9.6], [0.03666744567453861, -0.5957981901305714]], [[9.6], [0.03666744567453861, -0.5957981901305714]], [[9.6], [0.03666744567453861, -0.5957981901305714]], [[9.6], [0.03666744567453861, -0.5957981901305714]], [[9.6], [0.03666744567453861, -0.5957981901305714]], [[9.6], [0.03666744567453861, -0.5957981901305714]], [[9.6], [0.03666744567453861, -0.5957981901305714]], [[9.6], [0.03666744567453861, -0.5957981901305714]], [[9.6], [0.03666744567453861, -0.5957981901305714]], [[9.6], [0.03666744567453861, -0.5957981901305714]], [[9.6], [0.03666744567453861, -0.5957981901305714]], [[9.6], [0.03666744567453861, -0.5957981901305714]], [[9.8], [-0.026153003176053367, 0.5092510695092416]], [[9.6], [0.03666744567453861, -0.5957981901305714]], [[9.6], [0.03666744567453861, -0.5957981901305714]], [[9.6], [0.03666744567453861, -0.5957981901305714]], [[9.6], [0.03666744567453861, -0.5957981901305714]], [[9.6], [0.03666744567453861, -0.5957981901305714]], [[9.6], [0.03666744567453861, -0.5957981901305714]], [[9.6], [0.03666744567453861, -0.5957981901305714]], [[9.6], [0.03666744567453861, -0.5957981901305714]], [[9.6], [0.03666744567453861, -0.5957981901305714]], [[9.6], [0.03666744567453861, -0.5957981901305714]], [[9.6], [0.03666744567453861, -0.5957981901305714]], [[9.6], [0.03666744567453861, -0.5957981901305714]], [[9.6], [0.03666744567453861, -0.5957981901305714]]], "102": [[[9.7], [0.03666744567453861, -0.5957981901305714]], [[9.5], [0.03666744567453861, -0.5957981901305714]], [[9.6], [0.03666744567453861, -0.5957981901305714]], [[9.7], [0.03666744567453861, -0.5957981901305714]], [[9.7], [0.03666744567453861, -0.5957981901305714]], [[9.7], [0.03666744567453861, -0.5957981901305714]], [[9.7], [0.03666744567453861, -0.5957981901305714]], [[9.7], [0.03666744567453861, -0.5957981901305714]], [[9.7], [0.03666744567453861, -0.5957981901305714]], [[9.7], [0.03666744567453861, -0.5957981901305714]], [[126.4], [0.09366669381658237, -0.5071343559967845]], [[9.7], [0.03666744567453861, -0.5957981901305714]], [[9.7], [0.03666744567453861, -0.5957981901305714]], [[9.7], [0.03666744567453861, -0.5957981901305714]], [[9.7], [0.03666744567453861, -0.5957981901305714]], [[9.7], [0.03666744567453861, -0.5957981901305714]], [[9.5], [0.03666744567453861, -0.5957981901305714]], [[9.7], [0.03666744567453861, -0.5957981901305714]], [[9.7], [0.03666744567453861, -0.5957981901305714]], [[9.7], [0.03666744567453861, -0.5957981901305714]], [[9.7], [0.03666744567453861, -0.5957981901305714]], [[9.7], [0.03666744567453861, -0.5957981901305714]], [[9.7], [0.03666744567453861, -0.5957981901305714]], [[9.7], [0.03666744567453861, -0.5957981901305714]], [[9.6], [0.03666744567453861, -0.5957981901305714]], [[9.7], [0.03666744567453861, -0.5957981901305714]], [[9.7], [0.03666744567453861, -0.5957981901305714]], [[9.7], [0.03666744567453861, -0.5957981901305714]], [[126.4], [0.09366669381658237, -0.5071343559967845]], [[9.7], [0.03666744567453861, -0.5957981901305714]]], "103": [[[65.3], [0.055012237280607224, 0.5053307094642421]], [[65.3], [0.055012237280607224, 0.5053307094642421]], [[132.6], [0.04652532748878002, 0.5232959486651079]], [[65.3], [0.055012237280607224, 0.5053307094642421]], [[65.3], [0.055012237280607224, 0.5053307094642421]], [[65.3], [0.055012237280607224, 0.5053307094642421]], [[65.3], [0.055012237280607224, 0.5053307094642421]], [[65.3], [0.055012237280607224, 0.5053307094642421]], [[65.3], [0.055012237280607224, 0.5053307094642421]], [[65.3], [0.055012237280607224, 0.5053307094642421]], [[65.3], [0.055012237280607224, 0.5053307094642421]], [[65.3], [0.055012237280607224, 0.5053307094642421]], [[65.3], [0.055012237280607224, 0.5053307094642421]], [[65.3], [0.055012237280607224, 0.5053307094642421]], [[65.3], [0.055012237280607224, 0.5053307094642421]], [[65.3], [0.055012237280607224, 0.5053307094642421]], [[65.3], [0.055012237280607224, 0.5053307094642421]], [[65.3], [0.055012237280607224, 0.5053307094642421]], [[65.3], [0.055012237280607224, 0.5053307094642421]], [[65.3], [0.055012237280607224, 0.5053307094642421]], [[65.3], [0.055012237280607224, 0.5053307094642421]], [[65.3], [0.055012237280607224, 0.5053307094642421]], [[65.3], [0.055012237280607224, 0.5053307094642421]], [[65.3], [0.055012237280607224, 0.5053307094642421]], [[65.3], [0.055012237280607224, 0.5053307094642421]], [[65.3], [0.055012237280607224, 0.5053307094642421]], [[65.3], [0.055012237280607224, 0.5053307094642421]], [[65.3], [0.055012237280607224, 0.5053307094642421]], [[65.3], [0.055012237280607224, 0.5053307094642421]], [[65.3], [0.055012237280607224, 0.5053307094642421]]]}