{"103": [[[47.2], [0.004793622065335512, 0.5046995490361629]], [[9.7], [0.03666744567453861, -0.5957981901305714]], [[64.1], [0.021120086312294006, 0.5082725123925643]], [[9.6], [0.03666744567453861, -0.5957981901305714]], [[9.6], [0.03666744567453861, -0.5957981901305714]], [[146.1], [0.09482298667232196, 0.5051898970558313]], [[9.7], [0.03666744567453861, -0.5957981901305714]], [[9.7], [0.03666744567453861, -0.5957981901305714]], [[9.7], [0.03666744567453861, -0.5957981901305714]], [[24.3], [-0.01825938311715921, 0.5601930062166242]], [[9.7], [0.03666744567453861, -0.5957981901305714]], [[9.7], [0.03666744567453861, -0.5957981901305714]], [[146.1], [0.09482298667232196, 0.5051898970558313]], [[9.7], [0.03666744567453861, -0.5957981901305714]], [[21.3], [-0.02177182429780563, 0.5447718016268535]], [[9.6], [0.03666744567453861, -0.5957981901305714]], [[24.3], [-0.01825938311715921, 0.5601930062166242]], [[9.7], [0.03666744567453861, -0.5957981901305714]], [[64.1], [0.021120086312294006, 0.5082725123925643]], [[9.7], [0.03666744567453861, -0.5957981901305714]], [[317.5], [0.4946194589138031, 0.5175490199663992]], [[9.6], [0.03666744567453861, -0.5957981901305714]], [[9.7], [0.03666744567453861, -0.5957981901305714]], [[9.7], [0.03666744567453861, -0.5957981901305714]], [[9.6], [0.03666744567453861, -0.5957981901305714]], [[9.7], [0.03666744567453861, -0.5957981901305714]], [[9.6], [0.03666744567453861, -0.5957981901305714]], [[9.7], [0.03666744567453861, -0.5957981901305714]], [[9.6], [0.03666744567453861, -0.5957981901305714]], [[9.7], [0.03666744567453861, -0.5957981901305714]]], "102": [[[9.6], [0.03666744567453861, -0.5957981901305714]], [[9.9], [0.03666744567453861, -0.5957981901305714]], [[9.9], [0.03666744567453861, -0.5957981901305714]], [[500.0], [-0.09097446377078693, 0.3301922998359899]], [[9.4], [0.03666744567453861, -0.5957981901305714]], [[9.6], [0.03666744567453861, -0.5957981901305714]], [[9.7], [0.03666744567453861, -0.5957981901305714]], [[9.7], [0.03666744567453861, -0.5957981901305714]], [[9.6], [0.03666744567453861, -0.5957981901305714]], [[27.6], [-0.012903501434872549, 0.525567163690996]], [[9.9], [0.03666744567453861, -0.5957981901305714]], [[9.9], [0.03666744567453861, -0.5957981901305714]], [[9.9], [0.03666744567453861, -0.5957981901305714]], [[9.9], [0.03666744567453861, -0.5957981901305714]], [[9.6], [0.03666744567453861, -0.5957981901305714]], [[9.9], [0.03666744567453861, -0.5957981901305714]], [[9.6], [0.03666744567453861, -0.5957981901305714]], [[9.6], [0.03666744567453861, -0.5957981901305714]], [[47.9], [0.048227825512488685, -0.5097658368959381]], [[9.6], [0.03666744567453861, -0.5957981901305714]], [[9.6], [0.03666744567453861, -0.5957981901305714]], [[9.6], [0.03666744567453861, -0.5957981901305714]], [[9.6], [0.03666744567453861, -0.5957981901305714]], [[9.9], [0.03666744567453861, -0.5957981901305714]], [[9.6], [0.03666744567453861, -0.5957981901305714]], [[9.9], [0.03666744567453861, -0.5957981901305714]], [[9.6], [0.03666744567453861, -0.5957981901305714]], [[9.6], [0.03666744567453861, -0.5957981901305714]], [[9.6], [0.03666744567453861, -0.5957981901305714]], [[47.9], [0.048227825512488685, -0.5097658368959381]]], "101": [[[9.9], [0.03666744567453861, -0.5957981901305714]], [[9.9], [0.03666744567453861, -0.5957981901305714]], [[9.3], [0.03666744567453861, -0.5957981901305714]], [[9.3], [0.03666744567453861, -0.5957981901305714]], [[12.0], [0.031478526070714, -0.5220403297666157]], [[92.5], [-0.14772916833559674, 0.5648573192112754]], [[9.9], [0.03666744567453861, -0.5957981901305714]], [[92.5], [-0.14772916833559674, 0.5648573192112754]], [[9.9], [0.03666744567453861, -0.5957981901305714]], [[9.9], [0.03666744567453861, -0.5957981901305714]], [[9.3], [0.03666744567453861, -0.5957981901305714]], [[9.9], [0.03666744567453861, -0.5957981901305714]], [[9.3], [0.03666744567453861, -0.5957981901305714]], [[9.9], [0.03666744567453861, -0.5957981901305714]], [[9.9], [0.03666744567453861, -0.5957981901305714]], [[10.0], [0.03666744567453861, -0.5957981901305714]], [[9.3], [0.03341943956911564, -0.5401550083639519]], [[9.3], [0.03666744567453861, -0.5957981901305714]], [[9.9], [0.03666744567453861, -0.5957981901305714]], [[9.9], [0.03666744567453861, -0.5957981901305714]], [[9.9], [0.03666744567453861, -0.5957981901305714]], [[9.9], [0.03666744567453861, -0.5957981901305714]], [[9.3], [0.03666744567453861, -0.5957981901305714]], [[9.9], [0.03666744567453861, -0.5957981901305714]], [[9.9], [0.03666744567453861, -0.5957981901305714]], [[10.0], [0.03666744567453861, -0.5957981901305714]], [[92.5], [-0.14772916833559674, 0.5648573192112754]], [[9.3], [0.03666744567453861, -0.5957981901305714]], [[112.8], [0.14003142714500427, 0.5029941859998202]], [[92.5], [-0.14772916833559674, 0.5648573192112754]]]}