{"103": [[[70.7], [0.029114742452899616, 0.5129381800382331]], [[70.7], [0.029114742452899616, 0.5129381800382331]], [[70.7], [0.029114742452899616, 0.5129381800382331]], [[70.7], [0.029114742452899616, 0.5129381800382331]], [[70.7], [0.029114742452899616, 0.5129381800382331]], [[70.7], [0.029114742452899616, 0.5129381800382331]], [[70.7], [0.029114742452899616, 0.5129381800382331]], [[70.7], [0.029114742452899616, 0.5129381800382331]], [[70.7], [0.029114742452899616, 0.5129381800382331]], [[70.7], [0.029114742452899616, 0.5129381800382331]], [[70.7], [0.029114742452899616, 0.5129381800382331]], [[70.7], [0.029114742452899616, 0.5129381800382331]], [[70.7], [0.029114742452899616, 0.5129381800382331]], [[70.7], [0.029114742452899616, 0.5129381800382331]], [[70.7], [0.029114742452899616, 0.5129381800382331]], [[70.7], [0.029114742452899616, 0.5129381800382331]], [[70.7], [0.029114742452899616, 0.5129381800382331]], [[70.7], [0.029114742452899616, 0.5129381800382331]], [[70.7], [0.029114742452899616, 0.5129381800382331]], [[70.7], [0.029114742452899616, 0.5129381800382331]], [[70.7], [0.029114742452899616, 0.5129381800382331]], [[135.1], [-0.003832461467633645, 0.5078143908076309]], [[70.7], [0.029114742452899616, 0.5129381800382331]], [[70.7], [0.029114742452899616, 0.5129381800382331]], [[70.7], [0.029114742452899616, 0.5129381800382331]], [[70.7], [0.029114742452899616, 0.5129381800382331]], [[70.7], [0.029114742452899616, 0.5129381800382331]], [[70.7], [0.029114742452899616, 0.5129381800382331]], [[70.7], [0.029114742452899616, 0.5129381800382331]], [[70.7], [0.029114742452899616, 0.5129381800382331]]], "102": [[[11.8], [0.03666744567453861, -0.5957981901305714]], [[11.8], [0.03666744567453861, -0.5957981901305714]], [[11.8], [0.03666744567453861, -0.5957981901305714]], [[11.8], [0.03666744567453861, -0.5957981901305714]], [[9.8], [0.03666744567453861, -0.5957981901305714]], [[11.8], [0.03666744567453861, -0.5957981901305714]], [[11.8], [0.03666744567453861, -0.5957981901305714]], [[11.8], [0.03666744567453861, -0.5957981901305714]], [[11.8], [0.03666744567453861, -0.5957981901305714]], [[11.8], [0.03666744567453861, -0.5957981901305714]], [[11.8], [0.03666744567453861, -0.5957981901305714]], [[11.8], [0.03666744567453861, -0.5957981901305714]], [[11.8], [0.03666744567453861, -0.5957981901305714]], [[11.8], [0.03666744567453861, -0.5957981901305714]], [[11.8], [0.03666744567453861, -0.5957981901305714]], [[11.8], [0.03666744567453861, -0.5957981901305714]], [[11.8], [0.03666744567453861, -0.5957981901305714]], [[11.8], [0.03666744567453861, -0.5957981901305714]], [[11.8], [0.03666744567453861, -0.5957981901305714]], [[11.8], [0.03666744567453861, -0.5957981901305714]], [[11.8], [0.03666744567453861, -0.5957981901305714]], [[11.8], [0.03666744567453861, -0.5957981901305714]], [[11.8], [0.03666744567453861, -0.5957981901305714]], [[11.8], [0.03666744567453861, -0.5957981901305714]], [[11.8], [0.03666744567453861, -0.5957981901305714]], [[11.8], [0.03666744567453861, -0.5957981901305714]], [[11.8], [0.03666744567453861, -0.5957981901305714]], [[11.8], [0.03666744567453861, -0.5957981901305714]], [[11.8], [0.03666744567453861, -0.5957981901305714]], [[11.8], [0.03666744567453861, -0.5957981901305714]]], "101": [[[9.3], [-0.02940102480351925, 0.5648723273186023]], [[9.3], [-0.02940102480351925, 0.5648723273186023]], [[9.3], [-0.02940102480351925, 0.5648723273186023]], [[9.3], [-0.02940102480351925, 0.5648723273186023]], [[31.3], [-0.04167753582199415, 0.5332859295406981]], [[9.3], [-0.02940102480351925, 0.5648723273186023]], [[9.3], [-0.02940102480351925, 0.5648723273186023]], [[9.3], [-0.02940102480351925, 0.5648723273186023]], [[9.3], [-0.02940102480351925, 0.5648723273186023]], [[9.3], [-0.02940102480351925, 0.5648723273186023]], [[9.3], [-0.02940102480351925, 0.5648723273186023]], [[9.3], [-0.02940102480351925, 0.5648723273186023]], [[9.3], [-0.02940102480351925, 0.5648723273186023]], [[9.3], [-0.02940102480351925, 0.5648723273186023]], [[9.3], [-0.02940102480351925, 0.5648723273186023]], [[9.3], [-0.02940102480351925, 0.5648723273186023]], [[9.3], [-0.02940102480351925, 0.5648723273186023]], [[9.3], [-0.02940102480351925, 0.5648723273186023]], [[9.3], [-0.02940102480351925, 0.5648723273186023]], [[9.3], [-0.02940102480351925, 0.5648723273186023]], [[9.3], [-0.02940102480351925, 0.5648723273186023]], [[9.3], [-0.02940102480351925, 0.5648723273186023]], [[9.3], [-0.02940102480351925, 0.5648723273186023]], [[9.3], [-0.02940102480351925, 0.5648723273186023]], [[9.3], [-0.02940102480351925, 0.5648723273186023]], [[9.3], [-0.02940102480351925, 0.5648723273186023]], [[9.3], [-0.02940102480351925, 0.5648723273186023]], [[9.3], [-0.02940102480351925, 0.5648723273186023]], [[9.3], [-0.02940102480351925, 0.5648723273186023]], [[9.3], [-0.02940102480351925, 0.5648723273186023]]]}