{"101": [[186.2, [-0.04903546224037807, 0.5377855811392862]], [488.53333333333336, [-0.16040685276190442, 0.33946196285731484]], [186.2, [-0.04903546224037807, 0.5377855811392862]], [488.53333333333336, [-0.16040685276190442, 0.33946196285731484]], [186.2, [-0.04903546224037807, 0.5377855811392862]], [488.53333333333336, [-0.16040685276190442, 0.33946196285731484]], [488.53333333333336, [-0.16040685276190442, 0.33946196285731484]], [166.8, [0.17403295884529751, 0.5186604754776476]], [186.2, [-0.04903546224037807, 0.5377855811392862]], [186.2, [-0.04903546224037807, 0.5377855811392862]], [186.2, [-0.04903546224037807, 0.5377855811392862]], [488.53333333333336, [-0.16040685276190442, 0.33946196285731484]], [186.2, [-0.04903546224037807, 0.5377855811392862]], [488.53333333333336, [-0.16040685276190442, 0.33946196285731484]], [226.06666666666666, [0.09401092926661174, -0.5046542038757835]], [488.53333333333336, [-0.16040685276190442, 0.33946196285731484]], [488.53333333333336, [-0.16040685276190442, 0.33946196285731484]], [488.53333333333336, [-0.16040685276190442, 0.33946196285731484]], [488.53333333333336, [-0.16040685276190442, 0.33946196285731484]], [488.53333333333336, [-0.16040685276190442, 0.33946196285731484]], [123.6, [-0.09040751804908118, -0.5095123745607988]], [488.53333333333336, [-0.16040685276190442, 0.33946196285731484]], [488.53333333333336, [-0.16040685276190442, 0.33946196285731484]], [186.2, [-0.04903546224037807, 0.5377855811392862]], [488.53333333333336, [-0.16040685276190442, 0.33946196285731484]], [488.53333333333336, [-0.16040685276190442, 0.33946196285731484]], [488.53333333333336, [-0.16040685276190442, 0.33946196285731484]], [200.0, [-0.004504142173876366, 0.002226904513644117]], [488.53333333333336, [-0.16040685276190442, 0.33946196285731484]], [488.53333333333336, [-0.16040685276190442, 0.33946196285731484]]], "102": [[500.0, [0.004551338497549295, 0.011667732871248962]], [174.6, [-0.11184965570767721, 0.5114307029965962]], [83.26666666666667, [-0.03739623352885246, -0.5267227523064499]], [141.73333333333332, [0.12472812086343765, 0.5159022634109242]], [174.6, [-0.11184965570767721, 0.5114307029965962]], [251.53333333333333, [0.5072574814160665, 0.4760563088375986]], [174.6, [-0.11184965570767721, 0.5114307029965962]], [149.2, [-0.23858947058518729, -0.5079342417739795]], [173.4, [0.0015654911597569785, 0.0002518439393615324]], [174.6, [-0.11184965570767721, 0.5114307029965962]], [83.26666666666667, [-0.03739623352885246, -0.5267227523064499]], [251.53333333333333, [0.5072574814160665, 0.4760563088375986]], [141.73333333333332, [0.12472812086343765, 0.5159022634109242]], [149.2, [-0.23858947058518729, -0.5079342417739795]], [141.73333333333332, [0.12472812086343765, 0.5159022634109242]], [110.13333333333334, [-0.05391289169589679, 0.5296555004621807]], [173.4, [0.0015654911597569785, 0.0002518439393615324]], [149.2, [-0.23858947058518729, -0.5079342417739795]], [500.0, [0.004551338497549295, 0.011667732871248962]], [174.6, [-0.11184965570767721, 0.5114307029965962]], [83.26666666666667, [-0.03739623352885246, -0.5267227523064499]], [500.0, [0.004551338497549295, 0.011667732871248962]], [110.13333333333334, [-0.05391289169589679, 0.5296555004621807]], [500.0, [0.004551338497549295, 0.011667732871248962]], [174.6, [-0.11184965570767721, 0.5114307029965962]], [174.6, [-0.11184965570767721, 0.5114307029965962]], [83.26666666666667, [-0.03739623352885246, -0.5267227523064499]], [149.2, [-0.23858947058518729, -0.5079342417739795]], [70.06666666666666, [0.0327202615638574, 0.5241565798458301]], [174.6, [-0.11184965570767721, 0.5114307029965962]]], "103": [[167.66666666666666, [-0.5028244853019714, 0.5005959902653854]], [167.66666666666666, [-0.5028244853019714, 0.5005959902653854]], [305.06666666666666, [-0.002839746108899514, -0.03548362180947117]], [167.66666666666666, [-0.5028244853019714, 0.5005959902653854]], [305.06666666666666, [-0.002839746108899514, -0.03548362180947117]], [167.66666666666666, [-0.5028244853019714, 0.5005959902653854]], [167.66666666666666, [-0.5028244853019714, 0.5005959902653854]], [305.06666666666666, [-0.002839746108899514, -0.03548362180947117]], [167.66666666666666, [-0.5028244853019714, 0.5005959902653854]], [167.66666666666666, [-0.5028244853019714, 0.5005959902653854]], [167.66666666666666, [-0.5028244853019714, 0.5005959902653854]], [331.6666666666667, [0.036440578599770866, -0.004731670677055868]], [413.2, [0.09679789965351424, 0.5038747448099857]], [167.66666666666666, [-0.5028244853019714, 0.5005959902653854]], [331.6666666666667, [0.036440578599770866, -0.004731670677055868]], [82.93333333333334, [0.04695661986867587, 0.5256768191260014]], [59.86666666666667, [-0.0031342652315894766, -0.5073409402769719]], [305.06666666666666, [-0.002839746108899514, -0.03548362180947117]], [71.66666666666667, [0.036522907515366874, 0.5169542212235301]], [241.8, [0.20150658984978995, 0.5123518300398685]], [331.6666666666667, [0.036440578599770866, -0.004731670677055868]], [413.2, [0.09679789965351424, 0.5038747448099857]], [59.86666666666667, [-0.0031342652315894766, -0.5073409402769719]], [167.66666666666666, [-0.5028244853019714, 0.5005959902653854]], [331.6666666666667, [0.036440578599770866, -0.004731670677055868]], [331.6666666666667, [0.036440578599770866, -0.004731670677055868]], [167.66666666666666, [-0.5028244853019714, 0.5005959902653854]], [167.66666666666666, [-0.5028244853019714, 0.5005959902653854]], [167.66666666666666, [-0.5028244853019714, 0.5005959902653854]], [305.06666666666666, [-0.002839746108899514, -0.03548362180947117]]]}