{"101": [[488.53333333333336, [-0.16040685276190442, 0.33946196285731484]], [488.53333333333336, [-0.16040685276190442, 0.33946196285731484]], [488.53333333333336, [-0.16040685276190442, 0.33946196285731484]], [488.53333333333336, [-0.16040685276190442, 0.33946196285731484]], [488.53333333333336, [-0.16040685276190442, 0.33946196285731484]], [488.53333333333336, [-0.16040685276190442, 0.33946196285731484]], [488.53333333333336, [-0.16040685276190442, 0.33946196285731484]], [488.53333333333336, [-0.16040685276190442, 0.33946196285731484]], [488.53333333333336, [-0.16040685276190442, 0.33946196285731484]], [488.53333333333336, [-0.16040685276190442, 0.33946196285731484]], [488.53333333333336, [-0.16040685276190442, 0.33946196285731484]], [488.53333333333336, [-0.16040685276190442, 0.33946196285731484]], [231.93333333333334, [-4.650557912100339e-06, 0.014104267680331281]], [488.53333333333336, [-0.16040685276190442, 0.33946196285731484]], [488.53333333333336, [-0.16040685276190442, 0.33946196285731484]], [488.53333333333336, [-0.16040685276190442, 0.33946196285731484]], [488.53333333333336, [-0.16040685276190442, 0.33946196285731484]], [488.53333333333336, [-0.16040685276190442, 0.33946196285731484]], [488.53333333333336, [-0.16040685276190442, 0.33946196285731484]], [488.53333333333336, [-0.16040685276190442, 0.33946196285731484]], [488.53333333333336, [-0.16040685276190442, 0.33946196285731484]], [488.53333333333336, [-0.16040685276190442, 0.33946196285731484]], [488.53333333333336, [-0.16040685276190442, 0.33946196285731484]], [488.53333333333336, [-0.16040685276190442, 0.33946196285731484]], [488.53333333333336, [-0.16040685276190442, 0.33946196285731484]], [488.53333333333336, [-0.16040685276190442, 0.33946196285731484]], [488.53333333333336, [-0.16040685276190442, 0.33946196285731484]], [488.53333333333336, [-0.16040685276190442, 0.33946196285731484]], [488.53333333333336, [-0.16040685276190442, 0.33946196285731484]], [488.53333333333336, [-0.16040685276190442, 0.33946196285731484]]], "102": [[197.0, [0.0032426442097251615, -0.040720141176401714]], [500.0, [0.004551338497549295, 0.011667732871248962]], [500.0, [0.004551338497549295, 0.011667732871248962]], [500.0, [0.004551338497549295, 0.011667732871248962]], [500.0, [0.004551338497549295, 0.011667732871248962]], [500.0, [0.004551338497549295, 0.011667732871248962]], [500.0, [0.004551338497549295, 0.011667732871248962]], [500.0, [0.004551338497549295, 0.011667732871248962]], [500.0, [0.004551338497549295, 0.011667732871248962]], [500.0, [0.004551338497549295, 0.011667732871248962]], [156.0, [0.15294421464204788, 0.531158057981701]], [500.0, [0.004551338497549295, 0.011667732871248962]], [500.0, [0.004551338497549295, 0.011667732871248962]], [500.0, [0.004551338497549295, 0.011667732871248962]], [500.0, [0.004551338497549295, 0.011667732871248962]], [500.0, [0.004551338497549295, 0.011667732871248962]], [500.0, [0.004551338497549295, 0.011667732871248962]], [500.0, [0.004551338497549295, 0.011667732871248962]], [500.0, [0.004551338497549295, 0.011667732871248962]], [500.0, [0.004551338497549295, 0.011667732871248962]], [500.0, [0.004551338497549295, 0.011667732871248962]], [500.0, [0.004551338497549295, 0.011667732871248962]], [500.0, [0.004551338497549295, 0.011667732871248962]], [500.0, [0.004551338497549295, 0.011667732871248962]], [500.0, [0.004551338497549295, 0.011667732871248962]], [500.0, [0.004551338497549295, 0.011667732871248962]], [500.0, [0.004551338497549295, 0.011667732871248962]], [500.0, [0.004551338497549295, 0.011667732871248962]], [500.0, [0.004551338497549295, 0.011667732871248962]], [500.0, [0.004551338497549295, 0.011667732871248962]]], "103": [[375.6, [7.665617886232212e-05, -0.006497351889404954]], [383.1333333333333, [0.45679017901420593, 0.2350725376149684]], [375.6, [7.665617886232212e-05, -0.006497351889404954]], [375.6, [7.665617886232212e-05, -0.006497351889404954]], [375.6, [7.665617886232212e-05, -0.006497351889404954]], [375.6, [7.665617886232212e-05, -0.006497351889404954]], [375.6, [7.665617886232212e-05, -0.006497351889404954]], [375.6, [7.665617886232212e-05, -0.006497351889404954]], [375.6, [7.665617886232212e-05, -0.006497351889404954]], [383.1333333333333, [0.45679017901420593, 0.2350725376149684]], [375.6, [7.665617886232212e-05, -0.006497351889404954]], [383.1333333333333, [0.45679017901420593, 0.2350725376149684]], [375.6, [7.665617886232212e-05, -0.006497351889404954]], [375.6, [7.665617886232212e-05, -0.006497351889404954]], [375.6, [7.665617886232212e-05, -0.006497351889404954]], [375.6, [7.665617886232212e-05, -0.006497351889404954]], [375.6, [7.665617886232212e-05, -0.006497351889404954]], [375.6, [7.665617886232212e-05, -0.006497351889404954]], [375.6, [7.665617886232212e-05, -0.006497351889404954]], [375.6, [7.665617886232212e-05, -0.006497351889404954]], [383.1333333333333, [0.45679017901420593, 0.2350725376149684]], [383.1333333333333, [0.45679017901420593, 0.2350725376149684]], [375.6, [7.665617886232212e-05, -0.006497351889404954]], [375.6, [7.665617886232212e-05, -0.006497351889404954]], [500.0, [0.03302786188820998, 0.0919995196698385]], [375.6, [7.665617886232212e-05, -0.006497351889404954]], [375.6, [7.665617886232212e-05, -0.006497351889404954]], [500.0, [0.03302786188820998, 0.0919995196698385]], [375.6, [7.665617886232212e-05, -0.006497351889404954]], [383.1333333333333, [0.45679017901420593, 0.2350725376149684]]]}