{"101": [[488.53333333333336, [-0.16040685276190442, 0.33946196285731484]], [488.53333333333336, [-0.16040685276190442, 0.33946196285731484]], [488.53333333333336, [-0.16040685276190442, 0.33946196285731484]], [488.53333333333336, [-0.16040685276190442, 0.33946196285731484]], [488.53333333333336, [-0.16040685276190442, 0.33946196285731484]], [488.53333333333336, [-0.16040685276190442, 0.33946196285731484]], [488.53333333333336, [-0.16040685276190442, 0.33946196285731484]], [488.53333333333336, [-0.16040685276190442, 0.33946196285731484]], [488.53333333333336, [-0.16040685276190442, 0.33946196285731484]], [488.53333333333336, [-0.16040685276190442, 0.33946196285731484]], [488.53333333333336, [-0.16040685276190442, 0.33946196285731484]], [488.53333333333336, [-0.16040685276190442, 0.33946196285731484]], [488.53333333333336, [-0.16040685276190442, 0.33946196285731484]], [488.53333333333336, [-0.16040685276190442, 0.33946196285731484]], [488.53333333333336, [-0.16040685276190442, 0.33946196285731484]], [488.53333333333336, [-0.16040685276190442, 0.33946196285731484]], [488.53333333333336, [-0.16040685276190442, 0.33946196285731484]], [488.53333333333336, [-0.16040685276190442, 0.33946196285731484]], [488.53333333333336, [-0.16040685276190442, 0.33946196285731484]], [488.53333333333336, [-0.16040685276190442, 0.33946196285731484]], [488.53333333333336, [-0.16040685276190442, 0.33946196285731484]], [488.53333333333336, [-0.16040685276190442, 0.33946196285731484]], [488.53333333333336, [-0.16040685276190442, 0.33946196285731484]], [488.53333333333336, [-0.16040685276190442, 0.33946196285731484]], [488.53333333333336, [-0.16040685276190442, 0.33946196285731484]], [488.53333333333336, [-0.16040685276190442, 0.33946196285731484]], [488.53333333333336, [-0.16040685276190442, 0.33946196285731484]], [488.53333333333336, [-0.16040685276190442, 0.33946196285731484]], [488.53333333333336, [-0.16040685276190442, 0.33946196285731484]], [488.53333333333336, [-0.16040685276190442, 0.33946196285731484]]], "102": [[500.0, [0.004551338497549295, 0.011667732871248962]], [500.0, [0.004551338497549295, 0.011667732871248962]], [500.0, [0.004551338497549295, 0.011667732871248962]], [500.0, [0.004551338497549295, 0.011667732871248962]], [500.0, [0.004551338497549295, 0.011667732871248962]], [500.0, [0.004551338497549295, 0.011667732871248962]], [500.0, [0.004551338497549295, 0.011667732871248962]], [500.0, [0.004551338497549295, 0.011667732871248962]], [500.0, [0.004551338497549295, 0.011667732871248962]], [500.0, [0.004551338497549295, 0.011667732871248962]], [500.0, [0.004551338497549295, 0.011667732871248962]], [500.0, [0.004551338497549295, 0.011667732871248962]], [38.8, [0.01972254520903031, -0.5177022024775236]], [174.6, [-0.11184965570767721, 0.5114307029965962]], [500.0, [0.004551338497549295, 0.011667732871248962]], [500.0, [0.004551338497549295, 0.011667732871248962]], [500.0, [0.004551338497549295, 0.011667732871248962]], [500.0, [0.004551338497549295, 0.011667732871248962]], [500.0, [0.004551338497549295, 0.011667732871248962]], [500.0, [0.004551338497549295, 0.011667732871248962]], [500.0, [0.004551338497549295, 0.011667732871248962]], [500.0, [0.004551338497549295, 0.011667732871248962]], [500.0, [0.004551338497549295, 0.011667732871248962]], [75.06666666666666, [-0.026835966855287552, -0.5070435587298927]], [500.0, [0.004551338497549295, 0.011667732871248962]], [500.0, [0.004551338497549295, 0.011667732871248962]], [500.0, [0.004551338497549295, 0.011667732871248962]], [500.0, [0.004551338497549295, 0.011667732871248962]], [500.0, [0.004551338497549295, 0.011667732871248962]], [500.0, [0.004551338497549295, 0.011667732871248962]]], "103": [[331.6666666666667, [0.036440578599770866, -0.004731670677055868]], [331.6666666666667, [0.036440578599770866, -0.004731670677055868]], [331.6666666666667, [0.036440578599770866, -0.004731670677055868]], [331.6666666666667, [0.036440578599770866, -0.004731670677055868]], [331.6666666666667, [0.036440578599770866, -0.004731670677055868]], [383.1333333333333, [0.45679017901420593, 0.2350725376149684]], [331.6666666666667, [0.036440578599770866, -0.004731670677055868]], [331.6666666666667, [0.036440578599770866, -0.004731670677055868]], [331.6666666666667, [0.036440578599770866, -0.004731670677055868]], [331.6666666666667, [0.036440578599770866, -0.004731670677055868]], [331.6666666666667, [0.036440578599770866, -0.004731670677055868]], [331.6666666666667, [0.036440578599770866, -0.004731670677055868]], [331.6666666666667, [0.036440578599770866, -0.004731670677055868]], [331.6666666666667, [0.036440578599770866, -0.004731670677055868]], [331.6666666666667, [0.036440578599770866, -0.004731670677055868]], [331.6666666666667, [0.036440578599770866, -0.004731670677055868]], [331.6666666666667, [0.036440578599770866, -0.004731670677055868]], [331.6666666666667, [0.036440578599770866, -0.004731670677055868]], [331.6666666666667, [0.036440578599770866, -0.004731670677055868]], [331.6666666666667, [0.036440578599770866, -0.004731670677055868]], [331.6666666666667, [0.036440578599770866, -0.004731670677055868]], [331.6666666666667, [0.036440578599770866, -0.004731670677055868]], [331.6666666666667, [0.036440578599770866, -0.004731670677055868]], [331.6666666666667, [0.036440578599770866, -0.004731670677055868]], [331.6666666666667, [0.036440578599770866, -0.004731670677055868]], [383.1333333333333, [0.45679017901420593, 0.2350725376149684]], [383.1333333333333, [0.45679017901420593, 0.2350725376149684]], [331.6666666666667, [0.036440578599770866, -0.004731670677055868]], [383.1333333333333, [0.45679017901420593, 0.2350725376149684]], [331.6666666666667, [0.036440578599770866, -0.004731670677055868]]]}