{"101": [[488.53333333333336, [-0.16040685276190442, 0.33946196285731484]], [488.53333333333336, [-0.16040685276190442, 0.33946196285731484]], [488.53333333333336, [-0.16040685276190442, 0.33946196285731484]], [488.53333333333336, [-0.16040685276190442, 0.33946196285731484]], [488.53333333333336, [-0.16040685276190442, 0.33946196285731484]], [488.53333333333336, [-0.16040685276190442, 0.33946196285731484]], [488.53333333333336, [-0.16040685276190442, 0.33946196285731484]], [488.53333333333336, [-0.16040685276190442, 0.33946196285731484]], [488.53333333333336, [-0.16040685276190442, 0.33946196285731484]], [488.53333333333336, [-0.16040685276190442, 0.33946196285731484]], [488.53333333333336, [-0.16040685276190442, 0.33946196285731484]], [488.53333333333336, [-0.16040685276190442, 0.33946196285731484]], [488.53333333333336, [-0.16040685276190442, 0.33946196285731484]], [488.53333333333336, [-0.16040685276190442, 0.33946196285731484]], [55.2, [-0.007657733901093404, -0.5332190169101697]], [488.53333333333336, [-0.16040685276190442, 0.33946196285731484]], [488.53333333333336, [-0.16040685276190442, 0.33946196285731484]], [488.53333333333336, [-0.16040685276190442, 0.33946196285731484]], [164.53333333333333, [0.07660555342833202, 0.5040423294003501]], [488.53333333333336, [-0.16040685276190442, 0.33946196285731484]], [488.53333333333336, [-0.16040685276190442, 0.33946196285731484]], [488.53333333333336, [-0.16040685276190442, 0.33946196285731484]], [488.53333333333336, [-0.16040685276190442, 0.33946196285731484]], [488.53333333333336, [-0.16040685276190442, 0.33946196285731484]], [488.53333333333336, [-0.16040685276190442, 0.33946196285731484]], [488.53333333333336, [-0.16040685276190442, 0.33946196285731484]], [488.53333333333336, [-0.16040685276190442, 0.33946196285731484]], [488.53333333333336, [-0.16040685276190442, 0.33946196285731484]], [488.53333333333336, [-0.16040685276190442, 0.33946196285731484]], [488.53333333333336, [-0.16040685276190442, 0.33946196285731484]]], "102": [[500.0, [0.004551338497549295, 0.011667732871248962]], [500.0, [0.004551338497549295, 0.011667732871248962]], [500.0, [0.004551338497549295, 0.011667732871248962]], [500.0, [0.004551338497549295, 0.011667732871248962]], [500.0, [0.004551338497549295, 0.011667732871248962]], [500.0, [0.004551338497549295, 0.011667732871248962]], [500.0, [0.004551338497549295, 0.011667732871248962]], [500.0, [0.004551338497549295, 0.011667732871248962]], [500.0, [0.004551338497549295, 0.011667732871248962]], [500.0, [0.004551338497549295, 0.011667732871248962]], [500.0, [0.004551338497549295, 0.011667732871248962]], [500.0, [0.004551338497549295, 0.011667732871248962]], [500.0, [0.004551338497549295, 0.011667732871248962]], [500.0, [0.004551338497549295, 0.011667732871248962]], [500.0, [0.004551338497549295, 0.011667732871248962]], [500.0, [0.004551338497549295, 0.011667732871248962]], [500.0, [0.004551338497549295, 0.011667732871248962]], [500.0, [0.004551338497549295, 0.011667732871248962]], [500.0, [0.004551338497549295, 0.011667732871248962]], [500.0, [0.004551338497549295, 0.011667732871248962]], [500.0, [0.004551338497549295, 0.011667732871248962]], [500.0, [0.004551338497549295, 0.011667732871248962]], [500.0, [0.004551338497549295, 0.011667732871248962]], [500.0, [0.004551338497549295, 0.011667732871248962]], [500.0, [0.004551338497549295, 0.011667732871248962]], [500.0, [0.004551338497549295, 0.011667732871248962]], [500.0, [0.004551338497549295, 0.011667732871248962]], [500.0, [0.004551338497549295, 0.011667732871248962]], [500.0, [0.004551338497549295, 0.011667732871248962]], [500.0, [0.004551338497549295, 0.011667732871248962]]], "103": [[383.1333333333333, [0.45679017901420593, 0.2350725376149684]], [331.6666666666667, [0.036440578599770866, -0.004731670677055868]], [383.1333333333333, [0.45679017901420593, 0.2350725376149684]], [331.6666666666667, [0.036440578599770866, -0.004731670677055868]], [383.1333333333333, [0.45679017901420593, 0.2350725376149684]], [383.1333333333333, [0.45679017901420593, 0.2350725376149684]], [383.1333333333333, [0.45679017901420593, 0.2350725376149684]], [383.1333333333333, [0.45679017901420593, 0.2350725376149684]], [383.1333333333333, [0.45679017901420593, 0.2350725376149684]], [383.1333333333333, [0.45679017901420593, 0.2350725376149684]], [383.1333333333333, [0.45679017901420593, 0.2350725376149684]], [383.1333333333333, [0.45679017901420593, 0.2350725376149684]], [383.1333333333333, [0.45679017901420593, 0.2350725376149684]], [383.1333333333333, [0.45679017901420593, 0.2350725376149684]], [383.1333333333333, [0.45679017901420593, 0.2350725376149684]], [383.1333333333333, [0.45679017901420593, 0.2350725376149684]], [383.1333333333333, [0.45679017901420593, 0.2350725376149684]], [383.1333333333333, [0.45679017901420593, 0.2350725376149684]], [383.1333333333333, [0.45679017901420593, 0.2350725376149684]], [383.1333333333333, [0.45679017901420593, 0.2350725376149684]], [383.1333333333333, [0.45679017901420593, 0.2350725376149684]], [383.1333333333333, [0.45679017901420593, 0.2350725376149684]], [383.1333333333333, [0.45679017901420593, 0.2350725376149684]], [383.1333333333333, [0.45679017901420593, 0.2350725376149684]], [331.6666666666667, [0.036440578599770866, -0.004731670677055868]], [383.1333333333333, [0.45679017901420593, 0.2350725376149684]], [331.6666666666667, [0.036440578599770866, -0.004731670677055868]], [383.1333333333333, [0.45679017901420593, 0.2350725376149684]], [383.1333333333333, [0.45679017901420593, 0.2350725376149684]], [383.1333333333333, [0.45679017901420593, 0.2350725376149684]]]}