{"101": [[[500.0], [9.120072718360461e-05, -0.010179079463037007]], [[500.0], [9.120072718360461e-05, -0.010179079463037007]], [[500.0], [9.120072718360461e-05, -0.010179079463037007]], [[500.0], [9.120072718360461e-05, -0.010179079463037007]], [[500.0], [9.120072718360461e-05, -0.010179079463037007]], [[500.0], [9.120072718360461e-05, -0.010179079463037007]], [[500.0], [9.120072718360461e-05, -0.010179079463037007]], [[500.0], [9.120072718360461e-05, -0.010179079463037007]], [[500.0], [9.120072718360461e-05, -0.010179079463037007]], [[500.0], [9.120072718360461e-05, -0.010179079463037007]], [[500.0], [9.120072718360461e-05, -0.010179079463037007]], [[500.0], [9.120072718360461e-05, -0.010179079463037007]], [[500.0], [9.120072718360461e-05, -0.010179079463037007]], [[500.0], [9.120072718360461e-05, -0.010179079463037007]], [[500.0], [9.120072718360461e-05, -0.010179079463037007]], [[500.0], [9.120072718360461e-05, -0.010179079463037007]], [[500.0], [9.120072718360461e-05, -0.010179079463037007]], [[500.0], [9.120072718360461e-05, -0.010179079463037007]], [[500.0], [9.120072718360461e-05, -0.010179079463037007]], [[500.0], [9.120072718360461e-05, -0.010179079463037007]], [[500.0], [9.120072718360461e-05, -0.010179079463037007]], [[500.0], [9.120072718360461e-05, -0.010179079463037007]], [[500.0], [9.120072718360461e-05, -0.010179079463037007]], [[500.0], [9.120072718360461e-05, -0.010179079463037007]], [[500.0], [9.120072718360461e-05, -0.010179079463037007]], [[500.0], [9.120072718360461e-05, -0.010179079463037007]], [[500.0], [9.120072718360461e-05, -0.010179079463037007]], [[500.0], [9.120072718360461e-05, -0.010179079463037007]], [[500.0], [9.120072718360461e-05, -0.010179079463037007]], [[500.0], [9.120072718360461e-05, -0.010179079463037007]]], "103": [[[500.0], [-0.007782052271068096, 0.06481544805343072]], [[500.0], [-0.007782052271068096, 0.06481544805343072]], [[500.0], [-0.007782052271068096, 0.06481544805343072]], [[500.0], [-0.007782052271068096, 0.06481544805343072]], [[500.0], [-0.007782052271068096, 0.06481544805343072]], [[500.0], [-0.007782052271068096, 0.06481544805343072]], [[500.0], [-0.007782052271068096, 0.06481544805343072]], [[500.0], [-0.007782052271068096, 0.06481544805343072]], [[500.0], [-0.007782052271068096, 0.06481544805343072]], [[500.0], [-0.007782052271068096, 0.06481544805343072]], [[500.0], [-0.007782052271068096, 0.06481544805343072]], [[500.0], [-0.007782052271068096, 0.06481544805343072]], [[500.0], [-0.007782052271068096, 0.06481544805343072]], [[500.0], [-0.007782052271068096, 0.06481544805343072]], [[500.0], [-0.007782052271068096, 0.06481544805343072]], [[500.0], [-0.007782052271068096, 0.06481544805343072]], [[500.0], [-0.007782052271068096, 0.06481544805343072]], [[500.0], [-0.007782052271068096, 0.06481544805343072]], [[500.0], [-0.007782052271068096, 0.06481544805343072]], [[500.0], [-0.007782052271068096, 0.06481544805343072]], [[500.0], [-0.007782052271068096, 0.06481544805343072]], [[500.0], [-0.007782052271068096, 0.06481544805343072]], [[500.0], [-0.007782052271068096, 0.06481544805343072]], [[500.0], [-0.007782052271068096, 0.06481544805343072]], [[500.0], [-0.007782052271068096, 0.06481544805343072]], [[500.0], [-0.007782052271068096, 0.06481544805343072]], [[500.0], [-0.007782052271068096, 0.06481544805343072]], [[500.0], [-0.007782052271068096, 0.06481544805343072]], [[500.0], [-0.007782052271068096, 0.06481544805343072]], [[500.0], [-0.007782052271068096, 0.06481544805343072]]], "102": [[[140.53333333333333], [-0.2541663497686386, 0.5066221196685682]], [[500.0], [6.402790556118514e-05, -0.0032937788052493306]], [[500.0], [6.402790556118514e-05, -0.0032937788052493306]], [[500.0], [6.402790556118514e-05, -0.0032937788052493306]], [[500.0], [6.402790556118514e-05, -0.0032937788052493306]], [[500.0], [6.402790556118514e-05, -0.0032937788052493306]], [[500.0], [6.402790556118514e-05, -0.0032937788052493306]], [[500.0], [6.402790556118514e-05, -0.0032937788052493306]], [[500.0], [6.402790556118514e-05, -0.0032937788052493306]], [[500.0], [6.402790556118514e-05, -0.0032937788052493306]], [[500.0], [6.402790556118514e-05, -0.0032937788052493306]], [[500.0], [6.402790556118514e-05, -0.0032937788052493306]], [[500.0], [6.402790556118514e-05, -0.0032937788052493306]], [[500.0], [6.402790556118514e-05, -0.0032937788052493306]], [[500.0], [6.402790556118514e-05, -0.0032937788052493306]], [[500.0], [6.402790556118514e-05, -0.0032937788052493306]], [[500.0], [6.402790556118514e-05, -0.0032937788052493306]], [[500.0], [6.402790556118514e-05, -0.0032937788052493306]], [[500.0], [0.03492930593589942, -0.005786942705761588]], [[500.0], [6.402790556118514e-05, -0.0032937788052493306]], [[500.0], [0.0197620519126455, -0.0025632353410409967]], [[500.0], [6.402790556118514e-05, -0.0032937788052493306]], [[500.0], [6.402790556118514e-05, -0.0032937788052493306]], [[500.0], [0.03492930593589942, -0.005786942705761588]], [[500.0], [6.402790556118514e-05, -0.0032937788052493306]], [[500.0], [6.402790556118514e-05, -0.0032937788052493306]], [[500.0], [6.402790556118514e-05, -0.0032937788052493306]], [[500.0], [6.402790556118514e-05, -0.0032937788052493306]], [[500.0], [6.402790556118514e-05, -0.0032937788052493306]], [[500.0], [6.402790556118514e-05, -0.0032937788052493306]]]}