{"103": [[[500.0], [0.003113131388090551, -0.007904748517003927]], [[500.0], [0.003113131388090551, -0.007904748517003927]], [[500.0], [0.003113131388090551, -0.007904748517003927]], [[500.0], [0.003113131388090551, -0.007904748517003927]], [[500.0], [0.003113131388090551, -0.007904748517003927]], [[500.0], [0.003113131388090551, -0.007904748517003927]], [[184.0], [0.32204893728097284, 0.5078367069007107]], [[500.0], [0.003113131388090551, -0.007904748517003927]], [[500.0], [0.003113131388090551, -0.007904748517003927]], [[500.0], [0.003113131388090551, -0.007904748517003927]], [[500.0], [0.003113131388090551, -0.007904748517003927]], [[500.0], [0.003113131388090551, -0.007904748517003927]], [[500.0], [0.003113131388090551, -0.007904748517003927]], [[500.0], [0.003113131388090551, -0.007904748517003927]], [[500.0], [0.003113131388090551, -0.007904748517003927]], [[184.0], [0.32204893728097284, 0.5078367069007107]], [[500.0], [0.003113131388090551, -0.007904748517003927]], [[500.0], [0.003113131388090551, -0.007904748517003927]], [[500.0], [0.003113131388090551, -0.007904748517003927]], [[500.0], [0.003113131388090551, -0.007904748517003927]], [[500.0], [0.003113131388090551, -0.007904748517003927]], [[184.0], [0.32204893728097284, 0.5078367069007107]], [[500.0], [0.003113131388090551, -0.007904748517003927]], [[184.0], [0.32204893728097284, 0.5078367069007107]], [[500.0], [0.003113131388090551, -0.007904748517003927]], [[500.0], [0.003113131388090551, -0.007904748517003927]], [[500.0], [0.003113131388090551, -0.007904748517003927]], [[500.0], [0.003113131388090551, -0.007904748517003927]], [[500.0], [0.003113131388090551, -0.007904748517003927]], [[500.0], [0.003113131388090551, -0.007904748517003927]]], "101": [[[500.0], [6.601707961332674e-05, -0.0038011535405043212]], [[500.0], [6.601707961332674e-05, -0.0038011535405043212]], [[500.0], [6.601707961332674e-05, -0.0038011535405043212]], [[122.53333333333333], [-0.28040073812007904, 0.5381156169056323]], [[500.0], [0.041681130727132164, -0.18075359851549688]], [[500.0], [0.041681130727132164, -0.18075359851549688]], [[500.0], [0.041681130727132164, -0.18075359851549688]], [[500.0], [0.041681130727132164, -0.18075359851549688]], [[500.0], [0.041681130727132164, -0.18075359851549688]], [[500.0], [0.041681130727132164, -0.18075359851549688]], [[500.0], [0.041681130727132164, -0.18075359851549688]], [[500.0], [0.041681130727132164, -0.18075359851549688]], [[500.0], [0.041681130727132164, -0.18075359851549688]], [[500.0], [0.041681130727132164, -0.18075359851549688]], [[500.0], [0.041681130727132164, -0.18075359851549688]], [[500.0], [0.041681130727132164, -0.18075359851549688]], [[500.0], [0.041681130727132164, -0.18075359851549688]], [[500.0], [6.601707961332674e-05, -0.0038011535405043212]], [[500.0], [6.601707961332674e-05, -0.0038011535405043212]], [[500.0], [0.041681130727132164, -0.18075359851549688]], [[500.0], [0.041681130727132164, -0.18075359851549688]], [[500.0], [0.041681130727132164, -0.18075359851549688]], [[500.0], [0.041681130727132164, -0.18075359851549688]], [[500.0], [6.601707961332674e-05, -0.0038011535405043212]], [[500.0], [6.601707961332674e-05, -0.0038011535405043212]], [[500.0], [0.041681130727132164, -0.18075359851549688]], [[500.0], [6.601707961332674e-05, -0.0038011535405043212]], [[500.0], [6.601707961332674e-05, -0.0038011535405043212]], [[500.0], [0.041681130727132164, -0.18075359851549688]], [[500.0], [6.601707961332674e-05, -0.0038011535405043212]]], "102": [[[381.26666666666665], [-0.04483296846350034, 0.512346518381931]], [[381.26666666666665], [-0.04483296846350034, 0.512346518381931]], [[381.26666666666665], [-0.04483296846350034, 0.512346518381931]], [[381.26666666666665], [-0.04483296846350034, 0.512346518381931]], [[381.26666666666665], [-0.04483296846350034, 0.512346518381931]], [[381.26666666666665], [-0.04483296846350034, 0.512346518381931]], [[381.26666666666665], [-0.04483296846350034, 0.512346518381931]], [[381.26666666666665], [-0.04483296846350034, 0.512346518381931]], [[381.26666666666665], [-0.04483296846350034, 0.512346518381931]], [[381.26666666666665], [-0.04483296846350034, 0.512346518381931]], [[381.26666666666665], [-0.04483296846350034, 0.512346518381931]], [[381.26666666666665], [-0.04483296846350034, 0.512346518381931]], [[381.26666666666665], [-0.04483296846350034, 0.512346518381931]], [[381.26666666666665], [-0.04483296846350034, 0.512346518381931]], [[381.26666666666665], [-0.04483296846350034, 0.512346518381931]], [[381.26666666666665], [-0.04483296846350034, 0.512346518381931]], [[381.26666666666665], [-0.04483296846350034, 0.512346518381931]], [[381.26666666666665], [-0.04483296846350034, 0.512346518381931]], [[381.26666666666665], [-0.04483296846350034, 0.512346518381931]], [[381.26666666666665], [-0.04483296846350034, 0.512346518381931]], [[381.26666666666665], [-0.04483296846350034, 0.512346518381931]], [[381.26666666666665], [-0.04483296846350034, 0.512346518381931]], [[381.26666666666665], [-0.04483296846350034, 0.512346518381931]], [[381.26666666666665], [-0.04483296846350034, 0.512346518381931]], [[381.26666666666665], [-0.04483296846350034, 0.512346518381931]], [[381.26666666666665], [-0.04483296846350034, 0.512346518381931]], [[327.8], [0.03335950275262197, 0.007978395411842748]], [[381.26666666666665], [-0.04483296846350034, 0.512346518381931]], [[381.26666666666665], [-0.04483296846350034, 0.512346518381931]], [[381.26666666666665], [-0.04483296846350034, 0.512346518381931]]]}