{"103": [[[497.06666666666666], [0.1324318473537763, -0.1359855551183509]], [[497.06666666666666], [0.1324318473537763, -0.1359855551183509]], [[497.06666666666666], [0.1324318473537763, -0.1359855551183509]], [[497.06666666666666], [0.1324318473537763, -0.1359855551183509]], [[497.06666666666666], [0.1324318473537763, -0.1359855551183509]], [[497.06666666666666], [0.1324318473537763, -0.1359855551183509]], [[497.06666666666666], [0.1324318473537763, -0.1359855551183509]], [[497.06666666666666], [0.1324318473537763, -0.1359855551183509]], [[497.06666666666666], [0.1324318473537763, -0.1359855551183509]], [[497.06666666666666], [0.1324318473537763, -0.1359855551183509]], [[497.06666666666666], [0.1324318473537763, -0.1359855551183509]], [[497.06666666666666], [0.1324318473537763, -0.1359855551183509]], [[497.06666666666666], [0.1324318473537763, -0.1359855551183509]], [[497.06666666666666], [0.1324318473537763, -0.1359855551183509]], [[497.06666666666666], [0.1324318473537763, -0.1359855551183509]], [[497.06666666666666], [0.1324318473537763, -0.1359855551183509]], [[497.06666666666666], [0.1324318473537763, -0.1359855551183509]], [[497.06666666666666], [0.1324318473537763, -0.1359855551183509]], [[497.06666666666666], [0.1324318473537763, -0.1359855551183509]], [[497.06666666666666], [0.1324318473537763, -0.1359855551183509]], [[497.06666666666666], [0.1324318473537763, -0.1359855551183509]], [[497.06666666666666], [0.1324318473537763, -0.1359855551183509]], [[497.06666666666666], [0.1324318473537763, -0.1359855551183509]], [[497.06666666666666], [0.1324318473537763, -0.1359855551183509]], [[497.06666666666666], [0.1324318473537763, -0.1359855551183509]], [[497.06666666666666], [0.1324318473537763, -0.1359855551183509]], [[497.06666666666666], [0.1324318473537763, -0.1359855551183509]], [[497.06666666666666], [0.1324318473537763, -0.1359855551183509]], [[497.06666666666666], [0.1324318473537763, -0.1359855551183509]], [[497.06666666666666], [0.1324318473537763, -0.1359855551183509]]], "102": [[[500.0], [6.456511376503235e-05, -0.0034312861882435366]], [[500.0], [6.456511376503235e-05, -0.0034312861882435366]], [[500.0], [6.456511376503235e-05, -0.0034312861882435366]], [[500.0], [6.456511376503235e-05, -0.0034312861882435366]], [[500.0], [-0.0015350948281896613, 0.017901352254682753]], [[500.0], [6.456511376503235e-05, -0.0034312861882435366]], [[500.0], [6.456511376503235e-05, -0.0034312861882435366]], [[500.0], [6.456511376503235e-05, -0.0034312861882435366]], [[500.0], [6.456511376503235e-05, -0.0034312861882435366]], [[500.0], [6.456511376503235e-05, -0.0034312861882435366]], [[500.0], [0.004691330250352621, -0.02380132309771611]], [[500.0], [6.456511376503235e-05, -0.0034312861882435366]], [[500.0], [6.456511376503235e-05, -0.0034312861882435366]], [[500.0], [6.456511376503235e-05, -0.0034312861882435366]], [[500.0], [6.456511376503235e-05, -0.0034312861882435366]], [[500.0], [6.456511376503235e-05, -0.0034312861882435366]], [[500.0], [6.456511376503235e-05, -0.0034312861882435366]], [[500.0], [0.004691330250352621, -0.02380132309771611]], [[500.0], [6.456511376503235e-05, -0.0034312861882435366]], [[500.0], [6.456511376503235e-05, -0.0034312861882435366]], [[500.0], [6.456511376503235e-05, -0.0034312861882435366]], [[500.0], [6.456511376503235e-05, -0.0034312861882435366]], [[500.0], [6.456511376503235e-05, -0.0034312861882435366]], [[500.0], [0.00607675484692057, 0.00914399630198496]], [[500.0], [6.456511376503235e-05, -0.0034312861882435366]], [[500.0], [6.456511376503235e-05, -0.0034312861882435366]], [[500.0], [6.456511376503235e-05, -0.0034312861882435366]], [[500.0], [6.456511376503235e-05, -0.0034312861882435366]], [[500.0], [6.456511376503235e-05, -0.0034312861882435366]], [[500.0], [6.456511376503235e-05, -0.0034312861882435366]]], "101": [[[497.2], [0.1715240130821864, -0.05754403342185409]], [[497.2], [0.1715240130821864, -0.05754403342185409]], [[497.2], [0.1715240130821864, -0.05754403342185409]], [[497.2], [0.1715240130821864, -0.05754403342185409]], [[497.2], [0.1715240130821864, -0.05754403342185409]], [[497.2], [0.1715240130821864, -0.05754403342185409]], [[497.2], [0.1715240130821864, -0.05754403342185409]], [[497.2], [0.1715240130821864, -0.05754403342185409]], [[70.66666666666667], [-0.030421555663148563, -0.5250297950215317]], [[497.2], [0.1715240130821864, -0.05754403342185409]], [[497.2], [0.1715240130821864, -0.05754403342185409]], [[497.2], [0.1715240130821864, -0.05754403342185409]], [[497.2], [0.1715240130821864, -0.05754403342185409]], [[497.2], [0.1715240130821864, -0.05754403342185409]], [[497.2], [0.1715240130821864, -0.05754403342185409]], [[497.2], [0.1715240130821864, -0.05754403342185409]], [[497.2], [0.1715240130821864, -0.05754403342185409]], [[497.2], [0.1715240130821864, -0.05754403342185409]], [[497.2], [0.1715240130821864, -0.05754403342185409]], [[497.2], [0.1715240130821864, -0.05754403342185409]], [[497.2], [0.1715240130821864, -0.05754403342185409]], [[497.2], [0.1715240130821864, -0.05754403342185409]], [[497.2], [0.1715240130821864, -0.05754403342185409]], [[497.2], [0.1715240130821864, -0.05754403342185409]], [[497.2], [0.1715240130821864, -0.05754403342185409]], [[497.2], [0.1715240130821864, -0.05754403342185409]], [[497.2], [0.1715240130821864, -0.05754403342185409]], [[497.2], [0.1715240130821864, -0.05754403342185409]], [[497.2], [0.1715240130821864, -0.05754403342185409]], [[497.2], [0.1715240130821864, -0.05754403342185409]]]}