{"101": [[[388.0], [-0.006224829703569412, 0.054258300642077435]], [[388.0], [-0.006224829703569412, 0.054258300642077435]], [[388.0], [-0.006224829703569412, 0.054258300642077435]], [[388.0], [-0.006224829703569412, 0.054258300642077435]], [[388.0], [-0.006224829703569412, 0.054258300642077435]], [[388.0], [-0.006224829703569412, 0.054258300642077435]], [[388.0], [-0.006224829703569412, 0.054258300642077435]], [[84.06666666666666], [0.04712619508306186, 0.5066556651056098]], [[388.0], [-0.006224829703569412, 0.054258300642077435]], [[388.0], [-0.006224829703569412, 0.054258300642077435]], [[388.0], [-0.006224829703569412, 0.054258300642077435]], [[388.0], [-0.006224829703569412, 0.054258300642077435]], [[388.0], [-0.006224829703569412, 0.054258300642077435]], [[388.0], [-0.006224829703569412, 0.054258300642077435]], [[388.0], [-0.006224829703569412, 0.054258300642077435]], [[388.0], [-0.006224829703569412, 0.054258300642077435]], [[388.0], [-0.006224829703569412, 0.054258300642077435]], [[388.0], [-0.006224829703569412, 0.054258300642077435]], [[388.0], [-0.006224829703569412, 0.054258300642077435]], [[388.0], [-0.006224829703569412, 0.054258300642077435]], [[388.0], [-0.006224829703569412, 0.054258300642077435]], [[388.0], [-0.006224829703569412, 0.054258300642077435]], [[388.0], [-0.006224829703569412, 0.054258300642077435]], [[388.0], [-0.006224829703569412, 0.054258300642077435]], [[388.0], [-0.006224829703569412, 0.054258300642077435]], [[388.0], [-0.006224829703569412, 0.054258300642077435]], [[388.0], [-0.006224829703569412, 0.054258300642077435]], [[388.0], [-0.006224829703569412, 0.054258300642077435]], [[388.0], [-0.006224829703569412, 0.054258300642077435]], [[388.0], [-0.006224829703569412, 0.054258300642077435]]], "102": [[[238.33333333333334], [-0.505213737487793, -0.32397669753389496]], [[239.93333333333334], [-0.0014886317270187042, 0.006126250479031693]], [[238.33333333333334], [-0.505213737487793, -0.32397669753389496]], [[238.33333333333334], [-0.505213737487793, -0.32397669753389496]], [[238.33333333333334], [-0.505213737487793, -0.32397669753389496]], [[469.8], [7.343123191579556e-05, -0.005675028033697149]], [[238.33333333333334], [-0.505213737487793, -0.32397669753389496]], [[469.8], [7.343123191579556e-05, -0.005675028033697149]], [[238.33333333333334], [-0.505213737487793, -0.32397669753389496]], [[238.33333333333334], [-0.505213737487793, -0.32397669753389496]], [[238.33333333333334], [-0.505213737487793, -0.32397669753389496]], [[238.33333333333334], [-0.505213737487793, -0.32397669753389496]], [[238.33333333333334], [-0.505213737487793, -0.32397669753389496]], [[469.8], [7.343123191579556e-05, -0.005675028033697149]], [[469.8], [7.343123191579556e-05, -0.005675028033697149]], [[469.8], [7.343123191579556e-05, -0.005675028033697149]], [[469.8], [7.343123191579556e-05, -0.005675028033697149]], [[238.33333333333334], [-0.505213737487793, -0.32397669753389496]], [[238.33333333333334], [-0.505213737487793, -0.32397669753389496]], [[238.33333333333334], [-0.505213737487793, -0.32397669753389496]], [[469.8], [7.343123191579556e-05, -0.005675028033697149]], [[238.33333333333334], [-0.505213737487793, -0.32397669753389496]], [[469.8], [7.343123191579556e-05, -0.005675028033697149]], [[238.33333333333334], [-0.505213737487793, -0.32397669753389496]], [[469.8], [7.343123191579556e-05, -0.005675028033697149]], [[469.8], [7.343123191579556e-05, -0.005675028033697149]], [[238.33333333333334], [-0.505213737487793, -0.32397669753389496]], [[238.33333333333334], [-0.505213737487793, -0.32397669753389496]], [[84.33333333333333], [-0.016191606409847736, -0.5090949994525271]], [[469.8], [7.343123191579556e-05, -0.005675028033697149]]], "103": [[[500.0], [0.006292392887795965, -0.04548733635097029]], [[500.0], [0.006292392887795965, -0.04548733635097029]], [[500.0], [0.006292392887795965, -0.04548733635097029]], [[500.0], [0.006292392887795965, -0.04548733635097029]], [[500.0], [0.006292392887795965, -0.04548733635097029]], [[500.0], [0.006292392887795965, -0.04548733635097029]], [[500.0], [0.006292392887795965, -0.04548733635097029]], [[500.0], [0.006292392887795965, -0.04548733635097029]], [[500.0], [0.006292392887795965, -0.04548733635097029]], [[500.0], [0.006292392887795965, -0.04548733635097029]], [[500.0], [0.006292392887795965, -0.04548733635097029]], [[500.0], [0.006292392887795965, -0.04548733635097029]], [[500.0], [0.006292392887795965, -0.04548733635097029]], [[444.1333333333333], [0.5014040072758993, 0.16379700394338398]], [[500.0], [0.006292392887795965, -0.04548733635097029]], [[500.0], [0.006292392887795965, -0.04548733635097029]], [[444.1333333333333], [0.5014040072758993, 0.16379700394338398]], [[500.0], [0.006292392887795965, -0.04548733635097029]], [[500.0], [0.006292392887795965, -0.04548733635097029]], [[500.0], [0.006292392887795965, -0.04548733635097029]], [[500.0], [0.006292392887795965, -0.04548733635097029]], [[500.0], [0.006292392887795965, -0.04548733635097029]], [[500.0], [0.006292392887795965, -0.04548733635097029]], [[500.0], [0.006292392887795965, -0.04548733635097029]], [[444.1333333333333], [0.5014040072758993, 0.16379700394338398]], [[500.0], [0.006292392887795965, -0.04548733635097029]], [[500.0], [0.006292392887795965, -0.04548733635097029]], [[500.0], [0.006292392887795965, -0.04548733635097029]], [[500.0], [0.006292392887795965, -0.04548733635097029]], [[500.0], [0.006292392887795965, -0.04548733635097029]]]}