{"102": [[[500.0], [8.954531949711964e-05, -0.009762002912719855]], [[500.0], [8.954531949711964e-05, -0.009762002912719855]], [[500.0], [0.010742618081470331, -0.02113125915304896]], [[500.0], [8.954531949711964e-05, -0.009762002912719855]], [[500.0], [8.954531949711964e-05, -0.009762002912719855]], [[500.0], [0.010742618081470331, -0.02113125915304896]], [[500.0], [8.954531949711964e-05, -0.009762002912719855]], [[500.0], [8.954531949711964e-05, -0.009762002912719855]], [[500.0], [8.954531949711964e-05, -0.009762002912719855]], [[500.0], [8.954531949711964e-05, -0.009762002912719855]], [[500.0], [0.010742618081470331, -0.02113125915304896]], [[500.0], [0.010742618081470331, -0.02113125915304896]], [[500.0], [8.954531949711964e-05, -0.009762002912719855]], [[500.0], [0.010742618081470331, -0.02113125915304896]], [[500.0], [0.010742618081470331, -0.02113125915304896]], [[500.0], [8.954531949711964e-05, -0.009762002912719855]], [[500.0], [8.954531949711964e-05, -0.009762002912719855]], [[500.0], [8.954531949711964e-05, -0.009762002912719855]], [[500.0], [8.954531949711964e-05, -0.009762002912719855]], [[500.0], [8.954531949711964e-05, -0.009762002912719855]], [[500.0], [8.954531949711964e-05, -0.009762002912719855]], [[500.0], [8.954531949711964e-05, -0.009762002912719855]], [[500.0], [8.954531949711964e-05, -0.009762002912719855]], [[500.0], [8.954531949711964e-05, -0.009762002912719855]], [[500.0], [0.010742618081470331, -0.02113125915304896]], [[500.0], [8.954531949711964e-05, -0.009762002912719855]], [[500.0], [8.954531949711964e-05, -0.009762002912719855]], [[500.0], [8.954531949711964e-05, -0.009762002912719855]], [[500.0], [0.010742618081470331, -0.02113125915304896]], [[500.0], [8.954531949711964e-05, -0.009762002912719855]]], "103": [[[500.0], [-0.001504968871207287, 0.010267198620515578]], [[500.0], [-0.001504968871207287, 0.010267198620515578]], [[500.0], [-0.001504968871207287, 0.010267198620515578]], [[500.0], [-0.001504968871207287, 0.010267198620515578]], [[500.0], [-0.001504968871207287, 0.010267198620515578]], [[500.0], [-0.001504968871207287, 0.010267198620515578]], [[500.0], [-0.001504968871207287, 0.010267198620515578]], [[500.0], [-0.001504968871207287, 0.010267198620515578]], [[500.0], [-0.001504968871207287, 0.010267198620515578]], [[500.0], [-0.001504968871207287, 0.010267198620515578]], [[500.0], [-0.001504968871207287, 0.010267198620515578]], [[500.0], [-0.001504968871207287, 0.010267198620515578]], [[500.0], [-0.001504968871207287, 0.010267198620515578]], [[500.0], [-0.001504968871207287, 0.010267198620515578]], [[500.0], [-0.001504968871207287, 0.010267198620515578]], [[500.0], [-0.001504968871207287, 0.010267198620515578]], [[500.0], [-0.001504968871207287, 0.010267198620515578]], [[500.0], [-0.001504968871207287, 0.010267198620515578]], [[500.0], [-0.001504968871207287, 0.010267198620515578]], [[500.0], [-0.001504968871207287, 0.010267198620515578]], [[500.0], [-0.001504968871207287, 0.010267198620515578]], [[500.0], [-0.001504968871207287, 0.010267198620515578]], [[500.0], [-0.001504968871207287, 0.010267198620515578]], [[500.0], [-0.001504968871207287, 0.010267198620515578]], [[500.0], [-0.001504968871207287, 0.010267198620515578]], [[500.0], [-0.001504968871207287, 0.010267198620515578]], [[500.0], [-0.001504968871207287, 0.010267198620515578]], [[500.0], [-0.001504968871207287, 0.010267198620515578]], [[500.0], [-0.001504968871207287, 0.010267198620515578]], [[500.0], [0.0016326659048597019, -0.016768103126775135]]], "101": [[[500.0], [-0.0031073804711923003, 0.0323016200945423]], [[500.0], [-0.0031073804711923003, 0.0323016200945423]], [[500.0], [-0.007782052271068096, 0.06481544805343072]], [[500.0], [-0.0031073804711923003, 0.0323016200945423]], [[500.0], [-0.0031073804711923003, 0.0323016200945423]], [[500.0], [-0.0031073804711923003, 0.0323016200945423]], [[500.0], [-0.007782052271068096, 0.06481544805343072]], [[500.0], [-0.007782052271068096, 0.06481544805343072]], [[500.0], [-0.007782052271068096, 0.06481544805343072]], [[500.0], [-0.0031073804711923003, 0.0323016200945423]], [[500.0], [-0.007782052271068096, 0.06481544805343072]], [[500.0], [-0.0031073804711923003, 0.0323016200945423]], [[500.0], [-0.007782052271068096, 0.06481544805343072]], [[500.0], [-0.007782052271068096, 0.06481544805343072]], [[500.0], [-0.0031073804711923003, 0.0323016200945423]], [[500.0], [-0.0031073804711923003, 0.0323016200945423]], [[500.0], [-0.007782052271068096, 0.06481544805343072]], [[500.0], [-0.0031073804711923003, 0.0323016200945423]], [[500.0], [-0.0031073804711923003, 0.0323016200945423]], [[500.0], [-0.0031073804711923003, 0.0323016200945423]], [[500.0], [-0.0031073804711923003, 0.0323016200945423]], [[500.0], [-0.007782052271068096, 0.06481544805343072]], [[500.0], [-0.007782052271068096, 0.06481544805343072]], [[500.0], [-0.007782052271068096, 0.06481544805343072]], [[500.0], [-0.0031073804711923003, 0.0323016200945423]], [[500.0], [-0.0031073804711923003, 0.0323016200945423]], [[500.0], [-0.0031073804711923003, 0.0323016200945423]], [[500.0], [-0.007782052271068096, 0.06481544805343072]], [[500.0], [-0.007782052271068096, 0.06481544805343072]], [[500.0], [-0.0031073804711923003, 0.0323016200945423]]]}