{"101": [[500.0, [-0.016979407519102097, 0.09135318180305536]], [500.0, [-0.016979407519102097, 0.09135318180305536]], [500.0, [-0.016979407519102097, 0.09135318180305536]], [500.0, [-0.016979407519102097, 0.09135318180305536]], [500.0, [-0.016979407519102097, 0.09135318180305536]], [500.0, [-0.016979407519102097, 0.09135318180305536]], [500.0, [-0.016979407519102097, 0.09135318180305536]], [500.0, [-0.016979407519102097, 0.09135318180305536]], [500.0, [-0.016979407519102097, 0.09135318180305536]], [500.0, [-0.016979407519102097, 0.09135318180305536]], [500.0, [-0.016979407519102097, 0.09135318180305536]], [500.0, [-0.016979407519102097, 0.09135318180305536]], [500.0, [-0.016979407519102097, 0.09135318180305536]], [500.0, [-0.016979407519102097, 0.09135318180305536]], [500.0, [-0.016979407519102097, 0.09135318180305536]], [500.0, [-0.016979407519102097, 0.09135318180305536]], [500.0, [-0.016979407519102097, 0.09135318180305536]], [500.0, [-0.016979407519102097, 0.09135318180305536]], [500.0, [-0.016979407519102097, 0.09135318180305536]], [500.0, [-0.016979407519102097, 0.09135318180305536]], [500.0, [-0.016979407519102097, 0.09135318180305536]], [500.0, [-0.016979407519102097, 0.09135318180305536]], [500.0, [-0.016979407519102097, 0.09135318180305536]], [500.0, [-0.016979407519102097, 0.09135318180305536]], [500.0, [-0.016979407519102097, 0.09135318180305536]], [500.0, [-0.016979407519102097, 0.09135318180305536]], [500.0, [-0.016979407519102097, 0.09135318180305536]], [500.0, [-0.016979407519102097, 0.09135318180305536]], [500.0, [-0.016979407519102097, 0.09135318180305536]], [500.0, [-0.016979407519102097, 0.09135318180305536]]], "102": [[372.06666666666666, [0.006292392887795965, -0.04548733635097029]], [500.0, [0.004551338497549295, 0.011667732871248962]], [500.0, [0.004551338497549295, 0.011667732871248962]], [500.0, [0.004551338497549295, 0.011667732871248962]], [500.0, [0.004551338497549295, 0.011667732871248962]], [500.0, [0.004551338497549295, 0.011667732871248962]], [500.0, [0.004551338497549295, 0.011667732871248962]], [500.0, [0.004551338497549295, 0.011667732871248962]], [500.0, [0.004551338497549295, 0.011667732871248962]], [500.0, [0.004551338497549295, 0.011667732871248962]], [500.0, [0.004551338497549295, 0.011667732871248962]], [500.0, [0.004551338497549295, 0.011667732871248962]], [500.0, [-0.0200073995317022, 0.09057379403467955]], [500.0, [0.004551338497549295, 0.011667732871248962]], [500.0, [-0.0200073995317022, 0.09057379403467955]], [500.0, [0.004551338497549295, 0.011667732871248962]], [500.0, [0.004551338497549295, 0.011667732871248962]], [500.0, [0.004551338497549295, 0.011667732871248962]], [500.0, [0.004551338497549295, 0.011667732871248962]], [500.0, [0.004551338497549295, 0.011667732871248962]], [500.0, [0.004551338497549295, 0.011667732871248962]], [500.0, [0.004551338497549295, 0.011667732871248962]], [500.0, [0.004551338497549295, 0.011667732871248962]], [500.0, [0.004551338497549295, 0.011667732871248962]], [500.0, [0.004551338497549295, 0.011667732871248962]], [500.0, [0.004551338497549295, 0.011667732871248962]], [500.0, [0.004551338497549295, 0.011667732871248962]], [500.0, [0.004551338497549295, 0.011667732871248962]], [500.0, [0.004551338497549295, 0.011667732871248962]], [500.0, [0.004551338497549295, 0.011667732871248962]]], "103": [[500.0, [0.03302786188820998, 0.0919995196698385]], [500.0, [0.03302786188820998, 0.0919995196698385]], [500.0, [0.03302786188820998, 0.0919995196698385]], [500.0, [0.03302786188820998, 0.0919995196698385]], [500.0, [0.03302786188820998, 0.0919995196698385]], [500.0, [0.03302786188820998, 0.0919995196698385]], [500.0, [0.03302786188820998, 0.0919995196698385]], [500.0, [0.03302786188820998, 0.0919995196698385]], [500.0, [0.03302786188820998, 0.0919995196698385]], [500.0, [0.03302786188820998, 0.0919995196698385]], [500.0, [0.03302786188820998, 0.0919995196698385]], [500.0, [0.03302786188820998, 0.0919995196698385]], [500.0, [0.03302786188820998, 0.0919995196698385]], [500.0, [0.03302786188820998, 0.0919995196698385]], [500.0, [0.03302786188820998, 0.0919995196698385]], [500.0, [0.03302786188820998, 0.0919995196698385]], [500.0, [0.03302786188820998, 0.0919995196698385]], [500.0, [0.03302786188820998, 0.0919995196698385]], [500.0, [0.03302786188820998, 0.0919995196698385]], [500.0, [0.03302786188820998, 0.0919995196698385]], [500.0, [0.03302786188820998, 0.0919995196698385]], [500.0, [0.03302786188820998, 0.0919995196698385]], [500.0, [0.03302786188820998, 0.0919995196698385]], [500.0, [0.03302786188820998, 0.0919995196698385]], [500.0, [0.03302786188820998, 0.0919995196698385]], [500.0, [0.03302786188820998, 0.0919995196698385]], [500.0, [0.03302786188820998, 0.0919995196698385]], [500.0, [0.03302786188820998, 0.0919995196698385]], [500.0, [0.03302786188820998, 0.0919995196698385]], [500.0, [0.03302786188820998, 0.0919995196698385]]]}