{"103": [[[378.6], [0.13054163505633673, -0.04102094054364702]], [[378.6], [0.13054163505633673, -0.04102094054364702]], [[378.6], [0.13054163505633673, -0.04102094054364702]], [[378.6], [0.13054163505633673, -0.04102094054364702]], [[25.466666666666665], [0.026736451933781307, -0.562253430414428]], [[9.266666666666667], [-0.02591668317715327, 0.5459527721245323]], [[378.6], [0.13054163505633673, -0.04102094054364702]], [[378.6], [0.13054163505633673, -0.04102094054364702]], [[378.6], [0.13054163505633673, -0.04102094054364702]], [[378.6], [0.13054163505633673, -0.04102094054364702]], [[378.6], [0.13054163505633673, -0.04102094054364702]], [[378.6], [0.13054163505633673, -0.04102094054364702]], [[378.6], [0.13054163505633673, -0.04102094054364702]], [[378.6], [0.13054163505633673, -0.04102094054364702]], [[378.6], [0.13054163505633673, -0.04102094054364702]], [[378.6], [0.13054163505633673, -0.04102094054364702]], [[378.6], [0.13054163505633673, -0.04102094054364702]], [[378.6], [0.13054163505633673, -0.04102094054364702]], [[378.6], [0.13054163505633673, -0.04102094054364702]], [[378.6], [0.13054163505633673, -0.04102094054364702]], [[378.6], [0.13054163505633673, -0.04102094054364702]], [[378.6], [0.13054163505633673, -0.04102094054364702]], [[378.6], [0.13054163505633673, -0.04102094054364702]], [[198.6], [0.058647363136212036, -0.5139496052664433]], [[378.6], [0.13054163505633673, -0.04102094054364702]], [[378.6], [0.13054163505633673, -0.04102094054364702]], [[378.6], [0.13054163505633673, -0.04102094054364702]], [[378.6], [0.13054163505633673, -0.04102094054364702]], [[378.6], [0.13054163505633673, -0.04102094054364702]], [[378.6], [0.13054163505633673, -0.04102094054364702]]], "101": [[[500.0], [-1.911117882021548e-05, 0.017767768736447444]], [[417.8666666666667], [0.3251189490159353, 0.19111040462717485]], [[500.0], [-1.911117882021548e-05, 0.017767768736447444]], [[500.0], [-1.911117882021548e-05, 0.017767768736447444]], [[500.0], [-1.911117882021548e-05, 0.017767768736447444]], [[500.0], [-1.911117882021548e-05, 0.017767768736447444]], [[500.0], [-1.911117882021548e-05, 0.017767768736447444]], [[500.0], [-1.911117882021548e-05, 0.017767768736447444]], [[500.0], [-1.911117882021548e-05, 0.017767768736447444]], [[500.0], [-1.911117882021548e-05, 0.017767768736447444]], [[500.0], [-1.911117882021548e-05, 0.017767768736447444]], [[500.0], [-1.911117882021548e-05, 0.017767768736447444]], [[500.0], [-1.911117882021548e-05, 0.017767768736447444]], [[500.0], [-1.911117882021548e-05, 0.017767768736447444]], [[500.0], [-1.911117882021548e-05, 0.017767768736447444]], [[500.0], [-1.911117882021548e-05, 0.017767768736447444]], [[500.0], [-1.911117882021548e-05, 0.017767768736447444]], [[500.0], [-1.911117882021548e-05, 0.017767768736447444]], [[500.0], [-1.911117882021548e-05, 0.017767768736447444]], [[500.0], [-1.911117882021548e-05, 0.017767768736447444]], [[500.0], [-1.911117882021548e-05, 0.017767768736447444]], [[500.0], [-1.911117882021548e-05, 0.017767768736447444]], [[500.0], [-1.911117882021548e-05, 0.017767768736447444]], [[500.0], [-1.911117882021548e-05, 0.017767768736447444]], [[500.0], [-1.911117882021548e-05, 0.017767768736447444]], [[500.0], [-1.911117882021548e-05, 0.017767768736447444]], [[500.0], [-1.911117882021548e-05, 0.017767768736447444]], [[500.0], [-1.911117882021548e-05, 0.017767768736447444]], [[500.0], [-1.911117882021548e-05, 0.017767768736447444]], [[500.0], [-1.911117882021548e-05, 0.017767768736447444]]], "102": [[[500.0], [0.007918333479513725, -0.07348499176177112]], [[500.0], [0.022777848256131016, 0.0012630526295029803]], [[500.0], [0.022777848256131016, 0.0012630526295029803]], [[500.0], [0.022777848256131016, 0.0012630526295029803]], [[500.0], [5.9203381776266425e-05, -0.002074209944251479]], [[479.46666666666664], [0.007683801619956891, -0.014059727958015848]], [[500.0], [0.022777848256131016, 0.0012630526295029803]], [[500.0], [0.007918333479513725, -0.07348499176177112]], [[500.0], [0.007918333479513725, -0.07348499176177112]], [[500.0], [0.022777848256131016, 0.0012630526295029803]], [[500.0], [0.022777848256131016, 0.0012630526295029803]], [[500.0], [0.007918333479513725, -0.07348499176177112]], [[500.0], [0.022777848256131016, 0.0012630526295029803]], [[500.0], [0.022777848256131016, 0.0012630526295029803]], [[500.0], [0.022777848256131016, 0.0012630526295029803]], [[500.0], [0.007918333479513725, -0.07348499176177112]], [[500.0], [0.007918333479513725, -0.07348499176177112]], [[500.0], [5.9203381776266425e-05, -0.002074209944251479]], [[500.0], [0.022777848256131016, 0.0012630526295029803]], [[500.0], [5.9203381776266425e-05, -0.002074209944251479]], [[500.0], [5.9203381776266425e-05, -0.002074209944251479]], [[500.0], [5.9203381776266425e-05, -0.002074209944251479]], [[500.0], [5.9203381776266425e-05, -0.002074209944251479]], [[500.0], [0.007918333479513725, -0.07348499176177112]], [[500.0], [0.007918333479513725, -0.07348499176177112]], [[500.0], [5.9203381776266425e-05, -0.002074209944251479]], [[500.0], [0.007918333479513725, -0.07348499176177112]], [[500.0], [0.007918333479513725, -0.07348499176177112]], [[500.0], [0.022777848256131016, 0.0012630526295029803]], [[500.0], [5.9203381776266425e-05, -0.002074209944251479]]]}