{"102": [[[500.0], [-0.010769856938471397, 0.053911046548323203]], [[500.0], [-0.010769856938471397, 0.053911046548323203]], [[500.0], [-0.010769856938471397, 0.053911046548323203]], [[500.0], [-0.010769856938471397, 0.053911046548323203]], [[500.0], [-0.010769856938471397, 0.053911046548323203]], [[500.0], [-0.010769856938471397, 0.053911046548323203]], [[500.0], [-0.010769856938471397, 0.053911046548323203]], [[500.0], [-0.010769856938471397, 0.053911046548323203]], [[500.0], [-0.010769856938471397, 0.053911046548323203]], [[500.0], [-0.010769856938471397, 0.053911046548323203]], [[500.0], [0.05754653364419937, 0.023200789368466326]], [[500.0], [-0.010769856938471397, 0.053911046548323203]], [[500.0], [-0.010769856938471397, 0.053911046548323203]], [[500.0], [-0.010769856938471397, 0.053911046548323203]], [[500.0], [-0.010769856938471397, 0.053911046548323203]], [[500.0], [-0.010769856938471397, 0.053911046548323203]], [[500.0], [-0.010769856938471397, 0.053911046548323203]], [[500.0], [-0.010769856938471397, 0.053911046548323203]], [[500.0], [-0.010769856938471397, 0.053911046548323203]], [[500.0], [-0.010769856938471397, 0.053911046548323203]], [[500.0], [-0.010769856938471397, 0.053911046548323203]], [[500.0], [-0.010769856938471397, 0.053911046548323203]], [[500.0], [-0.010769856938471397, 0.053911046548323203]], [[500.0], [-0.010769856938471397, 0.053911046548323203]], [[500.0], [-0.0015128199205112955, 0.012256033522518058]], [[500.0], [-0.010769856938471397, 0.053911046548323203]], [[500.0], [-0.010769856938471397, 0.053911046548323203]], [[500.0], [-0.010769856938471397, 0.053911046548323203]], [[500.0], [-0.010769856938471397, 0.053911046548323203]], [[500.0], [-0.010769856938471397, 0.053911046548323203]]], "103": [[[500.0], [0.0061204358159254, -0.0019226291185717264]], [[500.0], [0.0061204358159254, -0.0019226291185717264]], [[500.0], [0.0061204358159254, -0.0019226291185717264]], [[500.0], [0.0061204358159254, -0.0019226291185717264]], [[500.0], [0.0061204358159254, -0.0019226291185717264]], [[500.0], [0.0061204358159254, -0.0019226291185717264]], [[500.0], [0.0061204358159254, -0.0019226291185717264]], [[500.0], [0.0061204358159254, -0.0019226291185717264]], [[500.0], [0.0061204358159254, -0.0019226291185717264]], [[500.0], [0.0061204358159254, -0.0019226291185717264]], [[500.0], [0.0061204358159254, -0.0019226291185717264]], [[500.0], [0.0061204358159254, -0.0019226291185717264]], [[500.0], [0.0061204358159254, -0.0019226291185717264]], [[500.0], [0.0061204358159254, -0.0019226291185717264]], [[500.0], [0.0061204358159254, -0.0019226291185717264]], [[500.0], [0.0061204358159254, -0.0019226291185717264]], [[500.0], [0.0061204358159254, -0.0019226291185717264]], [[500.0], [0.0061204358159254, -0.0019226291185717264]], [[500.0], [0.0061204358159254, -0.0019226291185717264]], [[500.0], [0.0061204358159254, -0.0019226291185717264]], [[500.0], [0.0061204358159254, -0.0019226291185717264]], [[500.0], [0.0061204358159254, -0.0019226291185717264]], [[500.0], [0.0061204358159254, -0.0019226291185717264]], [[500.0], [0.0061204358159254, -0.0019226291185717264]], [[500.0], [0.0061204358159254, -0.0019226291185717264]], [[500.0], [0.0061204358159254, -0.0019226291185717264]], [[500.0], [0.0061204358159254, -0.0019226291185717264]], [[500.0], [0.0061204358159254, -0.0019226291185717264]], [[500.0], [0.0061204358159254, -0.0019226291185717264]], [[500.0], [0.0061204358159254, -0.0019226291185717264]]], "101": [[[415.0], [-0.0014800337764124076, 0.003952009973236533]], [[415.0], [-0.0014800337764124076, 0.003952009973236533]], [[415.0], [-0.0014800337764124076, 0.003952009973236533]], [[145.86666666666667], [-0.3934098780155182, 0.502539094555321]], [[415.0], [-0.0014800337764124076, 0.003952009973236533]], [[415.0], [-0.0014800337764124076, 0.003952009973236533]], [[415.0], [-0.0014800337764124076, 0.003952009973236533]], [[390.26666666666665], [0.007672891175995271, -0.011295784246978578]], [[390.26666666666665], [0.007672891175995271, -0.011295784246978578]], [[415.0], [-0.0014800337764124076, 0.003952009973236533]], [[415.0], [-0.0014800337764124076, 0.003952009973236533]], [[390.26666666666665], [0.007672891175995271, -0.011295784246978578]], [[390.26666666666665], [0.007672891175995271, -0.011295784246978578]], [[390.26666666666665], [0.007672891175995271, -0.011295784246978578]], [[390.26666666666665], [0.007672891175995271, -0.011295784246978578]], [[390.26666666666665], [0.007672891175995271, -0.011295784246978578]], [[415.0], [-0.0014800337764124076, 0.003952009973236533]], [[390.26666666666665], [0.007672891175995271, -0.011295784246978578]], [[390.26666666666665], [0.007672891175995271, -0.011295784246978578]], [[390.26666666666665], [0.007672891175995271, -0.011295784246978578]], [[415.0], [-0.0014800337764124076, 0.003952009973236533]], [[390.26666666666665], [0.007672891175995271, -0.011295784246978578]], [[390.26666666666665], [0.007672891175995271, -0.011295784246978578]], [[390.26666666666665], [0.007672891175995271, -0.011295784246978578]], [[390.26666666666665], [0.007672891175995271, -0.011295784246978578]], [[415.0], [-0.0014800337764124076, 0.003952009973236533]], [[415.0], [-0.0014800337764124076, 0.003952009973236533]], [[415.0], [-0.0014800337764124076, 0.003952009973236533]], [[390.26666666666665], [0.007672891175995271, -0.011295784246978578]], [[415.0], [-0.0014800337764124076, 0.003952009973236533]]]}