{"101": [[488.53333333333336, [-0.16040685276190442, 0.33946196285731484]], [488.53333333333336, [-0.16040685276190442, 0.33946196285731484]], [488.53333333333336, [-0.16040685276190442, 0.33946196285731484]], [488.53333333333336, [-0.16040685276190442, 0.33946196285731484]], [488.53333333333336, [-0.16040685276190442, 0.33946196285731484]], [488.53333333333336, [-0.16040685276190442, 0.33946196285731484]], [488.53333333333336, [-0.16040685276190442, 0.33946196285731484]], [488.53333333333336, [-0.16040685276190442, 0.33946196285731484]], [488.53333333333336, [-0.16040685276190442, 0.33946196285731484]], [488.53333333333336, [-0.16040685276190442, 0.33946196285731484]], [488.53333333333336, [-0.16040685276190442, 0.33946196285731484]], [488.53333333333336, [-0.16040685276190442, 0.33946196285731484]], [488.53333333333336, [-0.16040685276190442, 0.33946196285731484]], [488.53333333333336, [-0.16040685276190442, 0.33946196285731484]], [488.53333333333336, [-0.16040685276190442, 0.33946196285731484]], [488.53333333333336, [-0.16040685276190442, 0.33946196285731484]], [488.53333333333336, [-0.16040685276190442, 0.33946196285731484]], [488.53333333333336, [-0.16040685276190442, 0.33946196285731484]], [488.53333333333336, [-0.16040685276190442, 0.33946196285731484]], [488.53333333333336, [-0.16040685276190442, 0.33946196285731484]], [488.53333333333336, [-0.16040685276190442, 0.33946196285731484]], [488.53333333333336, [-0.16040685276190442, 0.33946196285731484]], [488.53333333333336, [-0.16040685276190442, 0.33946196285731484]], [488.53333333333336, [-0.16040685276190442, 0.33946196285731484]], [488.53333333333336, [-0.16040685276190442, 0.33946196285731484]], [488.53333333333336, [-0.16040685276190442, 0.33946196285731484]], [488.53333333333336, [-0.16040685276190442, 0.33946196285731484]], [488.53333333333336, [-0.16040685276190442, 0.33946196285731484]], [488.53333333333336, [-0.16040685276190442, 0.33946196285731484]], [488.53333333333336, [-0.16040685276190442, 0.33946196285731484]]], "102": [[500.0, [0.004551338497549295, 0.011667732871248962]], [500.0, [0.004551338497549295, 0.011667732871248962]], [500.0, [0.004551338497549295, 0.011667732871248962]], [500.0, [0.004551338497549295, 0.011667732871248962]], [500.0, [0.004551338497549295, 0.011667732871248962]], [500.0, [0.004551338497549295, 0.011667732871248962]], [500.0, [0.004551338497549295, 0.011667732871248962]], [500.0, [0.004551338497549295, 0.011667732871248962]], [500.0, [0.004551338497549295, 0.011667732871248962]], [500.0, [0.004551338497549295, 0.011667732871248962]], [500.0, [0.004551338497549295, 0.011667732871248962]], [500.0, [0.004551338497549295, 0.011667732871248962]], [500.0, [0.004551338497549295, 0.011667732871248962]], [500.0, [0.004551338497549295, 0.011667732871248962]], [500.0, [0.004551338497549295, 0.011667732871248962]], [500.0, [0.004551338497549295, 0.011667732871248962]], [500.0, [0.004551338497549295, 0.011667732871248962]], [500.0, [0.004551338497549295, 0.011667732871248962]], [500.0, [0.004551338497549295, 0.011667732871248962]], [500.0, [0.004551338497549295, 0.011667732871248962]], [500.0, [0.004551338497549295, 0.011667732871248962]], [500.0, [0.004551338497549295, 0.011667732871248962]], [500.0, [0.004551338497549295, 0.011667732871248962]], [500.0, [0.004551338497549295, 0.011667732871248962]], [500.0, [0.004551338497549295, 0.011667732871248962]], [500.0, [0.004551338497549295, 0.011667732871248962]], [500.0, [0.004551338497549295, 0.011667732871248962]], [500.0, [0.004551338497549295, 0.011667732871248962]], [500.0, [0.004551338497549295, 0.011667732871248962]], [500.0, [0.004551338497549295, 0.011667732871248962]]], "103": [[500.0, [0.03302786188820998, 0.0919995196698385]], [500.0, [0.03302786188820998, 0.0919995196698385]], [500.0, [0.03302786188820998, 0.0919995196698385]], [500.0, [0.03302786188820998, 0.0919995196698385]], [500.0, [0.03302786188820998, 0.0919995196698385]], [500.0, [0.03302786188820998, 0.0919995196698385]], [500.0, [0.03302786188820998, 0.0919995196698385]], [500.0, [0.03302786188820998, 0.0919995196698385]], [500.0, [0.03302786188820998, 0.0919995196698385]], [500.0, [0.03302786188820998, 0.0919995196698385]], [500.0, [0.03302786188820998, 0.0919995196698385]], [500.0, [0.03302786188820998, 0.0919995196698385]], [500.0, [0.03302786188820998, 0.0919995196698385]], [500.0, [0.03302786188820998, 0.0919995196698385]], [500.0, [0.03302786188820998, 0.0919995196698385]], [500.0, [0.03302786188820998, 0.0919995196698385]], [500.0, [0.03302786188820998, 0.0919995196698385]], [500.0, [0.03302786188820998, 0.0919995196698385]], [500.0, [0.03302786188820998, 0.0919995196698385]], [500.0, [0.03302786188820998, 0.0919995196698385]], [500.0, [0.03302786188820998, 0.0919995196698385]], [500.0, [0.03302786188820998, 0.0919995196698385]], [500.0, [0.03302786188820998, 0.0919995196698385]], [500.0, [0.03302786188820998, 0.0919995196698385]], [500.0, [0.03302786188820998, 0.0919995196698385]], [500.0, [0.03302786188820998, 0.0919995196698385]], [500.0, [0.03302786188820998, 0.0919995196698385]], [500.0, [0.03302786188820998, 0.0919995196698385]], [500.0, [0.03302786188820998, 0.0919995196698385]], [500.0, [0.03302786188820998, 0.0919995196698385]]]}