{"fitness": {"103": [[[9.333333333333334], [0.0339663897951444, -0.5452829328450289]], [[19.833333333333332], [0.03103447457154592, -0.5513542648137472]], [[19.833333333333332], [0.03103447457154592, -0.5513542648137472]], [[19.833333333333332], [0.03103447457154592, -0.5513542648137472]], [[19.833333333333332], [0.03103447457154592, -0.5513542648137472]], [[19.833333333333332], [0.03103447457154592, -0.5513542648137472]], [[19.833333333333332], [0.03103447457154592, -0.5513542648137472]], [[19.833333333333332], [0.03103447457154592, -0.5513542648137472]], [[19.833333333333332], [0.03103447457154592, -0.5513542648137472]], [[19.833333333333332], [0.03103447457154592, -0.5513542648137472]], [[19.833333333333332], [0.03103447457154592, -0.5513542648137472]], [[19.833333333333332], [0.03103447457154592, -0.5513542648137472]], [[19.833333333333332], [0.03103447457154592, -0.5513542648137472]], [[9.833333333333334], [-0.03209785247842471, 0.6141351740896417]], [[19.833333333333332], [0.03103447457154592, -0.5513542648137472]], [[19.833333333333332], [0.03103447457154592, -0.5513542648137472]], [[279.3333333333333], [0.501009871562322, 0.3520245329615032]], [[19.833333333333332], [0.03103447457154592, -0.5513542648137472]], [[19.833333333333332], [0.03103447457154592, -0.5513542648137472]], [[19.833333333333332], [0.03103447457154592, -0.5513542648137472]]], "102": [[[9.666666666666666], [0.0339663897951444, -0.5452829328450289]], [[9.666666666666666], [0.0339663897951444, -0.5452829328450289]], [[139.33333333333334], [-0.11286992579698563, 0.5122217478934658]], [[9.833333333333334], [-0.03209785247842471, 0.6141351740896417]], [[85.5], [-0.032811484610040985, -0.517001170575904]], [[10.0], [0.0339663897951444, -0.5452829328450289]], [[139.33333333333334], [-0.11286992579698563, 0.5122217478934658]], [[9.666666666666666], [0.0339663897951444, -0.5452829328450289]], [[9.666666666666666], [0.0339663897951444, -0.5452829328450289]], [[9.666666666666666], [0.0339663897951444, -0.5452829328450289]], [[139.33333333333334], [-0.11286992579698563, 0.5122217478934658]], [[139.33333333333334], [-0.11286992579698563, 0.5122217478934658]], [[139.33333333333334], [-0.11286992579698563, 0.5122217478934658]], [[9.833333333333334], [-0.03209785247842471, 0.6141351740896417]], [[9.666666666666666], [0.0339663897951444, -0.5452829328450289]], [[139.33333333333334], [-0.11286992579698563, 0.5122217478934658]], [[139.33333333333334], [-0.11286992579698563, 0.5122217478934658]], [[139.33333333333334], [-0.11286992579698563, 0.5122217478934658]], [[139.33333333333334], [-0.11286992579698563, 0.5122217478934658]], [[9.666666666666666], [0.0339663897951444, -0.5452829328450289]]], "101": [[[10.666666666666666], [0.034682611003518105, -0.5700561846272227]], [[9.666666666666666], [0.0339663897951444, -0.5452829328450289]], [[10.666666666666666], [0.034682611003518105, -0.5700561846272227]], [[10.666666666666666], [0.034682611003518105, -0.5700561846272227]], [[10.666666666666666], [0.034682611003518105, -0.5700561846272227]], [[10.666666666666666], [0.034682611003518105, -0.5700561846272227]], [[10.666666666666666], [0.034682611003518105, -0.5700561846272227]], [[10.666666666666666], [0.034682611003518105, -0.5700561846272227]], [[10.666666666666666], [0.034682611003518105, -0.5700561846272227]], [[10.666666666666666], [0.034682611003518105, -0.5700561846272227]], [[10.666666666666666], [0.034682611003518105, -0.5700561846272227]], [[9.666666666666666], [0.0339663897951444, -0.5452829328450289]], [[10.666666666666666], [0.034682611003518105, -0.5700561846272227]], [[10.666666666666666], [0.034682611003518105, -0.5700561846272227]], [[10.666666666666666], [0.034682611003518105, -0.5700561846272227]], [[10.666666666666666], [0.034682611003518105, -0.5700561846272227]], [[10.666666666666666], [0.034682611003518105, -0.5700561846272227]], [[10.666666666666666], [0.034682611003518105, -0.5700561846272227]], [[10.666666666666666], [0.034682611003518105, -0.5700561846272227]], [[10.666666666666666], [0.034682611003518105, -0.5700561846272227]]]}, "environment": "cartpole", "algorithm": "lambda", "container": "novelty_archiving", "arguments": {"cross_method": "uniform", "l": 20, "m": 35, "mr": 0.020000000000000004, "cr": 0.9, "mutation_sigma": 1.5, "archiving_period": 5, "archive_batch": 5, "cross_uni": 0.4, "ng": 20}}