{"fitness": {"103": [[[13.333333333333334], [0.03143195994198322, -0.5135312676429749]], [[106.33333333333333], [-0.09557062139113745, -0.5254221090859774]], [[15.666666666666666], [0.03143611984948318, -0.5146410120160957]], [[9.833333333333334], [0.0339663897951444, -0.5452829328450289]], [[15.666666666666666], [0.03143611984948318, -0.5146410120160957]], [[9.833333333333334], [0.0339663897951444, -0.5452829328450289]], [[9.833333333333334], [0.0339663897951444, -0.5452829328450289]], [[20.0], [0.03031632242103418, -0.5264935667434948]], [[9.833333333333334], [0.0339663897951444, -0.5452829328450289]], [[9.833333333333334], [0.0339663897951444, -0.5452829328450289]], [[9.833333333333334], [0.0339663897951444, -0.5452829328450289]], [[9.833333333333334], [0.0339663897951444, -0.5452829328450289]], [[15.666666666666666], [0.03143611984948318, -0.5146410120160957]], [[15.666666666666666], [0.03143611984948318, -0.5146410120160957]], [[15.666666666666666], [0.03143611984948318, -0.5146410120160957]], [[15.666666666666666], [0.03143611984948318, -0.5146410120160957]], [[128.33333333333334], [-0.08756214752793312, -0.5027265354777067]], [[20.0], [0.03031632242103418, -0.5264935667434948]], [[9.833333333333334], [0.0339663897951444, -0.5452829328450289]], [[15.666666666666666], [0.03143611984948318, -0.5146410120160957]], [[15.666666666666666], [0.03143611984948318, -0.5146410120160957]], [[20.0], [0.03031632242103418, -0.5264935667434948]], [[20.0], [0.03031632242103418, -0.5264935667434948]], [[15.666666666666666], [0.03143611984948318, -0.5146410120160957]], [[9.833333333333334], [0.0339663897951444, -0.5452829328450289]]], "101": [[[99.66666666666667], [-0.15795404712359112, -0.5028274213298086]], [[99.66666666666667], [-0.15795404712359112, -0.5028274213298086]], [[99.66666666666667], [-0.15795404712359112, -0.5028274213298086]], [[99.66666666666667], [-0.15795404712359112, -0.5028274213298086]], [[85.0], [-0.04957800110181173, -0.50446252075679]], [[9.5], [-0.03209785247842471, 0.6141351740896417]], [[99.66666666666667], [-0.15795404712359112, -0.5028274213298086]], [[99.66666666666667], [-0.15795404712359112, -0.5028274213298086]], [[99.66666666666667], [-0.15795404712359112, -0.5028274213298086]], [[99.66666666666667], [-0.15795404712359112, -0.5028274213298086]], [[99.66666666666667], [-0.15795404712359112, -0.5028274213298086]], [[99.66666666666667], [-0.15795404712359112, -0.5028274213298086]], [[99.66666666666667], [-0.15795404712359112, -0.5028274213298086]], [[99.66666666666667], [-0.15795404712359112, -0.5028274213298086]], [[99.66666666666667], [-0.15795404712359112, -0.5028274213298086]], [[99.66666666666667], [-0.15795404712359112, -0.5028274213298086]], [[99.66666666666667], [-0.15795404712359112, -0.5028274213298086]], [[99.66666666666667], [-0.15795404712359112, -0.5028274213298086]], [[99.66666666666667], [-0.15795404712359112, -0.5028274213298086]], [[99.66666666666667], [-0.15795404712359112, -0.5028274213298086]], [[99.66666666666667], [-0.15795404712359112, -0.5028274213298086]], [[99.66666666666667], [-0.15795404712359112, -0.5028274213298086]], [[99.66666666666667], [-0.15795404712359112, -0.5028274213298086]], [[99.66666666666667], [-0.15795404712359112, -0.5028274213298086]], [[99.66666666666667], [-0.15795404712359112, -0.5028274213298086]]], "102": [[[10.0], [-0.03209785247842471, 0.6141351740896417]], [[10.0], [-0.03209785247842471, 0.6141351740896417]], [[10.0], [-0.03209785247842471, 0.6141351740896417]], [[10.0], [-0.03209785247842471, 0.6141351740896417]], [[10.0], [-0.03209785247842471, 0.6141351740896417]], [[10.0], [-0.03209785247842471, 0.6141351740896417]], [[10.0], [-0.03209785247842471, 0.6141351740896417]], [[10.0], [-0.03209785247842471, 0.6141351740896417]], [[10.0], [-0.03209785247842471, 0.6141351740896417]], [[10.0], [-0.03209785247842471, 0.6141351740896417]], [[10.0], [-0.03209785247842471, 0.6141351740896417]], [[10.0], [-0.03209785247842471, 0.6141351740896417]], [[10.0], [-0.03209785247842471, 0.6141351740896417]], [[10.0], [-0.03209785247842471, 0.6141351740896417]], [[10.0], [-0.03209785247842471, 0.6141351740896417]], [[10.0], [-0.03209785247842471, 0.6141351740896417]], [[10.0], [-0.03209785247842471, 0.6141351740896417]], [[10.0], [-0.03209785247842471, 0.6141351740896417]], [[58.0], [-0.026797140017151833, -0.5264054431299273]], [[10.0], [-0.03209785247842471, 0.6141351740896417]], [[10.0], [-0.03209785247842471, 0.6141351740896417]], [[10.0], [-0.03209785247842471, 0.6141351740896417]], [[10.0], [-0.03209785247842471, 0.6141351740896417]], [[10.0], [-0.03209785247842471, 0.6141351740896417]], [[10.0], [-0.03209785247842471, 0.6141351740896417]]]}, "environment": "cartpole", "algorithm": "lambda", "container": "novelty_archiving", "arguments": {"cross_method": "uniform", "l": 25, "m": 25, "mr": 0.020000000000000004, "cr": 0.9, "mutation_sigma": 1.5, "archiving_period": 5, "archive_batch": 5, "cross_uni": 0.4, "ng": 20}}