{"fitness": {"103": [[[270.3333333333333], [-0.11343470464150111, -0.5109834186198039]], [[270.3333333333333], [-0.11343470464150111, -0.5109834186198039]], [[106.0], [0.3420142581065496, 0.5065164925379047]], [[270.3333333333333], [-0.11343470464150111, -0.5109834186198039]], [[270.3333333333333], [-0.11343470464150111, -0.5109834186198039]], [[53.833333333333336], [-0.13800932715336484, 0.5431543483118121]], [[270.3333333333333], [-0.11343470464150111, -0.5109834186198039]], [[270.3333333333333], [-0.11343470464150111, -0.5109834186198039]], [[270.3333333333333], [-0.11343470464150111, -0.5109834186198039]], [[270.3333333333333], [-0.11343470464150111, -0.5109834186198039]], [[103.5], [0.0637719656030337, -0.5136536496678038]], [[9.666666666666666], [0.0339663897951444, -0.5452829328450289]], [[53.833333333333336], [-0.13800932715336484, 0.5431543483118121]], [[270.3333333333333], [-0.11343470464150111, -0.5109834186198039]], [[270.3333333333333], [-0.11343470464150111, -0.5109834186198039]], [[270.3333333333333], [-0.11343470464150111, -0.5109834186198039]], [[270.3333333333333], [-0.11343470464150111, -0.5109834186198039]], [[270.3333333333333], [-0.11343470464150111, -0.5109834186198039]], [[270.3333333333333], [-0.11343470464150111, -0.5109834186198039]], [[270.3333333333333], [-0.11343470464150111, -0.5109834186198039]], [[270.3333333333333], [-0.11343470464150111, -0.5109834186198039]], [[270.3333333333333], [-0.11343470464150111, -0.5109834186198039]], [[270.3333333333333], [-0.11343470464150111, -0.5109834186198039]], [[270.3333333333333], [-0.11343470464150111, -0.5109834186198039]], [[270.3333333333333], [-0.11343470464150111, -0.5109834186198039]]], "101": [[[9.0], [0.0339663897951444, -0.5452829328450289]], [[99.66666666666667], [-0.15795404712359112, -0.5028274213298086]], [[99.66666666666667], [-0.15795404712359112, -0.5028274213298086]], [[99.66666666666667], [-0.15795404712359112, -0.5028274213298086]], [[9.0], [0.0339663897951444, -0.5452829328450289]], [[28.333333333333332], [0.043812099223335586, -0.5131095790406733]], [[99.66666666666667], [-0.15795404712359112, -0.5028274213298086]], [[99.66666666666667], [-0.15795404712359112, -0.5028274213298086]], [[99.66666666666667], [-0.15795404712359112, -0.5028274213298086]], [[99.66666666666667], [-0.15795404712359112, -0.5028274213298086]], [[9.666666666666666], [0.0339663897951444, -0.5452829328450289]], [[28.333333333333332], [0.043812099223335586, -0.5131095790406733]], [[99.66666666666667], [-0.15795404712359112, -0.5028274213298086]], [[99.66666666666667], [-0.15795404712359112, -0.5028274213298086]], [[99.66666666666667], [-0.15795404712359112, -0.5028274213298086]], [[34.5], [0.008885296992957592, -0.516247556825574]], [[99.66666666666667], [-0.15795404712359112, -0.5028274213298086]], [[117.16666666666667], [-0.0898727464179198, -0.5039719944935667]], [[99.66666666666667], [-0.15795404712359112, -0.5028274213298086]], [[28.333333333333332], [0.043812099223335586, -0.5131095790406733]], [[99.66666666666667], [-0.15795404712359112, -0.5028274213298086]], [[99.66666666666667], [-0.15795404712359112, -0.5028274213298086]], [[99.66666666666667], [-0.15795404712359112, -0.5028274213298086]], [[99.66666666666667], [-0.15795404712359112, -0.5028274213298086]], [[47.0], [0.08651092648506165, -0.640772318725951]]], "102": [[[141.0], [-0.050248807917038604, 0.5023724368314424]], [[9.833333333333334], [0.0339663897951444, -0.5452829328450289]], [[23.166666666666668], [0.04803994670510292, -0.5764711345211742]], [[9.833333333333334], [0.0339663897951444, -0.5452829328450289]], [[9.833333333333334], [0.0339663897951444, -0.5452829328450289]], [[9.833333333333334], [-0.03209785247842471, 0.6141351740896417]], [[9.833333333333334], [0.0339663897951444, -0.5452829328450289]], [[9.833333333333334], [0.0339663897951444, -0.5452829328450289]], [[9.833333333333334], [0.0339663897951444, -0.5452829328450289]], [[9.833333333333334], [0.0339663897951444, -0.5452829328450289]], [[9.833333333333334], [0.0339663897951444, -0.5452829328450289]], [[9.833333333333334], [0.0339663897951444, -0.5452829328450289]], [[9.833333333333334], [0.0339663897951444, -0.5452829328450289]], [[9.833333333333334], [0.0339663897951444, -0.5452829328450289]], [[23.166666666666668], [0.04803994670510292, -0.5764711345211742]], [[9.166666666666666], [-0.03209785247842471, 0.6141351740896417]], [[9.833333333333334], [0.0339663897951444, -0.5452829328450289]], [[14.666666666666666], [0.0339663897951444, -0.5452829328450289]], [[9.833333333333334], [0.0339663897951444, -0.5452829328450289]], [[9.833333333333334], [0.0339663897951444, -0.5452829328450289]], [[9.833333333333334], [0.0339663897951444, -0.5452829328450289]], [[9.166666666666666], [-0.03209785247842471, 0.6141351740896417]], [[9.833333333333334], [0.0339663897951444, -0.5452829328450289]], [[67.0], [0.044321666161219284, 0.5017615605199166]], [[9.833333333333334], [0.0339663897951444, -0.5452829328450289]]]}, "environment": "cartpole", "algorithm": "lambda", "container": "novelty_archiving", "arguments": {"cross_method": "uniform", "l": 25, "m": 35, "mr": 0.07, "cr": 0.9, "mutation_sigma": 1.5, "archiving_period": 5, "archive_batch": 5, "cross_uni": 0.4, "ng": 20}}