{"fitness": {"101": [[[9.166666666666666], [0.0339663897951444, -0.5452829328450289]], [[9.833333333333334], [0.0339663897951444, -0.5452829328450289]], [[9.166666666666666], [0.0339663897951444, -0.5452829328450289]], [[9.833333333333334], [0.0339663897951444, -0.5452829328450289]], [[9.833333333333334], [0.0339663897951444, -0.5452829328450289]], [[9.833333333333334], [0.0339663897951444, -0.5452829328450289]], [[9.833333333333334], [0.0339663897951444, -0.5452829328450289]], [[9.833333333333334], [0.0339663897951444, -0.5452829328450289]], [[9.833333333333334], [0.0339663897951444, -0.5452829328450289]], [[177.66666666666666], [-0.02512836518387, 0.5063154338079207]], [[9.166666666666666], [0.0339663897951444, -0.5452829328450289]], [[177.66666666666666], [-0.02512836518387, 0.5063154338079207]], [[9.666666666666666], [0.0339663897951444, -0.5452829328450289]], [[192.0], [0.12954780211051306, 0.5113594412233271]], [[9.833333333333334], [0.0339663897951444, -0.5452829328450289]], [[26.333333333333332], [0.02321669055769841, -0.5044705417167628]], [[9.166666666666666], [0.0339663897951444, -0.5452829328450289]], [[28.333333333333332], [0.043812099223335586, -0.5131095790406733]], [[70.83333333333333], [-0.012952375691384077, -0.511007873635543]], [[9.166666666666666], [0.0339663897951444, -0.5452829328450289]], [[9.166666666666666], [0.0339663897951444, -0.5452829328450289]], [[28.333333333333332], [0.043812099223335586, -0.5131095790406733]], [[9.166666666666666], [0.0339663897951444, -0.5452829328450289]], [[9.166666666666666], [0.0339663897951444, -0.5452829328450289]], [[118.5], [-0.1643615836898486, 0.5019881793756804]]], "102": [[[9.666666666666666], [0.0339663897951444, -0.5452829328450289]], [[9.666666666666666], [0.0339663897951444, -0.5452829328450289]], [[9.666666666666666], [0.0339663897951444, -0.5452829328450289]], [[9.666666666666666], [0.0339663897951444, -0.5452829328450289]], [[9.666666666666666], [0.0339663897951444, -0.5452829328450289]], [[9.666666666666666], [0.0339663897951444, -0.5452829328450289]], [[9.666666666666666], [0.0339663897951444, -0.5452829328450289]], [[9.666666666666666], [0.0339663897951444, -0.5452829328450289]], [[9.666666666666666], [-0.03209785247842471, 0.6141351740896417]], [[9.666666666666666], [-0.03209785247842471, 0.6141351740896417]], [[9.666666666666666], [0.0339663897951444, -0.5452829328450289]], [[9.666666666666666], [0.0339663897951444, -0.5452829328450289]], [[9.666666666666666], [0.0339663897951444, -0.5452829328450289]], [[9.666666666666666], [0.0339663897951444, -0.5452829328450289]], [[9.666666666666666], [-0.03209785247842471, 0.6141351740896417]], [[9.666666666666666], [0.0339663897951444, -0.5452829328450289]], [[9.666666666666666], [0.0339663897951444, -0.5452829328450289]], [[9.666666666666666], [0.0339663897951444, -0.5452829328450289]], [[9.666666666666666], [-0.03209785247842471, 0.6141351740896417]], [[16.166666666666668], [0.030372791613141697, -0.5413688826218747]], [[9.333333333333334], [-0.03209785247842471, 0.6141351740896417]], [[9.666666666666666], [0.0339663897951444, -0.5452829328450289]], [[9.666666666666666], [0.0339663897951444, -0.5452829328450289]], [[9.666666666666666], [-0.03209785247842471, 0.6141351740896417]], [[9.666666666666666], [0.0339663897951444, -0.5452829328450289]]], "103": [[[9.833333333333334], [-0.03209785247842471, 0.6141351740896417]], [[202.33333333333334], [-0.5030044913291931, -0.5091759576751855]], [[134.33333333333334], [0.13287131985028586, 0.5090705087880769]], [[202.33333333333334], [-0.5030044913291931, -0.5091759576751855]], [[9.333333333333334], [-0.03209785247842471, 0.6141351740896417]], [[390.8333333333333], [0.2399135877688726, 0.25867257249412356]], [[202.33333333333334], [-0.5030044913291931, -0.5091759576751855]], [[134.33333333333334], [0.13287131985028586, 0.5090705087880769]], [[9.333333333333334], [-0.03209785247842471, 0.6141351740896417]], [[35.166666666666664], [-0.0068633072078228, 0.5027371231448707]], [[148.0], [-0.36991740266482037, 0.5031532861969688]], [[202.33333333333334], [-0.5030044913291931, -0.5091759576751855]], [[35.166666666666664], [-0.0068633072078228, 0.5027371231448707]], [[202.33333333333334], [-0.5030044913291931, -0.5091759576751855]], [[202.33333333333334], [-0.5030044913291931, -0.5091759576751855]], [[9.833333333333334], [-0.03209785247842471, 0.6141351740896417]], [[148.0], [-0.36991740266482037, 0.5031532861969688]], [[134.33333333333334], [0.13287131985028586, 0.5090705087880769]], [[10.333333333333334], [-0.02575837541371584, 0.5082547236857803]], [[202.33333333333334], [-0.5030044913291931, -0.5091759576751855]], [[35.166666666666664], [-0.0068633072078228, 0.5027371231448707]], [[97.0], [-0.03209785247842471, 0.6141351740896417]], [[35.166666666666664], [-0.0068633072078228, 0.5027371231448707]], [[97.0], [-0.03209785247842471, 0.6141351740896417]], [[134.33333333333334], [0.13287131985028586, 0.5090705087880769]]]}, "environment": "cartpole", "algorithm": "lambda", "container": "novelty_archiving", "arguments": {"cross_method": "uniform", "l": 25, "m": 40, "mr": 0.07, "cr": 0.9, "mutation_sigma": 1.5, "archiving_period": 5, "archive_batch": 5, "cross_uni": 0.4, "ng": 20}}