{"fitness": {"101": [[[445.5], [-0.06352066993713379, -0.03846540922325764]], [[445.5], [-0.06352066993713379, -0.03846540922325764]], [[445.5], [-0.06352066993713379, -0.03846540922325764]], [[445.5], [-0.06352066993713379, -0.03846540922325764]], [[445.5], [-0.06352066993713379, -0.03846540922325764]], [[445.5], [-0.06352066993713379, -0.03846540922325764]], [[445.5], [-0.06352066993713379, -0.03846540922325764]], [[244.33333333333334], [-0.11652094622453055, -0.512375465135255]], [[445.5], [-0.06352066993713379, -0.03846540922325764]], [[445.5], [-0.06352066993713379, -0.03846540922325764]], [[445.5], [-0.06352066993713379, -0.03846540922325764]], [[445.5], [-0.06352066993713379, -0.03846540922325764]], [[445.5], [-0.06352066993713379, -0.03846540922325764]], [[9.666666666666666], [0.0339663897951444, -0.5452829328450289]], [[445.5], [-0.06352066993713379, -0.03846540922325764]], [[445.5], [-0.06352066993713379, -0.03846540922325764]], [[445.5], [-0.06352066993713379, -0.03846540922325764]], [[9.166666666666666], [0.0339663897951444, -0.5452829328450289]], [[445.5], [-0.06352066993713379, -0.03846540922325764]], [[445.5], [-0.06352066993713379, -0.03846540922325764]], [[445.5], [-0.06352066993713379, -0.03846540922325764]], [[361.6666666666667], [-0.040906043723225594, -0.008799655933343052]], [[445.5], [-0.06352066993713379, -0.03846540922325764]], [[445.5], [-0.06352066993713379, -0.03846540922325764]], [[445.5], [-0.06352066993713379, -0.03846540922325764]], [[445.5], [-0.06352066993713379, -0.03846540922325764]], [[445.5], [-0.06352066993713379, -0.03846540922325764]], [[445.5], [-0.06352066993713379, -0.03846540922325764]], [[445.5], [-0.06352066993713379, -0.03846540922325764]], [[445.5], [-0.06352066993713379, -0.03846540922325764]]], "103": [[[217.83333333333334], [0.40663758913675946, 0.5103638440227966]], [[138.33333333333334], [-0.21308481693267822, 0.5194170837197007]], [[217.83333333333334], [0.40663758913675946, 0.5103638440227966]], [[117.83333333333333], [-0.04606349393725395, -0.5117280488949644]], [[217.83333333333334], [0.40663758913675946, 0.5103638440227966]], [[217.83333333333334], [0.40663758913675946, 0.5103638440227966]], [[217.83333333333334], [0.40663758913675946, 0.5103638440227966]], [[217.83333333333334], [0.40663758913675946, 0.5103638440227966]], [[217.83333333333334], [0.40663758913675946, 0.5103638440227966]], [[217.83333333333334], [0.40663758913675946, 0.5103638440227966]], [[228.5], [0.36470184723536175, 0.5059111774252932]], [[100.66666666666667], [-0.07069023326039314, -0.5026055437526065]], [[217.83333333333334], [0.40663758913675946, 0.5103638440227966]], [[217.83333333333334], [0.40663758913675946, 0.5103638440227966]], [[100.66666666666667], [-0.07069023326039314, -0.5026055437526065]], [[217.83333333333334], [0.40663758913675946, 0.5103638440227966]], [[131.33333333333334], [-0.16333813468615216, 0.5108124830506064]], [[217.83333333333334], [0.40663758913675946, 0.5103638440227966]], [[161.16666666666666], [-0.17284898708264035, -0.5115017152288884]], [[217.83333333333334], [0.40663758913675946, 0.5103638440227966]], [[217.83333333333334], [0.40663758913675946, 0.5103638440227966]], [[217.83333333333334], [0.40663758913675946, 0.5103638440227966]], [[217.83333333333334], [0.40663758913675946, 0.5103638440227966]], [[217.83333333333334], [0.40663758913675946, 0.5103638440227966]], [[131.33333333333334], [-0.16333813468615216, 0.5108124830506064]], [[217.83333333333334], [0.40663758913675946, 0.5103638440227966]], [[217.83333333333334], [0.40663758913675946, 0.5103638440227966]], [[217.83333333333334], [0.40663758913675946, 0.5103638440227966]], [[35.166666666666664], [0.023738405046363674, -0.5487941169852846]], [[217.83333333333334], [0.40663758913675946, 0.5103638440227966]]], "102": [[[9.333333333333334], [-0.03209785247842471, 0.6141351740896417]], [[9.333333333333334], [-0.03209785247842471, 0.6141351740896417]], [[11.0], [0.03305604370931785, -0.541417757004642]], [[9.333333333333334], [-0.03209785247842471, 0.6141351740896417]], [[9.333333333333334], [-0.03209785247842471, 0.6141351740896417]], [[9.333333333333334], [-0.03209785247842471, 0.6141351740896417]], [[9.333333333333334], [-0.03209785247842471, 0.6141351740896417]], [[308.1666666666667], [-0.14537484695514044, -0.5061839970105002]], [[9.333333333333334], [-0.03209785247842471, 0.6141351740896417]], [[9.5], [0.0339663897951444, -0.5452829328450289]], [[9.333333333333334], [-0.03209785247842471, 0.6141351740896417]], [[9.333333333333334], [-0.03209785247842471, 0.6141351740896417]], [[9.333333333333334], [-0.03209785247842471, 0.6141351740896417]], [[9.333333333333334], [-0.03209785247842471, 0.6141351740896417]], [[105.5], [-0.1167360320687294, -0.5073808311845698]], [[9.333333333333334], [-0.03209785247842471, 0.6141351740896417]], [[9.666666666666666], [-0.03209785247842471, 0.6141351740896417]], [[9.666666666666666], [0.0339663897951444, -0.5452829328450289]], [[9.333333333333334], [-0.03209785247842471, 0.6141351740896417]], [[9.333333333333334], [-0.03209785247842471, 0.6141351740896417]], [[98.5], [-0.05561287825306257, -0.5138264033212616]], [[9.333333333333334], [-0.03209785247842471, 0.6141351740896417]], [[9.333333333333334], [-0.03209785247842471, 0.6141351740896417]], [[9.666666666666666], [-0.03209785247842471, 0.6141351740896417]], [[9.333333333333334], [-0.03209785247842471, 0.6141351740896417]], [[253.33333333333334], [0.16325658808151883, -0.5101657797845357]], [[9.333333333333334], [-0.03209785247842471, 0.6141351740896417]], [[9.333333333333334], [-0.03209785247842471, 0.6141351740896417]], [[9.333333333333334], [-0.03209785247842471, 0.6141351740896417]], [[9.333333333333334], [-0.03209785247842471, 0.6141351740896417]]]}, "environment": "cartpole", "algorithm": "lambda", "container": "novelty_archiving", "arguments": {"cross_method": "uniform", "l": 30, "m": 35, "mr": 0.020000000000000004, "cr": 0.9, "mutation_sigma": 1.5, "archiving_period": 5, "archive_batch": 5, "cross_uni": 0.4, "ng": 20}}