{"fitness": {"102": [[[9.666666666666666], [0.0339663897951444, -0.5452829328450289]], [[9.833333333333334], [-0.03209785247842471, 0.6141351740896417]], [[9.833333333333334], [-0.03209785247842471, 0.6141351740896417]], [[9.833333333333334], [-0.03209785247842471, 0.6141351740896417]], [[9.166666666666666], [-0.03209785247842471, 0.6141351740896417]], [[9.833333333333334], [-0.03209785247842471, 0.6141351740896417]], [[9.666666666666666], [0.0339663897951444, -0.5452829328450289]], [[98.5], [0.14921892434358597, 0.5175232102996424]], [[500.0], [-0.0015184094081632793, -0.005191439900850281]], [[9.166666666666666], [-0.03209785247842471, 0.6141351740896417]], [[9.666666666666666], [0.0339663897951444, -0.5452829328450289]], [[9.666666666666666], [0.0339663897951444, -0.5452829328450289]], [[9.666666666666666], [0.0339663897951444, -0.5452829328450289]], [[9.833333333333334], [-0.03209785247842471, 0.6141351740896417]], [[9.0], [0.0339663897951444, -0.5452829328450289]], [[98.5], [0.14921892434358597, 0.5175232102996424]], [[500.0], [-0.0015184094081632793, -0.005191439900850281]], [[9.833333333333334], [-0.03209785247842471, 0.6141351740896417]], [[9.666666666666666], [0.0339663897951444, -0.5452829328450289]], [[9.666666666666666], [0.0339663897951444, -0.5452829328450289]], [[9.166666666666666], [-0.03209785247842471, 0.6141351740896417]], [[9.166666666666666], [-0.03209785247842471, 0.6141351740896417]], [[9.166666666666666], [-0.03209785247842471, 0.6141351740896417]], [[9.833333333333334], [0.0339663897951444, -0.5452829328450289]], [[9.666666666666666], [0.0339663897951444, -0.5452829328450289]]], "101": [[[9.166666666666666], [0.0339663897951444, -0.5452829328450289]], [[361.3333333333333], [-0.23957202831904095, 0.5163200306550167]], [[361.3333333333333], [-0.23957202831904095, 0.5163200306550167]], [[361.3333333333333], [-0.23957202831904095, 0.5163200306550167]], [[361.3333333333333], [-0.23957202831904095, 0.5163200306550167]], [[361.3333333333333], [-0.23957202831904095, 0.5163200306550167]], [[361.3333333333333], [-0.23957202831904095, 0.5163200306550167]], [[361.3333333333333], [-0.23957202831904095, 0.5163200306550167]], [[361.3333333333333], [-0.23957202831904095, 0.5163200306550167]], [[361.3333333333333], [-0.23957202831904095, 0.5163200306550167]], [[177.83333333333334], [0.07592869301637015, -0.5167934098882538]], [[361.3333333333333], [-0.23957202831904095, 0.5163200306550167]], [[361.3333333333333], [-0.23957202831904095, 0.5163200306550167]], [[361.3333333333333], [-0.23957202831904095, 0.5163200306550167]], [[361.3333333333333], [-0.23957202831904095, 0.5163200306550167]], [[361.3333333333333], [-0.23957202831904095, 0.5163200306550167]], [[361.3333333333333], [-0.23957202831904095, 0.5163200306550167]], [[361.3333333333333], [-0.23957202831904095, 0.5163200306550167]], [[361.3333333333333], [-0.23957202831904095, 0.5163200306550167]], [[361.3333333333333], [-0.23957202831904095, 0.5163200306550167]], [[361.3333333333333], [-0.23957202831904095, 0.5163200306550167]], [[361.3333333333333], [-0.23957202831904095, 0.5163200306550167]], [[361.3333333333333], [-0.23957202831904095, 0.5163200306550167]], [[361.3333333333333], [-0.23957202831904095, 0.5163200306550167]], [[361.3333333333333], [-0.23957202831904095, 0.5163200306550167]]], "103": [[[374.1666666666667], [-0.5029577016830444, -0.3912079918897894]], [[33.833333333333336], [0.014564994101723036, -0.5078947786509135]], [[17.333333333333332], [-0.032796409601966545, 0.6195202683718011]], [[314.0], [-0.43419669071833294, -0.5196835934830625]], [[374.1666666666667], [-0.5029577016830444, -0.3912079918897894]], [[374.1666666666667], [-0.5029577016830444, -0.3912079918897894]], [[374.1666666666667], [-0.5029577016830444, -0.3912079918897894]], [[17.333333333333332], [-0.032796409601966545, 0.6195202683718011]], [[374.1666666666667], [-0.5029577016830444, -0.3912079918897894]], [[374.1666666666667], [-0.5029577016830444, -0.3912079918897894]], [[55.166666666666664], [-0.010726950907458862, -0.5337592018278022]], [[374.1666666666667], [-0.5029577016830444, -0.3912079918897894]], [[83.66666666666667], [0.04351789752642314, 0.5375989244885422]], [[9.666666666666666], [0.0339663897951444, -0.5452829328450289]], [[374.1666666666667], [-0.5029577016830444, -0.3912079918897894]], [[374.1666666666667], [-0.5029577016830444, -0.3912079918897894]], [[374.1666666666667], [-0.5029577016830444, -0.3912079918897894]], [[9.166666666666666], [-0.03209785247842471, 0.6141351740896417]], [[9.666666666666666], [0.0339663897951444, -0.5452829328450289]], [[374.1666666666667], [-0.5029577016830444, -0.3912079918897894]], [[10.666666666666666], [0.0339663897951444, -0.5452829328450289]], [[42.666666666666664], [0.004791793568680684, -0.5076665199544441]], [[9.333333333333334], [0.0339663897951444, -0.5452829328450289]], [[16.166666666666668], [0.0339663897951444, -0.5452829328450289]], [[374.1666666666667], [-0.5029577016830444, -0.3912079918897894]]]}, "environment": "cartpole", "algorithm": "lambda", "container": "novelty_archiving", "arguments": {"cross_method": "uniform", "l": 25, "m": 35, "mr": 0.020000000000000004, "cr": 0.9, "mutation_sigma": 1.5, "archiving_period": 5, "archive_batch": 5, "cross_uni": 0.4, "ng": 20}}