{"fitness": {"102": [[[9.333333333333334], [-0.03209785247842471, 0.6141351740896417]], [[9.666666666666666], [0.0339663897951444, -0.5452829328450289]], [[9.333333333333334], [-0.03209785247842471, 0.6141351740896417]], [[9.333333333333334], [-0.03209785247842471, 0.6141351740896417]], [[13.5], [-0.03209785247842471, 0.6141351740896417]], [[13.5], [-0.03209785247842471, 0.6141351740896417]], [[38.5], [0.054802267501751586, -0.5515758572012615]], [[9.333333333333334], [-0.03209785247842471, 0.6141351740896417]], [[38.5], [0.054802267501751586, -0.5515758572012615]], [[9.333333333333334], [-0.03209785247842471, 0.6141351740896417]], [[9.333333333333334], [-0.03209785247842471, 0.6141351740896417]], [[9.333333333333334], [-0.03209785247842471, 0.6141351740896417]], [[9.333333333333334], [-0.03209785247842471, 0.6141351740896417]], [[9.666666666666666], [0.0339663897951444, -0.5452829328450289]], [[9.333333333333334], [-0.03209785247842471, 0.6141351740896417]], [[9.166666666666666], [-0.03209785247842471, 0.6141351740896417]], [[22.333333333333332], [0.038994159549474716, -0.6030368034919483]], [[9.166666666666666], [-0.03209785247842471, 0.6141351740896417]], [[9.333333333333334], [-0.03209785247842471, 0.6141351740896417]], [[9.333333333333334], [-0.03209785247842471, 0.6141351740896417]], [[9.333333333333334], [-0.03209785247842471, 0.6141351740896417]], [[9.333333333333334], [-0.03209785247842471, 0.6141351740896417]], [[9.666666666666666], [0.0339663897951444, -0.5452829328450289]], [[9.166666666666666], [-0.03209785247842471, 0.6141351740896417]], [[9.333333333333334], [-0.03209785247842471, 0.6141351740896417]]], "101": [[[10.0], [-0.03209785247842471, 0.6141351740896417]], [[10.0], [-0.03209785247842471, 0.6141351740896417]], [[77.83333333333333], [-0.11823701361815135, 0.530461767358643]], [[77.83333333333333], [-0.11823701361815135, 0.530461767358643]], [[10.0], [-0.03209785247842471, 0.6141351740896417]], [[77.83333333333333], [-0.11823701361815135, 0.530461767358643]], [[10.0], [-0.03209785247842471, 0.6141351740896417]], [[10.0], [-0.03209785247842471, 0.6141351740896417]], [[77.83333333333333], [-0.11823701361815135, 0.530461767358643]], [[10.0], [-0.03209785247842471, 0.6141351740896417]], [[77.83333333333333], [-0.11823701361815135, 0.530461767358643]], [[10.0], [-0.03209785247842471, 0.6141351740896417]], [[77.83333333333333], [-0.11823701361815135, 0.530461767358643]], [[9.666666666666666], [0.0339663897951444, -0.5452829328450289]], [[10.0], [-0.03209785247842471, 0.6141351740896417]], [[77.83333333333333], [-0.11823701361815135, 0.530461767358643]], [[10.0], [-0.03209785247842471, 0.6141351740896417]], [[10.0], [-0.03209785247842471, 0.6141351740896417]], [[10.0], [-0.03209785247842471, 0.6141351740896417]], [[10.0], [-0.03209785247842471, 0.6141351740896417]], [[10.0], [-0.03209785247842471, 0.6141351740896417]], [[10.0], [-0.03209785247842471, 0.6141351740896417]], [[10.0], [-0.03209785247842471, 0.6141351740896417]], [[10.0], [-0.03209785247842471, 0.6141351740896417]], [[77.83333333333333], [-0.11823701361815135, 0.530461767358643]]], "103": [[[9.333333333333334], [0.0339663897951444, -0.5452829328450289]], [[163.66666666666666], [-0.20914172132809958, -0.51139195284775]], [[63.833333333333336], [0.001549883260546873, -0.5055398248029097]], [[44.333333333333336], [0.010506986485173305, -0.5085949906321804]], [[9.0], [0.0339663897951444, -0.5452829328450289]], [[170.0], [0.09869314109285673, -0.5033627936714574]], [[170.0], [0.09869314109285673, -0.5033627936714574]], [[170.0], [0.09869314109285673, -0.5033627936714574]], [[63.833333333333336], [0.001549883260546873, -0.5055398248029097]], [[44.333333333333336], [0.010506986485173305, -0.5085949906321804]], [[163.66666666666666], [-0.20914172132809958, -0.51139195284775]], [[163.66666666666666], [-0.20914172132809958, -0.51139195284775]], [[170.0], [0.09869314109285673, -0.5033627936714574]], [[116.5], [-0.07162625590960185, -0.5064603458180953]], [[170.0], [0.09869314109285673, -0.5033627936714574]], [[30.5], [0.014564994101723036, -0.5078947786509135]], [[163.66666666666666], [-0.20914172132809958, -0.51139195284775]], [[163.66666666666666], [-0.20914172132809958, -0.51139195284775]], [[170.0], [0.09869314109285673, -0.5033627936714574]], [[175.0], [-0.12113163868586223, -0.5175745087947572]], [[170.0], [0.09869314109285673, -0.5033627936714574]], [[170.0], [0.09869314109285673, -0.5033627936714574]], [[163.66666666666666], [-0.20914172132809958, -0.51139195284775]], [[170.0], [0.09869314109285673, -0.5033627936714574]], [[170.0], [0.09869314109285673, -0.5033627936714574]]]}, "environment": "cartpole", "algorithm": "lambda", "container": "novelty_archiving", "arguments": {"cross_method": "uniform", "l": 25, "m": 30, "mr": 0.020000000000000004, "cr": 0.9, "mutation_sigma": 1.5, "archiving_period": 5, "archive_batch": 5, "cross_uni": 0.4, "ng": 20}}