{"fitness": {"102": [[[9.166666666666666], [-0.03209785247842471, 0.6141351740896417]], [[9.166666666666666], [-0.03209785247842471, 0.6141351740896417]], [[9.166666666666666], [-0.03209785247842471, 0.6141351740896417]], [[9.333333333333334], [-0.03209785247842471, 0.6141351740896417]], [[9.166666666666666], [-0.03209785247842471, 0.6141351740896417]], [[9.166666666666666], [-0.03209785247842471, 0.6141351740896417]], [[9.166666666666666], [-0.03209785247842471, 0.6141351740896417]], [[9.166666666666666], [-0.03209785247842471, 0.6141351740896417]], [[9.166666666666666], [-0.03209785247842471, 0.6141351740896417]], [[297.0], [-0.3272532671689987, -0.5075802857225592]], [[9.666666666666666], [0.0339663897951444, -0.5452829328450289]], [[9.166666666666666], [-0.03209785247842471, 0.6141351740896417]], [[9.166666666666666], [-0.03209785247842471, 0.6141351740896417]], [[9.166666666666666], [-0.03209785247842471, 0.6141351740896417]], [[9.166666666666666], [-0.03209785247842471, 0.6141351740896417]], [[9.166666666666666], [-0.03209785247842471, 0.6141351740896417]], [[9.166666666666666], [-0.03209785247842471, 0.6141351740896417]], [[9.166666666666666], [-0.03209785247842471, 0.6141351740896417]], [[9.166666666666666], [-0.03209785247842471, 0.6141351740896417]], [[9.166666666666666], [-0.03209785247842471, 0.6141351740896417]], [[9.666666666666666], [0.0339663897951444, -0.5452829328450289]], [[9.166666666666666], [-0.03209785247842471, 0.6141351740896417]], [[9.166666666666666], [-0.03209785247842471, 0.6141351740896417]], [[9.166666666666666], [-0.03209785247842471, 0.6141351740896417]], [[9.333333333333334], [-0.03209785247842471, 0.6141351740896417]], [[9.166666666666666], [-0.03209785247842471, 0.6141351740896417]], [[9.166666666666666], [-0.03209785247842471, 0.6141351740896417]], [[292.5], [-0.18770866096019745, -0.5751004059348951]], [[9.333333333333334], [-0.03209785247842471, 0.6141351740896417]], [[9.166666666666666], [-0.03209785247842471, 0.6141351740896417]]], "103": [[[47.5], [0.002328460104763508, -0.5287349794469952]], [[200.33333333333334], [0.20743915190299353, 0.5442878703751632]], [[9.166666666666666], [0.0339663897951444, -0.5452829328450289]], [[285.8333333333333], [-0.06668378909428915, -0.004993783394721421]], [[9.166666666666666], [0.0339663897951444, -0.5452829328450289]], [[285.8333333333333], [-0.06668378909428915, -0.004993783394721421]], [[200.33333333333334], [0.20743915190299353, 0.5442878703751632]], [[205.66666666666666], [-0.5013192693392436, -0.19426843481200734]], [[200.33333333333334], [0.20743915190299353, 0.5442878703751632]], [[9.166666666666666], [0.0339663897951444, -0.5452829328450289]], [[47.5], [0.002328460104763508, -0.5287349794469952]], [[200.33333333333334], [0.20743915190299353, 0.5442878703751632]], [[200.33333333333334], [0.20743915190299353, 0.5442878703751632]], [[160.5], [-0.24945234258969626, -0.5127350536830118]], [[112.33333333333333], [0.04888955814143022, 0.5031800940276333]], [[288.8333333333333], [0.5006856222947439, 0.46488917187640544]], [[9.166666666666666], [0.0339663897951444, -0.5452829328450289]], [[200.33333333333334], [0.20743915190299353, 0.5442878703751632]], [[200.33333333333334], [0.20743915190299353, 0.5442878703751632]], [[200.33333333333334], [0.20743915190299353, 0.5442878703751632]], [[200.33333333333334], [0.20743915190299353, 0.5442878703751632]], [[200.33333333333334], [0.20743915190299353, 0.5442878703751632]], [[200.33333333333334], [0.20743915190299353, 0.5442878703751632]], [[200.33333333333334], [0.20743915190299353, 0.5442878703751632]], [[160.5], [-0.24945234258969626, -0.5127350536830118]], [[9.166666666666666], [0.0339663897951444, -0.5452829328450289]], [[288.8333333333333], [0.5006856222947439, 0.46488917187640544]], [[200.33333333333334], [0.20743915190299353, 0.5442878703751632]], [[200.33333333333334], [0.20743915190299353, 0.5442878703751632]], [[200.33333333333334], [0.20743915190299353, 0.5442878703751632]]], "101": [[[9.333333333333334], [0.0339663897951444, -0.5452829328450289]], [[9.666666666666666], [0.0339663897951444, -0.5452829328450289]], [[9.333333333333334], [0.0339663897951444, -0.5452829328450289]], [[9.333333333333334], [0.0339663897951444, -0.5452829328450289]], [[9.333333333333334], [0.0339663897951444, -0.5452829328450289]], [[9.333333333333334], [0.0339663897951444, -0.5452829328450289]], [[9.333333333333334], [-0.03209785247842471, 0.6141351740896417]], [[9.333333333333334], [0.0339663897951444, -0.5452829328450289]], [[137.83333333333334], [0.3790227075417837, -0.5162982492926018]], [[9.333333333333334], [0.0339663897951444, -0.5452829328450289]], [[9.333333333333334], [0.0339663897951444, -0.5452829328450289]], [[9.666666666666666], [0.0339663897951444, -0.5452829328450289]], [[9.333333333333334], [0.0339663897951444, -0.5452829328450289]], [[28.166666666666668], [0.05514932175477346, -0.576022887629185]], [[9.666666666666666], [0.0339663897951444, -0.5452829328450289]], [[9.666666666666666], [0.0339663897951444, -0.5452829328450289]], [[9.666666666666666], [0.0339663897951444, -0.5452829328450289]], [[9.333333333333334], [0.0339663897951444, -0.5452829328450289]], [[9.333333333333334], [0.0339663897951444, -0.5452829328450289]], [[120.66666666666667], [0.41976238290468854, -0.5462550375450171]], [[41.333333333333336], [0.08200383434693019, -0.5118635852941485]], [[239.0], [-0.24004066983858746, -0.5089024251157588]], [[9.666666666666666], [0.0339663897951444, -0.5452829328450289]], [[9.333333333333334], [0.0339663897951444, -0.5452829328450289]], [[72.83333333333333], [-0.01928927997748057, -0.5070653400923076]], [[28.166666666666668], [0.05514932175477346, -0.576022887629185]], [[9.666666666666666], [0.0339663897951444, -0.5452829328450289]], [[9.666666666666666], [0.0339663897951444, -0.5452829328450289]], [[9.333333333333334], [0.0339663897951444, -0.5452829328450289]], [[9.333333333333334], [0.0339663897951444, -0.5452829328450289]]]}, "environment": "cartpole", "algorithm": "lambda", "container": "novelty_archiving", "arguments": {"cross_method": "uniform", "l": 30, "m": 35, "mr": 0.020000000000000004, "cr": 1.0, "mutation_sigma": 1.5, "archiving_period": 5, "archive_batch": 5, "cross_uni": 0.4, "ng": 20}}