{"fitness": {"101": [[[10.0], [-0.03047466278076172, 0.5865105601589076]], [[10.0], [-0.03047466278076172, 0.5865105601589076]], [[10.0], [-0.03047466278076172, 0.5865105601589076]], [[10.0], [-0.03047466278076172, 0.5865105601589076]], [[24.5], [0.024266142087678116, -0.5097569960156126]], [[10.0], [-0.03047466278076172, 0.5865105601589076]], [[9.833333333333334], [0.0339663897951444, -0.5452829328450289]], [[9.666666666666666], [0.0339663897951444, -0.5452829328450289]], [[14.0], [0.02875015139579773, -0.5137289040967038]], [[10.0], [-0.03047466278076172, 0.5865105601589076]], [[10.0], [-0.03047466278076172, 0.5865105601589076]], [[10.0], [-0.03047466278076172, 0.5865105601589076]], [[10.0], [-0.03047466278076172, 0.5865105601589076]], [[20.333333333333332], [0.024266142087678116, -0.5097569960156126]], [[10.0], [-0.03047466278076172, 0.5865105601589076]], [[10.0], [-0.03047466278076172, 0.5865105601589076]], [[10.0], [-0.03047466278076172, 0.5865105601589076]], [[10.0], [-0.03047466278076172, 0.5865105601589076]], [[10.0], [-0.03047466278076172, 0.5865105601589076]], [[10.0], [-0.03047466278076172, 0.5865105601589076]]], "103": [[[119.16666666666667], [0.06996802364786467, -0.5132878582443346]], [[119.16666666666667], [0.06996802364786467, -0.5132878582443346]], [[119.16666666666667], [0.06996802364786467, -0.5132878582443346]], [[119.16666666666667], [0.06996802364786467, -0.5132878582443346]], [[119.16666666666667], [0.06996802364786467, -0.5132878582443346]], [[37.5], [0.018667567831774555, -0.5185649725809052]], [[119.16666666666667], [0.06996802364786467, -0.5132878582443346]], [[119.16666666666667], [0.06996802364786467, -0.5132878582443346]], [[119.16666666666667], [0.06996802364786467, -0.5132878582443346]], [[119.16666666666667], [0.06996802364786467, -0.5132878582443346]], [[25.833333333333332], [0.03519906041522821, -0.5020733084975247]], [[119.16666666666667], [0.06996802364786467, -0.5132878582443346]], [[119.16666666666667], [0.06996802364786467, -0.5132878582443346]], [[119.16666666666667], [0.06996802364786467, -0.5132878582443346]], [[119.16666666666667], [0.06996802364786467, -0.5132878582443346]], [[119.16666666666667], [0.06996802364786467, -0.5132878582443346]], [[119.16666666666667], [0.06996802364786467, -0.5132878582443346]], [[10.666666666666666], [0.0323425109187762, -0.517564562804391]], [[104.16666666666667], [-0.05920732393860817, -0.508629070799887]], [[119.16666666666667], [0.06996802364786467, -0.5132878582443346]]], "102": [[[9.666666666666666], [0.0339663897951444, -0.5452829328450289]], [[9.666666666666666], [0.0339663897951444, -0.5452829328450289]], [[9.666666666666666], [0.0339663897951444, -0.5452829328450289]], [[9.666666666666666], [0.0339663897951444, -0.5452829328450289]], [[9.666666666666666], [0.0339663897951444, -0.5452829328450289]], [[10.0], [-0.03209785247842471, 0.6141351740896417]], [[9.666666666666666], [0.0339663897951444, -0.5452829328450289]], [[9.666666666666666], [0.0339663897951444, -0.5452829328450289]], [[360.1666666666667], [-0.07878676677743594, -0.010221468008448633]], [[9.666666666666666], [0.0339663897951444, -0.5452829328450289]], [[9.666666666666666], [0.0339663897951444, -0.5452829328450289]], [[11.166666666666666], [-0.025276358549793564, 0.5095600012386815]], [[9.666666666666666], [0.0339663897951444, -0.5452829328450289]], [[9.666666666666666], [0.0339663897951444, -0.5452829328450289]], [[9.666666666666666], [0.0339663897951444, -0.5452829328450289]], [[10.166666666666666], [-0.02575837541371584, 0.5082547236857803]], [[9.666666666666666], [0.0339663897951444, -0.5452829328450289]], [[9.666666666666666], [0.0339663897951444, -0.5452829328450289]], [[9.666666666666666], [0.0339663897951444, -0.5452829328450289]], [[9.666666666666666], [0.0339663897951444, -0.5452829328450289]]]}, "environment": "cartpole", "algorithm": "lambda", "container": "novelty_archiving", "arguments": {"cross_method": "uniform", "l": 20, "m": 30, "mr": 0.07, "cr": 0.9, "mutation_sigma": 1.5, "archiving_period": 5, "archive_batch": 5, "cross_uni": 0.4, "ng": 20}}