{"fitness": {"103": [[[58.333333333333336], [-0.021115358298023544, -0.5148577918276263]], [[49.5], [-0.009955532538394134, -0.5168852766164752]], [[106.33333333333333], [-0.03794323342541854, -0.5148134091824436]], [[58.333333333333336], [-0.021115358298023544, -0.5148577918276263]], [[58.333333333333336], [-0.021115358298023544, -0.5148577918276263]], [[58.333333333333336], [-0.021115358298023544, -0.5148577918276263]], [[58.333333333333336], [-0.021115358298023544, -0.5148577918276263]], [[58.333333333333336], [-0.021115358298023544, -0.5148577918276263]], [[58.333333333333336], [-0.021115358298023544, -0.5148577918276263]], [[58.333333333333336], [-0.021115358298023544, -0.5148577918276263]], [[58.333333333333336], [-0.021115358298023544, -0.5148577918276263]], [[58.5], [-0.02460547567655643, -0.5163164657839178]], [[118.16666666666667], [-0.18279607097307843, 0.5233679234125967]], [[58.333333333333336], [-0.021115358298023544, -0.5148577918276263]], [[58.333333333333336], [-0.021115358298023544, -0.5148577918276263]], [[58.333333333333336], [-0.021115358298023544, -0.5148577918276263]], [[9.666666666666666], [0.0339663897951444, -0.5452829328450289]], [[58.333333333333336], [-0.021115358298023544, -0.5148577918276263]], [[58.333333333333336], [-0.021115358298023544, -0.5148577918276263]], [[110.0], [-0.070191261669, -0.5153272140539434]]], "101": [[[10.0], [-0.03209785247842471, 0.6141351740896417]], [[25.833333333333332], [0.024382959430416427, -0.5538023687435679]], [[9.166666666666666], [0.0339663897951444, -0.5452829328450289]], [[83.33333333333333], [-0.050846741845210396, -0.5167558361468704]], [[9.0], [0.0339663897951444, -0.5452829328450289]], [[78.66666666666667], [0.0940948414305846, -0.5105456168001349]], [[30.166666666666668], [0.03687831573188305, -0.5450652261670127]], [[10.0], [-0.03209785247842471, 0.6141351740896417]], [[25.833333333333332], [0.024382959430416427, -0.5538023687435679]], [[25.833333333333332], [0.024382959430416427, -0.5538023687435679]], [[25.833333333333332], [0.024382959430416427, -0.5538023687435679]], [[25.833333333333332], [0.024382959430416427, -0.5538023687435679]], [[25.833333333333332], [0.024382959430416427, -0.5538023687435679]], [[172.0], [0.3676410516103109, -0.510731774368925]], [[9.666666666666666], [0.0339663897951444, -0.5452829328450289]], [[9.166666666666666], [0.0339663897951444, -0.5452829328450289]], [[9.166666666666666], [0.0339663897951444, -0.5452829328450289]], [[25.833333333333332], [0.024382959430416427, -0.5538023687435679]], [[9.666666666666666], [0.0339663897951444, -0.5452829328450289]], [[172.0], [0.3676410516103109, -0.510731774368925]]], "102": [[[10.0], [-0.03209785247842471, 0.6141351740896417]], [[9.166666666666666], [-0.03209785247842471, 0.6141351740896417]], [[9.833333333333334], [-0.03209785247842471, 0.6141351740896417]], [[10.0], [-0.03209785247842471, 0.6141351740896417]], [[10.0], [-0.03209785247842471, 0.6141351740896417]], [[10.0], [-0.03209785247842471, 0.6141351740896417]], [[10.0], [-0.03209785247842471, 0.6141351740896417]], [[15.333333333333334], [0.02946067601442337, -0.5365972670071433]], [[10.0], [-0.03209785247842471, 0.6141351740896417]], [[10.0], [-0.03209785247842471, 0.6141351740896417]], [[10.0], [-0.03209785247842471, 0.6141351740896417]], [[9.5], [0.0339663897951444, -0.5452829328450289]], [[10.0], [-0.03209785247842471, 0.6141351740896417]], [[10.0], [-0.03209785247842471, 0.6141351740896417]], [[139.66666666666666], [-0.1431660850842794, -0.5064130399786114]], [[9.833333333333334], [-0.03209785247842471, 0.6141351740896417]], [[10.0], [-0.03209785247842471, 0.6141351740896417]], [[9.833333333333334], [-0.03209785247842471, 0.6141351740896417]], [[10.0], [-0.03209785247842471, 0.6141351740896417]], [[10.0], [-0.03209785247842471, 0.6141351740896417]]]}, "environment": "cartpole", "algorithm": "lambda", "container": "novelty_archiving", "arguments": {"cross_method": "uniform", "l": 20, "m": 30, "mr": 0.07, "cr": 1.0, "mutation_sigma": 1.5, "archiving_period": 5, "archive_batch": 5, "cross_uni": 0.4, "ng": 20}}