{"fitness": {"103": [[[297.3333333333333], [0.5023586750030518, 0.38021032890064294]], [[147.33333333333334], [0.1687044401963552, -0.5202778218465559]], [[9.166666666666666], [0.0339663897951444, -0.5452829328450289]], [[100.83333333333333], [0.25979064404964447, -0.5332627935272655]], [[297.3333333333333], [0.5023586750030518, 0.38021032890064294]], [[100.83333333333333], [0.25979064404964447, -0.5332627935272655]], [[100.83333333333333], [0.25979064404964447, -0.5332627935272655]], [[100.83333333333333], [0.25979064404964447, -0.5332627935272655]], [[100.83333333333333], [0.25979064404964447, -0.5332627935272655]], [[100.83333333333333], [0.25979064404964447, -0.5332627935272655]], [[9.333333333333334], [0.0339663897951444, -0.5452829328450289]], [[34.333333333333336], [0.021172667232652508, -0.543481389586435]], [[47.833333333333336], [0.04496338156362375, -0.5504327456346539]], [[100.83333333333333], [0.25979064404964447, -0.5332627935272655]], [[42.0], [0.014564994101723036, -0.5078947786509135]], [[95.33333333333333], [0.09804295996824901, 0.5012800533805738]], [[100.83333333333333], [0.25979064404964447, -0.5332627935272655]], [[24.166666666666668], [0.030341160794099174, -0.5330380997018951]], [[47.833333333333336], [0.04496338156362375, -0.5504327456346539]], [[24.166666666666668], [0.030341160794099174, -0.5330380997018951]], [[42.0], [0.014564994101723036, -0.5078947786509135]], [[100.83333333333333], [0.25979064404964447, -0.5332627935272655]], [[100.83333333333333], [0.25979064404964447, -0.5332627935272655]], [[100.83333333333333], [0.25979064404964447, -0.5332627935272655]], [[47.833333333333336], [0.04496338156362375, -0.5504327456346539]]], "101": [[[99.66666666666667], [-0.15795404712359112, -0.5028274213298086]], [[99.66666666666667], [-0.15795404712359112, -0.5028274213298086]], [[99.66666666666667], [-0.15795404712359112, -0.5028274213298086]], [[99.66666666666667], [-0.15795404712359112, -0.5028274213298086]], [[99.66666666666667], [-0.15795404712359112, -0.5028274213298086]], [[9.666666666666666], [0.0339663897951444, -0.5452829328450289]], [[9.166666666666666], [0.0339663897951444, -0.5452829328450289]], [[99.66666666666667], [-0.15795404712359112, -0.5028274213298086]], [[99.66666666666667], [-0.15795404712359112, -0.5028274213298086]], [[99.66666666666667], [-0.15795404712359112, -0.5028274213298086]], [[99.66666666666667], [-0.15795404712359112, -0.5028274213298086]], [[99.66666666666667], [-0.15795404712359112, -0.5028274213298086]], [[99.66666666666667], [-0.15795404712359112, -0.5028274213298086]], [[9.833333333333334], [0.0339663897951444, -0.5452829328450289]], [[10.0], [0.0339663897951444, -0.5452829328450289]], [[99.66666666666667], [-0.15795404712359112, -0.5028274213298086]], [[99.66666666666667], [-0.15795404712359112, -0.5028274213298086]], [[99.66666666666667], [-0.15795404712359112, -0.5028274213298086]], [[99.66666666666667], [-0.15795404712359112, -0.5028274213298086]], [[99.66666666666667], [-0.15795404712359112, -0.5028274213298086]], [[9.333333333333334], [0.0323425109187762, -0.517564562804391]], [[99.66666666666667], [-0.15795404712359112, -0.5028274213298086]], [[99.66666666666667], [-0.15795404712359112, -0.5028274213298086]], [[99.66666666666667], [-0.15795404712359112, -0.5028274213298086]], [[99.66666666666667], [-0.15795404712359112, -0.5028274213298086]]], "102": [[[9.666666666666666], [-0.03209785247842471, 0.6141351740896417]], [[9.666666666666666], [-0.03209785247842471, 0.6141351740896417]], [[9.666666666666666], [-0.03209785247842471, 0.6141351740896417]], [[9.666666666666666], [-0.03209785247842471, 0.6141351740896417]], [[9.666666666666666], [-0.03209785247842471, 0.6141351740896417]], [[58.166666666666664], [-0.14668359110752743, 0.5608144701953139]], [[9.666666666666666], [-0.03209785247842471, 0.6141351740896417]], [[9.666666666666666], [-0.03209785247842471, 0.6141351740896417]], [[9.666666666666666], [-0.03209785247842471, 0.6141351740896417]], [[9.166666666666666], [-0.03209785247842471, 0.6141351740896417]], [[9.666666666666666], [-0.03209785247842471, 0.6141351740896417]], [[9.666666666666666], [-0.03209785247842471, 0.6141351740896417]], [[9.666666666666666], [0.0339663897951444, -0.5452829328450289]], [[134.0], [-0.10579785952965419, -0.5184871514448138]], [[9.666666666666666], [-0.03209785247842471, 0.6141351740896417]], [[112.66666666666667], [0.052165991316239044, -0.5369198878416034]], [[112.0], [0.0791876328488191, 0.5263014558399693]], [[9.666666666666666], [-0.03209785247842471, 0.6141351740896417]], [[9.666666666666666], [-0.03209785247842471, 0.6141351740896417]], [[9.666666666666666], [-0.03209785247842471, 0.6141351740896417]], [[9.666666666666666], [-0.03209785247842471, 0.6141351740896417]], [[9.833333333333334], [0.0339663897951444, -0.5452829328450289]], [[9.666666666666666], [-0.03209785247842471, 0.6141351740896417]], [[9.666666666666666], [-0.03209785247842471, 0.6141351740896417]], [[9.666666666666666], [-0.03209785247842471, 0.6141351740896417]]]}, "environment": "cartpole", "algorithm": "lambda", "container": "novelty_archiving", "arguments": {"cross_method": "uniform", "l": 25, "m": 40, "mr": 0.020000000000000004, "cr": 0.9, "mutation_sigma": 1.5, "archiving_period": 5, "archive_batch": 5, "cross_uni": 0.4, "ng": 20}}