{"fitness": {"101": [[[13.333333333333334], [0.03206830471754074, -0.5526125217168525]], [[148.16666666666666], [-0.5080279211203258, -0.4739185625856573]], [[148.16666666666666], [-0.5080279211203258, -0.4739185625856573]], [[148.16666666666666], [-0.5080279211203258, -0.4739185625856573]], [[148.16666666666666], [-0.5080279211203258, -0.4739185625856573]], [[148.16666666666666], [-0.5080279211203258, -0.4739185625856573]], [[13.333333333333334], [0.03206830471754074, -0.5526125217168525]], [[9.833333333333334], [0.0339663897951444, -0.5452829328450289]], [[13.333333333333334], [0.03206830471754074, -0.5526125217168525]], [[148.16666666666666], [-0.5080279211203258, -0.4739185625856573]], [[13.333333333333334], [0.03206830471754074, -0.5526125217168525]], [[13.333333333333334], [0.03206830471754074, -0.5526125217168525]], [[69.5], [0.07738986363013586, -0.5392381591659984]], [[186.66666666666666], [0.38831770420074463, 0.517790575632068]], [[9.666666666666666], [0.0339663897951444, -0.5452829328450289]], [[186.66666666666666], [0.38831770420074463, 0.517790575632068]], [[148.16666666666666], [-0.5080279211203258, -0.4739185625856573]], [[148.16666666666666], [-0.5080279211203258, -0.4739185625856573]], [[148.16666666666666], [-0.5080279211203258, -0.4739185625856573]], [[148.16666666666666], [-0.5080279211203258, -0.4739185625856573]], [[148.16666666666666], [-0.5080279211203258, -0.4739185625856573]], [[9.666666666666666], [0.0339663897951444, -0.5452829328450289]], [[10.5], [0.0323425109187762, -0.517564562804391]], [[148.16666666666666], [-0.5080279211203258, -0.4739185625856573]], [[148.16666666666666], [-0.5080279211203258, -0.4739185625856573]]], "102": [[[9.166666666666666], [-0.03209785247842471, 0.6141351740896417]], [[9.166666666666666], [-0.03209785247842471, 0.6141351740896417]], [[9.166666666666666], [-0.03209785247842471, 0.6141351740896417]], [[137.83333333333334], [-0.13427508374055228, 0.5017288706519387]], [[9.166666666666666], [-0.03209785247842471, 0.6141351740896417]], [[9.166666666666666], [-0.03209785247842471, 0.6141351740896417]], [[9.166666666666666], [-0.03209785247842471, 0.6141351740896417]], [[9.166666666666666], [-0.03209785247842471, 0.6141351740896417]], [[9.166666666666666], [-0.03209785247842471, 0.6141351740896417]], [[9.166666666666666], [-0.03209785247842471, 0.6141351740896417]], [[9.166666666666666], [-0.03209785247842471, 0.6141351740896417]], [[9.166666666666666], [-0.03209785247842471, 0.6141351740896417]], [[9.166666666666666], [-0.03209785247842471, 0.6141351740896417]], [[9.166666666666666], [-0.03209785247842471, 0.6141351740896417]], [[9.166666666666666], [-0.03209785247842471, 0.6141351740896417]], [[9.166666666666666], [-0.03209785247842471, 0.6141351740896417]], [[9.166666666666666], [-0.03209785247842471, 0.6141351740896417]], [[9.166666666666666], [-0.03209785247842471, 0.6141351740896417]], [[9.166666666666666], [-0.03209785247842471, 0.6141351740896417]], [[9.166666666666666], [-0.03209785247842471, 0.6141351740896417]], [[9.166666666666666], [-0.03209785247842471, 0.6141351740896417]], [[9.166666666666666], [-0.03209785247842471, 0.6141351740896417]], [[9.166666666666666], [-0.03209785247842471, 0.6141351740896417]], [[9.166666666666666], [-0.03209785247842471, 0.6141351740896417]], [[9.666666666666666], [0.0339663897951444, -0.5452829328450289]]], "103": [[[52.333333333333336], [-0.01185103397195538, -0.5092613719867177]], [[9.5], [0.0339663897951444, -0.5452829328450289]], [[350.6666666666667], [-0.5036537349224091, -0.21883741948022797]], [[97.16666666666667], [-0.2014697591463725, 0.5168127314896105]], [[350.6666666666667], [-0.5036537349224091, -0.21883741948022797]], [[82.66666666666667], [0.0779461053510507, 0.5241823895125869]], [[82.66666666666667], [0.0779461053510507, 0.5241823895125869]], [[42.0], [0.08814779420693716, -0.5675949976204685]], [[50.666666666666664], [-0.014035735900203388, -0.5063202820326153]], [[9.166666666666666], [-0.03209785247842471, 0.6141351740896417]], [[322.3333333333333], [0.5046329398949941, 0.43650998168014454]], [[23.333333333333332], [-0.046799927949905396, 0.5434553660274123]], [[350.6666666666667], [-0.5036537349224091, -0.21883741948022797]], [[23.333333333333332], [-0.046799927949905396, 0.5434553660274123]], [[10.166666666666666], [-0.03209785247842471, 0.6141351740896417]], [[350.6666666666667], [-0.5036537349224091, -0.21883741948022797]], [[203.33333333333334], [-0.12723573793967566, -0.5214876321514258]], [[350.6666666666667], [-0.5036537349224091, -0.21883741948022797]], [[114.16666666666667], [-0.1138603687286377, -0.5132518173975238]], [[10.166666666666666], [-0.03209785247842471, 0.6141351740896417]], [[82.66666666666667], [0.0779461053510507, 0.5241823895125869]], [[350.6666666666667], [-0.5036537349224091, -0.21883741948022797]], [[23.333333333333332], [-0.046799927949905396, 0.5434553660274123]], [[350.6666666666667], [-0.5036537349224091, -0.21883741948022797]], [[350.6666666666667], [-0.5036537349224091, -0.21883741948022797]]]}, "environment": "cartpole", "algorithm": "lambda", "container": "novelty_archiving", "arguments": {"cross_method": "uniform", "l": 25, "m": 35, "mr": 0.12000000000000001, "cr": 0.9, "mutation_sigma": 1.5, "archiving_period": 5, "archive_batch": 5, "cross_uni": 0.4, "ng": 20}}