{"fitness": {"102": [[[9.833333333333334], [-0.03209785247842471, 0.6141351740896417]], [[9.833333333333334], [-0.03209785247842471, 0.6141351740896417]], [[9.833333333333334], [-0.03209785247842471, 0.6141351740896417]], [[9.833333333333334], [-0.03209785247842471, 0.6141351740896417]], [[9.833333333333334], [-0.03209785247842471, 0.6141351740896417]], [[9.833333333333334], [-0.03209785247842471, 0.6141351740896417]], [[9.833333333333334], [-0.03209785247842471, 0.6141351740896417]], [[9.666666666666666], [0.0339663897951444, -0.5452829328450289]], [[9.833333333333334], [-0.03209785247842471, 0.6141351740896417]], [[10.166666666666666], [-0.03209785247842471, 0.6141351740896417]], [[9.833333333333334], [-0.03209785247842471, 0.6141351740896417]], [[9.833333333333334], [-0.03209785247842471, 0.6141351740896417]], [[9.833333333333334], [-0.03209785247842471, 0.6141351740896417]], [[9.833333333333334], [-0.03209785247842471, 0.6141351740896417]], [[10.166666666666666], [-0.03209785247842471, 0.6141351740896417]], [[9.833333333333334], [-0.03209785247842471, 0.6141351740896417]], [[9.833333333333334], [-0.03209785247842471, 0.6141351740896417]], [[9.833333333333334], [-0.03209785247842471, 0.6141351740896417]], [[10.166666666666666], [-0.03209785247842471, 0.6141351740896417]], [[9.833333333333334], [-0.03209785247842471, 0.6141351740896417]], [[9.833333333333334], [-0.03209785247842471, 0.6141351740896417]], [[9.833333333333334], [-0.03209785247842471, 0.6141351740896417]], [[9.666666666666666], [0.0339663897951444, -0.5452829328450289]], [[9.166666666666666], [-0.03209785247842471, 0.6141351740896417]], [[9.833333333333334], [-0.03209785247842471, 0.6141351740896417]]], "103": [[[245.0], [0.49675241112709045, 0.5078539965255409]], [[37.833333333333336], [0.014564994101723036, -0.5078947786509135]], [[37.166666666666664], [0.01618772279471159, -0.5355453804919594]], [[56.5], [-0.005219598921636741, -0.5160160540964045]], [[37.833333333333336], [0.014564994101723036, -0.5078947786509135]], [[245.0], [0.49675241112709045, 0.5078539965255409]], [[37.833333333333336], [0.014564994101723036, -0.5078947786509135]], [[37.833333333333336], [0.014564994101723036, -0.5078947786509135]], [[245.0], [0.49675241112709045, 0.5078539965255409]], [[37.833333333333336], [0.014564994101723036, -0.5078947786509135]], [[245.0], [0.49675241112709045, 0.5078539965255409]], [[37.166666666666664], [0.01618772279471159, -0.5355453804919594]], [[37.833333333333336], [0.014564994101723036, -0.5078947786509135]], [[37.833333333333336], [0.014564994101723036, -0.5078947786509135]], [[245.0], [0.49675241112709045, 0.5078539965255409]], [[37.166666666666664], [0.01618772279471159, -0.5355453804919594]], [[9.166666666666666], [-0.03209785247842471, 0.6141351740896417]], [[9.0], [0.0339663897951444, -0.5452829328450289]], [[37.166666666666664], [0.01618772279471159, -0.5355453804919594]], [[37.833333333333336], [0.014564994101723036, -0.5078947786509135]], [[37.833333333333336], [0.014564994101723036, -0.5078947786509135]], [[37.833333333333336], [0.014564994101723036, -0.5078947786509135]], [[56.5], [-0.005219598921636741, -0.5160160540964045]], [[37.833333333333336], [0.014564994101723036, -0.5078947786509135]], [[37.833333333333336], [0.014564994101723036, -0.5078947786509135]]], "101": [[[17.666666666666668], [-0.02512836518387, 0.5063154338079207]], [[17.666666666666668], [-0.02512836518387, 0.5063154338079207]], [[17.666666666666668], [-0.02512836518387, 0.5063154338079207]], [[17.666666666666668], [-0.02512836518387, 0.5063154338079207]], [[17.666666666666668], [-0.02512836518387, 0.5063154338079207]], [[17.666666666666668], [-0.02512836518387, 0.5063154338079207]], [[17.666666666666668], [-0.02512836518387, 0.5063154338079207]], [[99.66666666666667], [-0.15795404712359112, -0.5028274213298086]], [[17.666666666666668], [-0.02512836518387, 0.5063154338079207]], [[17.666666666666668], [-0.02512836518387, 0.5063154338079207]], [[17.666666666666668], [-0.02512836518387, 0.5063154338079207]], [[37.5], [0.01618772279471159, -0.5355453804919594]], [[17.666666666666668], [-0.02512836518387, 0.5063154338079207]], [[17.666666666666668], [-0.02512836518387, 0.5063154338079207]], [[17.666666666666668], [-0.02512836518387, 0.5063154338079207]], [[17.666666666666668], [-0.02512836518387, 0.5063154338079207]], [[17.666666666666668], [-0.02512836518387, 0.5063154338079207]], [[17.666666666666668], [-0.02512836518387, 0.5063154338079207]], [[17.666666666666668], [-0.02512836518387, 0.5063154338079207]], [[17.666666666666668], [-0.02512836518387, 0.5063154338079207]], [[17.666666666666668], [-0.02512836518387, 0.5063154338079207]], [[17.666666666666668], [-0.02512836518387, 0.5063154338079207]], [[17.666666666666668], [-0.02512836518387, 0.5063154338079207]], [[9.166666666666666], [0.0339663897951444, -0.5452829328450289]], [[17.666666666666668], [-0.02512836518387, 0.5063154338079207]]]}, "environment": "cartpole", "algorithm": "lambda", "container": "novelty_archiving", "arguments": {"cross_method": "uniform", "l": 25, "m": 35, "mr": 0.020000000000000004, "cr": 0.8, "mutation_sigma": 1.5, "archiving_period": 5, "archive_batch": 5, "cross_uni": 0.4, "ng": 20}}