{"103": [[[500.0], [0.062053731332222625, 0.014214036745603006]], [[500.0], [0.062053731332222625, 0.014214036745603006]], [[500.0], [0.062053731332222625, 0.014214036745603006]], [[500.0], [0.062053731332222625, 0.014214036745603006]], [[500.0], [-0.0030785952306663, 0.006139724020752611]], [[500.0], [0.062053731332222625, 0.014214036745603006]], [[500.0], [0.062053731332222625, 0.014214036745603006]], [[500.0], [0.062053731332222625, 0.014214036745603006]], [[500.0], [0.062053731332222625, 0.014214036745603006]], [[500.0], [0.062053731332222625, 0.014214036745603006]], [[500.0], [0.062053731332222625, 0.014214036745603006]], [[500.0], [0.062053731332222625, 0.014214036745603006]], [[500.0], [0.062053731332222625, 0.014214036745603006]], [[500.0], [0.062053731332222625, 0.014214036745603006]], [[500.0], [0.062053731332222625, 0.014214036745603006]], [[500.0], [0.062053731332222625, 0.014214036745603006]], [[500.0], [0.062053731332222625, 0.014214036745603006]], [[500.0], [0.062053731332222625, 0.014214036745603006]], [[500.0], [0.062053731332222625, 0.014214036745603006]], [[500.0], [0.062053731332222625, 0.014214036745603006]], [[500.0], [-0.0030785952306663, 0.006139724020752611]], [[500.0], [0.062053731332222625, 0.014214036745603006]], [[500.0], [0.062053731332222625, 0.014214036745603006]], [[500.0], [0.062053731332222625, 0.014214036745603006]], [[500.0], [0.062053731332222625, 0.014214036745603006]], [[500.0], [0.062053731332222625, 0.014214036745603006]], [[500.0], [0.062053731332222625, 0.014214036745603006]], [[500.0], [0.062053731332222625, 0.014214036745603006]], [[500.0], [-0.0030785952306663, 0.006139724020752611]], [[500.0], [0.062053731332222625, 0.014214036745603006]], [[500.0], [0.062053731332222625, 0.014214036745603006]], [[500.0], [0.062053731332222625, 0.014214036745603006]], [[500.0], [0.062053731332222625, 0.014214036745603006]], [[500.0], [0.062053731332222625, 0.014214036745603006]], [[500.0], [0.062053731332222625, 0.014214036745603006]], [[500.0], [0.062053731332222625, 0.014214036745603006]], [[500.0], [0.062053731332222625, 0.014214036745603006]], [[500.0], [0.062053731332222625, 0.014214036745603006]], [[500.0], [0.062053731332222625, 0.014214036745603006]], [[500.0], [0.062053731332222625, 0.014214036745603006]]], "101": [[[436.3333333333333], [-0.08941282828648886, -0.005689365499648466]], [[436.3333333333333], [-0.08941282828648886, -0.005689365499648466]], [[436.3333333333333], [-0.08941282828648886, -0.005689365499648466]], [[436.3333333333333], [-0.08941282828648886, -0.005689365499648466]], [[436.3333333333333], [-0.08941282828648886, -0.005689365499648466]], [[436.3333333333333], [-0.08941282828648886, -0.005689365499648466]], [[436.3333333333333], [-0.08941282828648886, -0.005689365499648466]], [[436.3333333333333], [-0.08941282828648886, -0.005689365499648466]], [[436.3333333333333], [-0.08941282828648886, -0.005689365499648466]], [[436.3333333333333], [-0.08941282828648886, -0.005689365499648466]], [[436.3333333333333], [-0.08941282828648886, -0.005689365499648466]], [[436.3333333333333], [-0.08941282828648886, -0.005689365499648466]], [[436.3333333333333], [-0.08941282828648886, -0.005689365499648466]], [[436.3333333333333], [-0.08941282828648886, -0.005689365499648466]], [[436.3333333333333], [-0.08941282828648886, -0.005689365499648466]], [[436.3333333333333], [-0.08941282828648886, -0.005689365499648466]], [[436.3333333333333], [-0.08941282828648886, -0.005689365499648466]], [[436.3333333333333], [-0.08941282828648886, -0.005689365499648466]], [[436.3333333333333], [-0.08941282828648886, -0.005689365499648466]], [[436.3333333333333], [-0.08941282828648886, -0.005689365499648466]], [[436.3333333333333], [-0.08941282828648886, -0.005689365499648466]], [[436.3333333333333], [-0.08941282828648886, -0.005689365499648466]], [[436.3333333333333], [-0.08941282828648886, -0.005689365499648466]], [[436.3333333333333], [-0.08941282828648886, -0.005689365499648466]], [[436.3333333333333], [-0.08941282828648886, -0.005689365499648466]], [[436.3333333333333], [-0.08941282828648886, -0.005689365499648466]], [[436.3333333333333], [-0.08941282828648886, -0.005689365499648466]], [[436.3333333333333], [-0.08941282828648886, -0.005689365499648466]], [[436.3333333333333], [-0.08941282828648886, -0.005689365499648466]], [[436.3333333333333], [-0.08941282828648886, -0.005689365499648466]], [[436.3333333333333], [-0.08941282828648886, -0.005689365499648466]], [[436.3333333333333], [-0.08941282828648886, -0.005689365499648466]], [[436.3333333333333], [-0.08941282828648886, -0.005689365499648466]], [[436.3333333333333], [-0.08941282828648886, -0.005689365499648466]], [[436.3333333333333], [-0.08941282828648886, -0.005689365499648466]], [[436.3333333333333], [-0.08941282828648886, -0.005689365499648466]], [[436.3333333333333], [-0.08941282828648886, -0.005689365499648466]], [[436.3333333333333], [-0.08941282828648886, -0.005689365499648466]], [[436.3333333333333], [-0.08941282828648886, -0.005689365499648466]], [[436.3333333333333], [-0.08941282828648886, -0.005689365499648466]]], "102": [[[500.0], [-0.006119559208552043, 0.008679851755927625]], [[500.0], [-0.006119559208552043, 0.008679851755927625]], [[500.0], [-0.006119559208552043, 0.008679851755927625]], [[500.0], [-0.006119559208552043, 0.008679851755927625]], [[500.0], [-0.006119559208552043, 0.008679851755927625]], [[500.0], [-0.006119559208552043, 0.008679851755927625]], [[500.0], [-0.006119559208552043, 0.008679851755927625]], [[500.0], [-0.006119559208552043, 0.008679851755927625]], [[500.0], [-0.006119559208552043, 0.008679851755927625]], [[500.0], [-0.006119559208552043, 0.008679851755927625]], [[500.0], [-0.006119559208552043, 0.008679851755927625]], [[500.0], [-0.006119559208552043, 0.008679851755927625]], [[500.0], [-0.006119559208552043, 0.008679851755927625]], [[500.0], [-0.006119559208552043, 0.008679851755927625]], [[500.0], [-0.006119559208552043, 0.008679851755927625]], [[500.0], [-0.006119559208552043, 0.008679851755927625]], [[500.0], [-0.006119559208552043, 0.008679851755927625]], [[500.0], [-0.006119559208552043, 0.008679851755927625]], [[500.0], [-0.006119559208552043, 0.008679851755927625]], [[500.0], [-0.006119559208552043, 0.008679851755927625]], [[500.0], [-0.006119559208552043, 0.008679851755927625]], [[500.0], [-0.006119559208552043, 0.008679851755927625]], [[500.0], [-0.006119559208552043, 0.008679851755927625]], [[500.0], [-0.006119559208552043, 0.008679851755927625]], [[500.0], [-0.006119559208552043, 0.008679851755927625]], [[500.0], [-0.006119559208552043, 0.008679851755927625]], [[500.0], [-0.006119559208552043, 0.008679851755927625]], [[500.0], [-0.006119559208552043, 0.008679851755927625]], [[500.0], [-0.006119559208552043, 0.008679851755927625]], [[500.0], [-0.006119559208552043, 0.008679851755927625]], [[500.0], [-0.006119559208552043, 0.008679851755927625]], [[500.0], [-0.006119559208552043, 0.008679851755927625]], [[500.0], [-0.006119559208552043, 0.008679851755927625]], [[500.0], [-0.006119559208552043, 0.008679851755927625]], [[500.0], [-0.006119559208552043, 0.008679851755927625]], [[500.0], [-0.006119559208552043, 0.008679851755927625]], [[500.0], [-0.006119559208552043, 0.008679851755927625]], [[500.0], [-0.006119559208552043, 0.008679851755927625]], [[500.0], [-0.006119559208552043, 0.008679851755927625]], [[500.0], [-0.006119559208552043, 0.008679851755927625]]]}