{"103": [[[500.0], [-0.037921881303191185, 0.0030559846356012035]], [[500.0], [-0.037921881303191185, 0.0030559846356012035]], [[500.0], [-0.037921881303191185, 0.0030559846356012035]], [[500.0], [-0.037921881303191185, 0.0030559846356012035]], [[500.0], [-0.037921881303191185, 0.0030559846356012035]], [[500.0], [-0.037921881303191185, 0.0030559846356012035]], [[500.0], [-0.037921881303191185, 0.0030559846356012035]], [[500.0], [-0.037921881303191185, 0.0030559846356012035]], [[500.0], [-0.037921881303191185, 0.0030559846356012035]], [[500.0], [-0.037921881303191185, 0.0030559846356012035]], [[500.0], [-0.025825975462794304, 0.010087392092392776]], [[500.0], [-0.037921881303191185, 0.0030559846356012035]], [[500.0], [-0.037921881303191185, 0.0030559846356012035]], [[500.0], [-0.037921881303191185, 0.0030559846356012035]], [[500.0], [-0.037921881303191185, 0.0030559846356012035]], [[500.0], [-0.037921881303191185, 0.0030559846356012035]], [[500.0], [-0.037921881303191185, 0.0030559846356012035]], [[500.0], [-0.037921881303191185, 0.0030559846356012035]], [[500.0], [-0.037921881303191185, 0.0030559846356012035]], [[500.0], [-0.037921881303191185, 0.0030559846356012035]], [[500.0], [-0.037921881303191185, 0.0030559846356012035]], [[500.0], [-0.037921881303191185, 0.0030559846356012035]], [[500.0], [-0.037921881303191185, 0.0030559846356012035]], [[500.0], [-0.037921881303191185, 0.0030559846356012035]], [[500.0], [-0.037921881303191185, 0.0030559846356012035]], [[500.0], [-0.037921881303191185, 0.0030559846356012035]], [[500.0], [-0.037921881303191185, 0.0030559846356012035]], [[500.0], [-0.037921881303191185, 0.0030559846356012035]], [[500.0], [-0.037921881303191185, 0.0030559846356012035]], [[500.0], [-0.037921881303191185, 0.0030559846356012035]], [[500.0], [-0.037921881303191185, 0.0030559846356012035]], [[500.0], [-0.037921881303191185, 0.0030559846356012035]], [[500.0], [-0.037921881303191185, 0.0030559846356012035]], [[500.0], [-0.037921881303191185, 0.0030559846356012035]], [[500.0], [-0.037921881303191185, 0.0030559846356012035]], [[500.0], [-0.037921881303191185, 0.0030559846356012035]], [[500.0], [-0.037921881303191185, 0.0030559846356012035]], [[500.0], [-0.037921881303191185, 0.0030559846356012035]], [[500.0], [-0.037921881303191185, 0.0030559846356012035]], [[500.0], [-0.037921881303191185, 0.0030559846356012035]]], "101": [[[500.0], [0.09904177238543829, -0.1420416294387653]], [[500.0], [0.09904177238543829, -0.1420416294387653]], [[500.0], [0.09904177238543829, -0.1420416294387653]], [[500.0], [0.09904177238543829, -0.1420416294387653]], [[500.0], [0.09904177238543829, -0.1420416294387653]], [[500.0], [0.09904177238543829, -0.1420416294387653]], [[500.0], [0.09904177238543829, -0.1420416294387653]], [[500.0], [0.09904177238543829, -0.1420416294387653]], [[500.0], [0.09904177238543829, -0.1420416294387653]], [[500.0], [0.09904177238543829, -0.1420416294387653]], [[500.0], [0.09904177238543829, -0.1420416294387653]], [[500.0], [0.09904177238543829, -0.1420416294387653]], [[500.0], [0.09904177238543829, -0.1420416294387653]], [[500.0], [0.09904177238543829, -0.1420416294387653]], [[500.0], [0.09904177238543829, -0.1420416294387653]], [[500.0], [0.09904177238543829, -0.1420416294387653]], [[500.0], [0.09904177238543829, -0.1420416294387653]], [[500.0], [0.09904177238543829, -0.1420416294387653]], [[500.0], [0.09904177238543829, -0.1420416294387653]], [[500.0], [0.09904177238543829, -0.1420416294387653]], [[500.0], [0.09904177238543829, -0.1420416294387653]], [[500.0], [0.09904177238543829, -0.1420416294387653]], [[500.0], [0.09904177238543829, -0.1420416294387653]], [[500.0], [0.09904177238543829, -0.1420416294387653]], [[500.0], [0.09904177238543829, -0.1420416294387653]], [[500.0], [0.09904177238543829, -0.1420416294387653]], [[500.0], [0.09904177238543829, -0.1420416294387653]], [[500.0], [0.09904177238543829, -0.1420416294387653]], [[500.0], [0.09904177238543829, -0.1420416294387653]], [[500.0], [0.09904177238543829, -0.1420416294387653]], [[500.0], [0.09904177238543829, -0.1420416294387653]], [[500.0], [0.09904177238543829, -0.1420416294387653]], [[500.0], [0.09904177238543829, -0.1420416294387653]], [[500.0], [0.09904177238543829, -0.1420416294387653]], [[500.0], [0.09904177238543829, -0.1420416294387653]], [[500.0], [0.09904177238543829, -0.1420416294387653]], [[500.0], [0.09904177238543829, -0.1420416294387653]], [[500.0], [0.09904177238543829, -0.1420416294387653]], [[500.0], [0.09904177238543829, -0.1420416294387653]], [[500.0], [0.09904177238543829, -0.1420416294387653]]], "102": [[[500.0], [-0.02275768667459488, 0.0006137655281492968]], [[500.0], [-0.048536437874039016, 0.004680213990786144]], [[500.0], [-0.02275768667459488, 0.0006137655281492968]], [[500.0], [-0.02275768667459488, 0.0006137655281492968]], [[500.0], [-0.02275768667459488, 0.0006137655281492968]], [[500.0], [-0.048536437874039016, 0.004680213990786144]], [[500.0], [-0.02275768667459488, 0.0006137655281492968]], [[500.0], [-0.02275768667459488, 0.0006137655281492968]], [[500.0], [-0.02275768667459488, 0.0006137655281492968]], [[500.0], [-0.02275768667459488, 0.0006137655281492968]], [[500.0], [-0.048536437874039016, 0.004680213990786144]], [[500.0], [-0.048536437874039016, 0.004680213990786144]], [[500.0], [-0.02275768667459488, 0.0006137655281492968]], [[495.5], [-0.027320335308710735, 0.00474787524424529]], [[500.0], [-0.02275768667459488, 0.0006137655281492968]], [[500.0], [-0.02275768667459488, 0.0006137655281492968]], [[500.0], [-0.02275768667459488, 0.0006137655281492968]], [[500.0], [-0.02275768667459488, 0.0006137655281492968]], [[500.0], [-0.048536437874039016, 0.004680213990786144]], [[500.0], [-0.048536437874039016, 0.004680213990786144]], [[500.0], [-0.02275768667459488, 0.0006137655281492968]], [[500.0], [-0.02275768667459488, 0.0006137655281492968]], [[500.0], [-0.02275768667459488, 0.0006137655281492968]], [[500.0], [-0.02275768667459488, 0.0006137655281492968]], [[500.0], [-0.02275768667459488, 0.0006137655281492968]], [[500.0], [-0.048536437874039016, 0.004680213990786144]], [[500.0], [-0.048536437874039016, 0.004680213990786144]], [[500.0], [-0.048536437874039016, 0.004680213990786144]], [[500.0], [-0.048536437874039016, 0.004680213990786144]], [[500.0], [-0.048536437874039016, 0.004680213990786144]], [[500.0], [-0.048536437874039016, 0.004680213990786144]], [[500.0], [-0.02275768667459488, 0.0006137655281492968]], [[500.0], [-0.048536437874039016, 0.004680213990786144]], [[500.0], [-0.048536437874039016, 0.004680213990786144]], [[500.0], [-0.02275768667459488, 0.0006137655281492968]], [[500.0], [-0.02275768667459488, 0.0006137655281492968]], [[500.0], [-0.048536437874039016, 0.004680213990786144]], [[500.0], [-0.048536437874039016, 0.004680213990786144]], [[500.0], [-0.02275768667459488, 0.0006137655281492968]], [[500.0], [-0.048536437874039016, 0.004680213990786144]]]}