{"103": [[[497.8333333333333], [0.0500212237238884, -0.008961180242839043]], [[497.8333333333333], [0.0500212237238884, -0.008961180242839043]], [[497.8333333333333], [0.0500212237238884, -0.008961180242839043]], [[497.8333333333333], [0.0500212237238884, -0.008961180242839043]], [[497.8333333333333], [0.0500212237238884, -0.008961180242839043]], [[497.8333333333333], [0.0500212237238884, -0.008961180242839043]], [[497.8333333333333], [0.0500212237238884, -0.008961180242839043]], [[497.8333333333333], [0.0500212237238884, -0.008961180242839043]], [[497.8333333333333], [0.0500212237238884, -0.008961180242839043]], [[497.8333333333333], [0.0500212237238884, -0.008961180242839043]], [[497.8333333333333], [0.0500212237238884, -0.008961180242839043]], [[497.8333333333333], [0.0500212237238884, -0.008961180242839043]], [[497.8333333333333], [0.0500212237238884, -0.008961180242839043]], [[497.8333333333333], [0.0500212237238884, -0.008961180242839043]], [[497.8333333333333], [0.0500212237238884, -0.008961180242839043]], [[497.8333333333333], [0.0500212237238884, -0.008961180242839043]], [[497.8333333333333], [0.0500212237238884, -0.008961180242839043]], [[497.8333333333333], [0.0500212237238884, -0.008961180242839043]], [[497.8333333333333], [0.0500212237238884, -0.008961180242839043]], [[497.8333333333333], [0.0500212237238884, -0.008961180242839043]], [[497.8333333333333], [0.0500212237238884, -0.008961180242839043]], [[497.8333333333333], [0.0500212237238884, -0.008961180242839043]], [[497.8333333333333], [0.0500212237238884, -0.008961180242839043]], [[497.8333333333333], [0.0500212237238884, -0.008961180242839043]], [[497.8333333333333], [0.0500212237238884, -0.008961180242839043]], [[497.8333333333333], [0.0500212237238884, -0.008961180242839043]], [[497.8333333333333], [0.0500212237238884, -0.008961180242839043]], [[497.8333333333333], [0.0500212237238884, -0.008961180242839043]], [[497.8333333333333], [0.0500212237238884, -0.008961180242839043]], [[497.8333333333333], [0.0500212237238884, -0.008961180242839043]]], "102": [[[500.0], [-0.02274193490544955, -0.0033800389381508796]], [[500.0], [-0.02274193490544955, -0.0033800389381508796]], [[500.0], [-0.02274193490544955, -0.0033800389381508796]], [[500.0], [-0.02274193490544955, -0.0033800389381508796]], [[500.0], [-0.02274193490544955, -0.0033800389381508796]], [[500.0], [-0.02274193490544955, -0.0033800389381508796]], [[500.0], [-0.02274193490544955, -0.0033800389381508796]], [[500.0], [-0.02274193490544955, -0.0033800389381508796]], [[500.0], [-0.02274193490544955, -0.0033800389381508796]], [[500.0], [-0.02274193490544955, -0.0033800389381508796]], [[500.0], [-0.02274193490544955, -0.0033800389381508796]], [[500.0], [-0.02274193490544955, -0.0033800389381508796]], [[145.5], [-0.11693590631087622, -0.5150487619724]], [[500.0], [-0.02274193490544955, -0.0033800389381508796]], [[500.0], [-0.02274193490544955, -0.0033800389381508796]], [[500.0], [-0.02274193490544955, -0.0033800389381508796]], [[500.0], [-0.02274193490544955, -0.0033800389381508796]], [[500.0], [-0.02274193490544955, -0.0033800389381508796]], [[500.0], [-0.02274193490544955, -0.0033800389381508796]], [[500.0], [-0.02274193490544955, -0.0033800389381508796]], [[500.0], [-0.02274193490544955, -0.0033800389381508796]], [[500.0], [-0.02274193490544955, -0.0033800389381508796]], [[500.0], [-0.02274193490544955, -0.0033800389381508796]], [[500.0], [-0.02274193490544955, -0.0033800389381508796]], [[500.0], [-0.02274193490544955, -0.0033800389381508796]], [[500.0], [-0.02274193490544955, -0.0033800389381508796]], [[500.0], [-0.02274193490544955, -0.0033800389381508796]], [[500.0], [-0.02274193490544955, -0.0033800389381508796]], [[500.0], [-0.02274193490544955, -0.0033800389381508796]], [[500.0], [-0.02274193490544955, -0.0033800389381508796]]], "101": [[[500.0], [-0.003008766216225922, -0.011546527253882737]], [[500.0], [-0.003008766216225922, -0.011546527253882737]], [[500.0], [-0.003008766216225922, -0.011546527253882737]], [[500.0], [-0.003008766216225922, -0.011546527253882737]], [[500.0], [-0.003008766216225922, -0.011546527253882737]], [[500.0], [-0.003008766216225922, -0.011546527253882737]], [[500.0], [-0.003008766216225922, -0.011546527253882737]], [[500.0], [-0.003008766216225922, -0.011546527253882737]], [[500.0], [-0.003008766216225922, -0.011546527253882737]], [[500.0], [-0.003008766216225922, -0.011546527253882737]], [[500.0], [-0.003008766216225922, -0.011546527253882737]], [[500.0], [-0.003008766216225922, -0.011546527253882737]], [[500.0], [-0.003008766216225922, -0.011546527253882737]], [[500.0], [-0.003008766216225922, -0.011546527253882737]], [[500.0], [-0.003008766216225922, -0.011546527253882737]], [[500.0], [-0.003008766216225922, -0.011546527253882737]], [[500.0], [-0.003008766216225922, -0.011546527253882737]], [[500.0], [-0.003008766216225922, -0.011546527253882737]], [[500.0], [-0.003008766216225922, -0.011546527253882737]], [[500.0], [-0.003008766216225922, -0.011546527253882737]], [[500.0], [-0.003008766216225922, -0.011546527253882737]], [[500.0], [-0.003008766216225922, -0.011546527253882737]], [[500.0], [-0.003008766216225922, -0.011546527253882737]], [[500.0], [-0.003008766216225922, -0.011546527253882737]], [[500.0], [-0.003008766216225922, -0.011546527253882737]], [[500.0], [-0.003008766216225922, -0.011546527253882737]], [[500.0], [-0.003008766216225922, -0.011546527253882737]], [[500.0], [-0.003008766216225922, -0.011546527253882737]], [[500.0], [-0.003008766216225922, -0.011546527253882737]], [[500.0], [-0.003008766216225922, -0.011546527253882737]]]}