{"102": [[[159.33333333333334], [-0.42468895514806115, 0.5281213938334341]], [[436.1666666666667], [-0.2907518297433853, -0.0597296291561218]], [[436.1666666666667], [-0.2907518297433853, -0.0597296291561218]], [[436.1666666666667], [-0.2907518297433853, -0.0597296291561218]], [[436.1666666666667], [-0.2907518297433853, -0.0597296291561218]], [[436.1666666666667], [-0.2907518297433853, -0.0597296291561218]], [[436.1666666666667], [-0.2907518297433853, -0.0597296291561218]], [[436.1666666666667], [-0.2907518297433853, -0.0597296291561218]], [[436.1666666666667], [-0.2907518297433853, -0.0597296291561218]], [[436.1666666666667], [-0.2907518297433853, -0.0597296291561218]], [[436.1666666666667], [-0.2907518297433853, -0.0597296291561218]], [[436.1666666666667], [-0.2907518297433853, -0.0597296291561218]], [[436.1666666666667], [-0.2907518297433853, -0.0597296291561218]], [[436.1666666666667], [-0.2907518297433853, -0.0597296291561218]], [[436.1666666666667], [-0.2907518297433853, -0.0597296291561218]], [[436.1666666666667], [-0.2907518297433853, -0.0597296291561218]], [[436.1666666666667], [-0.2907518297433853, -0.0597296291561218]], [[436.1666666666667], [-0.2907518297433853, -0.0597296291561218]], [[436.1666666666667], [-0.2907518297433853, -0.0597296291561218]], [[436.1666666666667], [-0.2907518297433853, -0.0597296291561218]]], "103": [[[500.0], [-0.003029585350304842, -0.006331808744755944]], [[500.0], [-0.003029585350304842, -0.006331808744755944]], [[500.0], [-0.003029585350304842, -0.006331808744755944]], [[500.0], [-0.003029585350304842, -0.006331808744755944]], [[500.0], [-0.003029585350304842, -0.006331808744755944]], [[500.0], [-0.003029585350304842, -0.006331808744755944]], [[500.0], [-0.003029585350304842, -0.006331808744755944]], [[500.0], [-0.003029585350304842, -0.006331808744755944]], [[500.0], [-0.003029585350304842, -0.006331808744755944]], [[500.0], [-0.003029585350304842, -0.006331808744755944]], [[500.0], [-0.003029585350304842, -0.006331808744755944]], [[500.0], [-0.003029585350304842, -0.006331808744755944]], [[500.0], [-0.003029585350304842, -0.006331808744755944]], [[500.0], [-0.003029585350304842, -0.006331808744755944]], [[500.0], [-0.003029585350304842, -0.006331808744755944]], [[500.0], [-0.003029585350304842, -0.006331808744755944]], [[500.0], [-0.003029585350304842, -0.006331808744755944]], [[500.0], [-0.003029585350304842, -0.006331808744755944]], [[500.0], [-0.003029585350304842, -0.006331808744755944]], [[500.0], [-0.003029585350304842, -0.006331808744755944]]], "101": [[[360.0], [-0.14917285492022833, -0.22329431044998352]], [[360.0], [-0.14917285492022833, -0.22329431044998352]], [[360.0], [-0.14917285492022833, -0.22329431044998352]], [[360.0], [-0.14917285492022833, -0.22329431044998352]], [[360.0], [-0.14917285492022833, -0.22329431044998352]], [[360.0], [-0.14917285492022833, -0.22329431044998352]], [[360.0], [-0.14917285492022833, -0.22329431044998352]], [[360.0], [-0.14917285492022833, -0.22329431044998352]], [[360.0], [-0.14917285492022833, -0.22329431044998352]], [[360.0], [-0.14917285492022833, -0.22329431044998352]], [[360.0], [-0.14917285492022833, -0.22329431044998352]], [[360.0], [-0.14917285492022833, -0.22329431044998352]], [[360.0], [-0.14917285492022833, -0.22329431044998352]], [[360.0], [-0.14917285492022833, -0.22329431044998352]], [[360.0], [-0.14917285492022833, -0.22329431044998352]], [[360.0], [-0.14917285492022833, -0.22329431044998352]], [[360.0], [-0.14917285492022833, -0.22329431044998352]], [[360.0], [-0.14917285492022833, -0.22329431044998352]], [[360.0], [-0.14917285492022833, -0.22329431044998352]], [[360.0], [-0.14917285492022833, -0.22329431044998352]]]}