{"102": [[[446.0], [-0.08333969240387282, -0.008537060287045805]], [[446.0], [-0.08333969240387282, -0.008537060287045805]], [[500.0], [-0.028838117917378746, 0.005340005346890272]], [[500.0], [-0.028838117917378746, 0.005340005346890272]], [[500.0], [-0.021288713129858177, 0.012390960551548803]], [[446.0], [-0.08333969240387282, -0.008537060287045805]], [[446.0], [-0.08333969240387282, -0.008537060287045805]], [[500.0], [-0.021288713129858177, 0.012390960551548803]], [[500.0], [-0.021288713129858177, 0.012390960551548803]], [[500.0], [-0.028838117917378746, 0.005340005346890272]], [[500.0], [-0.021288713129858177, 0.012390960551548803]], [[500.0], [-0.021288713129858177, 0.012390960551548803]], [[500.0], [-0.021288713129858177, 0.012390960551548803]], [[446.0], [-0.08333969240387282, -0.008537060287045805]], [[500.0], [-0.028838117917378746, 0.005340005346890272]], [[500.0], [-0.028838117917378746, 0.005340005346890272]], [[446.0], [-0.08333969240387282, -0.008537060287045805]], [[446.0], [-0.08333969240387282, -0.008537060287045805]], [[500.0], [-0.028838117917378746, 0.005340005346890272]], [[446.0], [-0.08333969240387282, -0.008537060287045805]], [[446.0], [-0.08333969240387282, -0.008537060287045805]], [[446.0], [-0.08333969240387282, -0.008537060287045805]], [[446.0], [-0.08333969240387282, -0.008537060287045805]], [[500.0], [-0.021288713129858177, 0.012390960551548803]], [[446.0], [-0.08333969240387282, -0.008537060287045805]], [[500.0], [-0.028838117917378746, 0.005340005346890272]], [[446.0], [-0.08333969240387282, -0.008537060287045805]], [[446.0], [-0.08333969240387282, -0.008537060287045805]], [[446.0], [-0.08333969240387282, -0.008537060287045805]], [[446.0], [-0.08333969240387282, -0.008537060287045805]]], "101": [[[500.0], [-0.015232227742671967, 0.013738032876019273]], [[500.0], [-0.015232227742671967, 0.013738032876019273]], [[500.0], [-0.015232227742671967, 0.013738032876019273]], [[500.0], [-0.015232227742671967, 0.013738032876019273]], [[500.0], [-0.015232227742671967, 0.013738032876019273]], [[500.0], [-0.015232227742671967, 0.013738032876019273]], [[500.0], [-0.015232227742671967, 0.013738032876019273]], [[500.0], [-0.015232227742671967, 0.013738032876019273]], [[500.0], [-0.015232227742671967, 0.013738032876019273]], [[500.0], [-0.015232227742671967, 0.013738032876019273]], [[500.0], [-0.015232227742671967, 0.013738032876019273]], [[500.0], [-0.015232227742671967, 0.013738032876019273]], [[500.0], [-0.015232227742671967, 0.013738032876019273]], [[500.0], [-0.015232227742671967, 0.013738032876019273]], [[500.0], [-0.015232227742671967, 0.013738032876019273]], [[500.0], [-0.015232227742671967, 0.013738032876019273]], [[500.0], [-0.015232227742671967, 0.013738032876019273]], [[500.0], [-0.015232227742671967, 0.013738032876019273]], [[500.0], [-0.015232227742671967, 0.013738032876019273]], [[500.0], [-0.015232227742671967, 0.013738032876019273]], [[500.0], [-0.015232227742671967, 0.013738032876019273]], [[500.0], [-0.015232227742671967, 0.013738032876019273]], [[500.0], [-0.015232227742671967, 0.013738032876019273]], [[500.0], [-0.015232227742671967, 0.013738032876019273]], [[500.0], [-0.015232227742671967, 0.013738032876019273]], [[500.0], [-0.015232227742671967, 0.013738032876019273]], [[500.0], [-0.015232227742671967, 0.013738032876019273]], [[500.0], [-0.015232227742671967, 0.013738032876019273]], [[500.0], [-0.015232227742671967, 0.013738032876019273]], [[500.0], [-0.015232227742671967, 0.013738032876019273]]], "103": [[[500.0], [-0.019720747756461304, -0.0009257498873469006]], [[500.0], [-0.019720747756461304, -0.0009257498873469006]], [[500.0], [-0.019720747756461304, -0.0009257498873469006]], [[500.0], [-0.019720747756461304, -0.0009257498873469006]], [[500.0], [-0.019720747756461304, -0.0009257498873469006]], [[500.0], [-0.019720747756461304, -0.0009257498873469006]], [[500.0], [-0.019720747756461304, -0.0009257498873469006]], [[500.0], [-0.019720747756461304, -0.0009257498873469006]], [[500.0], [-0.019720747756461304, -0.0009257498873469006]], [[500.0], [-0.019720747756461304, -0.0009257498873469006]], [[500.0], [-0.019720747756461304, -0.0009257498873469006]], [[500.0], [-0.019720747756461304, -0.0009257498873469006]], [[500.0], [-0.019720747756461304, -0.0009257498873469006]], [[500.0], [-0.019720747756461304, -0.0009257498873469006]], [[500.0], [-0.019720747756461304, -0.0009257498873469006]], [[500.0], [-0.019720747756461304, -0.0009257498873469006]], [[500.0], [-0.019720747756461304, -0.0009257498873469006]], [[500.0], [-0.019720747756461304, -0.0009257498873469006]], [[500.0], [-0.019720747756461304, -0.0009257498873469006]], [[500.0], [-0.019720747756461304, -0.0009257498873469006]], [[500.0], [-0.019720747756461304, -0.0009257498873469006]], [[500.0], [-0.019720747756461304, -0.0009257498873469006]], [[500.0], [-0.019720747756461304, -0.0009257498873469006]], [[500.0], [-0.019720747756461304, -0.0009257498873469006]], [[500.0], [-0.019720747756461304, -0.0009257498873469006]], [[500.0], [-0.019720747756461304, -0.0009257498873469006]], [[500.0], [-0.019720747756461304, -0.0009257498873469006]], [[500.0], [-0.019720747756461304, -0.0009257498873469006]], [[500.0], [-0.019720747756461304, -0.0009257498873469006]], [[500.0], [-0.019720747756461304, -0.0009257498873469006]]]}