{"102": [[[500.0], [-0.037921881303191185, 0.0030559846356012035]], [[500.0], [-0.037921881303191185, 0.0030559846356012035]], [[500.0], [-0.037921881303191185, 0.0030559846356012035]], [[500.0], [-0.037921881303191185, 0.0030559846356012035]], [[500.0], [-0.037921881303191185, 0.0030559846356012035]], [[500.0], [-0.037921881303191185, 0.0030559846356012035]], [[500.0], [-0.037921881303191185, 0.0030559846356012035]], [[500.0], [-0.037921881303191185, 0.0030559846356012035]], [[500.0], [-0.037921881303191185, 0.0030559846356012035]], [[500.0], [-0.037921881303191185, 0.0030559846356012035]], [[500.0], [-0.037921881303191185, 0.0030559846356012035]], [[500.0], [-0.037921881303191185, 0.0030559846356012035]], [[500.0], [-0.037921881303191185, 0.0030559846356012035]], [[500.0], [-0.037921881303191185, 0.0030559846356012035]], [[500.0], [-0.037921881303191185, 0.0030559846356012035]], [[500.0], [-0.037921881303191185, 0.0030559846356012035]], [[500.0], [-0.037921881303191185, 0.0030559846356012035]], [[500.0], [-0.037921881303191185, 0.0030559846356012035]], [[500.0], [-0.037921881303191185, 0.0030559846356012035]], [[500.0], [-0.037921881303191185, 0.0030559846356012035]], [[500.0], [-0.037921881303191185, 0.0030559846356012035]], [[500.0], [-0.037921881303191185, 0.0030559846356012035]], [[500.0], [-0.037921881303191185, 0.0030559846356012035]], [[500.0], [-0.037921881303191185, 0.0030559846356012035]], [[500.0], [-0.037921881303191185, 0.0030559846356012035]], [[500.0], [-0.037921881303191185, 0.0030559846356012035]], [[500.0], [-0.037921881303191185, 0.0030559846356012035]], [[500.0], [-0.037921881303191185, 0.0030559846356012035]], [[500.0], [-0.037921881303191185, 0.0030559846356012035]], [[500.0], [-0.037921881303191185, 0.0030559846356012035]], [[500.0], [-0.037921881303191185, 0.0030559846356012035]], [[500.0], [-0.037921881303191185, 0.0030559846356012035]], [[500.0], [-0.037921881303191185, 0.0030559846356012035]], [[500.0], [-0.037921881303191185, 0.0030559846356012035]], [[500.0], [-0.037921881303191185, 0.0030559846356012035]], [[500.0], [-0.037921881303191185, 0.0030559846356012035]], [[500.0], [-0.037921881303191185, 0.0030559846356012035]], [[500.0], [-0.037921881303191185, 0.0030559846356012035]], [[500.0], [-0.037921881303191185, 0.0030559846356012035]], [[500.0], [-0.037921881303191185, 0.0030559846356012035]]], "101": [[[310.5], [-0.1866736759742101, -0.5043786393398303]], [[310.5], [-0.1866736759742101, -0.5043786393398303]], [[310.5], [-0.1866736759742101, -0.5043786393398303]], [[310.5], [-0.1866736759742101, -0.5043786393398303]], [[310.5], [-0.1866736759742101, -0.5043786393398303]], [[310.5], [-0.1866736759742101, -0.5043786393398303]], [[310.5], [-0.1866736759742101, -0.5043786393398303]], [[310.5], [-0.1866736759742101, -0.5043786393398303]], [[310.5], [-0.1866736759742101, -0.5043786393398303]], [[310.5], [-0.1866736759742101, -0.5043786393398303]], [[310.5], [-0.1866736759742101, -0.5043786393398303]], [[310.5], [-0.1866736759742101, -0.5043786393398303]], [[310.5], [-0.1866736759742101, -0.5043786393398303]], [[310.5], [-0.1866736759742101, -0.5043786393398303]], [[310.5], [-0.1866736759742101, -0.5043786393398303]], [[310.5], [-0.1866736759742101, -0.5043786393398303]], [[310.5], [-0.1866736759742101, -0.5043786393398303]], [[310.5], [-0.1866736759742101, -0.5043786393398303]], [[310.5], [-0.1866736759742101, -0.5043786393398303]], [[310.5], [-0.1866736759742101, -0.5043786393398303]], [[310.5], [-0.1866736759742101, -0.5043786393398303]], [[431.1666666666667], [-0.08035834257801375, 0.004022607789263486]], [[310.5], [-0.1866736759742101, -0.5043786393398303]], [[310.5], [-0.1866736759742101, -0.5043786393398303]], [[310.5], [-0.1866736759742101, -0.5043786393398303]], [[310.5], [-0.1866736759742101, -0.5043786393398303]], [[310.5], [-0.1866736759742101, -0.5043786393398303]], [[310.5], [-0.1866736759742101, -0.5043786393398303]], [[310.5], [-0.1866736759742101, -0.5043786393398303]], [[310.5], [-0.1866736759742101, -0.5043786393398303]], [[310.5], [-0.1866736759742101, -0.5043786393398303]], [[310.5], [-0.1866736759742101, -0.5043786393398303]], [[310.5], [-0.1866736759742101, -0.5043786393398303]], [[310.5], [-0.1866736759742101, -0.5043786393398303]], [[310.5], [-0.1866736759742101, -0.5043786393398303]], [[310.5], [-0.1866736759742101, -0.5043786393398303]], [[310.5], [-0.1866736759742101, -0.5043786393398303]], [[500.0], [-0.0181510578840971, -0.01465073011316466]], [[431.1666666666667], [-0.08035834257801375, 0.004022607789263486]], [[310.5], [-0.1866736759742101, -0.5043786393398303]]], "103": [[[408.1666666666667], [-0.01368506190677484, 0.00569670857710131]], [[408.1666666666667], [-0.01368506190677484, 0.00569670857710131]], [[408.1666666666667], [-0.01368506190677484, 0.00569670857710131]], [[408.1666666666667], [-0.01368506190677484, 0.00569670857710131]], [[408.1666666666667], [-0.01368506190677484, 0.00569670857710131]], [[408.1666666666667], [-0.01368506190677484, 0.00569670857710131]], [[408.1666666666667], [-0.01368506190677484, 0.00569670857710131]], [[408.1666666666667], [-0.01368506190677484, 0.00569670857710131]], [[408.1666666666667], [-0.01368506190677484, 0.00569670857710131]], [[408.1666666666667], [-0.01368506190677484, 0.00569670857710131]], [[408.1666666666667], [-0.01368506190677484, 0.00569670857710131]], [[408.1666666666667], [-0.01368506190677484, 0.00569670857710131]], [[408.1666666666667], [-0.01368506190677484, 0.00569670857710131]], [[408.1666666666667], [-0.01368506190677484, 0.00569670857710131]], [[408.1666666666667], [-0.01368506190677484, 0.00569670857710131]], [[408.1666666666667], [-0.01368506190677484, 0.00569670857710131]], [[408.1666666666667], [-0.01368506190677484, 0.00569670857710131]], [[408.1666666666667], [-0.01368506190677484, 0.00569670857710131]], [[408.1666666666667], [-0.01368506190677484, 0.00569670857710131]], [[408.1666666666667], [-0.01368506190677484, 0.00569670857710131]], [[408.1666666666667], [-0.01368506190677484, 0.00569670857710131]], [[408.1666666666667], [-0.01368506190677484, 0.00569670857710131]], [[408.1666666666667], [-0.01368506190677484, 0.00569670857710131]], [[408.1666666666667], [-0.01368506190677484, 0.00569670857710131]], [[408.1666666666667], [-0.01368506190677484, 0.00569670857710131]], [[408.1666666666667], [-0.01368506190677484, 0.00569670857710131]], [[408.1666666666667], [-0.01368506190677484, 0.00569670857710131]], [[408.1666666666667], [-0.01368506190677484, 0.00569670857710131]], [[408.1666666666667], [-0.01368506190677484, 0.00569670857710131]], [[408.1666666666667], [-0.01368506190677484, 0.00569670857710131]], [[408.1666666666667], [-0.01368506190677484, 0.00569670857710131]], [[408.1666666666667], [-0.01368506190677484, 0.00569670857710131]], [[408.1666666666667], [-0.01368506190677484, 0.00569670857710131]], [[408.1666666666667], [-0.01368506190677484, 0.00569670857710131]], [[408.1666666666667], [-0.01368506190677484, 0.00569670857710131]], [[408.1666666666667], [-0.01368506190677484, 0.00569670857710131]], [[408.1666666666667], [-0.01368506190677484, 0.00569670857710131]], [[408.1666666666667], [-0.01368506190677484, 0.00569670857710131]], [[408.1666666666667], [-0.01368506190677484, 0.00569670857710131]], [[408.1666666666667], [-0.01368506190677484, 0.00569670857710131]]]}