{"fitness": {"101": [[[-275.10520469900376], [0.228393030166626, -0.09314700601592897]], [[-275.10520469900376], [0.228393030166626, -0.09314700601592897]], [[-275.10520469900376], [0.228393030166626, -0.09314700601592897]], [[-275.10520469900376], [0.228393030166626, -0.09314700601592897]], [[-275.10520469900376], [0.228393030166626, -0.09314700601592897]], [[-275.10520469900376], [0.228393030166626, -0.09314700601592897]], [[-275.10520469900376], [0.228393030166626, -0.09314700601592897]], [[-275.10520469900376], [0.228393030166626, -0.09314700601592897]], [[-275.10520469900376], [0.228393030166626, -0.09314700601592897]], [[-275.10520469900376], [0.228393030166626, -0.09314700601592897]], [[-275.10520469900376], [0.228393030166626, -0.09314700601592897]], [[-275.10520469900376], [0.228393030166626, -0.09314700601592897]], [[-275.10520469900376], [0.228393030166626, -0.09314700601592897]], [[-275.10520469900376], [0.228393030166626, -0.09314700601592897]], [[-275.10520469900376], [0.228393030166626, -0.09314700601592897]], [[-275.10520469900376], [0.228393030166626, -0.09314700601592897]], [[-275.10520469900376], [0.228393030166626, -0.09314700601592897]], [[-275.10520469900376], [0.228393030166626, -0.09314700601592897]], [[-275.10520469900376], [0.228393030166626, -0.09314700601592897]], [[-275.10520469900376], [0.228393030166626, -0.09314700601592897]], [[-275.10520469900376], [0.228393030166626, -0.09314700601592897]], [[-275.10520469900376], [0.228393030166626, -0.09314700601592897]], [[-275.10520469900376], [0.228393030166626, -0.09314700601592897]], [[-275.10520469900376], [0.228393030166626, -0.09314700601592897]], [[-275.10520469900376], [0.228393030166626, -0.09314700601592897]], [[-275.10520469900376], [0.228393030166626, -0.09314700601592897]], [[-275.10520469900376], [0.228393030166626, -0.09314700601592897]], [[-275.10520469900376], [0.228393030166626, -0.09314700601592897]], [[-275.10520469900376], [0.228393030166626, -0.09314700601592897]], [[-275.10520469900376], [0.228393030166626, -0.09314700601592897]], [[-275.10520469900376], [0.228393030166626, -0.09314700601592897]], [[-275.10520469900376], [0.228393030166626, -0.09314700601592897]], [[-275.10520469900376], [0.228393030166626, -0.09314700601592897]], [[-275.10520469900376], [0.228393030166626, -0.09314700601592897]], [[-275.10520469900376], [0.228393030166626, -0.09314700601592897]]], "102": [[[-104.44809922564441], [-0.0209889218211174, -0.09078837125793868]], [[-104.44809922564441], [-0.0209889218211174, -0.09078837125793868]], [[-104.44809922564441], [-0.0209889218211174, -0.09078837125793868]], [[-104.44809922564441], [-0.0209889218211174, -0.09078837125793868]], [[-104.44809922564441], [-0.0209889218211174, -0.09078837125793868]], [[-104.44809922564441], [-0.0209889218211174, -0.09078837125793868]], [[-104.44809922564441], [-0.0209889218211174, -0.09078837125793868]], [[-104.44809922564441], [-0.0209889218211174, -0.09078837125793868]], [[-104.44809922564441], [-0.0209889218211174, -0.09078837125793868]], [[-84.91094645396247], [-0.1617587685585022, -0.07785431056102328]], [[-104.44809922564441], [-0.0209889218211174, -0.09078837125793868]], [[-84.91094645396247], [-0.1617587685585022, -0.07785431056102328]], [[-104.44809922564441], [-0.0209889218211174, -0.09078837125793868]], [[-104.44809922564441], [-0.0209889218211174, -0.09078837125793868]], [[-104.44809922564441], [-0.0209889218211174, -0.09078837125793868]], [[-84.91377091935614], [-0.1617587685585022, -0.07785431056102328]], [[-104.44809922564441], [-0.0209889218211174, -0.09078837125793868]], [[-104.44809922564441], [-0.0209889218211174, -0.09078837125793868]], [[-84.91377091935614], [-0.1617587685585022, -0.07785431056102328]], [[-104.44809922564441], [-0.0209889218211174, -0.09078837125793868]], [[-104.44809922564441], [-0.0209889218211174, -0.09078837125793868]], [[-104.44809922564441], [-0.0209889218211174, -0.09078837125793868]], [[-104.44809922564441], [-0.0209889218211174, -0.09078837125793868]], [[-104.44809922564441], [-0.0209889218211174, -0.09078837125793868]], [[-104.44809922564441], [-0.0209889218211174, -0.09078837125793868]], [[-104.44809922564441], [-0.0209889218211174, -0.09078837125793868]], [[-33.88558907156889], [0.10498977899551391, -0.04759023333728084]], [[-104.44809922564441], [-0.0209889218211174, -0.09078837125793868]], [[-104.44809922564441], [-0.0209889218211174, -0.09078837125793868]], [[-104.44809922564441], [-0.0209889218211174, -0.09078837125793868]], [[-104.44809922564441], [-0.0209889218211174, -0.09078837125793868]], [[-84.91094645396247], [-0.1617587685585022, -0.07785431056102328]], [[-104.44809922564441], [-0.0209889218211174, -0.09078837125793868]], [[-104.44809922564441], [-0.0209889218211174, -0.09078837125793868]], [[-104.44809922564441], [-0.0209889218211174, -0.09078837125793868]]], "103": [[[18.3291880884254], [0.10371513366699218, -0.041785347746529915]], [[18.3291880884254], [0.10371513366699218, -0.041785347746529915]], [[18.3291880884254], [0.10371513366699218, -0.041785347746529915]], [[18.3291880884254], [0.10371513366699218, -0.041785347746529915]], [[56.11267871146229], [-0.05912109613418579, -0.05355846512441835]], [[-22.065723688114332], [-0.0007715225219726562, -0.01570932714889446]], [[39.84974918522013], [0.08842884302139283, -0.04861442156136034]], [[18.3291880884254], [0.10371513366699218, -0.041785347746529915]], [[39.84974918522013], [0.08842884302139283, -0.04861442156136034]], [[33.2288936773813], [0.008421631157398224, -0.0373601822409546]], [[49.74205715248154], [0.044360199570655824, -0.04699108805099969]], [[18.3291880884254], [0.10371513366699218, -0.041785347746529915]], [[37.456403267308424], [0.16413090229034424, -0.029661176005562697]], [[78.66737010474833], [-0.04946952760219574, -0.04914804726742055]], [[-31.496529700727834], [0.09248401522636414, -0.06646683246804108]], [[-31.496529700727834], [0.09248401522636414, -0.06646683246804108]], [[18.3291880884254], [0.10371513366699218, -0.041785347746529915]], [[-31.496529700727834], [0.09248401522636414, -0.06646683246804108]], [[88.66970573654952], [-0.055175817012786864, -0.0339402046634738]], [[-31.496529700727834], [0.09248401522636414, -0.06646683246804108]], [[24.863912545803128], [0.005294303968548774, -0.03664406564823973]], [[18.3291880884254], [0.10371513366699218, -0.041785347746529915]], [[56.11267871146229], [-0.05912109613418579, -0.05355846512441835]], [[16.631781165284025], [0.11478755474090577, -0.0467708715753785]], [[62.1479572957476], [-0.017130431532859803, -0.031455205753445604]], [[83.63002796709723], [-0.036619949340820315, -0.027740852183002675]], [[-31.496529700727834], [0.09248401522636414, -0.06646683246804108]], [[18.3291880884254], [0.10371513366699218, -0.041785347746529915]], [[18.3291880884254], [0.10371513366699218, -0.041785347746529915]], [[88.66970573654952], [-0.055175817012786864, -0.0339402046634738]], [[-1.0956163941425483], [0.09007183313369752, -0.02440598628561323]], [[18.3291880884254], [0.10371513366699218, -0.041785347746529915]], [[78.66737010474833], [-0.04946952760219574, -0.04914804726742055]], [[18.3291880884254], [0.10371513366699218, -0.041785347746529915]], [[18.3291880884254], [0.10371513366699218, -0.041785347746529915]]]}, "environment": "lunarlander", "algorithm": "lambda", "container": "fit_archiving", "arguments": {"cross_method": "uniform", "l": 35, "m": 70, "mr": 0.01, "cr": 0.9, "mutation_sigma": 2.5, "archiving_period": 2, "archive_batch": 4, "cross_uni": 0.6, "ng": 20}}